hhid14,pidlink,ar02b,ar07,ar09,ar15,ar15d,ar16,ar17,out_migrated,mg01c,kab_bps,prov_bps,urban_rural,amount_given,amount_received,log_amount_received,out_mig_bin,is_male,is_female,male_outmig,female_outmig,ethnic_label
0030100,003010001,1.0,1.0,66.0,1.0,4.0,2.0,98.0,0.0,77.0,77.0,12.0,2.0,0.0,0.0,0.0,False,True,False,False,False,Batak
0030100,003010002,2.0,3.0,55.0,1.0,4.0,2.0,3.0,0.0,,77.0,12.0,2.0,0.0,0.0,0.0,False,False,True,False,False,Batak
0030100,003010004,3.0,3.0,36.0,1.0,4.0,2.0,7.0,0.0,,77.0,12.0,2.0,0.0,0.0,0.0,False,False,True,False,False,Batak
0030100,003010005,3.0,3.0,31.0,1.0,4.0,5.0,7.0,1.0,77.0,7.0,12.0,2.0,0.0,0.0,0.0,True,False,True,False,True,Batak
0030100,003010007,3.0,3.0,26.0,1.0,4.0,5.0,2.0,0.0,,77.0,12.0,2.0,0.0,0.0,0.0,False,False,True,False,False,Batak
0030100,003010008,3.0,3.0,23.0,1.0,4.0,5.0,7.0,0.0,,77.0,12.0,2.0,150000.0,100000.0,11.51293546492023,False,False,True,False,False,Batak
0030100,003010009,3.0,1.0,19.0,1.0,4.0,5.0,7.0,0.0,77.0,77.0,12.0,2.0,0.0,0.0,0.0,False,True,False,False,False,Batak
0030141,003014101,1.0,1.0,39.0,1.0,1.0,5.0,7.0,0.0,,77.0,12.0,2.0,0.0,0.0,0.0,False,True,False,False,False,Java
0030151,003015102,1.0,1.0,28.0,1.0,4.0,73.0,7.0,0.0,7.0,7.0,12.0,2.0,0.0,0.0,0.0,False,True,False,False,False,Batak
0030152,003015202,1.0,1.0,27.0,1.0,4.0,98.0,98.0,1.0,2.0,77.0,12.0,2.0,0.0,0.0,0.0,True,True,False,True,False,Batak
0030153,003015301,1.0,1.0,23.0,1.0,4.0,2.0,7.0,0.0,77.0,77.0,12.0,2.0,0.0,0.0,0.0,False,True,False,False,False,Batak
0030200,003020001,1.0,1.0,47.0,1.0,1.0,2.0,2.0,0.0,,77.0,12.0,2.0,0.0,0.0,0.0,False,True,False,False,False,Java
0030200,003020002,2.0,3.0,49.0,1.0,4.0,2.0,2.0,0.0,77.0,77.0,12.0,2.0,0.0,0.0,0.0,False,False,True,False,False,Java
0030200,003020003,3.0,1.0,29.0,1.0,1.0,6.0,7.0,0.0,77.0,77.0,12.0,2.0,0.0,0.0,0.0,False,True,False,False,False,Java
0030200,003020004,3.0,1.0,27.0,1.0,1.0,3.0,0.0,0.0,77.0,77.0,12.0,2.0,50000.0,0.0,0.0,False,True,False,False,False,Java
0030200,003020005,3.0,3.0,23.0,1.0,1.0,6.0,7.0,0.0,,77.0,12.0,2.0,0.0,0.0,0.0,False,False,True,False,False,Java
0030200,003020006,3.0,1.0,22.0,1.0,1.0,6.0,2.0,0.0,77.0,77.0,12.0,2.0,20000.0,0.0,0.0,False,True,False,False,False,Java
0030200,003020007,3.0,1.0,20.0,1.0,1.0,3.0,7.0,0.0,77.0,77.0,12.0,2.0,0.0,0.0,0.0,False,True,False,False,False,Java
0030200,003020008,3.0,1.0,19.0,1.0,1.0,3.0,2.0,0.0,77.0,77.0,12.0,2.0,50000.0,0.0,0.0,False,True,False,False,False,Java
0030300,003030003,1.0,1.0,40.0,1.0,4.0,5.0,7.0,0.0,,77.0,12.0,2.0,0.0,300000.0,12.611541086966117,False,True,False,False,False,Batak
0030300,003030005,8.0,3.0,37.0,1.0,4.0,5.0,2.0,0.0,,77.0,12.0,2.0,0.0,0.0,0.0,False,False,True,False,False,Batak
0030300,003030007,2.0,3.0,40.0,1.0,4.0,5.0,7.0,0.0,,77.0,12.0,2.0,0.0,0.0,0.0,False,False,True,False,False,Batak
0030300,003030008,3.0,1.0,15.0,1.0,4.0,6.0,0.0,0.0,77.0,77.0,12.0,2.0,0.0,0.0,0.0,False,True,False,False,False,Batak
0030312,003031204,3.0,1.0,17.0,1.0,4.0,74.0,2.0,1.0,7.0,20.0,12.0,2.0,0.0,310000.0,12.644330802262578,True,True,False,True,False,Batak
0030400,003040001,1.0,1.0,47.0,1.0,4.0,2.0,7.0,0.0,77.0,77.0,12.0,2.0,0.0,0.0,0.0,False,True,False,False,False,Batak
0030400,003040002,2.0,3.0,44.0,1.0,4.0,2.0,7.0,0.0,,77.0,12.0,2.0,0.0,0.0,0.0,False,False,True,False,False,Batak
0030400,003040003,3.0,3.0,24.0,1.0,4.0,6.0,7.0,0.0,,77.0,12.0,2.0,0.0,0.0,0.0,False,False,True,False,False,Batak
0030400,003040004,3.0,3.0,22.0,1.0,4.0,61.0,4.0,0.0,,77.0,12.0,2.0,0.0,0.0,0.0,False,False,True,False,False,Batak
0030400,003040005,3.0,3.0,19.0,1.0,4.0,5.0,7.0,0.0,77.0,77.0,12.0,2.0,0.0,0.0,0.0,False,False,True,False,False,Batak
0030400,003040006,3.0,3.0,17.0,1.0,4.0,5.0,2.0,0.0,77.0,77.0,12.0,2.0,20000.0,0.0,0.0,False,False,True,False,False,Batak
0030400,003040007,3.0,3.0,15.0,1.0,4.0,5.0,0.0,0.0,77.0,77.0,12.0,2.0,0.0,0.0,0.0,False,False,True,False,False,Batak
0030451,003045101,1.0,1.0,27.0,1.0,4.0,3.0,7.0,0.0,77.0,77.0,12.0,2.0,0.0,2500000.0,14.731801689838347,False,True,False,False,False,Batak
0030500,003050001,1.0,1.0,77.0,1.0,4.0,61.0,1.0,0.0,,77.0,12.0,2.0,0.0,0.0,0.0,False,True,False,False,False,Batak
0030500,003050002,2.0,3.0,63.0,1.0,4.0,2.0,7.0,0.0,,77.0,12.0,2.0,0.0,0.0,0.0,False,False,True,False,False,Batak
0030500,003050003,3.0,3.0,39.0,1.0,4.0,5.0,7.0,0.0,77.0,77.0,12.0,2.0,0.0,0.0,0.0,False,False,True,False,False,Batak
0030500,003050004,3.0,3.0,35.0,1.0,4.0,5.0,7.0,0.0,,3.0,12.0,2.0,200000.0,0.0,0.0,False,False,True,False,False,Batak
0030500,003050005,3.0,1.0,33.0,1.0,4.0,6.0,7.0,0.0,,77.0,12.0,2.0,0.0,0.0,0.0,False,True,False,False,False,Batak
0030500,003050006,3.0,1.0,30.0,1.0,4.0,5.0,7.0,0.0,,77.0,12.0,1.0,0.0,0.0,0.0,False,True,False,False,False,Batak
0030500,003050007,3.0,3.0,26.0,1.0,4.0,5.0,7.0,0.0,,77.0,12.0,2.0,100000.0,550000.0,13.21767537538882,False,False,True,False,False,Batak
0030500,003050008,3.0,3.0,24.0,1.0,4.0,5.0,7.0,0.0,,77.0,12.0,2.0,0.0,0.0,0.0,False,False,True,False,False,Batak
0030500,003050009,3.0,3.0,18.0,1.0,4.0,5.0,7.0,1.0,98.0,72.0,31.0,1.0,50000.0,0.0,0.0,True,False,True,False,True,Batak
0030500,003050010,5.0,1.0,26.0,1.0,4.0,5.0,7.0,0.0,77.0,77.0,12.0,2.0,100000.0,0.0,0.0,False,True,False,False,False,Batak
0030541,003054101,1.0,1.0,39.0,1.0,4.0,5.0,7.0,0.0,,3.0,12.0,2.0,0.0,0.0,0.0,False,True,False,False,False,Batak
0030551,003055101,1.0,1.0,42.0,1.0,4.0,3.0,7.0,0.0,77.0,77.0,12.0,2.0,0.0,500000.0,13.122365377402328,False,True,False,False,False,Batak
0030552,003055202,2.0,3.0,30.0,1.0,4.0,5.0,7.0,0.0,77.0,77.0,12.0,1.0,0.0,0.0,0.0,False,False,True,False,False,Batak
0030700,003070002,1.0,3.0,51.0,1.0,4.0,74.0,7.0,0.0,,77.0,12.0,2.0,0.0,0.0,0.0,False,False,True,False,False,Batak
0030700,003070005,6.0,3.0,94.0,1.0,4.0,2.0,7.0,0.0,77.0,77.0,12.0,2.0,0.0,0.0,0.0,False,False,True,False,False,Batak
0030800,003080002,1.0,3.0,52.0,1.0,4.0,2.0,4.0,0.0,,77.0,12.0,2.0,0.0,0.0,0.0,False,False,True,False,False,Batak
0030800,003080006,3.0,1.0,27.0,1.0,4.0,3.0,1.0,0.0,77.0,77.0,12.0,2.0,0.0,0.0,0.0,False,True,False,False,False,Batak
0030800,003080009,3.0,1.0,18.0,1.0,4.0,5.0,1.0,0.0,77.0,77.0,12.0,2.0,0.0,0.0,0.0,False,True,False,False,False,Batak
0030900,003090002,1.0,3.0,61.0,1.0,4.0,5.0,7.0,0.0,,77.0,12.0,2.0,1000000.0,0.0,0.0,False,False,True,False,False,Batak
0030900,003090005,3.0,1.0,34.0,1.0,4.0,5.0,7.0,0.0,77.0,77.0,12.0,2.0,0.0,0.0,0.0,False,True,False,False,False,Batak
0030900,003090006,3.0,3.0,30.0,1.0,4.0,61.0,7.0,0.0,,4.0,12.0,2.0,2000000.0,0.0,0.0,False,False,True,False,False,Batak
0030900,003090008,17.0,1.0,43.0,1.0,4.0,5.0,7.0,0.0,,77.0,12.0,2.0,0.0,0.0,0.0,False,True,False,False,False,Batak
0030900,003090019,13.0,3.0,19.0,1.0,1.0,5.0,7.0,0.0,77.0,77.0,12.0,2.0,0.0,0.0,0.0,False,False,True,False,False,Batak
0030941,003094102,1.0,1.0,32.0,1.0,4.0,6.0,7.0,1.0,77.0,4.0,12.0,2.0,0.0,0.0,0.0,True,True,False,True,False,Batak
0031000,003100002,1.0,3.0,69.0,1.0,4.0,2.0,3.0,0.0,77.0,77.0,12.0,2.0,0.0,0.0,0.0,False,False,True,False,False,Batak
0031000,003100003,3.0,3.0,40.0,1.0,4.0,5.0,7.0,0.0,,77.0,12.0,2.0,0.0,300000.0,12.611541086966117,False,False,True,False,False,Batak
0031000,003100004,3.0,1.0,43.0,1.0,4.0,5.0,7.0,0.0,,77.0,12.0,2.0,0.0,0.0,0.0,False,True,False,False,False,Batak
0031000,003100005,3.0,3.0,35.0,1.0,4.0,3.0,7.0,0.0,77.0,77.0,12.0,2.0,0.0,0.0,0.0,False,False,True,False,False,Batak
0031000,003100006,5.0,3.0,43.0,1.0,4.0,74.0,7.0,0.0,,77.0,12.0,2.0,0.0,0.0,0.0,False,False,True,False,False,Batak
0031041,003104103,3.0,1.0,19.0,1.0,4.0,6.0,2.0,0.0,77.0,77.0,12.0,2.0,0.0,0.0,0.0,False,True,False,False,False,Batak
0031042,003104201,1.0,1.0,36.0,1.0,4.0,6.0,7.0,0.0,,77.0,12.0,2.0,80000.0,380000.0,12.847929163278051,False,True,False,False,False,Batak
0031100,003110001,1.0,1.0,45.0,1.0,4.0,2.0,3.0,0.0,77.0,77.0,12.0,2.0,0.0,0.0,0.0,False,True,False,False,False,Batak
0031100,003110002,2.0,3.0,48.0,1.0,4.0,2.0,3.0,0.0,,77.0,12.0,2.0,0.0,0.0,0.0,False,False,True,False,False,Batak
0031100,003110003,3.0,3.0,26.0,1.0,4.0,5.0,7.0,1.0,77.0,20.0,12.0,2.0,0.0,0.0,0.0,True,False,True,False,True,Batak
0031100,003110005,3.0,3.0,18.0,1.0,4.0,3.0,2.0,0.0,77.0,77.0,12.0,2.0,0.0,0.0,0.0,False,False,True,False,False,Batak
0031151,003115101,1.0,1.0,28.0,1.0,4.0,74.0,7.0,0.0,20.0,20.0,12.0,2.0,0.0,0.0,0.0,False,True,False,False,False,Batak
0031200,003120001,1.0,1.0,47.0,1.0,4.0,5.0,7.0,0.0,,77.0,12.0,2.0,0.0,0.0,0.0,False,True,False,False,False,Batak
0031200,003120002,2.0,3.0,50.0,1.0,4.0,2.0,7.0,0.0,,77.0,12.0,2.0,0.0,0.0,0.0,False,False,True,False,False,Batak
0031200,003120003,3.0,3.0,25.0,1.0,4.0,60.0,7.0,0.0,,20.0,12.0,2.0,0.0,0.0,0.0,False,False,True,False,False,Batak
0031200,003120004,3.0,1.0,23.0,1.0,4.0,61.0,3.0,0.0,,71.0,34.0,1.0,500000.0,0.0,0.0,False,True,False,False,False,Batak
0031200,003120005,13.0,3.0,33.0,1.0,4.0,2.0,7.0,0.0,,77.0,12.0,2.0,0.0,0.0,0.0,False,False,True,False,False,Batak
0031211,003121103,3.0,1.0,18.0,1.0,4.0,6.0,7.0,0.0,77.0,77.0,12.0,2.0,30000.0,0.0,0.0,False,True,False,False,False,Batak
0031211,003121104,3.0,3.0,16.0,1.0,4.0,5.0,0.0,0.0,77.0,77.0,12.0,2.0,0.0,0.0,0.0,False,False,True,False,False,Batak
0031300,003130001,1.0,1.0,55.0,1.0,4.0,2.0,7.0,1.0,3.0,77.0,12.0,2.0,0.0,0.0,0.0,True,True,False,True,False,Batak
0031300,003130002,2.0,3.0,47.0,1.0,4.0,5.0,2.0,0.0,,77.0,12.0,2.0,0.0,100000.0,11.51293546492023,False,False,True,False,False,Batak
0031300,003130003,3.0,1.0,28.0,1.0,4.0,3.0,2.0,1.0,77.0,75.0,12.0,1.0,0.0,0.0,0.0,True,True,False,True,False,Batak
0031300,003130007,3.0,1.0,19.0,1.0,4.0,6.0,0.0,0.0,77.0,77.0,12.0,2.0,0.0,50000.0,10.819798284210286,False,True,False,False,False,Batak
0031341,003134105,2.0,3.0,28.0,1.0,4.0,74.0,7.0,1.0,3.0,75.0,12.0,1.0,300000.0,0.0,0.0,True,False,True,False,True,Batak
0031400,003140002,6.0,3.0,68.0,1.0,4.0,2.0,4.0,1.0,3.0,77.0,12.0,2.0,0.0,0.0,0.0,True,False,True,False,True,Batak
0031400,003140004,8.0,3.0,33.0,1.0,4.0,2.0,7.0,0.0,,77.0,12.0,2.0,0.0,0.0,0.0,False,False,True,False,False,Batak
0031400,003140005,1.0,1.0,48.0,1.0,4.0,3.0,1.0,0.0,,77.0,12.0,2.0,0.0,0.0,0.0,False,True,False,False,False,Batak
0031400,003140006,2.0,3.0,47.0,1.0,4.0,2.0,7.0,0.0,,77.0,12.0,2.0,0.0,100000.0,11.51293546492023,False,False,True,False,False,Batak
0031431,003143101,1.0,1.0,36.0,1.0,6.0,5.0,1.0,1.0,3.0,77.0,12.0,2.0,0.0,0.0,0.0,True,True,False,True,False,Batak
0031500,003150001,1.0,3.0,61.0,1.0,4.0,2.0,7.0,0.0,,77.0,12.0,2.0,0.0,0.0,0.0,False,False,True,False,False,Batak
0031500,003150002,3.0,3.0,37.0,1.0,4.0,5.0,7.0,0.0,,77.0,12.0,2.0,0.0,0.0,0.0,False,False,True,False,False,Batak
0031500,003150003,3.0,3.0,28.0,1.0,4.0,3.0,7.0,0.0,,77.0,12.0,1.0,0.0,300000.0,12.611541086966117,False,False,True,False,False,Batak
0031500,003153103,10.0,3.0,16.0,1.0,4.0,5.0,1.0,1.0,98.0,77.0,12.0,2.0,0.0,50000.0,10.819798284210286,True,False,True,False,True,Batak
0031500,003153101,5.0,1.0,40.0,1.0,4.0,74.0,2.0,0.0,,77.0,12.0,2.0,0.0,0.0,0.0,False,True,False,False,False,Batak
0031551,003155101,1.0,1.0,35.0,1.0,4.0,5.0,1.0,1.0,2.0,77.0,12.0,1.0,0.0,0.0,0.0,True,True,False,True,False,Batak
0031700,003170001,1.0,3.0,60.0,1.0,4.0,3.0,2.0,1.0,4.0,77.0,12.0,2.0,0.0,0.0,0.0,True,False,True,False,True,Batak
0031700,003170002,3.0,3.0,41.0,1.0,4.0,5.0,7.0,0.0,,77.0,12.0,2.0,0.0,0.0,0.0,False,False,True,False,False,Batak
0031700,003170003,3.0,1.0,39.0,1.0,4.0,5.0,7.0,0.0,77.0,77.0,12.0,2.0,0.0,0.0,0.0,False,True,False,False,False,Batak
0031700,003170004,3.0,1.0,37.0,1.0,4.0,60.0,7.0,1.0,77.0,75.0,12.0,1.0,0.0,0.0,0.0,True,True,False,True,False,Batak
0031700,003170005,5.0,3.0,38.0,1.0,4.0,5.0,7.0,0.0,77.0,77.0,12.0,2.0,0.0,0.0,0.0,False,False,True,False,False,Batak
0031700,003170006,10.0,3.0,18.0,1.0,4.0,74.0,7.0,1.0,77.0,3.0,12.0,2.0,0.0,0.0,0.0,True,False,True,False,True,Batak
0031731,003173104,3.0,1.0,16.0,1.0,4.0,3.0,2.0,0.0,77.0,77.0,12.0,2.0,0.0,0.0,0.0,False,True,False,False,False,Batak
0031741,003174102,2.0,3.0,36.0,1.0,4.0,6.0,7.0,0.0,,75.0,12.0,1.0,0.0,0.0,0.0,False,False,True,False,False,Batak
0031752,003175201,1.0,1.0,23.0,1.0,4.0,61.0,2.0,0.0,3.0,3.0,12.0,2.0,0.0,0.0,0.0,False,True,False,False,False,Batak
0031800,003180002,1.0,3.0,61.0,1.0,4.0,60.0,7.0,0.0,,77.0,12.0,2.0,300000.0,0.0,0.0,False,False,True,False,False,Batak
0031800,003180003,3.0,3.0,32.0,1.0,4.0,61.0,0.0,0.0,,3.0,12.0,2.0,200000.0,0.0,0.0,False,False,True,False,False,Batak
0031800,003180004,3.0,1.0,30.0,1.0,4.0,6.0,7.0,0.0,,77.0,12.0,2.0,0.0,500000.0,13.122365377402328,False,True,False,False,False,Batak
0031800,003180005,3.0,3.0,29.0,1.0,4.0,5.0,7.0,0.0,,77.0,12.0,2.0,100000.0,100000.0,11.51293546492023,False,False,True,False,False,Batak
0031800,003180006,3.0,3.0,27.0,1.0,4.0,60.0,7.0,0.0,,71.0,31.0,1.0,0.0,0.0,0.0,False,False,True,False,False,Batak
0031800,003180007,3.0,1.0,23.0,1.0,4.0,60.0,7.0,0.0,,77.0,12.0,2.0,0.0,400000.0,12.899222326086994,False,True,False,False,False,Batak
0031831,003183104,2.0,3.0,28.0,1.0,4.0,61.0,7.0,0.0,77.0,77.0,12.0,2.0,0.0,0.0,0.0,False,False,True,False,False,Batak
0031841,003184101,1.0,1.0,38.0,1.0,4.0,5.0,7.0,0.0,3.0,3.0,12.0,2.0,0.0,0.0,0.0,False,True,False,False,False,Batak
0031842,003184202,1.0,1.0,33.0,1.0,4.0,61.0,7.0,1.0,20.0,71.0,31.0,1.0,0.0,0.0,0.0,True,True,False,True,False,Batak
0031851,003185101,1.0,1.0,29.0,1.0,4.0,6.0,7.0,1.0,72.0,77.0,12.0,2.0,0.0,0.0,0.0,True,True,False,True,False,Batak
0031900,003190001,1.0,1.0,62.0,1.0,4.0,74.0,2.0,0.0,,77.0,12.0,2.0,0.0,1000000.0,13.815511557963774,False,True,False,False,False,Batak
0031900,003190002,2.0,3.0,58.0,1.0,4.0,73.0,7.0,0.0,,77.0,12.0,2.0,0.0,0.0,0.0,False,False,True,False,False,Batak
0031900,003190003,3.0,1.0,36.0,1.0,4.0,6.0,7.0,0.0,,77.0,12.0,1.0,0.0,0.0,0.0,False,True,False,False,False,Batak
0031900,003190004,3.0,3.0,35.0,1.0,4.0,73.0,1.0,0.0,,77.0,12.0,2.0,0.0,0.0,0.0,False,False,True,False,False,Batak
0031900,003190005,3.0,1.0,32.0,1.0,4.0,6.0,7.0,0.0,77.0,77.0,12.0,2.0,0.0,0.0,0.0,False,True,False,False,False,Batak
0031911,003191101,1.0,1.0,42.0,1.0,4.0,74.0,7.0,0.0,,77.0,12.0,2.0,0.0,0.0,0.0,False,True,False,False,False,Batak
0031931,003193102,2.0,3.0,45.0,1.0,4.0,61.0,7.0,0.0,,77.0,12.0,1.0,0.0,0.0,0.0,False,False,True,False,False,Batak
0031941,003194102,2.0,3.0,30.0,1.0,4.0,5.0,7.0,0.0,,77.0,12.0,2.0,0.0,0.0,0.0,False,False,True,False,False,Batak
0032000,003200003,8.0,3.0,43.0,1.0,4.0,3.0,7.0,0.0,,77.0,12.0,2.0,0.0,0.0,0.0,False,False,True,False,False,Batak
0032000,003200004,8.0,1.0,35.0,1.0,4.0,5.0,7.0,1.0,3.0,77.0,12.0,1.0,0.0,0.0,0.0,True,True,False,True,False,Batak
0032000,003200005,1.0,1.0,56.0,1.0,4.0,61.0,7.0,0.0,,77.0,12.0,2.0,0.0,0.0,0.0,False,True,False,False,False,Batak
0032000,003200007,3.0,3.0,26.0,1.0,4.0,61.0,3.0,0.0,77.0,77.0,12.0,2.0,0.0,0.0,0.0,False,False,True,False,False,Batak
0032000,003200010,3.0,1.0,17.0,1.0,4.0,5.0,1.0,0.0,77.0,77.0,12.0,2.0,0.0,0.0,0.0,False,True,False,False,False,Batak
0032031,003203103,4.0,3.0,17.0,1.0,1.0,5.0,2.0,1.0,3.0,77.0,12.0,2.0,0.0,200000.0,12.206077645517674,True,False,True,False,True,Java
0032031,003203104,4.0,1.0,17.0,1.0,1.0,5.0,2.0,0.0,77.0,77.0,12.0,2.0,0.0,0.0,0.0,False,True,False,False,False,Java
0032031,003203105,1.0,1.0,44.0,1.0,4.0,5.0,7.0,0.0,,77.0,12.0,2.0,5000000.0,5000000.0,15.424948670398354,False,True,False,False,False,Java
0032400,003240002,8.0,1.0,49.0,1.0,4.0,5.0,7.0,0.0,,77.0,12.0,2.0,0.0,0.0,0.0,False,True,False,False,False,Batak
0032400,003240003,8.0,3.0,43.0,1.0,4.0,5.0,7.0,0.0,,3.0,12.0,2.0,0.0,0.0,0.0,False,False,True,False,False,Batak
0032400,003240005,8.0,3.0,32.0,1.0,4.0,61.0,4.0,1.0,77.0,71.0,15.0,1.0,0.0,1000000.0,13.815511557963774,True,False,True,False,True,Batak
0032400,003240006,9.0,3.0,40.0,1.0,4.0,5.0,7.0,0.0,,77.0,12.0,2.0,500000.0,1000000.0,13.815511557963774,False,False,True,False,False,Batak
0032400,003240007,1.0,1.0,47.0,1.0,4.0,5.0,7.0,0.0,,77.0,12.0,2.0,0.0,6000000.0,15.607270193858982,False,True,False,False,False,Batak
0032400,003240008,2.0,3.0,42.0,1.0,4.0,5.0,2.0,0.0,,77.0,12.0,2.0,0.0,500000.0,13.122365377402328,False,False,True,False,False,Batak
0032400,003240009,3.0,1.0,24.0,1.0,4.0,5.0,2.0,1.0,3.0,77.0,12.0,2.0,0.0,0.0,0.0,True,True,False,True,False,Batak
0032400,003240010,3.0,3.0,22.0,1.0,4.0,61.0,5.0,0.0,,77.0,12.0,2.0,0.0,2000000.0,14.508658238524095,False,False,True,False,False,Batak
0032431,003243103,3.0,3.0,16.0,1.0,4.0,74.0,1.0,0.0,77.0,77.0,12.0,2.0,100000.0,700000.0,13.45883704259595,False,False,True,False,False,Batak
0032432,003243206,4.0,3.0,16.0,1.0,4.0,5.0,1.0,0.0,3.0,3.0,12.0,2.0,0.0,0.0,0.0,False,False,True,False,False,Batak
0032432,003243207,1.0,1.0,39.0,1.0,4.0,14.0,0.0,0.0,,3.0,12.0,2.0,0.0,0.0,0.0,False,True,False,False,False,Batak
0032441,003244101,1.0,1.0,39.0,1.0,4.0,5.0,7.0,0.0,,71.0,15.0,1.0,0.0,3000000.0,14.914123179965662,False,True,False,False,False,Batak
0032454,003245401,1.0,1.0,21.0,1.0,4.0,5.0,2.0,0.0,3.0,3.0,12.0,2.0,0.0,0.0,0.0,False,True,False,False,False,Batak
0032500,003250001,6.0,3.0,87.0,1.0,4.0,72.0,98.0,1.0,3.0,77.0,12.0,2.0,0.0,0.0,0.0,True,False,True,False,True,Batak
0032500,003250004,1.0,1.0,46.0,1.0,4.0,3.0,7.0,0.0,,77.0,12.0,2.0,0.0,0.0,0.0,False,True,False,False,False,Batak
0032500,003250005,2.0,3.0,41.0,1.0,4.0,74.0,7.0,0.0,,77.0,12.0,2.0,2000000.0,3000000.0,14.914123179965662,False,False,True,False,False,Batak
0032500,003250007,3.0,3.0,21.0,1.0,4.0,61.0,1.0,0.0,77.0,77.0,12.0,2.0,0.0,0.0,0.0,False,False,True,False,False,Batak
0032500,003250009,3.0,3.0,17.0,1.0,4.0,5.0,1.0,0.0,77.0,77.0,12.0,2.0,0.0,100000.0,11.51293546492023,False,False,True,False,False,Batak
0032652,003265202,1.0,1.0,27.0,1.0,4.0,5.0,7.0,1.0,77.0,3.0,12.0,2.0,0.0,500000.0,13.122365377402328,True,True,False,True,False,Batak
0032700,003270001,1.0,1.0,56.0,1.0,4.0,2.0,7.0,0.0,3.0,3.0,12.0,2.0,0.0,0.0,0.0,False,True,False,False,False,Batak
0032700,003270002,2.0,3.0,55.0,1.0,4.0,2.0,7.0,0.0,,3.0,12.0,2.0,500000.0,0.0,0.0,False,False,True,False,False,Batak
0032700,003270003,3.0,1.0,21.0,1.0,4.0,6.0,7.0,1.0,77.0,3.0,12.0,2.0,150000.0,500000.0,13.122365377402328,True,True,False,True,False,Batak
0032700,003270006,5.0,3.0,22.0,1.0,4.0,6.0,7.0,0.0,3.0,3.0,12.0,2.0,500000.0,0.0,0.0,False,False,True,False,False,Batak
0032800,003280001,1.0,1.0,54.0,1.0,4.0,3.0,1.0,1.0,77.0,21.0,12.0,2.0,0.0,0.0,0.0,True,True,False,True,False,Batak
0032800,003280002,2.0,3.0,48.0,1.0,4.0,5.0,2.0,0.0,,21.0,12.0,2.0,0.0,0.0,0.0,False,False,True,False,False,Batak
0032800,003280003,3.0,1.0,27.0,1.0,4.0,61.0,7.0,0.0,,21.0,12.0,2.0,0.0,0.0,0.0,False,True,False,False,False,Batak
0032800,003280005,3.0,1.0,24.0,1.0,4.0,5.0,0.0,1.0,77.0,21.0,12.0,2.0,0.0,0.0,0.0,True,True,False,True,False,Batak
0032900,003290001,1.0,1.0,51.0,1.0,4.0,2.0,3.0,0.0,,77.0,12.0,2.0,0.0,4000000.0,15.201805169084134,False,True,False,False,False,Batak
0032900,003290002,2.0,3.0,47.0,1.0,4.0,2.0,3.0,0.0,,77.0,12.0,2.0,0.0,3000000.0,14.914123179965662,False,False,True,False,False,Batak
0032900,003290003,3.0,1.0,27.0,1.0,4.0,5.0,7.0,0.0,,71.0,21.0,1.0,500000.0,0.0,0.0,False,True,False,False,False,Batak
0032900,003290005,3.0,1.0,21.0,1.0,4.0,61.0,2.0,1.0,77.0,71.0,21.0,1.0,0.0,0.0,0.0,True,True,False,True,False,Batak
0032900,003290006,3.0,3.0,17.0,1.0,4.0,5.0,7.0,0.0,77.0,77.0,12.0,2.0,0.0,1000000.0,13.815511557963774,False,False,True,False,False,Batak
0032941,003294106,2.0,3.0,25.0,1.0,4.0,5.0,7.0,1.0,3.0,71.0,21.0,1.0,0.0,0.0,0.0,True,False,True,False,True,Batak
0033000,003300003,1.0,3.0,57.0,1.0,4.0,2.0,7.0,0.0,,77.0,12.0,2.0,0.0,0.0,0.0,False,False,True,False,False,Batak
0040100,004010002,1.0,3.0,47.0,2.0,4.0,61.0,7.0,0.0,,6.0,12.0,2.0,100000.0,0.0,0.0,False,False,True,False,False,Batak
0040100,004010003,3.0,1.0,25.0,2.0,4.0,61.0,2.0,1.0,6.0,76.0,32.0,1.0,,,,True,True,False,True,False,Batak
0040100,004010005,3.0,1.0,19.0,2.0,4.0,61.0,2.0,1.0,6.0,76.0,32.0,1.0,0.0,400000.0,12.899222326086994,True,True,False,True,False,Batak
0040200,004020002,1.0,3.0,46.0,2.0,4.0,2.0,1.0,0.0,,6.0,12.0,2.0,0.0,500000.0,13.122365377402328,False,False,True,False,False,Batak
0040200,004020005,3.0,1.0,27.0,2.0,4.0,5.0,7.0,0.0,,6.0,12.0,2.0,0.0,0.0,0.0,False,True,False,False,False,Batak
0040200,004020007,3.0,3.0,23.0,2.0,4.0,5.0,7.0,0.0,,75.0,32.0,1.0,100000.0,400000.0,12.899222326086994,False,False,True,False,False,Batak
0040200,004020008,3.0,3.0,22.0,2.0,4.0,5.0,7.0,0.0,6.0,6.0,12.0,1.0,200000.0,0.0,0.0,False,False,True,False,False,Batak
0040200,004020009,3.0,1.0,21.0,2.0,4.0,3.0,1.0,0.0,6.0,6.0,12.0,2.0,0.0,300000.0,12.611541086966117,False,True,False,False,False,Batak
0040241,004024104,2.0,3.0,28.0,2.0,4.0,5.0,7.0,1.0,9.0,6.0,12.0,2.0,0.0,0.0,0.0,True,False,True,False,True,Batak
0040252,004025201,1.0,1.0,33.0,2.0,4.0,5.0,7.0,0.0,6.0,6.0,12.0,1.0,0.0,0.0,0.0,False,True,False,False,False,Batak
0040300,004030001,7.0,1.0,62.0,2.0,4.0,1.0,96.0,0.0,,6.0,12.0,2.0,0.0,0.0,0.0,False,True,False,False,False,Batak
0040300,004030003,2.0,3.0,41.0,2.0,4.0,2.0,7.0,0.0,,6.0,12.0,2.0,0.0,0.0,0.0,False,False,True,False,False,Batak
0040300,004030008,9.0,1.0,23.0,2.0,4.0,5.0,7.0,0.0,,5.0,14.0,2.0,0.0,0.0,0.0,False,True,False,False,False,Batak
0040300,004030009,1.0,1.0,44.0,2.0,4.0,2.0,7.0,0.0,6.0,6.0,12.0,2.0,0.0,0.0,0.0,False,True,False,False,False,Batak
0040300,004030010,3.0,1.0,20.0,2.0,4.0,5.0,1.0,0.0,6.0,6.0,12.0,2.0,0.0,0.0,0.0,False,True,False,False,False,Batak
0040300,004030011,3.0,1.0,18.0,2.0,4.0,6.0,0.0,0.0,6.0,6.0,12.0,1.0,0.0,0.0,0.0,False,True,False,False,False,Batak
0040351,004035102,2.0,3.0,51.0,2.0,4.0,60.0,7.0,1.0,9.0,6.0,12.0,2.0,0.0,0.0,0.0,True,False,True,False,True,Batak
0040400,004040002,6.0,3.0,57.0,2.0,4.0,2.0,98.0,1.0,98.0,6.0,12.0,2.0,0.0,0.0,0.0,True,False,True,False,True,Batak
0040400,004040003,1.0,1.0,33.0,2.0,4.0,3.0,0.0,0.0,,6.0,12.0,2.0,0.0,60000.0,11.002116507732016,False,True,False,False,False,Batak
0040400,004040011,2.0,3.0,35.0,2.0,4.0,5.0,7.0,1.0,9.0,6.0,12.0,2.0,0.0,0.0,0.0,True,False,True,False,True,Batak
0040451,004045102,1.0,1.0,29.0,2.0,4.0,5.0,7.0,0.0,6.0,6.0,12.0,2.0,0.0,0.0,0.0,False,True,False,False,False,Batak
0040500,004050001,1.0,1.0,50.0,2.0,4.0,61.0,7.0,0.0,,6.0,12.0,2.0,0.0,0.0,0.0,False,True,False,False,False,Batak
0040500,004050002,2.0,3.0,45.0,2.0,4.0,5.0,7.0,0.0,,6.0,12.0,2.0,0.0,0.0,0.0,False,False,True,False,False,Batak
0040500,004050003,3.0,3.0,21.0,2.0,4.0,5.0,7.0,0.0,6.0,6.0,12.0,2.0,0.0,0.0,0.0,False,False,True,False,False,Batak
0040500,004050004,3.0,3.0,19.0,2.0,4.0,61.0,2.0,1.0,6.0,75.0,12.0,1.0,0.0,0.0,0.0,True,False,True,False,True,Batak
0040500,004050006,3.0,1.0,16.0,2.0,4.0,6.0,1.0,0.0,6.0,6.0,12.0,2.0,0.0,0.0,0.0,False,True,False,False,False,Batak
0040551,004055102,1.0,1.0,28.0,2.0,4.0,5.0,7.0,0.0,6.0,6.0,12.0,2.0,0.0,0.0,0.0,False,True,False,False,False,Batak
0040600,004060001,1.0,1.0,66.0,2.0,4.0,2.0,4.0,0.0,6.0,6.0,12.0,2.0,0.0,0.0,0.0,False,True,False,False,False,Batak
0040600,004060002,2.0,3.0,64.0,2.0,4.0,2.0,4.0,0.0,,6.0,12.0,2.0,0.0,0.0,0.0,False,False,True,False,False,Batak
0040600,004060003,3.0,1.0,34.0,2.0,4.0,5.0,7.0,0.0,,6.0,12.0,2.0,0.0,0.0,0.0,False,True,False,False,False,Batak
0040600,004060004,3.0,1.0,31.0,2.0,4.0,6.0,7.0,0.0,6.0,6.0,12.0,2.0,0.0,0.0,0.0,False,True,False,False,False,Batak
0040600,004060005,3.0,1.0,29.0,2.0,4.0,60.0,7.0,1.0,5.0,6.0,12.0,2.0,0.0,0.0,0.0,True,True,False,True,False,Batak
0040651,004065102,2.0,3.0,29.0,2.0,4.0,5.0,7.0,1.0,8.0,6.0,12.0,2.0,0.0,0.0,0.0,True,False,True,False,True,Batak
0040652,004065202,2.0,3.0,36.0,2.0,4.0,6.0,7.0,1.0,9.0,6.0,12.0,2.0,0.0,0.0,0.0,True,False,True,False,True,Batak
0040653,004065302,2.0,3.0,35.0,2.0,4.0,60.0,7.0,0.0,6.0,6.0,12.0,2.0,300000.0,0.0,0.0,False,False,True,False,False,Batak
0040700,004070002,8.0,3.0,49.0,2.0,4.0,3.0,7.0,0.0,,6.0,12.0,2.0,200000.0,0.0,0.0,False,False,True,False,False,Batak
0040700,004070007,1.0,1.0,34.0,2.0,4.0,5.0,0.0,0.0,6.0,6.0,12.0,2.0,0.0,0.0,0.0,False,True,False,False,False,Batak
0040700,004070008,13.0,3.0,28.0,1.0,4.0,3.0,7.0,0.0,,6.0,12.0,2.0,0.0,8000000.0,15.894952224644102,False,False,True,False,False,Batak
0040700,004070009,13.0,3.0,27.0,2.0,4.0,5.0,7.0,0.0,,6.0,12.0,2.0,0.0,0.0,0.0,False,False,True,False,False,Batak
0040700,004070012,2.0,3.0,23.0,2.0,4.0,3.0,2.0,0.0,6.0,6.0,12.0,2.0,0.0,0.0,0.0,False,False,True,False,False,Batak
0040900,004090003,8.0,3.0,41.0,2.0,4.0,3.0,1.0,0.0,,6.0,12.0,2.0,500000.0,0.0,0.0,False,False,True,False,False,Batak
0040900,004090007,1.0,1.0,41.0,2.0,4.0,5.0,7.0,0.0,,6.0,12.0,2.0,100000.0,0.0,0.0,False,True,False,False,False,Batak
0040900,004090008,2.0,3.0,42.0,2.0,4.0,3.0,7.0,0.0,,6.0,12.0,2.0,0.0,0.0,0.0,False,False,True,False,False,Batak
0041000,004100001,1.0,3.0,64.0,2.0,4.0,1.0,96.0,0.0,,6.0,12.0,2.0,0.0,0.0,0.0,False,False,True,False,False,Batak
0041000,004100002,3.0,1.0,43.0,2.0,4.0,2.0,98.0,0.0,,6.0,12.0,2.0,0.0,3000000.0,14.914123179965662,False,True,False,False,False,Batak
0041000,004100003,3.0,3.0,37.0,2.0,4.0,2.0,4.0,0.0,,6.0,12.0,2.0,0.0,0.0,0.0,False,False,True,False,False,Batak
0041000,004100004,3.0,1.0,35.0,2.0,4.0,6.0,0.0,0.0,,6.0,12.0,2.0,0.0,0.0,0.0,False,True,False,False,False,Batak
0041000,004100005,3.0,1.0,33.0,2.0,4.0,2.0,98.0,0.0,,6.0,12.0,2.0,0.0,0.0,0.0,False,True,False,False,False,Batak
0041000,004100006,3.0,1.0,30.0,2.0,4.0,6.0,7.0,0.0,6.0,6.0,12.0,2.0,0.0,0.0,0.0,False,True,False,False,False,Batak
0041000,004100008,3.0,3.0,28.0,2.0,4.0,61.0,7.0,0.0,,6.0,12.0,2.0,0.0,0.0,0.0,False,False,True,False,False,Batak
0041000,004100009,3.0,1.0,24.0,2.0,4.0,6.0,0.0,0.0,,6.0,12.0,2.0,0.0,0.0,0.0,False,True,False,False,False,Batak
0041021,004102101,1.0,1.0,41.0,2.0,4.0,5.0,2.0,0.0,6.0,6.0,12.0,2.0,0.0,0.0,0.0,False,True,False,False,False,Batak
0041021,004102104,3.0,3.0,16.0,2.0,4.0,6.0,1.0,0.0,6.0,6.0,12.0,1.0,0.0,0.0,0.0,False,False,True,False,False,Batak
0041031,004103102,2.0,3.0,41.0,2.0,4.0,6.0,7.0,0.0,,6.0,12.0,2.0,0.0,0.0,0.0,False,False,True,False,False,Batak
0041031,004103103,3.0,1.0,17.0,2.0,4.0,5.0,1.0,0.0,6.0,6.0,12.0,2.0,0.0,0.0,0.0,False,True,False,False,False,Batak
0041031,004103104,3.0,1.0,15.0,2.0,4.0,5.0,1.0,0.0,6.0,6.0,12.0,2.0,0.0,0.0,0.0,False,True,False,False,False,Batak
0041041,004104102,2.0,3.0,32.0,2.0,4.0,6.0,7.0,0.0,,6.0,12.0,2.0,50000.0,0.0,0.0,False,False,True,False,False,Batak
0041042,004104202,2.0,3.0,31.0,2.0,4.0,3.0,7.0,0.0,,6.0,12.0,2.0,0.0,0.0,0.0,False,False,True,False,False,Batak
0041051,004105102,2.0,3.0,25.0,2.0,4.0,3.0,7.0,1.0,5.0,6.0,12.0,2.0,0.0,0.0,0.0,True,False,True,False,True,Batak
0041052,004105202,1.0,1.0,37.0,2.0,4.0,5.0,3.0,0.0,6.0,6.0,12.0,2.0,0.0,0.0,0.0,False,True,False,False,False,Batak
0041111,004110003,1.0,1.0,35.0,2.0,4.0,5.0,7.0,0.0,6.0,6.0,12.0,2.0,500000.0,0.0,0.0,False,True,False,False,False,Batak
0041111,004111103,2.0,3.0,32.0,2.0,4.0,61.0,7.0,0.0,6.0,6.0,12.0,2.0,1000000.0,0.0,0.0,False,False,True,False,False,Batak
0041300,004130001,1.0,1.0,76.0,2.0,4.0,3.0,7.0,0.0,,6.0,12.0,2.0,0.0,0.0,0.0,False,True,False,False,False,Batak
0041300,004130002,2.0,3.0,75.0,2.0,4.0,2.0,2.0,0.0,,6.0,12.0,2.0,0.0,0.0,0.0,False,False,True,False,False,Batak
0041300,004130003,3.0,1.0,33.0,2.0,4.0,5.0,7.0,0.0,,6.0,12.0,2.0,0.0,0.0,0.0,False,True,False,False,False,Batak
0041300,004130004,3.0,1.0,31.0,2.0,4.0,5.0,7.0,0.0,6.0,6.0,12.0,2.0,0.0,0.0,0.0,False,True,False,False,False,Batak
0041300,004130005,3.0,3.0,36.0,2.0,4.0,6.0,7.0,0.0,,6.0,12.0,1.0,0.0,0.0,0.0,False,False,True,False,False,Batak
0041300,004130006,10.0,3.0,17.0,2.0,4.0,3.0,7.0,0.0,6.0,6.0,12.0,1.0,0.0,0.0,0.0,False,False,True,False,False,Batak
0041300,004130007,10.0,1.0,15.0,2.0,4.0,3.0,2.0,0.0,6.0,6.0,12.0,2.0,0.0,0.0,0.0,False,True,False,False,False,Batak
0041321,004132102,2.0,3.0,32.0,2.0,4.0,61.0,7.0,0.0,,6.0,12.0,2.0,0.0,0.0,0.0,False,False,True,False,False,Batak
0041341,004134101,1.0,1.0,50.0,2.0,4.0,2.0,4.0,0.0,6.0,6.0,12.0,1.0,0.0,0.0,0.0,False,True,False,False,False,Batak
0041400,004140001,1.0,1.0,61.0,2.0,4.0,2.0,98.0,0.0,6.0,6.0,12.0,2.0,0.0,0.0,0.0,False,True,False,False,False,Batak
0041400,004140002,2.0,3.0,61.0,2.0,4.0,3.0,7.0,0.0,,6.0,12.0,2.0,0.0,0.0,0.0,False,False,True,False,False,Batak
0041400,004140004,3.0,1.0,33.0,2.0,4.0,3.0,7.0,0.0,6.0,6.0,12.0,2.0,0.0,0.0,0.0,False,True,False,False,False,Batak
0041400,004140005,3.0,1.0,30.0,2.0,4.0,5.0,7.0,1.0,5.0,6.0,12.0,2.0,0.0,0.0,0.0,True,True,False,True,False,Batak
0041400,004140006,3.0,1.0,27.0,2.0,4.0,5.0,3.0,0.0,6.0,6.0,12.0,2.0,0.0,350000.0,12.765691290604371,False,True,False,False,False,Batak
0041400,004140007,3.0,3.0,23.0,2.0,4.0,60.0,7.0,1.0,6.0,23.0,12.0,1.0,0.0,0.0,0.0,True,False,True,False,True,Batak
0041400,004140011,5.0,3.0,24.0,2.0,4.0,5.0,2.0,0.0,,6.0,12.0,2.0,0.0,0.0,0.0,False,False,True,False,False,Batak
0041441,004144102,2.0,3.0,33.0,2.0,4.0,5.0,7.0,0.0,,6.0,12.0,2.0,0.0,0.0,0.0,False,False,True,False,False,Batak
0041500,004150003,1.0,1.0,46.0,2.0,4.0,61.0,7.0,0.0,,6.0,12.0,2.0,500000.0,0.0,0.0,False,True,False,False,False,Batak
0041500,004150004,2.0,3.0,47.0,2.0,4.0,61.0,7.0,0.0,,6.0,12.0,2.0,0.0,700000.0,13.45883704259595,False,False,True,False,False,Batak
0041500,004150007,3.0,3.0,17.0,2.0,4.0,6.0,2.0,0.0,6.0,6.0,12.0,1.0,300000.0,500000.0,13.122365377402328,False,False,True,False,False,Batak
0041600,004160001,1.0,1.0,48.0,2.0,4.0,6.0,7.0,0.0,,6.0,12.0,2.0,200000.0,0.0,0.0,False,True,False,False,False,Batak
0041600,004160002,2.0,3.0,50.0,2.0,4.0,5.0,7.0,0.0,,6.0,12.0,2.0,0.0,0.0,0.0,False,False,True,False,False,Batak
0041600,004160003,3.0,1.0,25.0,2.0,4.0,61.0,7.0,0.0,,75.0,12.0,1.0,0.0,200000.0,12.206077645517674,False,True,False,False,False,Batak
0041600,004160004,3.0,3.0,24.0,2.0,4.0,60.0,7.0,0.0,,75.0,12.0,1.0,0.0,0.0,0.0,False,False,True,False,False,Batak
0041600,004160005,3.0,1.0,20.0,2.0,4.0,61.0,2.0,1.0,71.0,75.0,12.0,1.0,0.0,1000000.0,13.815511557963774,True,True,False,True,False,Batak
0041700,004170004,1.0,1.0,73.0,2.0,4.0,60.0,7.0,0.0,,76.0,32.0,1.0,0.0,0.0,0.0,False,True,False,False,False,Batak
0041700,004170005,2.0,3.0,63.0,2.0,4.0,5.0,7.0,1.0,75.0,76.0,32.0,1.0,0.0,0.0,0.0,True,False,True,False,True,Batak
0041800,004180001,1.0,1.0,51.0,2.0,4.0,1.0,96.0,1.0,8.0,6.0,12.0,2.0,0.0,0.0,0.0,True,True,False,True,False,Batak
0041941,004190003,1.0,1.0,29.0,2.0,4.0,5.0,7.0,0.0,,5.0,14.0,1.0,0.0,0.0,0.0,False,True,False,False,False,Batak
0041941,004194102,2.0,3.0,27.0,2.0,4.0,5.0,7.0,0.0,5.0,5.0,14.0,1.0,0.0,0.0,0.0,False,False,True,False,False,Batak
0041941,004190002,6.0,3.0,59.0,2.0,4.0,3.0,7.0,0.0,,5.0,14.0,1.0,0.0,0.0,0.0,False,False,True,False,False,Batak
0042000,004200001,1.0,1.0,48.0,2.0,4.0,6.0,7.0,0.0,,6.0,12.0,2.0,0.0,0.0,0.0,False,True,False,False,False,Batak
0042000,004200002,2.0,3.0,45.0,2.0,4.0,2.0,5.0,0.0,,6.0,12.0,2.0,0.0,0.0,0.0,False,False,True,False,False,Batak
0042000,004200003,3.0,3.0,22.0,2.0,4.0,61.0,3.0,0.0,,75.0,12.0,1.0,0.0,0.0,0.0,False,False,True,False,False,Batak
0042000,004200004,3.0,1.0,20.0,2.0,4.0,60.0,2.0,1.0,6.0,75.0,12.0,1.0,0.0,1000000.0,13.815511557963774,True,True,False,True,False,Batak
0042200,004220001,1.0,1.0,66.0,2.0,4.0,6.0,7.0,1.0,8.0,6.0,12.0,2.0,0.0,0.0,0.0,True,True,False,True,False,Batak
0042200,004220003,3.0,1.0,35.0,2.0,4.0,6.0,7.0,1.0,5.0,6.0,12.0,2.0,0.0,0.0,0.0,True,True,False,True,False,Batak
0042200,004220004,3.0,3.0,33.0,2.0,4.0,5.0,7.0,0.0,,6.0,12.0,2.0,0.0,200000.0,12.206077645517674,False,False,True,False,False,Batak
0042200,004220006,3.0,3.0,28.0,2.0,4.0,3.0,7.0,0.0,,6.0,12.0,2.0,0.0,5000000.0,15.424948670398354,False,False,True,False,False,Batak
0042251,004225102,2.0,3.0,35.0,2.0,4.0,5.0,0.0,1.0,8.0,6.0,12.0,2.0,0.0,0.0,0.0,True,False,True,False,True,Batak
0042300,004230001,1.0,1.0,68.0,2.0,4.0,2.0,4.0,0.0,,6.0,12.0,2.0,0.0,0.0,0.0,False,True,False,False,False,Batak
0042300,004230002,2.0,3.0,69.0,2.0,4.0,2.0,5.0,0.0,,6.0,12.0,2.0,0.0,0.0,0.0,False,False,True,False,False,Batak
0042300,004230003,3.0,3.0,31.0,2.0,4.0,5.0,7.0,0.0,,71.0,36.0,1.0,0.0,0.0,0.0,False,False,True,False,False,Batak
0042321,004232102,1.0,1.0,36.0,2.0,4.0,6.0,7.0,0.0,,71.0,36.0,1.0,0.0,0.0,0.0,False,True,False,False,False,Batak
0042400,004240001,1.0,1.0,64.0,2.0,4.0,2.0,4.0,0.0,,6.0,12.0,2.0,0.0,0.0,0.0,False,True,False,False,False,Batak
0042400,004240002,2.0,3.0,63.0,2.0,4.0,2.0,4.0,0.0,,6.0,12.0,2.0,0.0,0.0,0.0,False,False,True,False,False,Batak
0042400,004240004,3.0,3.0,34.0,2.0,4.0,5.0,7.0,0.0,,6.0,12.0,2.0,0.0,0.0,0.0,False,False,True,False,False,Batak
0042400,004240006,3.0,1.0,28.0,2.0,4.0,5.0,7.0,0.0,,6.0,12.0,2.0,0.0,0.0,0.0,False,True,False,False,False,Batak
0042422,004242202,1.0,1.0,37.0,2.0,4.0,5.0,7.0,0.0,,6.0,12.0,2.0,0.0,0.0,0.0,False,True,False,False,False,Batak
0042500,004250001,1.0,1.0,74.0,2.0,4.0,3.0,7.0,0.0,,6.0,12.0,2.0,0.0,0.0,0.0,False,True,False,False,False,Batak
0042500,004250003,3.0,1.0,40.0,2.0,4.0,3.0,7.0,0.0,,6.0,12.0,2.0,0.0,0.0,0.0,False,True,False,False,False,Batak
0042531,004253102,2.0,3.0,40.0,2.0,4.0,5.0,0.0,0.0,,6.0,12.0,2.0,0.0,0.0,0.0,False,False,True,False,False,Batak
0042600,004260002,6.0,3.0,56.0,2.0,4.0,98.0,98.0,0.0,,75.0,12.0,1.0,0.0,0.0,0.0,False,False,True,False,False,Batak
0042600,004260005,8.0,1.0,35.0,2.0,4.0,2.0,7.0,0.0,,6.0,12.0,2.0,0.0,0.0,0.0,False,True,False,False,False,Batak
0042600,004260006,1.0,1.0,32.0,2.0,4.0,3.0,7.0,0.0,,6.0,12.0,2.0,0.0,0.0,0.0,False,True,False,False,False,Batak
0042600,004260008,8.0,1.0,20.0,2.0,4.0,5.0,7.0,1.0,6.0,75.0,12.0,1.0,1000000.0,0.0,0.0,True,True,False,True,False,Batak
0042600,004260015,2.0,3.0,24.0,2.0,4.0,5.0,7.0,1.0,8.0,6.0,12.0,2.0,0.0,0.0,0.0,True,False,True,False,True,Batak
0042642,004264202,2.0,3.0,32.0,2.0,4.0,2.0,7.0,0.0,,6.0,12.0,2.0,0.0,0.0,0.0,False,False,True,False,False,Batak
0042700,004270001,6.0,1.0,44.0,2.0,4.0,98.0,98.0,0.0,,6.0,12.0,2.0,50000.0,0.0,0.0,False,True,False,False,False,Batak
0042700,004270006,8.0,1.0,18.0,2.0,98.0,98.0,98.0,0.0,6.0,6.0,12.0,2.0,0.0,0.0,0.0,False,True,False,False,False,Batak
0042741,004274103,3.0,1.0,16.0,2.0,4.0,3.0,2.0,1.0,8.0,6.0,12.0,2.0,0.0,0.0,0.0,True,True,False,True,False,Batak
0042741,004274105,2.0,3.0,37.0,2.0,4.0,3.0,7.0,1.0,73.0,6.0,12.0,2.0,0.0,0.0,0.0,True,False,True,False,True,Batak
0042800,004280001,1.0,1.0,80.0,2.0,4.0,2.0,98.0,0.0,6.0,6.0,12.0,2.0,0.0,0.0,0.0,False,True,False,False,False,Batak
0042800,004280004,3.0,3.0,33.0,2.0,4.0,3.0,7.0,0.0,,6.0,12.0,2.0,0.0,0.0,0.0,False,False,True,False,False,Batak
0042900,004290001,1.0,1.0,64.0,2.0,4.0,2.0,7.0,0.0,,6.0,12.0,2.0,0.0,0.0,0.0,False,True,False,False,False,Batak
0042900,004290002,2.0,3.0,60.0,2.0,4.0,2.0,3.0,1.0,5.0,6.0,12.0,2.0,0.0,0.0,0.0,True,False,True,False,True,Batak
0042900,004290004,3.0,3.0,32.0,2.0,4.0,5.0,7.0,0.0,,6.0,12.0,2.0,0.0,0.0,0.0,False,False,True,False,False,Batak
0042900,004290005,3.0,1.0,30.0,2.0,4.0,6.0,7.0,1.0,5.0,6.0,12.0,2.0,0.0,0.0,0.0,True,True,False,True,False,Batak
0042951,004295102,2.0,3.0,22.0,2.0,4.0,61.0,2.0,0.0,6.0,6.0,12.0,2.0,0.0,0.0,0.0,False,False,True,False,False,Batak
0043022,004302201,1.0,1.0,52.0,2.0,4.0,5.0,7.0,0.0,6.0,6.0,12.0,2.0,0.0,0.0,0.0,False,True,False,False,False,Batak
0043022,004300005,2.0,3.0,40.0,2.0,4.0,5.0,7.0,0.0,,6.0,12.0,2.0,0.0,0.0,0.0,False,False,True,False,False,Batak
0043022,004302205,3.0,3.0,15.0,2.0,4.0,5.0,0.0,0.0,6.0,6.0,12.0,2.0,0.0,0.0,0.0,False,False,True,False,False,Batak
0050100,005010002,7.0,3.0,87.0,2.0,4.0,95.0,7.0,1.0,5.0,7.0,12.0,1.0,0.0,0.0,0.0,True,False,True,False,True,Batak
0050100,005010003,9.0,1.0,48.0,2.0,4.0,61.0,2.0,0.0,,7.0,12.0,1.0,0.0,0.0,0.0,False,True,False,False,False,Batak
0050100,005010004,2.0,3.0,57.0,2.0,4.0,5.0,7.0,1.0,8.0,7.0,12.0,1.0,0.0,0.0,0.0,True,False,True,False,True,Batak
0050100,005010005,1.0,1.0,54.0,2.0,4.0,2.0,2.0,1.0,8.0,7.0,12.0,1.0,0.0,0.0,0.0,True,True,False,True,False,Batak
0050131,005013102,2.0,3.0,41.0,2.0,4.0,61.0,7.0,0.0,,7.0,12.0,1.0,0.0,0.0,0.0,False,False,True,False,False,Batak
0050300,005030001,1.0,3.0,51.0,1.0,1.0,2.0,4.0,0.0,,7.0,12.0,1.0,0.0,100000.0,11.51293546492023,False,False,True,False,False,Java
0050300,005030002,3.0,3.0,27.0,1.0,1.0,3.0,7.0,0.0,,22.0,12.0,2.0,1200000.0,6000000.0,15.607270193858982,False,False,True,False,False,Java
0050300,005030003,3.0,1.0,16.0,1.0,1.0,6.0,0.0,0.0,7.0,7.0,12.0,1.0,0.0,0.0,0.0,False,True,False,False,False,Java
0050300,005030006,3.0,3.0,15.0,1.0,1.0,5.0,0.0,0.0,7.0,7.0,12.0,1.0,0.0,0.0,0.0,False,False,True,False,False,Java
0050341,005034101,1.0,1.0,34.0,1.0,1.0,5.0,1.0,1.0,3.0,22.0,12.0,2.0,0.0,0.0,0.0,True,True,False,True,False,Java
0050400,005040004,22.0,1.0,33.0,1.0,1.0,6.0,7.0,0.0,,22.0,12.0,1.0,0.0,0.0,0.0,False,True,False,False,False,Java
0050400,005040005,22.0,1.0,31.0,1.0,1.0,5.0,7.0,0.0,22.0,22.0,12.0,1.0,0.0,3000000.0,14.914123179965662,False,True,False,False,False,Java
0050400,005043103,1.0,3.0,36.0,1.0,1.0,5.0,7.0,0.0,7.0,7.0,12.0,1.0,0.0,0.0,0.0,False,False,True,False,False,Java
0050441,005044107,2.0,3.0,23.0,1.0,1.0,5.0,7.0,0.0,22.0,22.0,12.0,1.0,0.0,0.0,0.0,False,False,True,False,False,Java
0050442,005044202,2.0,3.0,28.0,1.0,1.0,6.0,7.0,0.0,,22.0,12.0,1.0,0.0,0.0,0.0,False,False,True,False,False,Java
0050500,005050001,1.0,1.0,57.0,1.0,4.0,3.0,1.0,0.0,7.0,7.0,14.0,2.0,0.0,0.0,0.0,False,True,False,False,False,Batak
0050500,005050002,2.0,3.0,56.0,1.0,1.0,2.0,4.0,0.0,7.0,7.0,14.0,2.0,200000.0,0.0,0.0,False,False,True,False,False,Batak
0050500,005050003,4.0,1.0,16.0,1.0,4.0,5.0,1.0,1.0,98.0,7.0,14.0,2.0,0.0,50000.0,10.819798284210286,True,True,False,True,False,Batak
0050600,005060001,1.0,1.0,56.0,1.0,1.0,2.0,1.0,0.0,,7.0,12.0,1.0,0.0,0.0,0.0,False,True,False,False,False,Java
0050600,005060002,2.0,3.0,49.0,1.0,1.0,2.0,2.0,0.0,,7.0,12.0,1.0,0.0,0.0,0.0,False,False,True,False,False,Java
0050600,005060003,3.0,1.0,33.0,1.0,1.0,73.0,1.0,0.0,,7.0,12.0,1.0,0.0,0.0,0.0,False,True,False,False,False,Java
0050600,005060004,3.0,3.0,29.0,1.0,1.0,5.0,7.0,0.0,,7.0,12.0,1.0,0.0,0.0,0.0,False,False,True,False,False,Java
0050600,005060007,3.0,1.0,16.0,1.0,1.0,3.0,7.0,0.0,7.0,7.0,12.0,1.0,100000.0,50000.0,10.819798284210286,False,True,False,False,False,Java
0050641,005064101,1.0,1.0,36.0,1.0,1.0,60.0,98.0,0.0,,7.0,12.0,1.0,50000.0,2000000.0,14.508658238524095,False,True,False,False,False,Java
0050651,005065102,2.0,3.0,24.0,1.0,1.0,3.0,7.0,1.0,8.0,7.0,12.0,1.0,0.0,0.0,0.0,True,False,True,False,True,Java
0050700,005070001,1.0,1.0,65.0,1.0,1.0,2.0,7.0,0.0,,7.0,12.0,1.0,0.0,0.0,0.0,False,True,False,False,False,Java
0050700,005070002,2.0,3.0,59.0,1.0,1.0,2.0,2.0,0.0,,7.0,12.0,1.0,0.0,0.0,0.0,False,False,True,False,False,Java
0050800,005080002,1.0,1.0,63.0,1.0,1.0,2.0,7.0,0.0,,7.0,12.0,1.0,0.0,0.0,0.0,False,True,False,False,False,Java
0050800,005080003,2.0,3.0,59.0,1.0,1.0,2.0,4.0,0.0,,7.0,12.0,1.0,0.0,0.0,0.0,False,False,True,False,False,Java
0050900,005090001,1.0,1.0,70.0,1.0,1.0,2.0,7.0,0.0,,7.0,14.0,2.0,0.0,0.0,0.0,False,True,False,False,False,Java
0050900,005090002,2.0,3.0,64.0,1.0,1.0,2.0,3.0,0.0,,7.0,14.0,2.0,0.0,0.0,0.0,False,False,True,False,False,Java
0050900,005090005,3.0,1.0,40.0,1.0,1.0,3.0,7.0,0.0,,7.0,14.0,2.0,0.0,0.0,0.0,False,True,False,False,False,Java
0050900,005090010,10.0,3.0,22.0,1.0,1.0,5.0,7.0,0.0,7.0,7.0,14.0,2.0,0.0,0.0,0.0,False,False,True,False,False,Java
0050900,005090015,10.0,3.0,16.0,1.0,1.0,6.0,1.0,0.0,7.0,7.0,14.0,2.0,0.0,300000.0,12.611541086966117,False,False,True,False,False,Java
0050941,005094101,3.0,1.0,27.0,1.0,1.0,2.0,7.0,0.0,,7.0,14.0,2.0,0.0,500000.0,13.122365377402328,False,True,False,False,False,Java
0050951,005095102,2.0,3.0,31.0,1.0,1.0,3.0,7.0,1.0,8.0,7.0,14.0,2.0,0.0,0.0,0.0,True,False,True,False,True,Java
0050952,005095201,1.0,1.0,26.0,1.0,1.0,61.0,6.0,1.0,8.0,7.0,14.0,2.0,0.0,1000000.0,13.815511557963774,True,True,False,True,False,Java
0051000,005100001,1.0,1.0,48.0,1.0,4.0,2.0,2.0,0.0,,7.0,12.0,1.0,0.0,0.0,0.0,False,True,False,False,False,Batak
0051000,005100002,2.0,3.0,52.0,1.0,1.0,2.0,2.0,0.0,,7.0,12.0,1.0,0.0,0.0,0.0,False,False,True,False,False,Batak
0051000,005100003,3.0,3.0,27.0,1.0,4.0,2.0,2.0,0.0,7.0,7.0,12.0,1.0,,,,False,False,True,False,False,Batak
0051000,005100005,3.0,1.0,21.0,1.0,4.0,2.0,1.0,0.0,7.0,7.0,12.0,1.0,0.0,0.0,0.0,False,True,False,False,False,Batak
0051041,005104101,1.0,1.0,27.0,1.0,1.0,2.0,3.0,0.0,,7.0,12.0,1.0,0.0,200000.0,12.206077645517674,False,True,False,False,False,Java
0051100,005110003,9.0,1.0,47.0,1.0,1.0,3.0,1.0,1.0,7.0,22.0,12.0,2.0,0.0,0.0,0.0,True,True,False,True,False,Java
0051100,005110004,1.0,1.0,59.0,1.0,1.0,2.0,4.0,1.0,98.0,7.0,12.0,1.0,200000.0,0.0,0.0,True,True,False,True,False,Java
0051100,005110005,2.0,3.0,54.0,1.0,1.0,2.0,4.0,0.0,,7.0,12.0,1.0,0.0,0.0,0.0,False,False,True,False,False,Java
0051100,005110006,3.0,3.0,26.0,1.0,1.0,5.0,7.0,0.0,7.0,7.0,12.0,1.0,100000.0,0.0,0.0,False,False,True,False,False,Java
0051100,005110008,5.0,1.0,32.0,1.0,1.0,3.0,7.0,0.0,7.0,7.0,12.0,1.0,0.0,0.0,0.0,False,True,False,False,False,Java
0051111,005111102,2.0,3.0,44.0,1.0,1.0,2.0,7.0,1.0,7.0,22.0,12.0,2.0,0.0,0.0,0.0,True,False,True,False,True,Java
0051111,005111104,3.0,3.0,16.0,1.0,1.0,5.0,0.0,0.0,22.0,22.0,12.0,2.0,0.0,50000.0,10.819798284210286,False,False,True,False,False,Java
0051300,005130002,3.0,3.0,44.0,1.0,4.0,5.0,1.0,0.0,,22.0,12.0,2.0,1000000.0,0.0,0.0,False,False,True,False,False,Java
0051300,005130003,10.0,1.0,23.0,1.0,1.0,2.0,7.0,1.0,75.0,22.0,12.0,2.0,0.0,0.0,0.0,True,True,False,True,False,Java
0051300,005130005,1.0,3.0,78.0,1.0,1.0,98.0,98.0,0.0,,7.0,12.0,1.0,1000000.0,0.0,0.0,False,False,True,False,False,Java
0051300,005130006,10.0,1.0,30.0,1.0,1.0,98.0,98.0,0.0,75.0,75.0,12.0,1.0,0.0,0.0,0.0,False,True,False,False,False,Java
0051300,005130008,10.0,1.0,19.0,1.0,1.0,3.0,7.0,0.0,7.0,7.0,12.0,2.0,0.0,0.0,0.0,False,True,False,False,False,Java
0051300,005130012,10.0,3.0,19.0,1.0,1.0,61.0,1.0,0.0,7.0,7.0,12.0,1.0,0.0,1000000.0,13.815511557963774,False,False,True,False,False,Java
0051312,005131203,2.0,3.0,35.0,1.0,1.0,2.0,5.0,0.0,,75.0,12.0,1.0,0.0,0.0,0.0,False,False,True,False,False,Java
0051341,005134101,1.0,1.0,52.0,1.0,4.0,5.0,7.0,0.0,,22.0,12.0,2.0,0.0,0.0,0.0,False,True,False,False,False,Java
0051351,005135102,2.0,3.0,19.0,1.0,1.0,5.0,2.0,0.0,7.0,7.0,12.0,2.0,0.0,0.0,0.0,False,False,True,False,False,Java
0051400,005140001,1.0,1.0,68.0,1.0,1.0,2.0,7.0,0.0,,7.0,12.0,1.0,0.0,0.0,0.0,False,True,False,False,False,Java
0051400,005140002,2.0,3.0,63.0,1.0,1.0,2.0,2.0,0.0,,7.0,12.0,1.0,0.0,0.0,0.0,False,False,True,False,False,Java
0051400,005140003,3.0,3.0,40.0,1.0,1.0,2.0,7.0,0.0,,7.0,12.0,1.0,0.0,0.0,0.0,False,False,True,False,False,Java
0051400,005140005,3.0,3.0,32.0,1.0,1.0,5.0,7.0,0.0,,22.0,12.0,1.0,0.0,0.0,0.0,False,False,True,False,False,Java
0051400,005140006,3.0,3.0,30.0,1.0,1.0,5.0,7.0,0.0,,7.0,12.0,1.0,0.0,0.0,0.0,False,False,True,False,False,Java
0051400,005140007,3.0,1.0,28.0,1.0,1.0,6.0,7.0,0.0,,7.0,12.0,1.0,0.0,0.0,0.0,False,True,False,False,False,Java
0051431,005143101,1.0,1.0,39.0,1.0,1.0,2.0,3.0,0.0,7.0,7.0,12.0,1.0,0.0,0.0,0.0,False,True,False,False,False,Java
0051441,005144101,1.0,1.0,32.0,1.0,4.0,6.0,7.0,0.0,,22.0,12.0,1.0,0.0,0.0,0.0,False,True,False,False,False,Batak
0051442,005144201,1.0,1.0,32.0,1.0,1.0,5.0,7.0,0.0,7.0,7.0,12.0,1.0,0.0,0.0,0.0,False,True,False,False,False,Java
0051451,005145103,10.0,3.0,28.0,2.0,1.0,5.0,7.0,0.0,7.0,7.0,12.0,1.0,0.0,0.0,0.0,False,False,True,False,False,Java
0051500,005150001,1.0,1.0,44.0,1.0,1.0,6.0,7.0,0.0,,7.0,12.0,1.0,0.0,0.0,0.0,False,True,False,False,False,Java
0051500,005150002,2.0,3.0,44.0,1.0,4.0,5.0,7.0,0.0,,7.0,12.0,1.0,1000000.0,0.0,0.0,False,False,True,False,False,Java
0051500,005150003,3.0,1.0,17.0,1.0,1.0,5.0,2.0,0.0,7.0,7.0,12.0,1.0,0.0,0.0,0.0,False,True,False,False,False,Java
0051600,005160001,1.0,1.0,54.0,1.0,1.0,2.0,3.0,0.0,,7.0,12.0,2.0,0.0,0.0,0.0,False,True,False,False,False,Java
0051600,005160002,2.0,3.0,51.0,1.0,1.0,2.0,3.0,0.0,,7.0,12.0,2.0,0.0,0.0,0.0,False,False,True,False,False,Java
0051600,005160003,3.0,3.0,31.0,1.0,1.0,3.0,3.0,0.0,,22.0,12.0,1.0,0.0,0.0,0.0,False,False,True,False,False,Java
0051600,005160004,3.0,3.0,30.0,1.0,1.0,2.0,2.0,0.0,,7.0,12.0,2.0,0.0,0.0,0.0,False,False,True,False,False,Java
0051600,005160006,3.0,1.0,23.0,1.0,1.0,3.0,3.0,0.0,,7.0,12.0,2.0,0.0,0.0,0.0,False,True,False,False,False,Java
0051600,005160007,3.0,3.0,20.0,1.0,1.0,6.0,3.0,0.0,7.0,7.0,12.0,2.0,0.0,0.0,0.0,False,False,True,False,False,Java
0051641,005164101,1.0,1.0,43.0,1.0,1.0,3.0,1.0,0.0,22.0,22.0,12.0,1.0,0.0,0.0,0.0,False,True,False,False,False,Java
0051641,005164103,3.0,1.0,15.0,1.0,1.0,2.0,3.0,0.0,22.0,22.0,12.0,1.0,0.0,0.0,0.0,False,True,False,False,False,Java
0051642,005164201,1.0,1.0,36.0,1.0,1.0,3.0,98.0,0.0,,7.0,12.0,2.0,0.0,100000.0,11.51293546492023,False,True,False,False,False,Java
0051651,005165101,1.0,1.0,27.0,1.0,1.0,2.0,7.0,0.0,7.0,7.0,12.0,2.0,0.0,0.0,0.0,False,True,False,False,False,Java
0051700,005170001,1.0,1.0,66.0,3.0,4.0,2.0,5.0,1.0,6.0,7.0,12.0,1.0,0.0,0.0,0.0,True,True,False,True,False,Batak
0051700,005170002,2.0,3.0,51.0,3.0,4.0,5.0,2.0,0.0,,7.0,12.0,1.0,0.0,3300000.0,15.009433329466964,False,False,True,False,False,Batak
0051700,005170003,3.0,1.0,28.0,3.0,4.0,6.0,7.0,0.0,,23.0,12.0,2.0,0.0,250000.0,12.429220196836384,False,True,False,False,False,Batak
0051700,005170004,3.0,1.0,26.0,3.0,4.0,5.0,7.0,0.0,,7.0,12.0,1.0,0.0,0.0,0.0,False,True,False,False,False,Batak
0051741,005174103,2.0,3.0,27.0,3.0,4.0,60.0,7.0,0.0,23.0,23.0,12.0,2.0,0.0,1000000.0,13.815511557963774,False,False,True,False,False,Batak
0051800,005180001,1.0,1.0,58.0,1.0,1.0,2.0,4.0,0.0,,7.0,12.0,1.0,0.0,50000.0,10.819798284210286,False,True,False,False,False,Java
0051800,005180002,2.0,3.0,56.0,1.0,1.0,2.0,4.0,0.0,,7.0,12.0,1.0,0.0,0.0,0.0,False,False,True,False,False,Java
0051800,005180003,3.0,3.0,37.0,1.0,1.0,2.0,7.0,0.0,7.0,7.0,12.0,1.0,0.0,0.0,0.0,False,False,True,False,False,Java
0051800,005180005,3.0,1.0,29.0,1.0,1.0,2.0,7.0,0.0,7.0,7.0,12.0,1.0,0.0,0.0,0.0,False,True,False,False,False,Java
0051800,005180008,3.0,1.0,15.0,1.0,1.0,3.0,2.0,0.0,7.0,7.0,12.0,1.0,0.0,100000.0,11.51293546492023,False,True,False,False,False,Java
0051851,005185102,1.0,1.0,43.0,1.0,1.0,5.0,7.0,1.0,8.0,7.0,12.0,1.0,0.0,0.0,0.0,True,True,False,True,False,Java
0051851,005185103,3.0,1.0,16.0,1.0,1.0,6.0,1.0,0.0,7.0,7.0,12.0,1.0,0.0,0.0,0.0,False,True,False,False,False,Java
0051852,005185202,2.0,3.0,27.0,1.0,1.0,5.0,0.0,0.0,7.0,7.0,12.0,1.0,0.0,0.0,0.0,False,False,True,False,False,Java
0052000,005200001,1.0,1.0,58.0,3.0,4.0,2.0,7.0,1.0,92.0,7.0,12.0,1.0,0.0,0.0,0.0,True,True,False,True,False,Batak
0052000,005200002,2.0,3.0,49.0,3.0,4.0,5.0,1.0,0.0,7.0,7.0,12.0,1.0,0.0,0.0,0.0,False,False,True,False,False,Batak
0052000,005200003,3.0,1.0,30.0,3.0,4.0,5.0,7.0,0.0,7.0,7.0,12.0,1.0,0.0,0.0,0.0,False,True,False,False,False,Batak
0052000,005200005,3.0,3.0,24.0,3.0,4.0,61.0,2.0,0.0,,7.0,12.0,1.0,500000.0,0.0,0.0,False,False,True,False,False,Batak
0052000,005200006,3.0,1.0,20.0,3.0,4.0,3.0,1.0,0.0,7.0,7.0,12.0,1.0,0.0,0.0,0.0,False,True,False,False,False,Batak
0052000,005200007,3.0,1.0,19.0,3.0,4.0,5.0,7.0,0.0,7.0,7.0,12.0,1.0,0.0,300000.0,12.611541086966117,False,True,False,False,False,Batak
0052000,005200008,3.0,3.0,16.0,3.0,4.0,6.0,1.0,0.0,7.0,7.0,12.0,1.0,0.0,0.0,0.0,False,False,True,False,False,Batak
0060100,006010001,1.0,1.0,49.0,2.0,4.0,5.0,7.0,0.0,,9.0,12.0,1.0,200000.0,0.0,0.0,False,True,False,False,False,Batak
0060100,006010002,2.0,3.0,49.0,2.0,4.0,6.0,7.0,0.0,,9.0,12.0,1.0,1000000.0,0.0,0.0,False,False,True,False,False,Batak
0060100,006010003,3.0,3.0,25.0,2.0,4.0,61.0,7.0,0.0,,9.0,14.0,1.0,0.0,0.0,0.0,False,False,True,False,False,Batak
0060100,006010004,3.0,3.0,19.0,2.0,4.0,61.0,1.0,1.0,9.0,26.0,35.0,2.0,0.0,0.0,0.0,True,False,True,False,True,Batak
0060200,006020002,1.0,3.0,63.0,1.0,1.0,2.0,5.0,0.0,,9.0,12.0,1.0,300000.0,315000.0,12.660331092405906,False,False,True,False,False,Java
0060300,006030001,1.0,1.0,57.0,1.0,1.0,2.0,2.0,0.0,,3.0,33.0,2.0,0.0,0.0,0.0,False,True,False,False,False,Java
0060300,006030002,2.0,3.0,55.0,1.0,1.0,2.0,2.0,0.0,,3.0,33.0,2.0,0.0,0.0,0.0,False,False,True,False,False,Java
0060300,006030003,3.0,1.0,30.0,1.0,1.0,2.0,5.0,0.0,,3.0,33.0,2.0,100000.0,600000.0,13.304686600863562,False,True,False,False,False,Java
0060300,006030004,3.0,1.0,27.0,1.0,1.0,73.0,7.0,0.0,,3.0,33.0,2.0,50000.0,0.0,0.0,False,True,False,False,False,Java
0060300,006030005,3.0,3.0,21.0,1.0,1.0,3.0,7.0,0.0,3.0,3.0,33.0,2.0,0.0,0.0,0.0,False,False,True,False,False,Java
0060300,006030006,3.0,3.0,18.0,1.0,1.0,3.0,7.0,0.0,3.0,3.0,33.0,2.0,0.0,10000.0,9.210440366976515,False,False,True,False,False,Java
0060300,006030007,5.0,1.0,22.0,1.0,1.0,2.0,7.0,1.0,5.0,3.0,33.0,2.0,0.0,0.0,0.0,True,True,False,True,False,Java
0060341,006034102,2.0,3.0,37.0,1.0,1.0,2.0,4.0,0.0,,3.0,33.0,2.0,50000.0,70000.0,11.156264806643742,False,False,True,False,False,Java
0060342,006034202,2.0,3.0,26.0,1.0,1.0,2.0,3.0,0.0,,3.0,33.0,2.0,0.0,0.0,0.0,False,False,True,False,False,Java
0060400,006040001,1.0,1.0,63.0,1.0,1.0,2.0,4.0,0.0,,9.0,12.0,1.0,0.0,0.0,0.0,False,True,False,False,False,Java
0060400,006040002,2.0,3.0,55.0,1.0,1.0,2.0,98.0,0.0,,8.0,12.0,2.0,500000.0,0.0,0.0,False,False,True,False,False,Java
0060400,006040003,3.0,1.0,40.0,1.0,1.0,2.0,7.0,0.0,,9.0,12.0,1.0,0.0,0.0,0.0,False,True,False,False,False,Java
0060400,006040004,3.0,1.0,36.0,1.0,1.0,6.0,0.0,0.0,,9.0,12.0,1.0,0.0,0.0,0.0,False,True,False,False,False,Java
0060400,006040005,3.0,3.0,31.0,1.0,1.0,73.0,7.0,0.0,,9.0,12.0,1.0,0.0,0.0,0.0,False,False,True,False,False,Java
0060411,006041102,2.0,3.0,37.0,1.0,1.0,61.0,7.0,0.0,9.0,9.0,12.0,1.0,100000.0,0.0,0.0,False,False,True,False,False,Java
0060431,006043102,2.0,3.0,39.0,1.0,4.0,6.0,7.0,0.0,,9.0,12.0,1.0,0.0,0.0,0.0,False,False,True,False,False,Batak
0060431,006043103,3.0,3.0,18.0,1.0,4.0,5.0,2.0,0.0,9.0,9.0,12.0,1.0,0.0,0.0,0.0,False,False,True,False,False,Batak
0060431,006043104,3.0,1.0,15.0,1.0,4.0,5.0,0.0,0.0,9.0,9.0,12.0,1.0,0.0,0.0,0.0,False,True,False,False,False,Batak
0060441,006044101,1.0,1.0,35.0,1.0,4.0,6.0,7.0,0.0,9.0,9.0,12.0,1.0,600000.0,0.0,0.0,False,True,False,False,False,Batak
0060600,006060001,9.0,1.0,57.0,2.0,4.0,3.0,7.0,1.0,75.0,7.0,12.0,2.0,0.0,0.0,0.0,True,True,False,True,False,Batak
0060600,006060002,9.0,3.0,54.0,2.0,4.0,3.0,7.0,1.0,9.0,7.0,12.0,2.0,0.0,0.0,0.0,True,False,True,False,True,Batak
0060600,006060003,13.0,1.0,24.0,2.0,4.0,3.0,7.0,0.0,,7.0,12.0,2.0,0.0,0.0,0.0,False,True,False,False,False,Batak
0060600,006060004,1.0,1.0,47.0,2.0,4.0,3.0,7.0,0.0,,9.0,12.0,1.0,0.0,0.0,0.0,False,True,False,False,False,Batak
0060600,006060005,2.0,3.0,44.0,2.0,4.0,3.0,7.0,0.0,,9.0,12.0,1.0,0.0,0.0,0.0,False,False,True,False,False,Batak
0060600,006060007,3.0,3.0,21.0,2.0,4.0,60.0,7.0,1.0,9.0,75.0,12.0,1.0,0.0,0.0,0.0,True,False,True,False,True,Batak
0060600,006060008,3.0,1.0,18.0,2.0,4.0,61.0,0.0,1.0,9.0,75.0,12.0,1.0,0.0,0.0,0.0,True,True,False,True,False,Batak
0060700,006070001,1.0,1.0,55.0,1.0,1.0,2.0,2.0,0.0,,13.0,12.0,2.0,0.0,0.0,0.0,False,True,False,False,False,Java
0060700,006070002,2.0,3.0,53.0,1.0,1.0,2.0,1.0,0.0,,13.0,12.0,2.0,200000.0,0.0,0.0,False,False,True,False,False,Java
0060700,006070003,3.0,1.0,27.0,1.0,1.0,3.0,7.0,0.0,,13.0,12.0,2.0,0.0,0.0,0.0,False,True,False,False,False,Java
0060700,006070004,3.0,1.0,26.0,1.0,1.0,3.0,7.0,0.0,,13.0,12.0,2.0,50000.0,0.0,0.0,False,True,False,False,False,Java
0060800,006080001,1.0,1.0,55.0,1.0,4.0,2.0,7.0,0.0,,9.0,12.0,1.0,0.0,0.0,0.0,False,True,False,False,False,Batak
0060800,006080002,2.0,3.0,53.0,1.0,2.0,2.0,7.0,0.0,,9.0,12.0,1.0,0.0,0.0,0.0,False,False,True,False,False,Batak
0060800,006080004,3.0,3.0,29.0,1.0,4.0,3.0,7.0,0.0,,9.0,12.0,2.0,0.0,0.0,0.0,False,False,True,False,False,Batak
0060800,006080005,3.0,1.0,23.0,1.0,4.0,3.0,7.0,0.0,9.0,9.0,12.0,1.0,0.0,0.0,0.0,False,True,False,False,False,Batak
0060800,006080009,5.0,3.0,25.0,1.0,4.0,61.0,7.0,0.0,9.0,9.0,12.0,1.0,100000.0,0.0,0.0,False,False,True,False,False,Batak
0060841,006084101,1.0,1.0,36.0,1.0,1.0,6.0,7.0,0.0,,11.0,12.0,2.0,0.0,0.0,0.0,False,True,False,False,False,Java
0060841,006084105,2.0,3.0,30.0,1.0,1.0,3.0,7.0,1.0,9.0,11.0,12.0,2.0,0.0,0.0,0.0,True,False,True,False,True,Java
0060900,006090001,1.0,1.0,54.0,1.0,1.0,2.0,7.0,0.0,,9.0,12.0,2.0,0.0,0.0,0.0,False,True,False,False,False,Java
0060900,006090002,2.0,3.0,52.0,1.0,1.0,3.0,7.0,0.0,,9.0,12.0,2.0,0.0,0.0,0.0,False,False,True,False,False,Java
0060900,006090003,3.0,3.0,29.0,1.0,1.0,6.0,7.0,0.0,,12.0,12.0,2.0,0.0,0.0,0.0,False,False,True,False,False,Java
0060900,006090004,3.0,3.0,27.0,1.0,1.0,6.0,7.0,0.0,,9.0,12.0,2.0,0.0,0.0,0.0,False,False,True,False,False,Java
0060900,006090005,3.0,1.0,25.0,1.0,1.0,60.0,7.0,0.0,,9.0,14.0,2.0,1000000.0,0.0,0.0,False,True,False,False,False,Java
0060941,006094101,1.0,1.0,31.0,1.0,1.0,2.0,7.0,0.0,,12.0,12.0,2.0,0.0,0.0,0.0,False,True,False,False,False,Java
0060942,006094202,2.0,3.0,25.0,1.0,1.0,60.0,7.0,0.0,9.0,9.0,14.0,2.0,0.0,0.0,0.0,False,False,True,False,False,Java
0060951,006095101,1.0,1.0,30.0,1.0,1.0,3.0,7.0,0.0,9.0,9.0,12.0,2.0,0.0,0.0,0.0,False,True,False,False,False,Java
0061000,006100001,2.0,1.0,57.0,1.0,1.0,1.0,96.0,0.0,,9.0,12.0,1.0,0.0,0.0,0.0,False,True,False,False,False,Java
0061000,006100002,1.0,3.0,53.0,1.0,1.0,2.0,7.0,0.0,,13.0,12.0,2.0,1500000.0,0.0,0.0,False,False,True,False,False,Java
0061000,006100003,3.0,1.0,34.0,1.0,1.0,73.0,7.0,0.0,,13.0,12.0,2.0,0.0,0.0,0.0,False,True,False,False,False,Java
0061000,006100004,3.0,1.0,32.0,1.0,1.0,73.0,7.0,0.0,,4.0,14.0,2.0,0.0,0.0,0.0,False,True,False,False,False,Java
0061000,006100005,3.0,1.0,27.0,1.0,1.0,61.0,7.0,1.0,9.0,18.0,12.0,1.0,2000000.0,0.0,0.0,True,True,False,True,False,Java
0061000,006100006,3.0,1.0,17.0,1.0,1.0,5.0,1.0,0.0,9.0,9.0,12.0,1.0,0.0,0.0,0.0,False,True,False,False,False,Java
0061041,006104102,2.0,3.0,26.0,1.0,1.0,3.0,7.0,1.0,9.0,13.0,12.0,2.0,50000.0,0.0,0.0,True,False,True,False,True,Java
0061100,006110002,6.0,3.0,64.0,1.0,1.0,2.0,98.0,0.0,,2.0,12.0,2.0,0.0,50000.0,10.819798284210286,False,False,True,False,False,Java
0061100,006110003,8.0,1.0,41.0,1.0,1.0,5.0,2.0,0.0,,9.0,12.0,1.0,500000.0,0.0,0.0,False,True,False,False,False,Java
0061100,006110005,8.0,3.0,31.0,1.0,1.0,5.0,7.0,0.0,,9.0,12.0,1.0,0.0,0.0,0.0,False,False,True,False,False,Java
0061100,006110006,1.0,1.0,46.0,1.0,1.0,73.0,7.0,1.0,1.0,2.0,12.0,2.0,400000.0,0.0,0.0,True,True,False,True,False,Java
0061100,006110007,2.0,3.0,46.0,1.0,1.0,2.0,5.0,1.0,9.0,2.0,12.0,2.0,0.0,0.0,0.0,True,False,True,False,True,Java
0061100,006110008,3.0,1.0,22.0,1.0,1.0,5.0,1.0,1.0,9.0,2.0,12.0,2.0,3000000.0,2000000.0,14.508658238524095,True,True,False,True,False,Java
0061100,006110009,3.0,3.0,18.0,1.0,1.0,5.0,2.0,1.0,9.0,2.0,12.0,2.0,0.0,0.0,0.0,True,False,True,False,True,Java
0061100,006110010,3.0,1.0,15.0,1.0,1.0,3.0,3.0,0.0,2.0,2.0,12.0,2.0,0.0,0.0,0.0,False,True,False,False,False,Java
0061131,006113102,2.0,3.0,35.0,1.0,1.0,73.0,7.0,0.0,,9.0,12.0,1.0,0.0,0.0,0.0,False,False,True,False,False,Java
0061131,006113103,3.0,1.0,15.0,1.0,1.0,6.0,0.0,0.0,9.0,9.0,12.0,1.0,0.0,0.0,0.0,False,True,False,False,False,Java
0061141,006114101,1.0,1.0,32.0,1.0,1.0,6.0,7.0,0.0,,9.0,12.0,1.0,100000.0,100000.0,11.51293546492023,False,True,False,False,False,Java
0061200,006120001,1.0,1.0,56.0,1.0,4.0,3.0,7.0,0.0,,9.0,12.0,2.0,0.0,0.0,0.0,False,True,False,False,False,Batak
0061200,006120002,2.0,3.0,52.0,1.0,1.0,2.0,2.0,0.0,,9.0,12.0,2.0,120000.0,0.0,0.0,False,False,True,False,False,Batak
0061200,006120003,3.0,3.0,32.0,1.0,4.0,3.0,2.0,0.0,,9.0,12.0,2.0,0.0,0.0,0.0,False,False,True,False,False,Batak
0061200,006120005,3.0,1.0,17.0,1.0,4.0,73.0,2.0,0.0,9.0,9.0,12.0,2.0,0.0,0.0,0.0,False,True,False,False,False,Batak
0061200,006120006,3.0,3.0,17.0,1.0,4.0,3.0,7.0,0.0,9.0,9.0,12.0,2.0,0.0,0.0,0.0,False,False,True,False,False,Batak
0061231,006121104,1.0,1.0,38.0,1.0,1.0,2.0,3.0,1.0,19.0,9.0,12.0,2.0,100000.0,0.0,0.0,True,True,False,True,False,Java
0061231,006123103,3.0,3.0,16.0,1.0,1.0,5.0,1.0,0.0,9.0,9.0,12.0,2.0,0.0,50000.0,10.819798284210286,False,False,True,False,False,Java
0061251,006125103,3.0,3.0,18.0,1.0,1.0,5.0,7.0,0.0,9.0,9.0,12.0,2.0,0.0,0.0,0.0,False,False,True,False,False,Java
0061252,006125204,3.0,1.0,20.0,1.0,1.0,3.0,7.0,0.0,9.0,9.0,12.0,2.0,50000.0,0.0,0.0,False,True,False,False,False,Java
0061300,006130004,2.0,3.0,31.0,2.0,4.0,5.0,7.0,0.0,,9.0,12.0,1.0,1000000.0,0.0,0.0,False,False,True,False,False,Batak
0061300,006130005,1.0,1.0,33.0,2.0,4.0,61.0,7.0,0.0,,9.0,12.0,1.0,0.0,0.0,0.0,False,True,False,False,False,Batak
0061400,006140002,1.0,3.0,55.0,2.0,4.0,3.0,7.0,0.0,,9.0,12.0,1.0,300000.0,0.0,0.0,False,False,True,False,False,Batak
0061400,006140003,3.0,1.0,35.0,2.0,4.0,3.0,7.0,1.0,5.0,9.0,12.0,1.0,0.0,0.0,0.0,True,True,False,True,False,Batak
0061400,006140004,3.0,3.0,33.0,2.0,4.0,5.0,7.0,0.0,,3.0,36.0,1.0,500000.0,0.0,0.0,False,False,True,False,False,Batak
0061441,006144101,1.0,1.0,33.0,2.0,4.0,5.0,7.0,0.0,,3.0,36.0,1.0,500000.0,1000000.0,13.815511557963774,False,True,False,False,False,Batak
0061442,006144202,1.0,3.0,25.0,2.0,4.0,6.0,7.0,0.0,,75.0,12.0,1.0,200000.0,1000000.0,13.815511557963774,False,False,True,False,False,Batak
0061451,006145102,2.0,3.0,27.0,2.0,4.0,61.0,7.0,1.0,76.0,9.0,12.0,1.0,0.0,0.0,0.0,True,False,True,False,True,Batak
0061600,006160002,1.0,3.0,66.0,1.0,1.0,2.0,4.0,0.0,,12.0,12.0,1.0,0.0,300000.0,12.611541086966117,False,False,True,False,False,Java
0061600,006160005,10.0,1.0,16.0,1.0,1.0,6.0,1.0,1.0,9.0,12.0,12.0,1.0,0.0,0.0,0.0,True,True,False,True,False,Java
0061741,006174102,2.0,3.0,34.0,1.0,1.0,6.0,7.0,0.0,,9.0,12.0,2.0,0.0,0.0,0.0,False,False,True,False,False,Java
0061751,006175101,1.0,1.0,25.0,1.0,1.0,3.0,7.0,1.0,19.0,9.0,12.0,2.0,0.0,0.0,0.0,True,True,False,True,False,Java
0061800,006180003,1.0,1.0,35.0,1.0,4.0,2.0,7.0,0.0,,11.0,12.0,2.0,0.0,0.0,0.0,False,True,False,False,False,Batak
0061900,006190001,1.0,1.0,53.0,1.0,19.0,2.0,98.0,0.0,,9.0,12.0,1.0,0.0,0.0,0.0,False,True,False,False,False,Java
0061900,006190002,2.0,3.0,52.0,1.0,1.0,2.0,2.0,0.0,,9.0,12.0,1.0,0.0,200000.0,12.206077645517674,False,False,True,False,False,Java
0061900,006190004,3.0,3.0,29.0,1.0,19.0,6.0,7.0,0.0,,9.0,12.0,1.0,0.0,0.0,0.0,False,False,True,False,False,Java
0061900,006190005,3.0,3.0,24.0,1.0,19.0,6.0,7.0,0.0,,9.0,12.0,1.0,500000.0,0.0,0.0,False,False,True,False,False,Java
0061900,006190006,9.0,3.0,37.0,1.0,1.0,2.0,4.0,0.0,,9.0,12.0,1.0,0.0,0.0,0.0,False,False,True,False,False,Java
0061900,006190008,5.0,1.0,27.0,1.0,1.0,5.0,7.0,1.0,73.0,9.0,12.0,1.0,0.0,0.0,0.0,True,True,False,True,False,Java
0061931,006193101,1.0,1.0,37.0,1.0,1.0,2.0,7.0,1.0,73.0,9.0,12.0,1.0,0.0,0.0,0.0,True,True,False,True,False,Java
0061931,006193103,3.0,3.0,15.0,1.0,1.0,3.0,7.0,0.0,9.0,9.0,12.0,1.0,0.0,0.0,0.0,False,False,True,False,False,Java
0061951,006195101,1.0,1.0,32.0,1.0,1.0,6.0,7.0,0.0,9.0,9.0,12.0,1.0,0.0,0.0,0.0,False,True,False,False,False,Java
0062000,006200001,1.0,1.0,64.0,1.0,19.0,3.0,7.0,0.0,,19.0,12.0,2.0,0.0,0.0,0.0,False,True,False,False,False,Java
0062000,006200002,2.0,3.0,60.0,1.0,19.0,2.0,4.0,0.0,19.0,19.0,12.0,2.0,0.0,0.0,0.0,False,False,True,False,False,Java
0062000,006200003,3.0,1.0,36.0,1.0,19.0,3.0,2.0,1.0,9.0,12.0,12.0,2.0,20000.0,300000.0,12.611541086966117,True,True,False,True,False,Java
0062000,006200004,3.0,3.0,33.0,1.0,19.0,5.0,7.0,1.0,9.0,11.0,12.0,1.0,0.0,0.0,0.0,True,False,True,False,True,Java
0062000,006200005,10.0,3.0,21.0,1.0,1.0,5.0,2.0,1.0,9.0,19.0,12.0,2.0,0.0,0.0,0.0,True,False,True,False,True,Java
0062000,006200006,10.0,1.0,23.0,1.0,1.0,3.0,7.0,0.0,19.0,19.0,12.0,2.0,0.0,0.0,0.0,False,True,False,False,False,Java
0062041,006204101,1.0,1.0,32.0,1.0,1.0,5.0,7.0,0.0,,11.0,12.0,1.0,0.0,0.0,0.0,False,True,False,False,False,Java
0070141,007010002,1.0,1.0,39.0,2.0,4.0,3.0,7.0,0.0,,9.0,12.0,2.0,0.0,0.0,0.0,False,True,False,False,False,Batak
0070141,007014102,2.0,3.0,35.0,2.0,4.0,5.0,7.0,0.0,,9.0,12.0,2.0,0.0,0.0,0.0,False,False,True,False,False,Batak
0070141,007010001,6.0,3.0,64.0,2.0,4.0,2.0,7.0,0.0,,9.0,12.0,2.0,0.0,0.0,0.0,False,False,True,False,False,Batak
0070200,007020001,1.0,3.0,72.0,2.0,4.0,2.0,4.0,0.0,9.0,9.0,12.0,2.0,0.0,0.0,0.0,False,False,True,False,False,Batak
0070300,007030002,6.0,3.0,66.0,2.0,4.0,2.0,7.0,0.0,,9.0,12.0,2.0,0.0,0.0,0.0,False,False,True,False,False,Batak
0070300,007030003,8.0,3.0,39.0,2.0,4.0,5.0,7.0,0.0,,9.0,12.0,2.0,0.0,500000.0,13.122365377402328,False,False,True,False,False,Batak
0070300,007030005,8.0,3.0,32.0,2.0,4.0,5.0,7.0,0.0,9.0,9.0,12.0,2.0,0.0,0.0,0.0,False,False,True,False,False,Batak
0070300,007030006,1.0,1.0,42.0,2.0,4.0,5.0,7.0,0.0,,9.0,12.0,2.0,0.0,0.0,0.0,False,True,False,False,False,Batak
0070300,007030007,2.0,3.0,30.0,2.0,4.0,5.0,7.0,0.0,,9.0,12.0,2.0,0.0,0.0,0.0,False,False,True,False,False,Batak
0070331,007033101,1.0,1.0,42.0,2.0,4.0,6.0,7.0,0.0,,9.0,12.0,2.0,0.0,0.0,0.0,False,True,False,False,False,Batak
0070331,007033103,3.0,1.0,15.0,2.0,4.0,3.0,2.0,0.0,9.0,9.0,12.0,2.0,0.0,0.0,0.0,False,True,False,False,False,Batak
0070351,007035101,1.0,1.0,34.0,2.0,4.0,5.0,7.0,1.0,75.0,9.0,12.0,2.0,0.0,0.0,0.0,True,True,False,True,False,Batak
0070400,007040002,1.0,3.0,69.0,2.0,4.0,3.0,1.0,0.0,,9.0,12.0,2.0,0.0,0.0,0.0,False,False,True,False,False,Batak
0070400,007040003,3.0,1.0,38.0,2.0,4.0,3.0,2.0,0.0,9.0,9.0,12.0,2.0,0.0,0.0,0.0,False,True,False,False,False,Batak
0070400,007040004,3.0,1.0,35.0,2.0,4.0,2.0,7.0,0.0,,9.0,12.0,2.0,0.0,0.0,0.0,False,True,False,False,False,Batak
0070400,007260003,5.0,3.0,27.0,2.0,4.0,5.0,7.0,0.0,,9.0,12.0,2.0,0.0,0.0,0.0,False,False,True,False,False,Batak
0070451,007045102,2.0,3.0,34.0,2.0,4.0,61.0,7.0,0.0,9.0,9.0,12.0,2.0,0.0,0.0,0.0,False,False,True,False,False,Batak
0070500,007050004,1.0,1.0,36.0,2.0,4.0,5.0,7.0,0.0,,9.0,12.0,2.0,0.0,100000.0,11.51293546492023,False,True,False,False,False,Batak
0070500,007050006,2.0,3.0,38.0,2.0,4.0,6.0,7.0,1.0,73.0,9.0,12.0,2.0,100000.0,50000.0,10.819798284210286,True,False,True,False,True,Batak
0070600,007060001,1.0,1.0,55.0,2.0,4.0,3.0,1.0,0.0,,9.0,12.0,2.0,0.0,0.0,0.0,False,True,False,False,False,Batak
0070600,007060002,2.0,3.0,50.0,2.0,4.0,5.0,7.0,0.0,,9.0,12.0,2.0,0.0,0.0,0.0,False,False,True,False,False,Batak
0070600,007060003,3.0,3.0,25.0,2.0,4.0,6.0,7.0,0.0,,9.0,12.0,2.0,0.0,0.0,0.0,False,False,True,False,False,Batak
0070600,007060004,3.0,3.0,23.0,2.0,4.0,5.0,7.0,0.0,,18.0,12.0,2.0,0.0,0.0,0.0,False,False,True,False,False,Batak
0070600,007060005,3.0,1.0,19.0,2.0,4.0,6.0,1.0,1.0,9.0,73.0,12.0,1.0,0.0,0.0,0.0,True,True,False,True,False,Batak
0070600,007060006,3.0,1.0,16.0,2.0,4.0,3.0,2.0,0.0,9.0,9.0,12.0,2.0,0.0,0.0,0.0,False,True,False,False,False,Batak
0070700,007070002,1.0,3.0,78.0,2.0,4.0,2.0,2.0,0.0,,9.0,12.0,2.0,0.0,0.0,0.0,False,False,True,False,False,Batak
0070700,007070003,3.0,1.0,41.0,2.0,4.0,3.0,7.0,0.0,,6.0,16.0,2.0,0.0,0.0,0.0,False,True,False,False,False,Batak
0070721,007072102,2.0,3.0,42.0,1.0,1.0,2.0,4.0,0.0,,6.0,16.0,2.0,0.0,0.0,0.0,False,False,True,False,False,Java
0070800,007080001,7.0,1.0,72.0,1.0,1.0,2.0,98.0,1.0,9.0,75.0,12.0,1.0,0.0,0.0,0.0,True,True,False,True,False,Java
0070800,007080003,2.0,3.0,38.0,1.0,1.0,5.0,7.0,0.0,,75.0,12.0,1.0,0.0,0.0,0.0,False,False,True,False,False,Java
0070800,007080004,1.0,1.0,40.0,1.0,1.0,2.0,2.0,0.0,,75.0,12.0,1.0,0.0,0.0,0.0,False,True,False,False,False,Java
0070800,007080005,3.0,1.0,15.0,1.0,1.0,5.0,0.0,0.0,75.0,75.0,12.0,1.0,0.0,0.0,0.0,False,True,False,False,False,Java
0070851,007085102,2.0,3.0,42.0,1.0,1.0,5.0,1.0,0.0,75.0,75.0,12.0,1.0,0.0,0.0,0.0,False,False,True,False,False,Java
0070900,007090001,1.0,3.0,57.0,2.0,4.0,2.0,0.0,0.0,9.0,9.0,12.0,2.0,0.0,0.0,0.0,False,False,True,False,False,Batak
0070900,007090002,3.0,1.0,38.0,2.0,4.0,5.0,7.0,0.0,,9.0,12.0,2.0,0.0,0.0,0.0,False,True,False,False,False,Batak
0070900,007090005,5.0,3.0,34.0,2.0,4.0,98.0,98.0,0.0,,9.0,12.0,2.0,0.0,0.0,0.0,False,False,True,False,False,Batak
0071000,007100002,1.0,3.0,72.0,2.0,4.0,2.0,7.0,0.0,,9.0,12.0,2.0,0.0,0.0,0.0,False,False,True,False,False,Batak
0071100,007110004,1.0,1.0,43.0,2.0,4.0,5.0,7.0,0.0,,9.0,12.0,2.0,0.0,0.0,0.0,False,True,False,False,False,Batak
0071100,007110005,2.0,3.0,42.0,2.0,4.0,5.0,7.0,0.0,,9.0,12.0,2.0,0.0,0.0,0.0,False,False,True,False,False,Batak
0071200,007120002,6.0,3.0,94.0,2.0,4.0,2.0,3.0,0.0,9.0,9.0,12.0,2.0,0.0,0.0,0.0,False,False,True,False,False,Batak
0071200,007202101,1.0,1.0,63.0,2.0,4.0,60.0,7.0,0.0,9.0,9.0,12.0,2.0,0.0,0.0,0.0,False,True,False,False,False,Batak
0071200,007202102,2.0,3.0,47.0,2.0,4.0,6.0,7.0,0.0,9.0,9.0,12.0,2.0,0.0,0.0,0.0,False,False,True,False,False,Batak
0071300,007130001,1.0,1.0,47.0,2.0,4.0,3.0,7.0,0.0,,9.0,12.0,2.0,0.0,0.0,0.0,False,True,False,False,False,Batak
0071300,007130002,2.0,3.0,47.0,2.0,4.0,3.0,7.0,0.0,,9.0,12.0,2.0,50000.0,0.0,0.0,False,False,True,False,False,Batak
0071300,007130004,9.0,3.0,29.0,2.0,4.0,6.0,7.0,1.0,9.0,71.0,21.0,1.0,1500000.0,0.0,0.0,True,False,True,False,True,Batak
0071300,007130005,3.0,3.0,19.0,2.0,4.0,6.0,7.0,0.0,9.0,9.0,12.0,2.0,4000000.0,500000.0,13.122365377402328,False,False,True,False,False,Batak
0071300,007130006,3.0,1.0,17.0,2.0,4.0,6.0,0.0,0.0,9.0,9.0,12.0,2.0,0.0,50000.0,10.819798284210286,False,True,False,False,False,Batak
0071400,007140001,1.0,1.0,61.0,2.0,4.0,3.0,7.0,0.0,,9.0,12.0,2.0,0.0,0.0,0.0,False,True,False,False,False,Batak
0071400,007140002,2.0,3.0,65.0,2.0,4.0,6.0,7.0,0.0,,9.0,12.0,2.0,0.0,0.0,0.0,False,False,True,False,False,Batak
0071400,007140004,3.0,3.0,32.0,2.0,4.0,60.0,7.0,0.0,,9.0,12.0,2.0,0.0,0.0,0.0,False,False,True,False,False,Batak
0071400,007140005,3.0,1.0,27.0,2.0,4.0,61.0,7.0,0.0,,9.0,12.0,2.0,0.0,0.0,0.0,False,True,False,False,False,Batak
0071431,007143108,1.0,1.0,34.0,2.0,4.0,5.0,7.0,0.0,9.0,9.0,12.0,2.0,500000.0,0.0,0.0,False,True,False,False,False,Batak
0071500,007150002,6.0,3.0,74.0,2.0,4.0,2.0,7.0,0.0,,9.0,12.0,2.0,0.0,0.0,0.0,False,False,True,False,False,Batak
0071500,007150003,8.0,1.0,40.0,2.0,4.0,3.0,7.0,0.0,9.0,9.0,12.0,2.0,0.0,0.0,0.0,False,True,False,False,False,Batak
0071500,007150004,1.0,3.0,43.0,2.0,4.0,5.0,7.0,0.0,,9.0,12.0,2.0,0.0,0.0,0.0,False,False,True,False,False,Batak
0071500,007150005,3.0,3.0,18.0,2.0,4.0,61.0,0.0,1.0,71.0,75.0,12.0,1.0,0.0,0.0,0.0,True,False,True,False,True,Batak
0071500,007150006,3.0,3.0,18.0,2.0,4.0,5.0,7.0,1.0,71.0,9.0,12.0,2.0,0.0,0.0,0.0,True,False,True,False,True,Batak
0071600,007160001,1.0,1.0,58.0,2.0,4.0,2.0,5.0,0.0,,9.0,12.0,2.0,0.0,0.0,0.0,False,True,False,False,False,Batak
0071600,007160002,2.0,3.0,57.0,2.0,4.0,2.0,5.0,0.0,,9.0,12.0,2.0,0.0,0.0,0.0,False,False,True,False,False,Batak
0071600,007160004,3.0,3.0,31.0,2.0,4.0,5.0,7.0,1.0,9.0,17.0,12.0,2.0,0.0,0.0,0.0,True,False,True,False,True,Batak
0071600,007160006,3.0,1.0,27.0,2.0,4.0,5.0,7.0,0.0,,9.0,12.0,2.0,0.0,0.0,0.0,False,True,False,False,False,Batak
0071600,007160007,3.0,3.0,23.0,2.0,4.0,5.0,7.0,0.0,,71.0,21.0,1.0,0.0,8000000.0,15.894952224644102,False,False,True,False,False,Batak
0071631,007163107,1.0,1.0,31.0,2.0,4.0,3.0,7.0,1.0,77.0,17.0,12.0,2.0,0.0,0.0,0.0,True,True,False,True,False,Batak
0071651,007165102,2.0,3.0,25.0,2.0,4.0,5.0,7.0,0.0,9.0,9.0,12.0,2.0,0.0,0.0,0.0,False,False,True,False,False,Batak
0071800,007180001,1.0,1.0,62.0,2.0,4.0,2.0,7.0,0.0,,9.0,12.0,2.0,0.0,0.0,0.0,False,True,False,False,False,Batak
0071800,007180002,2.0,3.0,60.0,2.0,4.0,2.0,7.0,0.0,,9.0,12.0,2.0,0.0,0.0,0.0,False,False,True,False,False,Batak
0071800,007180003,3.0,1.0,34.0,2.0,4.0,3.0,0.0,0.0,,9.0,12.0,2.0,100000.0,200000.0,12.206077645517674,False,True,False,False,False,Batak
0071800,007180004,3.0,3.0,32.0,2.0,4.0,5.0,7.0,0.0,,9.0,12.0,2.0,100000.0,0.0,0.0,False,False,True,False,False,Batak
0071800,007180005,3.0,1.0,26.0,2.0,4.0,5.0,7.0,0.0,,9.0,12.0,2.0,0.0,100000.0,11.51293546492023,False,True,False,False,False,Batak
0071800,007180007,3.0,1.0,22.0,2.0,4.0,6.0,7.0,0.0,,73.0,12.0,1.0,0.0,0.0,0.0,False,True,False,False,False,Batak
0071800,007180009,3.0,3.0,36.0,2.0,4.0,5.0,7.0,0.0,,73.0,12.0,1.0,0.0,0.0,0.0,False,False,True,False,False,Batak
0071841,007184101,1.0,1.0,37.0,2.0,4.0,5.0,7.0,0.0,,73.0,12.0,1.0,0.0,0.0,0.0,False,True,False,False,False,Batak
0071851,007185102,2.0,3.0,22.0,2.0,4.0,5.0,2.0,1.0,7.0,9.0,12.0,2.0,0.0,0.0,0.0,True,False,True,False,True,Batak
0071852,007185203,3.0,1.0,34.0,2.0,4.0,5.0,7.0,0.0,9.0,9.0,12.0,2.0,0.0,0.0,0.0,False,True,False,False,False,Batak
0072000,007200001,1.0,1.0,61.0,2.0,4.0,1.0,96.0,0.0,,9.0,12.0,2.0,0.0,0.0,0.0,False,True,False,False,False,Batak
0072000,007200002,2.0,3.0,59.0,2.0,4.0,3.0,7.0,0.0,,9.0,12.0,2.0,0.0,0.0,0.0,False,False,True,False,False,Batak
0072000,007200003,3.0,3.0,33.0,2.0,4.0,2.0,4.0,0.0,9.0,9.0,12.0,2.0,0.0,0.0,0.0,False,False,True,False,False,Batak
0072200,007220001,1.0,1.0,51.0,2.0,4.0,3.0,7.0,0.0,,9.0,12.0,2.0,0.0,0.0,0.0,False,True,False,False,False,Batak
0072200,007220002,2.0,3.0,47.0,2.0,4.0,5.0,7.0,0.0,,9.0,12.0,2.0,0.0,0.0,0.0,False,False,True,False,False,Batak
0072200,007220003,3.0,3.0,21.0,2.0,4.0,61.0,3.0,1.0,9.0,5.0,12.0,2.0,0.0,0.0,0.0,True,False,True,False,True,Batak
0072200,007220004,3.0,1.0,16.0,2.0,4.0,5.0,0.0,0.0,9.0,9.0,12.0,2.0,0.0,0.0,0.0,False,True,False,False,False,Batak
0072300,007230002,6.0,3.0,70.0,2.0,4.0,3.0,7.0,0.0,9.0,9.0,12.0,2.0,0.0,0.0,0.0,False,False,True,False,False,Batak
0072300,007230003,8.0,1.0,45.0,2.0,4.0,5.0,7.0,0.0,,9.0,12.0,2.0,0.0,0.0,0.0,False,True,False,False,False,Batak
0072300,007230004,1.0,1.0,35.0,2.0,4.0,6.0,0.0,0.0,,9.0,12.0,2.0,0.0,6000000.0,15.607270193858982,False,True,False,False,False,Batak
0072300,007230006,8.0,3.0,29.0,2.0,4.0,5.0,7.0,0.0,,9.0,12.0,2.0,0.0,0.0,0.0,False,False,True,False,False,Batak
0072300,007230010,2.0,3.0,28.0,2.0,4.0,5.0,7.0,1.0,12.0,9.0,12.0,2.0,0.0,0.0,0.0,True,False,True,False,True,Batak
0072331,007233102,2.0,3.0,41.0,2.0,4.0,6.0,7.0,0.0,,9.0,12.0,2.0,0.0,0.0,0.0,False,False,True,False,False,Batak
0072331,007233103,3.0,1.0,17.0,2.0,4.0,6.0,0.0,0.0,9.0,9.0,12.0,2.0,0.0,0.0,0.0,False,True,False,False,False,Batak
0072331,007233104,3.0,1.0,15.0,2.0,4.0,3.0,2.0,0.0,9.0,9.0,12.0,2.0,0.0,0.0,0.0,False,True,False,False,False,Batak
0072351,007235101,1.0,1.0,37.0,2.0,4.0,3.0,1.0,0.0,9.0,9.0,12.0,2.0,50000.0,0.0,0.0,False,True,False,False,False,Batak
0072400,007240002,1.0,3.0,61.0,2.0,4.0,2.0,7.0,0.0,,9.0,12.0,2.0,20000.0,0.0,0.0,False,False,True,False,False,Batak
0072400,007240003,3.0,1.0,34.0,2.0,4.0,6.0,7.0,0.0,,9.0,12.0,2.0,0.0,100000.0,11.51293546492023,False,True,False,False,False,Batak
0072400,007240004,3.0,1.0,30.0,2.0,4.0,3.0,2.0,0.0,,9.0,12.0,2.0,0.0,0.0,0.0,False,True,False,False,False,Batak
0072400,007240005,5.0,3.0,30.0,2.0,4.0,6.0,7.0,0.0,,9.0,12.0,2.0,0.0,0.0,0.0,False,False,True,False,False,Batak
0072500,007250002,8.0,3.0,42.0,2.0,4.0,98.0,98.0,0.0,,9.0,12.0,1.0,0.0,0.0,0.0,False,False,True,False,False,Batak
0072500,007250004,1.0,1.0,56.0,2.0,4.0,2.0,3.0,0.0,,9.0,12.0,2.0,0.0,0.0,0.0,False,True,False,False,False,Batak
0072500,007250005,2.0,3.0,42.0,2.0,4.0,3.0,7.0,0.0,,9.0,12.0,2.0,0.0,0.0,0.0,False,False,True,False,False,Batak
0072500,007250008,3.0,1.0,24.0,2.0,4.0,3.0,7.0,0.0,9.0,9.0,12.0,1.0,500000.0,100000.0,11.51293546492023,False,True,False,False,False,Batak
0072500,007250009,3.0,1.0,16.0,2.0,4.0,3.0,1.0,0.0,9.0,9.0,12.0,2.0,0.0,0.0,0.0,False,True,False,False,False,Batak
0072541,007254102,3.0,1.0,15.0,2.0,4.0,3.0,2.0,1.0,71.0,9.0,12.0,1.0,0.0,0.0,0.0,True,True,False,True,False,Batak
0072541,007254103,3.0,1.0,15.0,2.0,4.0,3.0,1.0,1.0,71.0,9.0,12.0,1.0,200000.0,0.0,0.0,True,True,False,True,False,Batak
0072600,007260001,1.0,1.0,52.0,2.0,4.0,2.0,4.0,0.0,,9.0,12.0,2.0,0.0,0.0,0.0,False,True,False,False,False,Batak
0072600,007260002,2.0,3.0,54.0,2.0,4.0,3.0,1.0,0.0,,9.0,12.0,2.0,0.0,0.0,0.0,False,False,True,False,False,Batak
0072600,007260004,3.0,1.0,25.0,2.0,4.0,3.0,2.0,0.0,,9.0,12.0,2.0,0.0,0.0,0.0,False,True,False,False,False,Batak
0072600,007260005,3.0,1.0,23.0,2.0,4.0,5.0,7.0,0.0,,1.0,64.0,2.0,0.0,0.0,0.0,False,True,False,False,False,Batak
0072800,007280002,1.0,3.0,70.0,2.0,4.0,3.0,1.0,0.0,,9.0,12.0,2.0,0.0,0.0,0.0,False,False,True,False,False,Batak
0072800,007280005,3.0,3.0,33.0,2.0,4.0,5.0,7.0,0.0,9.0,9.0,12.0,2.0,0.0,1000000.0,13.815511557963774,False,False,True,False,False,Batak
0072851,007285101,1.0,1.0,28.0,2.0,4.0,2.0,7.0,0.0,9.0,9.0,12.0,2.0,0.0,0.0,0.0,False,True,False,False,False,Batak
0072900,007290001,1.0,1.0,64.0,2.0,4.0,2.0,7.0,0.0,,9.0,12.0,2.0,0.0,0.0,0.0,False,True,False,False,False,Batak
0072900,007290002,2.0,3.0,50.0,2.0,1.0,6.0,7.0,0.0,,9.0,12.0,2.0,0.0,500000.0,13.122365377402328,False,False,True,False,False,Batak
0080100,008010001,1.0,1.0,52.0,1.0,1.0,2.0,7.0,0.0,,9.0,12.0,2.0,0.0,0.0,0.0,False,True,False,False,False,Java
0080100,008010002,2.0,3.0,49.0,1.0,1.0,2.0,4.0,0.0,,9.0,12.0,2.0,0.0,0.0,0.0,False,False,True,False,False,Java
0080100,008010003,3.0,3.0,29.0,1.0,1.0,5.0,7.0,0.0,,9.0,12.0,2.0,0.0,0.0,0.0,False,False,True,False,False,Java
0080100,008010004,3.0,3.0,26.0,1.0,1.0,3.0,7.0,0.0,,6.0,14.0,2.0,0.0,0.0,0.0,False,False,True,False,False,Java
0080100,008010005,3.0,3.0,23.0,1.0,1.0,74.0,7.0,0.0,,9.0,12.0,2.0,20000.0,0.0,0.0,False,False,True,False,False,Java
0080100,008010006,3.0,1.0,21.0,1.0,1.0,61.0,4.0,0.0,9.0,9.0,12.0,2.0,0.0,0.0,0.0,False,True,False,False,False,Java
0080141,008014102,2.0,3.0,30.0,1.0,4.0,5.0,7.0,0.0,,9.0,12.0,2.0,0.0,250000.0,12.429220196836384,False,False,True,False,False,Java
0080142,008014202,1.0,1.0,32.0,1.0,1.0,5.0,7.0,1.0,1.0,6.0,14.0,2.0,0.0,0.0,0.0,True,True,False,True,False,Java
0080151,008015101,1.0,1.0,25.0,1.0,1.0,5.0,7.0,1.0,98.0,9.0,12.0,2.0,0.0,0.0,0.0,True,True,False,True,False,Java
0080200,008020001,1.0,1.0,57.0,1.0,4.0,2.0,7.0,0.0,,9.0,12.0,2.0,0.0,0.0,0.0,False,True,False,False,False,Batak
0080200,008020002,2.0,3.0,54.0,1.0,4.0,2.0,3.0,0.0,,9.0,12.0,2.0,0.0,0.0,0.0,False,False,True,False,False,Batak
0080200,008020004,3.0,3.0,33.0,1.0,4.0,2.0,5.0,0.0,,9.0,12.0,2.0,0.0,0.0,0.0,False,False,True,False,False,Batak
0080200,008020005,3.0,3.0,31.0,1.0,4.0,2.0,7.0,0.0,,9.0,12.0,2.0,0.0,0.0,0.0,False,False,True,False,False,Batak
0080200,008020008,3.0,3.0,23.0,1.0,4.0,2.0,7.0,0.0,,9.0,12.0,2.0,0.0,0.0,0.0,False,False,True,False,False,Batak
0080200,008020009,3.0,3.0,17.0,1.0,4.0,6.0,1.0,0.0,9.0,9.0,12.0,2.0,0.0,0.0,0.0,False,False,True,False,False,Batak
0080242,008024201,1.0,1.0,37.0,1.0,1.0,2.0,7.0,0.0,,9.0,12.0,2.0,0.0,0.0,0.0,False,True,False,False,False,Java
0080300,008030001,1.0,1.0,51.0,1.0,1.0,2.0,98.0,0.0,,9.0,12.0,2.0,100000.0,0.0,0.0,False,True,False,False,False,Java
0080300,008030002,2.0,3.0,47.0,1.0,1.0,2.0,5.0,0.0,,9.0,12.0,2.0,0.0,0.0,0.0,False,False,True,False,False,Java
0080300,008030004,3.0,1.0,23.0,1.0,1.0,3.0,7.0,0.0,,9.0,12.0,2.0,0.0,200000.0,12.206077645517674,False,True,False,False,False,Java
0080300,008030006,3.0,3.0,20.0,1.0,1.0,3.0,7.0,0.0,9.0,9.0,12.0,2.0,0.0,0.0,0.0,False,False,True,False,False,Java
0080300,008030007,3.0,1.0,18.0,1.0,1.0,5.0,1.0,0.0,9.0,9.0,12.0,2.0,0.0,0.0,0.0,False,True,False,False,False,Java
0080331,008033102,7.0,3.0,48.0,1.0,26.0,2.0,7.0,0.0,,12.0,12.0,1.0,0.0,0.0,0.0,False,False,True,False,False,Java
0080331,008033103,2.0,3.0,27.0,1.0,1.0,6.0,7.0,0.0,,12.0,12.0,1.0,800000.0,1000000.0,13.815511557963774,False,False,True,False,False,Java
0080331,008033104,9.0,1.0,20.0,1.0,4.0,6.0,7.0,0.0,12.0,12.0,12.0,1.0,0.0,0.0,0.0,False,True,False,False,False,Java
0080400,008040001,1.0,1.0,57.0,1.0,1.0,2.0,1.0,0.0,,9.0,12.0,2.0,0.0,0.0,0.0,False,True,False,False,False,Java
0080400,008040002,2.0,3.0,56.0,1.0,1.0,2.0,3.0,0.0,,9.0,12.0,2.0,0.0,0.0,0.0,False,False,True,False,False,Java
0080400,008040003,3.0,1.0,37.0,1.0,1.0,3.0,1.0,1.0,9.0,12.0,12.0,1.0,0.0,300000.0,12.611541086966117,True,True,False,True,False,Java
0080400,008040004,3.0,1.0,34.0,1.0,1.0,3.0,7.0,0.0,,9.0,14.0,2.0,0.0,0.0,0.0,False,True,False,False,False,Java
0080400,008040005,3.0,1.0,32.0,1.0,1.0,3.0,7.0,0.0,,7.0,14.0,2.0,0.0,0.0,0.0,False,True,False,False,False,Java
0080400,008040007,5.0,3.0,34.0,1.0,1.0,2.0,98.0,0.0,12.0,12.0,12.0,1.0,0.0,0.0,0.0,False,False,True,False,False,Java
0080431,008043102,2.0,3.0,35.0,1.0,1.0,3.0,7.0,0.0,,9.0,14.0,2.0,0.0,0.0,0.0,False,False,True,False,False,Java
0080431,008043103,3.0,3.0,15.0,1.0,1.0,5.0,1.0,0.0,9.0,9.0,14.0,2.0,0.0,0.0,0.0,False,False,True,False,False,Java
0080441,008044102,2.0,3.0,30.0,1.0,1.0,3.0,7.0,1.0,73.0,7.0,14.0,2.0,0.0,0.0,0.0,True,False,True,False,True,Java
0080451,008045103,3.0,3.0,17.0,1.0,1.0,2.0,7.0,1.0,9.0,12.0,12.0,1.0,0.0,0.0,0.0,True,False,True,False,True,Java
0080500,008050001,1.0,1.0,55.0,1.0,1.0,1.0,96.0,0.0,,9.0,12.0,2.0,0.0,0.0,0.0,False,True,False,False,False,Java
0080500,008050002,2.0,3.0,52.0,1.0,1.0,2.0,4.0,0.0,,9.0,12.0,2.0,0.0,0.0,0.0,False,False,True,False,False,Java
0080500,008050003,3.0,1.0,28.0,1.0,1.0,3.0,7.0,0.0,,9.0,12.0,2.0,0.0,0.0,0.0,False,True,False,False,False,Java
0080500,008050005,3.0,3.0,22.0,1.0,1.0,3.0,7.0,0.0,,75.0,12.0,1.0,0.0,0.0,0.0,False,False,True,False,False,Java
0080500,008050007,3.0,1.0,17.0,1.0,1.0,3.0,7.0,0.0,9.0,9.0,12.0,2.0,0.0,0.0,0.0,False,True,False,False,False,Java
0080551,008055101,1.0,1.0,33.0,1.0,4.0,3.0,2.0,0.0,75.0,75.0,12.0,1.0,0.0,0.0,0.0,False,True,False,False,False,Batak
0080600,008060002,1.0,3.0,78.0,1.0,1.0,98.0,98.0,0.0,,9.0,12.0,2.0,0.0,0.0,0.0,False,False,True,False,False,Java
0080600,008060003,10.0,1.0,35.0,1.0,1.0,2.0,4.0,0.0,,9.0,12.0,2.0,0.0,0.0,0.0,False,True,False,False,False,Java
0080700,008070001,1.0,1.0,62.0,1.0,1.0,2.0,2.0,0.0,,6.0,14.0,2.0,150000.0,0.0,0.0,False,True,False,False,False,Java
0080700,008070002,2.0,3.0,58.0,1.0,1.0,2.0,1.0,0.0,,6.0,14.0,2.0,0.0,1000000.0,13.815511557963774,False,False,True,False,False,Java
0080700,008070004,3.0,1.0,33.0,1.0,1.0,2.0,7.0,0.0,,6.0,14.0,2.0,100000.0,0.0,0.0,False,True,False,False,False,Java
0080700,008070005,3.0,3.0,30.0,1.0,1.0,3.0,2.0,0.0,,6.0,14.0,2.0,550000.0,0.0,0.0,False,False,True,False,False,Java
0080741,008074102,2.0,3.0,26.0,1.0,1.0,3.0,2.0,0.0,,6.0,14.0,2.0,0.0,0.0,0.0,False,False,True,False,False,Java
0080742,008074201,1.0,1.0,49.0,1.0,1.0,5.0,7.0,0.0,,6.0,14.0,2.0,0.0,0.0,0.0,False,True,False,False,False,Java
0080800,008080001,1.0,1.0,58.0,1.0,1.0,2.0,4.0,0.0,,9.0,12.0,2.0,0.0,0.0,0.0,False,True,False,False,False,Java
0080800,008080002,2.0,3.0,52.0,1.0,1.0,2.0,4.0,0.0,,9.0,12.0,2.0,1000000.0,0.0,0.0,False,False,True,False,False,Java
0080800,008080003,3.0,3.0,34.0,1.0,1.0,3.0,7.0,0.0,,9.0,12.0,2.0,0.0,0.0,0.0,False,False,True,False,False,Java
0080800,008080004,3.0,3.0,32.0,1.0,1.0,3.0,7.0,0.0,,8.0,14.0,1.0,0.0,0.0,0.0,False,False,True,False,False,Java
0080800,008080005,3.0,1.0,29.0,1.0,1.0,5.0,7.0,0.0,,8.0,12.0,1.0,0.0,0.0,0.0,False,True,False,False,False,Java
0080800,008080006,3.0,1.0,23.0,1.0,1.0,5.0,0.0,0.0,,9.0,12.0,2.0,0.0,0.0,0.0,False,True,False,False,False,Java
0080800,008080007,5.0,3.0,17.0,1.0,4.0,5.0,0.0,1.0,18.0,9.0,12.0,2.0,0.0,0.0,0.0,True,False,True,False,True,Java
0080831,008083101,1.0,1.0,40.0,1.0,4.0,2.0,7.0,0.0,,9.0,12.0,2.0,0.0,0.0,0.0,False,True,False,False,False,Batak
0080841,008084101,1.0,1.0,33.0,1.0,1.0,6.0,7.0,0.0,,8.0,14.0,1.0,300000.0,500000.0,13.122365377402328,False,True,False,False,False,Java
0080851,008085102,2.0,3.0,21.0,1.0,1.0,14.0,2.0,0.0,8.0,8.0,12.0,1.0,0.0,0.0,0.0,False,False,True,False,False,Java
0080900,008090002,2.0,3.0,60.0,1.0,1.0,2.0,7.0,0.0,,9.0,14.0,1.0,0.0,0.0,0.0,False,False,True,False,False,Java
0080900,008090005,3.0,1.0,33.0,1.0,1.0,3.0,2.0,0.0,,7.0,14.0,2.0,0.0,0.0,0.0,False,True,False,False,False,Java
0080900,008090006,3.0,1.0,31.0,1.0,1.0,3.0,7.0,0.0,,9.0,14.0,2.0,0.0,0.0,0.0,False,True,False,False,False,Java
0080900,008090007,3.0,1.0,26.0,1.0,1.0,3.0,7.0,0.0,,7.0,14.0,2.0,0.0,0.0,0.0,False,True,False,False,False,Java
0080900,008090008,3.0,3.0,23.0,1.0,1.0,2.0,7.0,0.0,,9.0,14.0,1.0,0.0,0.0,0.0,False,False,True,False,False,Java
0080941,008094102,2.0,3.0,33.0,1.0,1.0,6.0,7.0,0.0,,7.0,14.0,2.0,0.0,1000000.0,13.815511557963774,False,False,True,False,False,Java
0080942,008094202,2.0,3.0,29.0,1.0,1.0,2.0,5.0,0.0,,9.0,14.0,2.0,0.0,500000.0,13.122365377402328,False,False,True,False,False,Java
0080951,008095102,2.0,3.0,22.0,1.0,1.0,6.0,0.0,1.0,9.0,7.0,14.0,2.0,0.0,0.0,0.0,True,False,True,False,True,Java
0080952,008095201,1.0,1.0,26.0,1.0,1.0,2.0,7.0,1.0,8.0,9.0,14.0,1.0,0.0,0.0,0.0,True,True,False,True,False,Java
0081000,008100001,1.0,1.0,65.0,1.0,1.0,3.0,7.0,0.0,,9.0,12.0,2.0,0.0,0.0,0.0,False,True,False,False,False,Java
0081000,008100002,2.0,3.0,58.0,1.0,1.0,4.0,7.0,0.0,,9.0,12.0,2.0,0.0,0.0,0.0,False,False,True,False,False,Java
0081000,008100003,3.0,3.0,38.0,1.0,1.0,6.0,7.0,0.0,,9.0,12.0,1.0,500000.0,0.0,0.0,False,False,True,False,False,Java
0081000,008100005,3.0,1.0,32.0,1.0,1.0,5.0,7.0,0.0,,9.0,12.0,2.0,0.0,0.0,0.0,False,True,False,False,False,Java
0081000,008100006,5.0,3.0,31.0,1.0,1.0,60.0,7.0,1.0,8.0,9.0,12.0,2.0,0.0,0.0,0.0,True,False,True,False,True,Java
0081041,008220004,14.0,3.0,27.0,1.0,1.0,6.0,7.0,0.0,,9.0,12.0,2.0,0.0,0.0,0.0,False,False,True,False,False,Java
0081100,008110001,1.0,1.0,55.0,1.0,1.0,2.0,4.0,0.0,,9.0,12.0,2.0,0.0,0.0,0.0,False,True,False,False,False,Java
0081100,008110002,2.0,3.0,52.0,1.0,4.0,2.0,1.0,0.0,,9.0,12.0,2.0,0.0,0.0,0.0,False,False,True,False,False,Java
0081100,008110003,3.0,1.0,29.0,1.0,1.0,5.0,7.0,0.0,9.0,9.0,12.0,2.0,0.0,0.0,0.0,False,True,False,False,False,Java
0081100,008110005,3.0,3.0,23.0,1.0,1.0,5.0,7.0,0.0,,9.0,12.0,2.0,0.0,0.0,0.0,False,False,True,False,False,Java
0081100,008110007,3.0,3.0,19.0,1.0,1.0,5.0,2.0,0.0,9.0,9.0,12.0,2.0,100000.0,0.0,0.0,False,False,True,False,False,Java
0081100,008110009,5.0,1.0,21.0,1.0,1.0,3.0,7.0,0.0,9.0,9.0,12.0,2.0,0.0,0.0,0.0,False,True,False,False,False,Java
0081151,008115102,2.0,3.0,23.0,1.0,1.0,3.0,7.0,0.0,9.0,9.0,12.0,2.0,0.0,0.0,0.0,False,False,True,False,False,Java
0081152,008115201,1.0,1.0,25.0,1.0,1.0,6.0,7.0,0.0,9.0,9.0,12.0,2.0,0.0,0.0,0.0,False,True,False,False,False,Java
0081200,008120001,1.0,1.0,57.0,1.0,1.0,2.0,1.0,0.0,,9.0,12.0,2.0,0.0,0.0,0.0,False,True,False,False,False,Java
0081200,008120002,2.0,3.0,54.0,1.0,1.0,2.0,1.0,0.0,,9.0,12.0,2.0,0.0,0.0,0.0,False,False,True,False,False,Java
0081200,008120004,3.0,1.0,26.0,1.0,1.0,3.0,7.0,0.0,,71.0,14.0,1.0,0.0,300000.0,12.611541086966117,False,True,False,False,False,Java
0081200,008120005,3.0,3.0,23.0,1.0,1.0,3.0,7.0,1.0,9.0,21.0,12.0,2.0,0.0,0.0,0.0,True,False,True,False,True,Java
0081200,008120006,3.0,3.0,22.0,1.0,1.0,3.0,7.0,0.0,,9.0,12.0,2.0,0.0,0.0,0.0,False,False,True,False,False,Java
0081251,008125102,2.0,3.0,27.0,1.0,4.0,5.0,1.0,1.0,10.0,71.0,14.0,1.0,50000.0,0.0,0.0,True,False,True,False,True,Java
0081252,008125201,1.0,1.0,28.0,1.0,1.0,6.0,7.0,1.0,9.0,21.0,12.0,2.0,0.0,0.0,0.0,True,True,False,True,False,Java
0081253,008125301,1.0,1.0,25.0,1.0,1.0,3.0,7.0,0.0,9.0,9.0,12.0,2.0,0.0,0.0,0.0,False,True,False,False,False,Java
0081300,008130001,1.0,1.0,49.0,1.0,1.0,2.0,3.0,0.0,,9.0,12.0,2.0,10000.0,50000.0,10.819798284210286,False,True,False,False,False,Java
0081300,008130002,2.0,3.0,49.0,1.0,1.0,2.0,3.0,0.0,,9.0,12.0,2.0,0.0,0.0,0.0,False,False,True,False,False,Java
0081300,008130004,3.0,3.0,25.0,1.0,1.0,2.0,7.0,0.0,,9.0,12.0,2.0,0.0,0.0,0.0,False,False,True,False,False,Java
0081300,008130005,3.0,3.0,17.0,1.0,1.0,3.0,7.0,0.0,9.0,9.0,12.0,2.0,0.0,1100000.0,13.910821646859096,False,False,True,False,False,Java
0081300,008130006,5.0,1.0,28.0,1.0,1.0,5.0,7.0,1.0,75.0,9.0,12.0,2.0,0.0,0.0,0.0,True,True,False,True,False,Java
0081400,008140001,1.0,1.0,62.0,1.0,1.0,2.0,5.0,0.0,,3.0,14.0,2.0,0.0,0.0,0.0,False,True,False,False,False,Java
0081400,008140002,2.0,3.0,51.0,1.0,1.0,2.0,1.0,0.0,,3.0,14.0,2.0,1000000.0,0.0,0.0,False,False,True,False,False,Java
0081400,008140003,3.0,1.0,38.0,1.0,1.0,3.0,2.0,0.0,,3.0,14.0,2.0,1000000.0,0.0,0.0,False,True,False,False,False,Java
0081400,008140005,3.0,3.0,32.0,1.0,1.0,5.0,7.0,0.0,,9.0,12.0,2.0,0.0,0.0,0.0,False,False,True,False,False,Java
0081400,008140006,3.0,1.0,25.0,1.0,1.0,3.0,7.0,1.0,9.0,3.0,14.0,2.0,0.0,0.0,0.0,True,True,False,True,False,Java
0081441,008144102,2.0,3.0,29.0,1.0,1.0,6.0,7.0,0.0,,3.0,14.0,2.0,0.0,0.0,0.0,False,False,True,False,False,Java
0081442,008144201,1.0,1.0,34.0,1.0,1.0,3.0,7.0,0.0,,9.0,12.0,2.0,50000.0,0.0,0.0,False,True,False,False,False,Java
0081451,008145102,2.0,3.0,22.0,1.0,1.0,5.0,7.0,0.0,3.0,3.0,14.0,2.0,100000.0,0.0,0.0,False,False,True,False,False,Java
0081500,008150002,1.0,3.0,54.0,1.0,1.0,2.0,2.0,0.0,,9.0,12.0,2.0,0.0,0.0,0.0,False,False,True,False,False,Java
0081500,008150003,3.0,3.0,38.0,1.0,1.0,3.0,2.0,0.0,,9.0,12.0,2.0,0.0,0.0,0.0,False,False,True,False,False,Java
0081500,008150004,3.0,3.0,34.0,1.0,1.0,2.0,7.0,0.0,,9.0,12.0,2.0,0.0,0.0,0.0,False,False,True,False,False,Java
0081500,008150005,3.0,3.0,28.0,1.0,1.0,5.0,7.0,0.0,,9.0,12.0,2.0,50000.0,0.0,0.0,False,False,True,False,False,Java
0081500,008150006,3.0,1.0,24.0,1.0,1.0,5.0,7.0,0.0,,9.0,12.0,2.0,500000.0,0.0,0.0,False,True,False,False,False,Java
0081500,008150007,3.0,3.0,23.0,1.0,1.0,3.0,7.0,0.0,,9.0,12.0,2.0,0.0,0.0,0.0,False,False,True,False,False,Java
0081500,008150008,3.0,3.0,23.0,1.0,1.0,3.0,2.0,0.0,9.0,9.0,12.0,2.0,0.0,0.0,0.0,False,False,True,False,False,Java
0081531,008153101,1.0,1.0,43.0,1.0,1.0,3.0,2.0,0.0,,9.0,12.0,2.0,50000.0,0.0,0.0,False,True,False,False,False,Java
0081541,008153201,1.0,1.0,37.0,1.0,1.0,2.0,7.0,0.0,,9.0,12.0,2.0,0.0,0.0,0.0,False,True,False,False,False,Java
0081551,008155101,1.0,1.0,32.0,1.0,1.0,3.0,7.0,0.0,9.0,9.0,12.0,2.0,0.0,0.0,0.0,False,True,False,False,False,Java
0081552,008155201,1.0,1.0,29.0,1.0,1.0,3.0,7.0,0.0,9.0,9.0,12.0,2.0,0.0,0.0,0.0,False,True,False,False,False,Java
0081600,008160002,1.0,1.0,46.0,1.0,1.0,2.0,7.0,0.0,,9.0,12.0,2.0,50000.0,0.0,0.0,False,True,False,False,False,Java
0081600,008160004,2.0,3.0,42.0,1.0,1.0,3.0,7.0,0.0,,9.0,12.0,2.0,0.0,100000.0,11.51293546492023,False,False,True,False,False,Java
0081600,008160005,3.0,1.0,19.0,1.0,1.0,3.0,7.0,0.0,9.0,9.0,12.0,2.0,0.0,0.0,0.0,False,True,False,False,False,Java
0081600,008160006,3.0,1.0,17.0,1.0,1.0,74.0,1.0,0.0,9.0,9.0,12.0,2.0,0.0,0.0,0.0,False,True,False,False,False,Java
0081700,008170001,1.0,1.0,87.0,1.0,1.0,2.0,98.0,0.0,9.0,9.0,12.0,2.0,0.0,0.0,0.0,False,True,False,False,False,Java
0081700,008170002,2.0,3.0,79.0,1.0,1.0,1.0,96.0,0.0,,9.0,12.0,2.0,0.0,1000000.0,13.815511557963774,False,False,True,False,False,Java
0081700,008170003,3.0,3.0,38.0,1.0,1.0,2.0,7.0,0.0,,2.0,14.0,2.0,500000.0,0.0,0.0,False,False,True,False,False,Java
0081700,008170004,3.0,1.0,32.0,1.0,1.0,2.0,7.0,0.0,,9.0,12.0,2.0,0.0,0.0,0.0,False,True,False,False,False,Java
0081700,008170005,5.0,1.0,43.0,1.0,1.0,5.0,7.0,0.0,,2.0,14.0,2.0,300000.0,0.0,0.0,False,True,False,False,False,Java
0081700,008170006,5.0,3.0,33.0,1.0,1.0,3.0,7.0,0.0,,9.0,12.0,2.0,0.0,0.0,0.0,False,False,True,False,False,Java
0081731,008173103,3.0,3.0,17.0,1.0,1.0,6.0,2.0,1.0,9.0,2.0,14.0,2.0,0.0,100000.0,11.51293546492023,True,False,True,False,True,Java
0081900,008190001,1.0,3.0,86.0,1.0,1.0,1.0,96.0,0.0,9.0,9.0,12.0,2.0,0.0,0.0,0.0,False,False,True,False,False,Java
0081900,008190003,3.0,3.0,40.0,1.0,1.0,2.0,7.0,0.0,,9.0,12.0,2.0,0.0,0.0,0.0,False,False,True,False,False,Java
0081900,008190004,5.0,1.0,46.0,1.0,4.0,2.0,7.0,0.0,,9.0,12.0,2.0,0.0,0.0,0.0,False,True,False,False,False,Java
0081900,008190005,10.0,1.0,22.0,1.0,4.0,3.0,7.0,0.0,,9.0,12.0,2.0,10000.0,0.0,0.0,False,True,False,False,False,Java
0081900,008190006,10.0,1.0,20.0,1.0,4.0,74.0,7.0,0.0,9.0,9.0,12.0,2.0,500000.0,200000.0,12.206077645517674,False,True,False,False,False,Java
0082000,008200001,21.0,1.0,64.0,1.0,1.0,2.0,2.0,0.0,,9.0,14.0,2.0,0.0,0.0,0.0,False,True,False,False,False,Java
0082000,008200002,2.0,3.0,53.0,1.0,1.0,2.0,2.0,0.0,,9.0,14.0,2.0,0.0,0.0,0.0,False,False,True,False,False,Java
0082000,008200003,3.0,3.0,27.0,1.0,1.0,3.0,3.0,0.0,,9.0,14.0,2.0,0.0,0.0,0.0,False,False,True,False,False,Java
0082000,008200004,3.0,1.0,22.0,1.0,1.0,62.0,1.0,1.0,73.0,9.0,14.0,2.0,0.0,0.0,0.0,True,True,False,True,False,Java
0082000,008200005,3.0,3.0,19.0,1.0,1.0,3.0,2.0,0.0,9.0,9.0,14.0,2.0,500000.0,0.0,0.0,False,False,True,False,False,Java
0082000,008200007,1.0,1.0,57.0,1.0,4.0,2.0,6.0,1.0,3.0,9.0,14.0,2.0,0.0,0.0,0.0,True,True,False,True,False,Java
0082041,008204101,1.0,1.0,33.0,1.0,1.0,3.0,2.0,0.0,,9.0,14.0,2.0,0.0,0.0,0.0,False,True,False,False,False,Java
0082052,008205202,1.0,1.0,49.0,1.0,1.0,73.0,7.0,1.0,98.0,9.0,14.0,2.0,0.0,0.0,0.0,True,True,False,True,False,Java
0082100,008210004,2.0,3.0,28.0,1.0,1.0,3.0,7.0,0.0,9.0,9.0,12.0,2.0,0.0,0.0,0.0,False,False,True,False,False,Java
0082100,008210010,1.0,1.0,30.0,1.0,1.0,6.0,7.0,0.0,9.0,9.0,12.0,2.0,0.0,0.0,0.0,False,True,False,False,False,Java
0082200,008220001,2.0,1.0,49.0,1.0,1.0,3.0,7.0,0.0,,74.0,12.0,1.0,0.0,0.0,0.0,False,True,False,False,False,Java
0082200,008220002,1.0,3.0,48.0,1.0,1.0,3.0,7.0,0.0,,9.0,12.0,2.0,1000000.0,0.0,0.0,False,False,True,False,False,Java
0082200,008220003,3.0,1.0,29.0,1.0,1.0,5.0,7.0,0.0,,9.0,12.0,2.0,0.0,20000.0,9.90353755128617,False,True,False,False,False,Java
0082200,008220006,5.0,3.0,21.0,1.0,1.0,5.0,7.0,0.0,9.0,9.0,12.0,2.0,0.0,0.0,0.0,False,False,True,False,False,Java
0082252,008225201,1.0,1.0,29.0,1.0,1.0,6.0,7.0,0.0,9.0,9.0,12.0,2.0,250000.0,0.0,0.0,False,True,False,False,False,Java
0082341,008230003,1.0,1.0,37.0,1.0,1.0,2.0,7.0,0.0,,9.0,12.0,2.0,50000.0,0.0,0.0,False,True,False,False,False,Java
0082341,008234102,2.0,3.0,39.0,1.0,4.0,5.0,7.0,0.0,,9.0,12.0,2.0,2000000.0,0.0,0.0,False,False,True,False,False,Java
0082341,008230001,6.0,1.0,72.0,1.0,1.0,2.0,7.0,0.0,,9.0,12.0,2.0,50000.0,150000.0,11.918397239722838,False,True,False,False,False,Java
0082400,008240001,1.0,1.0,72.0,1.0,1.0,2.0,7.0,0.0,,9.0,12.0,2.0,400000.0,500000.0,13.122365377402328,False,True,False,False,False,Java
0082400,008240002,2.0,3.0,64.0,1.0,1.0,2.0,3.0,0.0,,9.0,12.0,2.0,0.0,100000.0,11.51293546492023,False,False,True,False,False,Java
0082400,008240004,3.0,3.0,38.0,1.0,1.0,2.0,7.0,0.0,,8.0,12.0,1.0,200000.0,0.0,0.0,False,False,True,False,False,Java
0082400,008240005,3.0,1.0,37.0,1.0,1.0,2.0,7.0,0.0,,9.0,12.0,2.0,50000.0,0.0,0.0,False,True,False,False,False,Java
0082400,008240006,3.0,3.0,30.0,1.0,1.0,6.0,7.0,0.0,,9.0,12.0,2.0,0.0,0.0,0.0,False,False,True,False,False,Java
0082400,008240007,5.0,3.0,35.0,1.0,1.0,5.0,7.0,0.0,,9.0,12.0,2.0,0.0,0.0,0.0,False,False,True,False,False,Java
0082431,008243101,1.0,1.0,39.0,1.0,1.0,12.0,7.0,0.0,,8.0,12.0,1.0,200000.0,0.0,0.0,False,True,False,False,False,Java
0082441,008244101,1.0,1.0,34.0,1.0,1.0,5.0,7.0,0.0,,9.0,12.0,2.0,0.0,0.0,0.0,False,True,False,False,False,Java
0082500,008250001,7.0,3.0,69.0,1.0,1.0,2.0,2.0,0.0,,9.0,12.0,2.0,0.0,0.0,0.0,False,False,True,False,False,Java
0082500,008250002,2.0,3.0,42.0,1.0,1.0,2.0,7.0,0.0,,9.0,12.0,2.0,0.0,0.0,0.0,False,False,True,False,False,Java
0082500,008250003,1.0,1.0,43.0,1.0,1.0,2.0,7.0,0.0,,9.0,12.0,2.0,0.0,0.0,0.0,False,True,False,False,False,Java
0082500,008250005,3.0,3.0,16.0,1.0,1.0,5.0,0.0,0.0,9.0,9.0,12.0,2.0,0.0,250000.0,12.429220196836384,False,False,True,False,False,Java
0082541,008254101,1.0,1.0,43.0,1.0,1.0,3.0,7.0,1.0,9.0,75.0,12.0,1.0,0.0,0.0,0.0,True,True,False,True,False,Java
0082600,008260002,1.0,3.0,76.0,1.0,1.0,1.0,96.0,0.0,,9.0,12.0,2.0,0.0,50000.0,10.819798284210286,False,False,True,False,False,Java
0082600,008260003,3.0,1.0,46.0,1.0,1.0,2.0,7.0,0.0,9.0,9.0,12.0,2.0,0.0,0.0,0.0,False,True,False,False,False,Java
0082600,008260005,3.0,3.0,33.0,1.0,1.0,2.0,7.0,1.0,9.0,8.0,12.0,2.0,50000.0,0.0,0.0,True,False,True,False,True,Java
0082600,008260008,10.0,3.0,15.0,1.0,1.0,3.0,2.0,0.0,9.0,9.0,12.0,2.0,0.0,0.0,0.0,False,False,True,False,False,Java
0082651,008265101,1.0,1.0,38.0,1.0,1.0,2.0,7.0,0.0,8.0,8.0,12.0,2.0,0.0,0.0,0.0,False,True,False,False,False,Java
0082700,008270001,1.0,1.0,64.0,1.0,1.0,2.0,3.0,0.0,,9.0,12.0,2.0,0.0,0.0,0.0,False,True,False,False,False,Java
0082700,008270002,2.0,3.0,56.0,1.0,4.0,2.0,1.0,0.0,,9.0,12.0,2.0,0.0,0.0,0.0,False,False,True,False,False,Java
0082700,008270004,3.0,3.0,32.0,1.0,1.0,3.0,7.0,0.0,,12.0,12.0,1.0,0.0,0.0,0.0,False,False,True,False,False,Java
0082700,008270005,3.0,3.0,30.0,1.0,1.0,3.0,7.0,1.0,9.0,8.0,12.0,2.0,0.0,0.0,0.0,True,False,True,False,True,Java
0082700,008270006,3.0,1.0,28.0,1.0,1.0,3.0,7.0,0.0,,9.0,12.0,2.0,300000.0,0.0,0.0,False,True,False,False,False,Java
0082700,008270007,3.0,3.0,25.0,1.0,1.0,3.0,7.0,0.0,,71.0,14.0,1.0,300000.0,0.0,0.0,False,False,True,False,False,Java
0082700,008270008,3.0,3.0,23.0,1.0,1.0,5.0,7.0,0.0,,75.0,12.0,1.0,0.0,0.0,0.0,False,False,True,False,False,Java
0082700,008270010,3.0,3.0,19.0,1.0,1.0,5.0,7.0,0.0,9.0,9.0,12.0,2.0,200000.0,0.0,0.0,False,False,True,False,False,Java
0082731,008273106,1.0,1.0,26.0,1.0,1.0,73.0,7.0,0.0,12.0,12.0,12.0,1.0,0.0,0.0,0.0,False,True,False,False,False,Java
0082741,008274104,3.0,3.0,26.0,1.0,1.0,5.0,7.0,0.0,,9.0,12.0,2.0,0.0,0.0,0.0,False,False,True,False,False,Java
0082742,008274206,1.0,1.0,26.0,1.0,1.0,3.0,7.0,0.0,71.0,71.0,14.0,1.0,700000.0,0.0,0.0,False,True,False,False,False,Java
0082751,008275101,1.0,1.0,29.0,1.0,4.0,3.0,7.0,1.0,72.0,8.0,12.0,2.0,0.0,0.0,0.0,True,True,False,True,False,Batak
0082752,008275202,1.0,1.0,28.0,1.0,4.0,5.0,7.0,0.0,75.0,75.0,12.0,1.0,0.0,0.0,0.0,False,True,False,False,False,Batak
0082800,008280001,1.0,1.0,50.0,1.0,1.0,2.0,98.0,0.0,,9.0,12.0,2.0,0.0,0.0,0.0,False,True,False,False,False,Java
0082800,008280002,2.0,3.0,44.0,1.0,1.0,2.0,7.0,0.0,,9.0,12.0,2.0,0.0,4800000.0,15.38412668421143,False,False,True,False,False,Java
0082800,008280003,3.0,3.0,23.0,1.0,1.0,3.0,2.0,1.0,9.0,19.0,12.0,1.0,0.0,0.0,0.0,True,False,True,False,True,Java
0082800,008280004,3.0,1.0,21.0,1.0,1.0,5.0,0.0,0.0,9.0,9.0,12.0,2.0,0.0,0.0,0.0,False,True,False,False,False,Java
0082800,008280007,3.0,3.0,19.0,1.0,1.0,5.0,2.0,0.0,9.0,9.0,12.0,2.0,0.0,0.0,0.0,False,False,True,False,False,Java
0082852,008285203,3.0,1.0,26.0,1.0,1.0,5.0,7.0,0.0,9.0,9.0,12.0,2.0,0.0,0.0,0.0,False,True,False,False,False,Java
0082900,008290001,1.0,1.0,64.0,1.0,1.0,4.0,2.0,0.0,,9.0,12.0,2.0,30000.0,0.0,0.0,False,True,False,False,False,Java
0082900,008290002,2.0,3.0,60.0,1.0,2.0,4.0,2.0,0.0,,9.0,12.0,2.0,1000000.0,0.0,0.0,False,False,True,False,False,Java
0082900,008290003,3.0,1.0,40.0,1.0,1.0,73.0,7.0,0.0,9.0,9.0,12.0,2.0,0.0,0.0,0.0,False,True,False,False,False,Java
0082900,008290004,3.0,3.0,39.0,1.0,1.0,73.0,7.0,0.0,,9.0,12.0,2.0,100000.0,100000.0,11.51293546492023,False,False,True,False,False,Java
0082900,008290005,3.0,3.0,35.0,1.0,1.0,2.0,7.0,0.0,,9.0,12.0,2.0,0.0,0.0,0.0,False,False,True,False,False,Java
0082900,008290006,3.0,1.0,33.0,1.0,1.0,5.0,7.0,0.0,,75.0,12.0,1.0,0.0,0.0,0.0,False,True,False,False,False,Java
0082900,008290008,3.0,3.0,26.0,1.0,1.0,5.0,7.0,0.0,,75.0,12.0,1.0,0.0,0.0,0.0,False,False,True,False,False,Java
0082900,008290009,3.0,1.0,24.0,1.0,1.0,73.0,7.0,0.0,,9.0,12.0,2.0,0.0,0.0,0.0,False,True,False,False,False,Java
0082900,008290010,3.0,3.0,17.0,1.0,1.0,5.0,1.0,0.0,9.0,9.0,12.0,2.0,0.0,30000.0,10.308985993422082,False,False,True,False,False,Java
0082931,008293101,1.0,1.0,47.0,1.0,1.0,61.0,1.0,0.0,,9.0,12.0,2.0,0.0,0.0,0.0,False,True,False,False,False,Java
0082931,008293103,3.0,3.0,20.0,1.0,1.0,61.0,2.0,0.0,9.0,9.0,12.0,2.0,0.0,0.0,0.0,False,False,True,False,False,Java
0082931,008293104,3.0,3.0,15.0,1.0,1.0,74.0,0.0,0.0,9.0,9.0,12.0,2.0,0.0,100000.0,11.51293546492023,False,False,True,False,False,Java
0082941,008294101,1.0,1.0,43.0,1.0,1.0,73.0,7.0,0.0,,9.0,12.0,2.0,0.0,0.0,0.0,False,True,False,False,False,Java
0082942,008294202,2.0,3.0,35.0,1.0,9.0,5.0,0.0,0.0,,75.0,12.0,1.0,1500000.0,0.0,0.0,False,False,True,False,False,Java
0082951,008295102,2.0,3.0,41.0,1.0,1.0,3.0,0.0,1.0,23.0,9.0,12.0,2.0,0.0,0.0,0.0,True,False,True,False,True,Java
0082951,008295103,3.0,1.0,17.0,1.0,1.0,6.0,1.0,1.0,23.0,9.0,12.0,2.0,50000.0,0.0,0.0,True,True,False,True,False,Java
0083000,008300001,1.0,1.0,62.0,1.0,1.0,2.0,3.0,0.0,,9.0,12.0,2.0,0.0,0.0,0.0,False,True,False,False,False,Java
0083000,008300003,3.0,3.0,38.0,1.0,1.0,5.0,7.0,0.0,,9.0,12.0,1.0,700000.0,0.0,0.0,False,False,True,False,False,Java
0083000,008300004,3.0,1.0,35.0,1.0,1.0,6.0,7.0,0.0,,9.0,12.0,2.0,500000.0,0.0,0.0,False,True,False,False,False,Java
0083000,008300005,3.0,1.0,34.0,1.0,1.0,5.0,7.0,0.0,,9.0,12.0,2.0,200000.0,500000.0,13.122365377402328,False,True,False,False,False,Java
0083000,008300006,2.0,3.0,51.0,1.0,1.0,2.0,2.0,0.0,,9.0,12.0,2.0,100000.0,0.0,0.0,False,False,True,False,False,Java
0083031,008303101,1.0,1.0,43.0,1.0,1.0,5.0,7.0,0.0,,9.0,12.0,1.0,0.0,0.0,0.0,False,True,False,False,False,Java
0083041,008304104,3.0,3.0,28.0,1.0,1.0,2.0,7.0,0.0,,9.0,12.0,2.0,0.0,0.0,0.0,False,False,True,False,False,Java
0083042,008304202,2.0,3.0,28.0,1.0,1.0,3.0,7.0,0.0,,9.0,12.0,2.0,0.0,300000.0,12.611541086966117,False,False,True,False,False,Java
0090100,009010001,1.0,1.0,66.0,2.0,4.0,2.0,7.0,0.0,,10.0,12.0,2.0,0.0,0.0,0.0,False,True,False,False,False,Batak
0090100,009010002,2.0,3.0,63.0,2.0,4.0,2.0,5.0,0.0,,10.0,12.0,2.0,0.0,0.0,0.0,False,False,True,False,False,Batak
0090144,009014402,1.0,1.0,25.0,2.0,4.0,5.0,7.0,0.0,,5.0,14.0,2.0,,,,False,True,False,False,False,Batak
0090200,009020003,8.0,1.0,42.0,2.0,4.0,98.0,98.0,0.0,,10.0,12.0,2.0,0.0,0.0,0.0,False,True,False,False,False,Batak
0090200,009020004,8.0,3.0,39.0,3.0,4.0,3.0,7.0,0.0,,10.0,12.0,1.0,0.0,0.0,0.0,False,False,True,False,False,Batak
0090200,009020006,1.0,1.0,30.0,2.0,4.0,2.0,5.0,0.0,,10.0,12.0,2.0,0.0,0.0,0.0,False,True,False,False,False,Batak
0090200,009020008,2.0,3.0,28.0,2.0,4.0,5.0,7.0,1.0,23.0,10.0,12.0,2.0,0.0,0.0,0.0,True,False,True,False,True,Batak
0090241,009024102,2.0,3.0,36.0,2.0,4.0,2.0,7.0,0.0,,10.0,12.0,2.0,0.0,0.0,0.0,False,False,True,False,False,Batak
0090241,009024103,3.0,1.0,16.0,2.0,4.0,6.0,1.0,0.0,10.0,10.0,12.0,2.0,0.0,0.0,0.0,False,True,False,False,False,Batak
0090251,009025101,1.0,1.0,45.0,3.0,4.0,5.0,7.0,1.0,12.0,10.0,12.0,1.0,0.0,0.0,0.0,True,True,False,True,False,Batak
0090331,009030002,1.0,1.0,44.0,2.0,4.0,5.0,7.0,0.0,,10.0,12.0,2.0,0.0,0.0,0.0,False,True,False,False,False,Batak
0090331,009033102,2.0,3.0,44.0,2.0,4.0,2.0,7.0,0.0,,10.0,12.0,2.0,500000.0,0.0,0.0,False,False,True,False,False,Batak
0090331,009033103,3.0,1.0,19.0,2.0,4.0,60.0,2.0,1.0,10.0,75.0,12.0,1.0,0.0,0.0,0.0,True,True,False,True,False,Batak
0090331,009033104,3.0,1.0,18.0,2.0,4.0,6.0,7.0,0.0,10.0,10.0,12.0,2.0,0.0,0.0,0.0,False,True,False,False,False,Batak
0090331,009033105,3.0,3.0,16.0,2.0,4.0,5.0,1.0,0.0,10.0,10.0,12.0,2.0,0.0,0.0,0.0,False,False,True,False,False,Batak
0090400,009040002,1.0,3.0,61.0,2.0,4.0,3.0,7.0,0.0,,10.0,12.0,2.0,0.0,0.0,0.0,False,False,True,False,False,Batak
0090400,009040003,3.0,1.0,29.0,2.0,4.0,3.0,0.0,0.0,,10.0,12.0,2.0,0.0,0.0,0.0,False,True,False,False,False,Batak
0090400,009040004,3.0,1.0,27.0,2.0,4.0,2.0,7.0,0.0,,10.0,12.0,2.0,0.0,0.0,0.0,False,True,False,False,False,Batak
0090500,009050001,1.0,1.0,80.0,2.0,4.0,2.0,1.0,0.0,,10.0,12.0,2.0,0.0,0.0,0.0,False,True,False,False,False,Batak
0090500,009050002,2.0,3.0,76.0,2.0,4.0,2.0,1.0,0.0,,10.0,12.0,2.0,0.0,0.0,0.0,False,False,True,False,False,Batak
0090500,009050003,3.0,3.0,41.0,3.0,4.0,2.0,5.0,0.0,,11.0,12.0,2.0,0.0,0.0,0.0,False,False,True,False,False,Batak
0090500,009050004,3.0,3.0,38.0,2.0,4.0,3.0,7.0,0.0,,10.0,12.0,1.0,0.0,0.0,0.0,False,False,True,False,False,Batak
0090500,009050005,3.0,3.0,35.0,2.0,4.0,2.0,5.0,0.0,,10.0,12.0,2.0,0.0,0.0,0.0,False,False,True,False,False,Batak
0090500,009050006,3.0,1.0,32.0,2.0,4.0,3.0,2.0,0.0,,10.0,12.0,2.0,0.0,0.0,0.0,False,True,False,False,False,Batak
0090500,009050007,3.0,3.0,27.0,2.0,4.0,5.0,7.0,1.0,9.0,10.0,12.0,1.0,0.0,0.0,0.0,True,False,True,False,True,Batak
0090500,009050008,5.0,3.0,29.0,2.0,4.0,5.0,7.0,0.0,,10.0,12.0,2.0,0.0,0.0,0.0,False,False,True,False,False,Batak
0090531,009053101,1.0,1.0,39.0,2.0,4.0,3.0,7.0,0.0,,10.0,12.0,2.0,0.0,0.0,0.0,False,True,False,False,False,Batak
0090531,009053103,3.0,1.0,15.0,2.0,4.0,6.0,0.0,1.0,11.0,10.0,12.0,2.0,0.0,100000.0,11.51293546492023,True,True,False,True,False,Batak
0090541,009054101,1.0,1.0,39.0,3.0,4.0,2.0,7.0,0.0,,11.0,12.0,2.0,0.0,7000000.0,15.76142084987672,False,True,False,False,False,Batak
0090541,009054103,3.0,3.0,17.0,3.0,4.0,5.0,1.0,1.0,11.0,9.0,12.0,2.0,0.0,0.0,0.0,True,False,True,False,True,Batak
0090542,009054201,1.0,1.0,38.0,2.0,4.0,6.0,7.0,0.0,,10.0,12.0,1.0,0.0,0.0,0.0,False,True,False,False,False,Batak
0090552,009055201,1.0,1.0,34.0,2.0,4.0,3.0,7.0,0.0,10.0,10.0,12.0,1.0,0.0,0.0,0.0,False,True,False,False,False,Batak
0090600,009060001,1.0,3.0,55.0,3.0,4.0,2.0,5.0,0.0,,5.0,14.0,2.0,0.0,0.0,0.0,False,False,True,False,False,Batak
0090600,009060002,3.0,3.0,32.0,3.0,4.0,2.0,7.0,0.0,,5.0,14.0,2.0,0.0,0.0,0.0,False,False,True,False,False,Batak
0090600,009060008,3.0,1.0,19.0,3.0,4.0,5.0,0.0,0.0,5.0,5.0,14.0,2.0,200000.0,0.0,0.0,False,True,False,False,False,Batak
0090641,009064101,1.0,1.0,43.0,3.0,4.0,5.0,7.0,0.0,,5.0,14.0,2.0,1000000.0,0.0,0.0,False,True,False,False,False,Batak
0090700,009070001,1.0,1.0,59.0,1.0,1.0,2.0,7.0,0.0,,10.0,12.0,2.0,0.0,0.0,0.0,False,True,False,False,False,Java
0090700,009070002,2.0,3.0,52.0,1.0,4.0,2.0,7.0,0.0,,10.0,12.0,2.0,500000.0,1000000.0,13.815511557963774,False,False,True,False,False,Java
0090700,009070003,3.0,1.0,33.0,1.0,1.0,74.0,1.0,1.0,10.0,13.0,12.0,2.0,0.0,0.0,0.0,True,True,False,True,False,Java
0090700,009070004,3.0,3.0,30.0,1.0,1.0,74.0,7.0,1.0,10.0,75.0,32.0,1.0,0.0,0.0,0.0,True,False,True,False,True,Java
0090700,009070007,3.0,1.0,24.0,1.0,1.0,74.0,7.0,0.0,,10.0,12.0,2.0,0.0,0.0,0.0,False,True,False,False,False,Java
0090700,009070010,9.0,1.0,38.0,1.0,4.0,5.0,7.0,0.0,,21.0,12.0,2.0,0.0,0.0,0.0,False,True,False,False,False,Java
0090700,009070011,3.0,3.0,19.0,1.0,1.0,6.0,7.0,1.0,10.0,75.0,31.0,1.0,0.0,0.0,0.0,True,False,True,False,True,Java
0090700,009070013,5.0,3.0,23.0,1.0,4.0,5.0,7.0,0.0,10.0,10.0,12.0,2.0,0.0,0.0,0.0,False,False,True,False,False,Java
0090741,009074102,3.0,3.0,26.0,1.0,1.0,5.0,7.0,0.0,,13.0,12.0,2.0,300000.0,0.0,0.0,False,False,True,False,False,Java
0090743,009074304,4.0,3.0,22.0,1.0,4.0,60.0,7.0,1.0,22.0,21.0,12.0,2.0,300000.0,0.0,0.0,True,False,True,False,True,Batak
0090751,009075101,1.0,1.0,37.0,1.0,4.0,6.0,7.0,1.0,21.0,75.0,32.0,1.0,0.0,0.0,0.0,True,True,False,True,False,Batak
0090800,009080002,2.0,3.0,55.0,2.0,4.0,2.0,7.0,1.0,10.0,5.0,12.0,2.0,0.0,0.0,0.0,True,False,True,False,True,Batak
0090800,009080006,3.0,3.0,26.0,2.0,4.0,5.0,7.0,0.0,,5.0,12.0,1.0,0.0,0.0,0.0,False,False,True,False,False,Batak
0090800,009080007,3.0,3.0,23.0,2.0,4.0,60.0,7.0,0.0,,5.0,12.0,2.0,0.0,0.0,0.0,False,False,True,False,False,Batak
0090800,009080009,3.0,1.0,17.0,2.0,4.0,6.0,1.0,0.0,5.0,5.0,12.0,2.0,0.0,0.0,0.0,False,True,False,False,False,Batak
0090842,009084203,1.0,1.0,27.0,2.0,4.0,5.0,0.0,0.0,5.0,5.0,12.0,1.0,0.0,0.0,0.0,False,True,False,False,False,Batak
0090900,009090001,1.0,1.0,52.0,3.0,4.0,3.0,7.0,0.0,,5.0,14.0,2.0,0.0,0.0,0.0,False,True,False,False,False,Batak
0090900,009090002,2.0,3.0,52.0,3.0,4.0,3.0,7.0,1.0,10.0,5.0,14.0,2.0,0.0,0.0,0.0,True,False,True,False,True,Batak
0090900,009090005,3.0,1.0,19.0,3.0,4.0,3.0,7.0,1.0,98.0,5.0,14.0,2.0,0.0,0.0,0.0,True,True,False,True,False,Batak
0090900,009090007,3.0,3.0,15.0,3.0,4.0,3.0,7.0,0.0,5.0,5.0,14.0,2.0,0.0,0.0,0.0,False,False,True,False,False,Batak
0091100,009110002,9.0,3.0,46.0,1.0,4.0,3.0,7.0,0.0,,10.0,12.0,2.0,0.0,0.0,0.0,False,False,True,False,False,Batak
0091100,009110003,13.0,1.0,24.0,1.0,4.0,60.0,1.0,0.0,,10.0,12.0,2.0,0.0,0.0,0.0,False,True,False,False,False,Batak
0091100,009110005,3.0,1.0,32.0,2.0,4.0,6.0,7.0,0.0,10.0,10.0,12.0,2.0,0.0,500000.0,13.122365377402328,False,True,False,False,False,Batak
0091100,009110006,3.0,1.0,29.0,2.0,4.0,5.0,7.0,0.0,,75.0,11.0,2.0,0.0,0.0,0.0,False,True,False,False,False,Batak
0091100,009110007,2.0,1.0,63.0,2.0,4.0,2.0,7.0,0.0,10.0,10.0,12.0,2.0,0.0,0.0,0.0,False,True,False,False,False,Batak
0091100,009110008,1.0,3.0,55.0,2.0,4.0,3.0,1.0,0.0,,10.0,12.0,2.0,0.0,0.0,0.0,False,False,True,False,False,Batak
0091100,009110010,3.0,1.0,25.0,2.0,4.0,2.0,4.0,0.0,10.0,10.0,12.0,2.0,0.0,0.0,0.0,False,True,False,False,False,Batak
0091100,009110012,3.0,3.0,20.0,2.0,4.0,6.0,2.0,0.0,10.0,10.0,12.0,2.0,0.0,0.0,0.0,False,False,True,False,False,Batak
0091100,009110014,3.0,3.0,16.0,2.0,4.0,3.0,2.0,0.0,10.0,10.0,12.0,2.0,0.0,0.0,0.0,False,False,True,False,False,Batak
0091200,009120003,13.0,3.0,24.0,2.0,4.0,61.0,98.0,0.0,,18.0,12.0,1.0,0.0,0.0,0.0,False,False,True,False,False,Batak
0091200,009120004,13.0,1.0,21.0,2.0,4.0,5.0,7.0,1.0,10.0,7.0,12.0,2.0,0.0,0.0,0.0,True,True,False,True,False,Batak
0091200,009120005,1.0,1.0,44.0,2.0,4.0,5.0,0.0,0.0,,10.0,12.0,2.0,0.0,0.0,0.0,False,True,False,False,False,Batak
0091200,009120006,2.0,3.0,40.0,2.0,4.0,2.0,7.0,0.0,,10.0,12.0,2.0,0.0,0.0,0.0,False,False,True,False,False,Batak
0091400,009140001,1.0,1.0,49.0,2.0,4.0,5.0,7.0,0.0,,10.0,12.0,2.0,0.0,0.0,0.0,False,True,False,False,False,Batak
0091400,009140002,2.0,3.0,49.0,2.0,4.0,2.0,7.0,0.0,,10.0,12.0,2.0,0.0,0.0,0.0,False,False,True,False,False,Batak
0091400,009140003,3.0,1.0,25.0,2.0,4.0,60.0,7.0,0.0,,12.0,12.0,2.0,0.0,1000000.0,13.815511557963774,False,True,False,False,False,Batak
0091400,009140004,3.0,3.0,23.0,2.0,4.0,61.0,7.0,0.0,,72.0,31.0,1.0,0.0,0.0,0.0,False,False,True,False,False,Batak
0091400,009140005,3.0,1.0,21.0,2.0,4.0,5.0,7.0,0.0,10.0,10.0,12.0,2.0,0.0,0.0,0.0,False,True,False,False,False,Batak
0091400,009140006,3.0,1.0,19.0,2.0,4.0,60.0,0.0,1.0,10.0,74.0,32.0,1.0,0.0,0.0,0.0,True,True,False,True,False,Batak
0091400,009140007,3.0,3.0,17.0,2.0,4.0,5.0,1.0,0.0,10.0,10.0,12.0,2.0,0.0,0.0,0.0,False,False,True,False,False,Batak
0091400,009140008,3.0,3.0,15.0,2.0,4.0,5.0,0.0,0.0,10.0,10.0,12.0,2.0,0.0,0.0,0.0,False,False,True,False,False,Batak
0091500,009150008,8.0,1.0,17.0,2.0,4.0,5.0,1.0,0.0,10.0,10.0,12.0,2.0,50000.0,0.0,0.0,False,True,False,False,False,Batak
0091500,009150009,1.0,1.0,43.0,2.0,4.0,5.0,7.0,0.0,,10.0,12.0,2.0,0.0,500000.0,13.122365377402328,False,True,False,False,False,Batak
0091500,009170003,2.0,3.0,38.0,2.0,4.0,5.0,7.0,0.0,,10.0,12.0,2.0,0.0,0.0,0.0,False,False,True,False,False,Batak
0091600,009160002,6.0,3.0,85.0,2.0,4.0,2.0,7.0,0.0,10.0,10.0,12.0,2.0,0.0,0.0,0.0,False,False,True,False,False,Batak
0091600,009160003,8.0,1.0,44.0,2.0,4.0,5.0,7.0,0.0,,10.0,12.0,2.0,0.0,0.0,0.0,False,True,False,False,False,Batak
0091600,009160004,1.0,3.0,46.0,2.0,4.0,6.0,7.0,0.0,,10.0,12.0,2.0,0.0,0.0,0.0,False,False,True,False,False,Batak
0091600,009160005,8.0,3.0,38.0,2.0,4.0,3.0,7.0,0.0,,10.0,12.0,2.0,0.0,0.0,0.0,False,False,True,False,False,Batak
0091641,009164101,1.0,1.0,44.0,2.0,4.0,5.0,7.0,0.0,,10.0,12.0,2.0,0.0,0.0,0.0,False,True,False,False,False,Batak
0091700,009170001,1.0,1.0,65.0,2.0,4.0,2.0,98.0,0.0,,10.0,12.0,2.0,0.0,0.0,0.0,False,True,False,False,False,Batak
0091700,009170002,2.0,3.0,64.0,2.0,4.0,2.0,3.0,0.0,,10.0,12.0,2.0,0.0,0.0,0.0,False,False,True,False,False,Batak
0091700,009170005,3.0,1.0,34.0,2.0,4.0,61.0,2.0,0.0,,10.0,12.0,2.0,500000.0,500000.0,13.122365377402328,False,True,False,False,False,Batak
0091700,009170006,3.0,3.0,31.0,2.0,4.0,5.0,7.0,0.0,,10.0,12.0,2.0,0.0,0.0,0.0,False,False,True,False,False,Batak
0091700,009170007,13.0,1.0,34.0,2.0,4.0,3.0,7.0,0.0,10.0,10.0,12.0,2.0,0.0,0.0,0.0,False,True,False,False,False,Batak
0091700,009170009,5.0,3.0,35.0,2.0,4.0,6.0,7.0,0.0,,10.0,12.0,2.0,0.0,0.0,0.0,False,False,True,False,False,Batak
0091741,009174101,1.0,1.0,30.0,2.0,4.0,3.0,1.0,0.0,,10.0,12.0,2.0,0.0,0.0,0.0,False,True,False,False,False,Batak
0091752,009175202,2.0,3.0,28.0,2.0,4.0,3.0,7.0,1.0,16.0,10.0,12.0,2.0,0.0,0.0,0.0,True,False,True,False,True,Batak
0091800,009180002,1.0,3.0,74.0,2.0,4.0,2.0,3.0,0.0,,10.0,12.0,2.0,0.0,0.0,0.0,False,False,True,False,False,Batak
0091800,009180003,3.0,3.0,44.0,2.0,4.0,5.0,7.0,0.0,,10.0,12.0,2.0,0.0,0.0,0.0,False,False,True,False,False,Batak
0091800,009180005,3.0,3.0,40.0,2.0,4.0,5.0,7.0,0.0,,10.0,12.0,2.0,0.0,0.0,0.0,False,False,True,False,False,Batak
0091800,009180006,3.0,1.0,36.0,2.0,4.0,5.0,2.0,0.0,,10.0,12.0,2.0,0.0,0.0,0.0,False,True,False,False,False,Batak
0091831,009183104,4.0,3.0,17.0,2.0,4.0,5.0,1.0,0.0,10.0,10.0,12.0,2.0,0.0,100000.0,11.51293546492023,False,False,True,False,False,Batak
0091831,009183105,4.0,3.0,15.0,2.0,4.0,3.0,2.0,0.0,10.0,10.0,12.0,2.0,0.0,0.0,0.0,False,False,True,False,False,Batak
0091831,009183106,1.0,1.0,43.0,2.0,4.0,3.0,7.0,0.0,,10.0,12.0,2.0,0.0,0.0,0.0,False,True,False,False,False,Batak
0091832,009183203,1.0,1.0,39.0,2.0,4.0,5.0,7.0,0.0,,10.0,12.0,2.0,0.0,0.0,0.0,False,True,False,False,False,Batak
0091900,009190001,1.0,3.0,70.0,2.0,4.0,2.0,5.0,0.0,,10.0,12.0,2.0,0.0,0.0,0.0,False,False,True,False,False,Batak
0091900,009190003,3.0,1.0,36.0,2.0,4.0,5.0,7.0,0.0,10.0,10.0,12.0,2.0,0.0,0.0,0.0,False,True,False,False,False,Batak
0091900,009190004,3.0,1.0,34.0,2.0,4.0,6.0,7.0,0.0,,8.0,14.0,2.0,0.0,0.0,0.0,False,True,False,False,False,Batak
0091900,009190005,3.0,1.0,32.0,2.0,4.0,6.0,7.0,0.0,,71.0,21.0,1.0,0.0,0.0,0.0,False,True,False,False,False,Batak
0091931,009193104,2.0,3.0,34.0,2.0,4.0,6.0,7.0,0.0,10.0,10.0,12.0,2.0,0.0,0.0,0.0,False,False,True,False,False,Batak
0091941,009194102,2.0,3.0,27.0,2.0,4.0,3.0,7.0,0.0,,8.0,14.0,2.0,100000.0,0.0,0.0,False,False,True,False,False,Batak
0091942,009194206,2.0,3.0,32.0,2.0,4.0,5.0,7.0,1.0,10.0,71.0,21.0,1.0,0.0,0.0,0.0,True,False,True,False,True,Batak
0092000,009200001,2.0,1.0,53.0,1.0,4.0,6.0,7.0,0.0,,10.0,12.0,2.0,380000.0,0.0,0.0,False,True,False,False,False,Batak
0092000,009200002,1.0,3.0,52.0,1.0,4.0,6.0,7.0,0.0,,10.0,12.0,2.0,0.0,5000000.0,15.424948670398354,False,False,True,False,False,Batak
0092000,009200003,3.0,3.0,32.0,1.0,4.0,60.0,7.0,1.0,72.0,10.0,12.0,2.0,0.0,0.0,0.0,True,False,True,False,True,Batak
0092000,009200007,3.0,1.0,20.0,1.0,4.0,61.0,2.0,1.0,10.0,75.0,12.0,1.0,0.0,0.0,0.0,True,True,False,True,False,Batak
0092000,009200008,3.0,3.0,18.0,1.0,4.0,61.0,7.0,0.0,10.0,10.0,12.0,2.0,0.0,200000.0,12.206077645517674,False,False,True,False,False,Batak
0092052,009205201,1.0,1.0,39.0,1.0,4.0,61.0,7.0,0.0,10.0,10.0,12.0,2.0,1500000.0,0.0,0.0,False,True,False,False,False,Batak
0092100,009210001,2.0,3.0,57.0,1.0,4.0,2.0,3.0,0.0,,10.0,12.0,2.0,0.0,0.0,0.0,False,False,True,False,False,Batak
0092100,009210003,3.0,1.0,30.0,1.0,4.0,73.0,0.0,0.0,,10.0,12.0,2.0,300000.0,500000.0,13.122365377402328,False,True,False,False,False,Batak
0092100,009210004,3.0,3.0,27.0,1.0,4.0,3.0,0.0,0.0,,10.0,12.0,2.0,0.0,0.0,0.0,False,False,True,False,False,Batak
0092100,009210005,3.0,1.0,24.0,1.0,4.0,3.0,1.0,1.0,10.0,12.0,12.0,1.0,0.0,0.0,0.0,True,True,False,True,False,Batak
0092100,009210006,3.0,1.0,22.0,1.0,4.0,73.0,0.0,0.0,,75.0,12.0,1.0,50000.0,90000.0,11.407576060361786,False,True,False,False,False,Batak
0092100,009210008,1.0,1.0,53.0,1.0,4.0,2.0,3.0,0.0,10.0,10.0,12.0,2.0,0.0,0.0,0.0,False,True,False,False,False,Batak
0092100,009210010,3.0,1.0,17.0,1.0,4.0,73.0,0.0,0.0,10.0,10.0,12.0,2.0,0.0,100000.0,11.51293546492023,False,True,False,False,False,Batak
0092141,009214101,1.0,1.0,34.0,1.0,4.0,73.0,7.0,0.0,,10.0,12.0,2.0,0.0,0.0,0.0,False,True,False,False,False,Batak
0092151,009215102,2.0,3.0,25.0,1.0,4.0,3.0,1.0,1.0,16.0,10.0,12.0,2.0,0.0,0.0,0.0,True,False,True,False,True,Batak
0092200,009220001,1.0,1.0,50.0,2.0,4.0,3.0,7.0,0.0,,10.0,12.0,2.0,0.0,0.0,0.0,False,True,False,False,False,Batak
0092200,009220002,2.0,3.0,49.0,2.0,4.0,3.0,7.0,0.0,,10.0,12.0,2.0,0.0,0.0,0.0,False,False,True,False,False,Batak
0092200,009220003,3.0,1.0,25.0,2.0,4.0,6.0,7.0,0.0,,10.0,12.0,1.0,0.0,0.0,0.0,False,True,False,False,False,Batak
0092200,009220006,3.0,3.0,19.0,2.0,4.0,61.0,1.0,1.0,10.0,71.0,14.0,1.0,0.0,0.0,0.0,True,False,True,False,True,Batak
0092200,009220007,3.0,1.0,17.0,2.0,4.0,5.0,1.0,0.0,10.0,10.0,12.0,2.0,0.0,0.0,0.0,False,True,False,False,False,Batak
0092200,009220008,3.0,3.0,16.0,2.0,4.0,5.0,0.0,1.0,10.0,15.0,12.0,2.0,0.0,0.0,0.0,True,False,True,False,True,Batak
0092251,009225102,2.0,3.0,33.0,2.0,4.0,5.0,7.0,0.0,10.0,10.0,12.0,1.0,0.0,800000.0,13.592368256649284,False,False,True,False,False,Batak
0092300,009230001,1.0,1.0,53.0,1.0,4.0,61.0,7.0,0.0,,10.0,12.0,2.0,0.0,0.0,0.0,False,True,False,False,False,Batak
0092300,009230002,2.0,3.0,54.0,1.0,4.0,60.0,7.0,0.0,,10.0,12.0,2.0,0.0,0.0,0.0,False,False,True,False,False,Batak
0092300,009230003,3.0,3.0,27.0,1.0,4.0,61.0,7.0,0.0,,7.0,12.0,2.0,0.0,0.0,0.0,False,False,True,False,False,Batak
0092300,009230004,3.0,3.0,26.0,1.0,4.0,61.0,7.0,0.0,,16.0,12.0,2.0,0.0,0.0,0.0,False,False,True,False,False,Batak
0092300,009230005,3.0,1.0,24.0,1.0,4.0,60.0,7.0,0.0,,12.0,12.0,1.0,0.0,0.0,0.0,False,True,False,False,False,Batak
0092300,009230006,3.0,3.0,22.0,1.0,4.0,61.0,7.0,0.0,,10.0,12.0,2.0,0.0,0.0,0.0,False,False,True,False,False,Batak
0092300,009230009,3.0,3.0,18.0,1.0,4.0,5.0,2.0,0.0,10.0,10.0,12.0,2.0,0.0,0.0,0.0,False,False,True,False,False,Batak
0092341,009234102,1.0,1.0,30.0,1.0,4.0,6.0,7.0,1.0,10.0,7.0,12.0,2.0,1000000.0,0.0,0.0,True,True,False,True,False,Batak
0092342,009234202,1.0,1.0,27.0,1.0,4.0,62.0,1.0,0.0,16.0,16.0,12.0,2.0,0.0,0.0,0.0,False,True,False,False,False,Batak
0092400,009240001,1.0,3.0,71.0,1.0,4.0,74.0,7.0,0.0,,10.0,12.0,2.0,0.0,0.0,0.0,False,False,True,False,False,Batak
0092400,009240002,3.0,3.0,46.0,1.0,4.0,6.0,7.0,0.0,,10.0,12.0,1.0,300000.0,0.0,0.0,False,False,True,False,False,Batak
0092400,009240005,5.0,1.0,44.0,1.0,4.0,2.0,3.0,1.0,16.0,10.0,12.0,1.0,1000000.0,500000.0,13.122365377402328,True,True,False,True,False,Batak
0092400,009240006,10.0,3.0,16.0,1.0,4.0,74.0,1.0,0.0,10.0,10.0,12.0,1.0,0.0,0.0,0.0,False,False,True,False,False,Batak
0092600,009260003,1.0,1.0,49.0,2.0,4.0,3.0,7.0,0.0,10.0,10.0,12.0,2.0,0.0,0.0,0.0,False,True,False,False,False,Batak
0092600,009260004,2.0,3.0,48.0,2.0,4.0,3.0,7.0,0.0,,10.0,12.0,2.0,0.0,0.0,0.0,False,False,True,False,False,Batak
0092600,009260008,3.0,1.0,19.0,2.0,4.0,6.0,2.0,0.0,10.0,10.0,12.0,2.0,1000.0,50000.0,10.819798284210286,False,True,False,False,False,Batak
0092800,009280002,1.0,3.0,54.0,2.0,4.0,2.0,5.0,1.0,98.0,10.0,12.0,2.0,0.0,0.0,0.0,True,False,True,False,True,Batak
0092800,009280004,3.0,3.0,26.0,2.0,4.0,2.0,7.0,0.0,,11.0,12.0,2.0,0.0,0.0,0.0,False,False,True,False,False,Batak
0092800,009280007,3.0,3.0,21.0,2.0,4.0,6.0,2.0,0.0,10.0,10.0,12.0,2.0,0.0,0.0,0.0,False,False,True,False,False,Batak
0092842,009284202,1.0,1.0,31.0,2.0,4.0,6.0,7.0,1.0,15.0,11.0,12.0,2.0,0.0,0.0,0.0,True,True,False,True,False,Batak
0092900,009290001,1.0,3.0,75.0,2.0,4.0,5.0,7.0,0.0,,10.0,12.0,2.0,0.0,0.0,0.0,False,False,True,False,False,Batak
0092900,009290002,3.0,1.0,40.0,2.0,4.0,5.0,7.0,0.0,,10.0,12.0,2.0,0.0,1500000.0,14.220976332738882,False,True,False,False,False,Batak
0092900,009290004,3.0,1.0,32.0,2.0,4.0,6.0,7.0,0.0,,76.0,12.0,1.0,3000000.0,0.0,0.0,False,True,False,False,False,Batak
0092941,009294102,2.0,3.0,37.0,2.0,4.0,5.0,7.0,0.0,,10.0,12.0,2.0,0.0,0.0,0.0,False,False,True,False,False,Batak
0092942,009294203,2.0,3.0,30.0,2.0,4.0,6.0,7.0,1.0,6.0,76.0,12.0,1.0,0.0,0.0,0.0,True,False,True,False,True,Batak
0093000,009300001,1.0,3.0,58.0,2.0,4.0,2.0,5.0,0.0,,10.0,12.0,2.0,0.0,0.0,0.0,False,False,True,False,False,Batak
0093000,009300003,3.0,1.0,35.0,2.0,4.0,3.0,1.0,0.0,,5.0,14.0,2.0,0.0,1000000.0,13.815511557963774,False,True,False,False,False,Batak
0093000,009300005,3.0,1.0,27.0,2.0,4.0,3.0,2.0,0.0,,10.0,12.0,2.0,0.0,0.0,0.0,False,True,False,False,False,Batak
0093011,009301103,2.0,3.0,28.0,2.0,4.0,3.0,1.0,0.0,,5.0,14.0,2.0,0.0,0.0,0.0,False,False,True,False,False,Batak
0093041,009304101,1.0,1.0,39.0,2.0,4.0,61.0,0.0,0.0,,5.0,14.0,2.0,0.0,0.0,0.0,False,True,False,False,False,Batak
0100300,010030002,2.0,3.0,34.0,2.0,4.0,2.0,5.0,0.0,,10.0,12.0,2.0,0.0,100000.0,11.51293546492023,False,False,True,False,False,Batak
0100300,010030004,1.0,1.0,39.0,2.0,4.0,2.0,2.0,0.0,10.0,10.0,12.0,2.0,0.0,0.0,0.0,False,True,False,False,False,Batak
0100521,010050003,1.0,1.0,47.0,2.0,4.0,3.0,7.0,0.0,,10.0,12.0,2.0,0.0,0.0,0.0,False,True,False,False,False,Batak
0100521,010052102,2.0,3.0,43.0,2.0,4.0,5.0,7.0,0.0,,10.0,12.0,2.0,0.0,0.0,0.0,False,False,True,False,False,Batak
0100521,010052103,3.0,3.0,18.0,2.0,4.0,61.0,0.0,1.0,10.0,71.0,14.0,1.0,0.0,500000.0,13.122365377402328,True,False,True,False,True,Batak
0100522,010050007,1.0,1.0,35.0,2.0,4.0,62.0,1.0,1.0,10.0,5.0,14.0,2.0,0.0,0.0,0.0,True,True,False,True,False,Batak
0100522,010052207,2.0,3.0,33.0,2.0,4.0,6.0,7.0,0.0,,5.0,14.0,2.0,0.0,0.0,0.0,False,False,True,False,False,Batak
0100531,010050005,1.0,1.0,39.0,2.0,4.0,61.0,1.0,0.0,,71.0,14.0,1.0,0.0,0.0,0.0,False,True,False,False,False,Batak
0100531,010053103,2.0,3.0,38.0,2.0,4.0,3.0,7.0,0.0,,71.0,14.0,1.0,0.0,0.0,0.0,False,False,True,False,False,Batak
0100532,010053203,1.0,1.0,36.0,2.0,4.0,2.0,7.0,0.0,,10.0,12.0,2.0,0.0,0.0,0.0,False,True,False,False,False,Batak
0100532,010050006,2.0,3.0,36.0,2.0,4.0,2.0,7.0,0.0,,10.0,12.0,2.0,0.0,0.0,0.0,False,False,True,False,False,Batak
0100600,010060002,1.0,3.0,54.0,3.0,4.0,2.0,4.0,0.0,,10.0,12.0,2.0,0.0,0.0,0.0,False,False,True,False,False,Batak
0100600,010060004,3.0,1.0,31.0,3.0,4.0,3.0,2.0,0.0,,10.0,12.0,2.0,0.0,0.0,0.0,False,True,False,False,False,Batak
0100600,010060005,3.0,3.0,29.0,2.0,4.0,60.0,7.0,0.0,,10.0,12.0,2.0,0.0,0.0,0.0,False,False,True,False,False,Batak
0100600,010060006,3.0,1.0,24.0,3.0,4.0,60.0,98.0,0.0,,75.0,12.0,1.0,0.0,500000.0,13.122365377402328,False,True,False,False,False,Batak
0100600,010060007,3.0,1.0,35.0,3.0,4.0,5.0,7.0,0.0,,10.0,12.0,2.0,0.0,0.0,0.0,False,True,False,False,False,Batak
0100600,010060008,5.0,3.0,29.0,3.0,4.0,98.0,98.0,0.0,,10.0,12.0,2.0,0.0,0.0,0.0,False,False,True,False,False,Batak
0100641,010064102,2.0,3.0,30.0,3.0,4.0,5.0,7.0,0.0,,10.0,12.0,2.0,0.0,0.0,0.0,False,False,True,False,False,Batak
0100651,010065101,1.0,1.0,30.0,2.0,4.0,3.0,2.0,1.0,16.0,10.0,12.0,2.0,500000.0,0.0,0.0,True,True,False,True,False,Batak
0100700,010070001,1.0,1.0,50.0,2.0,4.0,3.0,1.0,0.0,,10.0,12.0,2.0,0.0,0.0,0.0,False,True,False,False,False,Batak
0100700,010070002,2.0,3.0,55.0,2.0,4.0,2.0,4.0,0.0,,10.0,12.0,2.0,0.0,0.0,0.0,False,False,True,False,False,Batak
0100700,010070004,3.0,3.0,23.0,2.0,4.0,3.0,7.0,0.0,,10.0,12.0,2.0,0.0,0.0,0.0,False,False,True,False,False,Batak
0100700,010070006,3.0,3.0,17.0,2.0,4.0,6.0,1.0,0.0,10.0,10.0,12.0,1.0,0.0,100000.0,11.51293546492023,False,False,True,False,False,Batak
0100700,010070007,3.0,1.0,15.0,2.0,4.0,3.0,2.0,1.0,10.0,75.0,12.0,1.0,0.0,0.0,0.0,True,True,False,True,False,Batak
0100800,010080002,1.0,3.0,69.0,2.0,4.0,2.0,3.0,0.0,,10.0,12.0,2.0,200000.0,0.0,0.0,False,False,True,False,False,Batak
0100800,010080005,10.0,1.0,23.0,2.0,4.0,2.0,5.0,0.0,,10.0,12.0,2.0,0.0,0.0,0.0,False,True,False,False,False,Batak
0100851,010085102,2.0,3.0,25.0,2.0,4.0,5.0,7.0,0.0,10.0,10.0,12.0,2.0,0.0,0.0,0.0,False,False,True,False,False,Batak
0101000,010100001,6.0,1.0,78.0,2.0,4.0,98.0,98.0,0.0,,13.0,33.0,1.0,0.0,500000.0,13.122365377402328,False,True,False,False,False,Batak
0101000,010100003,1.0,1.0,44.0,2.0,4.0,3.0,98.0,0.0,,10.0,12.0,2.0,0.0,0.0,0.0,False,True,False,False,False,Batak
0101000,010100004,8.0,3.0,36.0,2.0,4.0,3.0,7.0,1.0,9.0,15.0,33.0,1.0,0.0,0.0,0.0,True,False,True,False,True,Batak
0101000,010100007,2.0,3.0,33.0,2.0,4.0,3.0,7.0,0.0,10.0,10.0,12.0,2.0,0.0,0.0,0.0,False,False,True,False,False,Batak
0101031,010103105,1.0,1.0,36.0,2.0,4.0,3.0,0.0,1.0,9.0,15.0,33.0,1.0,0.0,0.0,0.0,True,True,False,True,False,Batak
0101051,010105101,1.0,1.0,35.0,2.0,4.0,3.0,7.0,1.0,10.0,13.0,33.0,1.0,0.0,0.0,0.0,True,True,False,True,False,Batak
0101051,010105102,2.0,3.0,31.0,2.0,4.0,6.0,7.0,1.0,5.0,13.0,33.0,1.0,0.0,0.0,0.0,True,False,True,False,True,Batak
0101200,010120001,1.0,1.0,51.0,2.0,4.0,2.0,3.0,0.0,10.0,10.0,12.0,2.0,0.0,0.0,0.0,False,True,False,False,False,Batak
0101200,010120002,2.0,3.0,52.0,2.0,4.0,2.0,5.0,0.0,,10.0,12.0,2.0,0.0,0.0,0.0,False,False,True,False,False,Batak
0101200,010120007,3.0,3.0,27.0,2.0,4.0,3.0,2.0,0.0,,75.0,12.0,1.0,0.0,0.0,0.0,False,False,True,False,False,Batak
0101200,010120009,3.0,3.0,23.0,2.0,4.0,2.0,7.0,0.0,10.0,10.0,12.0,2.0,0.0,300000.0,12.611541086966117,False,False,True,False,False,Batak
0101251,010125101,1.0,1.0,24.0,2.0,4.0,2.0,5.0,0.0,10.0,10.0,12.0,2.0,0.0,0.0,0.0,False,True,False,False,False,Batak
0101400,010140002,1.0,1.0,45.0,2.0,4.0,5.0,7.0,0.0,,10.0,12.0,2.0,0.0,0.0,0.0,False,True,False,False,False,Batak
0101400,010140003,2.0,3.0,39.0,2.0,4.0,2.0,7.0,0.0,,10.0,12.0,2.0,0.0,0.0,0.0,False,False,True,False,False,Batak
0101400,010140004,3.0,3.0,17.0,2.0,4.0,6.0,1.0,0.0,10.0,10.0,12.0,2.0,0.0,0.0,0.0,False,False,True,False,False,Batak
0101500,010150001,2.0,3.0,51.0,3.0,4.0,1.0,96.0,0.0,,10.0,12.0,2.0,0.0,0.0,0.0,False,False,True,False,False,Batak
0101500,010150004,3.0,1.0,27.0,3.0,4.0,5.0,7.0,0.0,,71.0,21.0,1.0,0.0,0.0,0.0,False,True,False,False,False,Batak
0101500,010150005,3.0,3.0,23.0,3.0,4.0,5.0,7.0,0.0,,15.0,32.0,1.0,0.0,0.0,0.0,False,False,True,False,False,Batak
0101500,010150006,1.0,1.0,52.0,3.0,4.0,2.0,7.0,0.0,,10.0,12.0,2.0,0.0,0.0,0.0,False,True,False,False,False,Batak
0101500,010150007,3.0,1.0,18.0,3.0,4.0,6.0,1.0,1.0,10.0,75.0,12.0,1.0,0.0,0.0,0.0,True,True,False,True,False,Batak
0101500,010160002,6.0,3.0,91.0,2.0,4.0,1.0,96.0,0.0,10.0,10.0,12.0,2.0,0.0,0.0,0.0,False,False,True,False,False,Batak
0101500,010160003,8.0,3.0,53.0,2.0,4.0,1.0,96.0,0.0,,10.0,12.0,2.0,0.0,0.0,0.0,False,False,True,False,False,Batak
0101700,010170002,6.0,3.0,72.0,3.0,4.0,2.0,1.0,1.0,15.0,4.0,32.0,1.0,0.0,0.0,0.0,True,False,True,False,True,Batak
0101700,010170003,8.0,1.0,35.0,2.0,4.0,3.0,7.0,0.0,,10.0,12.0,2.0,200000.0,0.0,0.0,False,True,False,False,False,Batak
0101700,010170006,1.0,1.0,37.0,2.0,4.0,5.0,7.0,1.0,10.0,4.0,32.0,1.0,1000000.0,0.0,0.0,True,True,False,True,False,Batak
0101700,010170007,2.0,3.0,33.0,2.0,4.0,6.0,7.0,1.0,71.0,4.0,32.0,1.0,0.0,0.0,0.0,True,False,True,False,True,Batak
0101741,010174102,2.0,3.0,31.0,2.0,4.0,6.0,7.0,0.0,,10.0,12.0,2.0,0.0,1000000.0,13.815511557963774,False,False,True,False,False,Batak
0101800,010180003,1.0,1.0,53.0,2.0,4.0,1.0,96.0,0.0,,10.0,12.0,2.0,0.0,0.0,0.0,False,True,False,False,False,Batak
0101800,010180004,2.0,3.0,52.0,2.0,4.0,2.0,98.0,0.0,,10.0,12.0,2.0,0.0,0.0,0.0,False,False,True,False,False,Batak
0101800,010180005,3.0,1.0,28.0,2.0,4.0,3.0,2.0,0.0,,10.0,12.0,2.0,0.0,0.0,0.0,False,True,False,False,False,Batak
0101800,010180006,3.0,1.0,19.0,2.0,4.0,6.0,7.0,1.0,10.0,15.0,32.0,1.0,0.0,0.0,0.0,True,True,False,True,False,Batak
0101800,010180007,5.0,3.0,28.0,2.0,4.0,5.0,7.0,0.0,,10.0,12.0,2.0,0.0,0.0,0.0,False,False,True,False,False,Batak
0102000,010200002,1.0,1.0,38.0,2.0,4.0,2.0,5.0,0.0,,10.0,12.0,2.0,0.0,0.0,0.0,False,True,False,False,False,Batak
0102000,010200004,2.0,3.0,34.0,2.0,4.0,3.0,7.0,0.0,,10.0,12.0,2.0,0.0,0.0,0.0,False,False,True,False,False,Batak
0102100,010210001,1.0,3.0,63.0,2.0,4.0,2.0,3.0,0.0,,10.0,12.0,2.0,0.0,0.0,0.0,False,False,True,False,False,Batak
0102100,010210002,3.0,1.0,40.0,2.0,4.0,3.0,7.0,0.0,,10.0,12.0,2.0,0.0,0.0,0.0,False,True,False,False,False,Batak
0102100,010210004,3.0,3.0,34.0,2.0,4.0,2.0,7.0,0.0,10.0,10.0,12.0,2.0,0.0,0.0,0.0,False,False,True,False,False,Batak
0102100,010210005,3.0,1.0,32.0,2.0,4.0,2.0,7.0,1.0,10.0,72.0,31.0,1.0,0.0,0.0,0.0,True,True,False,True,False,Batak
0102100,010210006,3.0,3.0,30.0,2.0,4.0,3.0,7.0,0.0,,10.0,12.0,2.0,0.0,0.0,0.0,False,False,True,False,False,Batak
0102100,010210007,5.0,3.0,38.0,2.0,4.0,5.0,7.0,0.0,,10.0,12.0,2.0,0.0,0.0,0.0,False,False,True,False,False,Batak
0102100,010210009,10.0,1.0,18.0,2.0,4.0,5.0,2.0,1.0,10.0,75.0,31.0,1.0,0.0,0.0,0.0,True,True,False,True,False,Batak
0102100,010210010,5.0,3.0,32.0,2.0,4.0,3.0,7.0,1.0,10.0,72.0,31.0,1.0,0.0,0.0,0.0,True,False,True,False,True,Batak
0102141,010214102,1.0,1.0,27.0,3.0,4.0,2.0,7.0,0.0,10.0,10.0,12.0,2.0,0.0,0.0,0.0,False,True,False,False,False,Batak
0102200,010220001,6.0,3.0,81.0,2.0,4.0,1.0,96.0,0.0,10.0,10.0,12.0,2.0,0.0,0.0,0.0,False,False,True,False,False,Batak
0102200,010220004,1.0,1.0,50.0,2.0,4.0,2.0,7.0,0.0,10.0,10.0,12.0,2.0,300000.0,0.0,0.0,False,True,False,False,False,Batak
0102200,010220005,2.0,3.0,52.0,2.0,4.0,3.0,7.0,0.0,10.0,10.0,12.0,2.0,0.0,0.0,0.0,False,False,True,False,False,Batak
0102200,010220006,3.0,1.0,26.0,2.0,4.0,2.0,7.0,0.0,10.0,10.0,12.0,2.0,0.0,0.0,0.0,False,True,False,False,False,Batak
0102400,010240001,1.0,1.0,59.0,2.0,4.0,2.0,7.0,1.0,17.0,10.0,12.0,2.0,0.0,0.0,0.0,True,True,False,True,False,Batak
0102400,010240002,2.0,3.0,55.0,2.0,4.0,2.0,2.0,0.0,10.0,10.0,12.0,2.0,0.0,0.0,0.0,False,False,True,False,False,Batak
0102400,010240003,3.0,3.0,33.0,2.0,4.0,3.0,7.0,0.0,,10.0,12.0,2.0,0.0,0.0,0.0,False,False,True,False,False,Batak
0102400,010240007,3.0,1.0,20.0,2.0,4.0,6.0,7.0,0.0,10.0,10.0,12.0,2.0,0.0,0.0,0.0,False,True,False,False,False,Batak
0102451,010245101,1.0,1.0,37.0,2.0,4.0,6.0,7.0,0.0,10.0,10.0,12.0,2.0,0.0,0.0,0.0,False,True,False,False,False,Batak
0102511,010250005,1.0,1.0,31.0,2.0,4.0,3.0,7.0,0.0,,10.0,12.0,2.0,0.0,300000.0,12.611541086966117,False,True,False,False,False,Batak
0102511,010251104,2.0,3.0,31.0,2.0,4.0,5.0,7.0,0.0,,10.0,12.0,2.0,100000.0,100000.0,11.51293546492023,False,False,True,False,False,Batak
0102521,010250001,1.0,1.0,59.0,2.0,4.0,3.0,2.0,0.0,,10.0,12.0,2.0,400000.0,0.0,0.0,False,True,False,False,False,Batak
0102521,010250002,2.0,3.0,55.0,2.0,4.0,1.0,96.0,0.0,,10.0,12.0,2.0,0.0,0.0,0.0,False,False,True,False,False,Batak
0102600,010260002,9.0,1.0,47.0,2.0,4.0,3.0,0.0,1.0,10.0,75.0,12.0,1.0,0.0,0.0,0.0,True,True,False,True,False,Batak
0102600,010260005,13.0,3.0,21.0,3.0,4.0,6.0,1.0,0.0,10.0,10.0,12.0,2.0,500000.0,200000.0,12.206077645517674,False,False,True,False,False,Batak
0102600,010260006,13.0,3.0,19.0,2.0,4.0,2.0,7.0,0.0,75.0,75.0,12.0,1.0,0.0,0.0,0.0,False,False,True,False,False,Batak
0102600,010260008,17.0,3.0,37.0,2.0,4.0,5.0,0.0,1.0,10.0,75.0,12.0,1.0,0.0,0.0,0.0,True,False,True,False,True,Batak
0102600,010260010,1.0,1.0,49.0,3.0,4.0,3.0,7.0,0.0,,10.0,12.0,2.0,0.0,0.0,0.0,False,True,False,False,False,Batak
0102600,010260011,2.0,3.0,49.0,3.0,4.0,2.0,4.0,0.0,10.0,10.0,12.0,2.0,0.0,0.0,0.0,False,False,True,False,False,Batak
0102600,010260012,3.0,1.0,26.0,3.0,4.0,3.0,2.0,0.0,10.0,10.0,12.0,2.0,0.0,0.0,0.0,False,True,False,False,False,Batak
0102600,010260013,3.0,1.0,23.0,3.0,4.0,5.0,1.0,0.0,10.0,10.0,12.0,2.0,0.0,0.0,0.0,False,True,False,False,False,Batak
0102600,010260014,3.0,3.0,20.0,3.0,4.0,6.0,7.0,1.0,10.0,12.0,12.0,1.0,0.0,0.0,0.0,True,False,True,False,True,Batak
0102600,010260015,3.0,3.0,18.0,3.0,4.0,6.0,2.0,0.0,10.0,10.0,12.0,1.0,0.0,0.0,0.0,False,False,True,False,False,Batak
0102600,010260016,3.0,1.0,15.0,3.0,4.0,3.0,2.0,0.0,10.0,10.0,12.0,2.0,0.0,0.0,0.0,False,True,False,False,False,Batak
0102600,010260017,5.0,3.0,25.0,3.0,4.0,6.0,7.0,0.0,10.0,10.0,12.0,2.0,0.0,0.0,0.0,False,False,True,False,False,Batak
0102700,010270001,1.0,1.0,54.0,2.0,4.0,2.0,2.0,0.0,,10.0,12.0,2.0,0.0,0.0,0.0,False,True,False,False,False,Batak
0102700,010270002,2.0,3.0,54.0,2.0,4.0,2.0,2.0,0.0,,10.0,12.0,2.0,0.0,0.0,0.0,False,False,True,False,False,Batak
0102700,010270003,3.0,3.0,31.0,2.0,4.0,3.0,7.0,1.0,10.0,5.0,14.0,1.0,200000.0,0.0,0.0,True,False,True,False,True,Batak
0102700,010270004,3.0,1.0,29.0,2.0,4.0,2.0,7.0,0.0,,10.0,12.0,2.0,0.0,0.0,0.0,False,True,False,False,False,Batak
0102700,010270006,3.0,1.0,21.0,2.0,4.0,5.0,7.0,0.0,10.0,10.0,12.0,2.0,0.0,0.0,0.0,False,True,False,False,False,Batak
0102700,010270007,3.0,3.0,18.0,2.0,4.0,6.0,1.0,0.0,10.0,10.0,12.0,1.0,0.0,100000.0,11.51293546492023,False,False,True,False,False,Batak
0102700,010270008,3.0,3.0,15.0,2.0,4.0,3.0,2.0,0.0,10.0,10.0,12.0,2.0,0.0,0.0,0.0,False,False,True,False,False,Batak
0102700,010270009,3.0,3.0,15.0,2.0,4.0,3.0,2.0,0.0,10.0,10.0,12.0,2.0,0.0,0.0,0.0,False,False,True,False,False,Batak
0102700,010270011,5.0,3.0,28.0,2.0,4.0,5.0,7.0,0.0,,10.0,12.0,2.0,0.0,0.0,0.0,False,False,True,False,False,Batak
0102751,010275101,1.0,1.0,31.0,2.0,4.0,6.0,7.0,1.0,4.0,5.0,14.0,1.0,0.0,0.0,0.0,True,True,False,True,False,Batak
0102800,010280002,1.0,1.0,44.0,2.0,4.0,3.0,0.0,0.0,,10.0,12.0,2.0,200000.0,0.0,0.0,False,True,False,False,False,Batak
0102800,010280003,2.0,3.0,35.0,2.0,4.0,3.0,7.0,0.0,,10.0,12.0,2.0,0.0,0.0,0.0,False,False,True,False,False,Batak
0102900,010290001,1.0,1.0,50.0,2.0,4.0,3.0,7.0,0.0,,10.0,12.0,2.0,0.0,0.0,0.0,False,True,False,False,False,Batak
0102900,010290002,2.0,3.0,47.0,2.0,4.0,3.0,7.0,0.0,,10.0,12.0,2.0,0.0,0.0,0.0,False,False,True,False,False,Batak
0102900,010290003,3.0,1.0,21.0,2.0,4.0,61.0,2.0,1.0,10.0,71.0,62.0,1.0,0.0,500000.0,13.122365377402328,True,True,False,True,False,Batak
0102900,010290005,3.0,1.0,18.0,2.0,4.0,6.0,2.0,0.0,10.0,10.0,12.0,1.0,0.0,700000.0,13.45883704259595,False,True,False,False,False,Batak
0102900,010290006,3.0,1.0,16.0,2.0,4.0,6.0,1.0,0.0,10.0,10.0,12.0,1.0,0.0,0.0,0.0,False,True,False,False,False,Batak
0103000,010300004,1.0,3.0,43.0,2.0,4.0,3.0,7.0,0.0,,10.0,12.0,2.0,0.0,4000000.0,15.201805169084134,False,False,True,False,False,Batak
0103000,010300006,3.0,3.0,16.0,2.0,4.0,6.0,0.0,1.0,15.0,10.0,12.0,1.0,0.0,300000.0,12.611541086966117,True,False,True,False,True,Batak
0103000,010300008,3.0,3.0,20.0,2.0,4.0,6.0,7.0,1.0,71.0,75.0,12.0,1.0,0.0,0.0,0.0,True,False,True,False,True,Batak
0104100,010410002,1.0,3.0,60.0,2.0,4.0,2.0,7.0,0.0,,10.0,12.0,2.0,0.0,0.0,0.0,False,False,True,False,False,Batak
0104100,010410003,3.0,3.0,35.0,2.0,4.0,2.0,3.0,0.0,10.0,10.0,12.0,2.0,0.0,0.0,0.0,False,False,True,False,False,Batak
0104100,010410004,3.0,1.0,33.0,2.0,4.0,2.0,7.0,1.0,98.0,4.0,32.0,1.0,0.0,0.0,0.0,True,True,False,True,False,Batak
0104100,010410006,3.0,3.0,30.0,2.0,4.0,2.0,5.0,0.0,,10.0,12.0,2.0,100000.0,3000000.0,14.914123179965662,False,False,True,False,False,Batak
0104141,010414102,1.0,1.0,42.0,2.0,4.0,3.0,2.0,1.0,15.0,10.0,12.0,2.0,0.0,0.0,0.0,True,True,False,True,False,Batak
0104151,010415101,1.0,1.0,61.0,2.0,4.0,3.0,7.0,0.0,10.0,10.0,12.0,2.0,0.0,0.0,0.0,False,True,False,False,False,Batak
0104152,010415202,2.0,3.0,30.0,2.0,4.0,6.0,7.0,1.0,10.0,4.0,32.0,1.0,0.0,0.0,0.0,True,False,True,False,True,Batak
0104200,010420001,7.0,1.0,86.0,2.0,4.0,2.0,2.0,1.0,15.0,10.0,12.0,2.0,0.0,0.0,0.0,True,True,False,True,False,Batak
0104200,010420003,2.0,3.0,41.0,2.0,4.0,3.0,0.0,0.0,10.0,10.0,12.0,2.0,0.0,0.0,0.0,False,False,True,False,False,Batak
0104200,010420004,1.0,1.0,37.0,2.0,4.0,6.0,7.0,0.0,10.0,10.0,12.0,2.0,0.0,0.0,0.0,False,True,False,False,False,Batak
0104300,010430002,1.0,3.0,69.0,3.0,4.0,2.0,4.0,0.0,,10.0,12.0,2.0,0.0,0.0,0.0,False,False,True,False,False,Batak
0104300,010430004,3.0,1.0,45.0,3.0,4.0,2.0,6.0,0.0,,10.0,12.0,2.0,0.0,0.0,0.0,False,True,False,False,False,Batak
0104300,010430005,3.0,1.0,43.0,3.0,4.0,3.0,7.0,0.0,,10.0,12.0,2.0,0.0,0.0,0.0,False,True,False,False,False,Batak
0104300,010430006,3.0,3.0,40.0,3.0,4.0,2.0,6.0,0.0,,29.0,33.0,1.0,0.0,0.0,0.0,False,False,True,False,False,Batak
0104300,010430007,3.0,3.0,33.0,3.0,4.0,3.0,7.0,0.0,,29.0,33.0,1.0,0.0,0.0,0.0,False,False,True,False,False,Batak
0104300,010430008,3.0,1.0,30.0,3.0,4.0,3.0,7.0,0.0,,13.0,33.0,2.0,150000.0,0.0,0.0,False,True,False,False,False,Batak
0104300,010430009,3.0,1.0,23.0,3.0,4.0,3.0,7.0,1.0,10.0,29.0,33.0,1.0,0.0,500000.0,13.122365377402328,True,True,False,True,False,Batak
0104331,010433102,2.0,3.0,49.0,3.0,4.0,2.0,2.0,0.0,,10.0,12.0,2.0,0.0,0.0,0.0,False,False,True,False,False,Batak
0104331,010433104,3.0,3.0,18.0,3.0,4.0,6.0,2.0,0.0,10.0,10.0,12.0,1.0,0.0,600000.0,13.304686600863562,False,False,True,False,False,Batak
0104332,010433208,1.0,1.0,33.0,2.0,4.0,5.0,7.0,1.0,17.0,29.0,33.0,1.0,0.0,0.0,0.0,True,True,False,True,False,Batak
0104341,010434102,2.0,3.0,28.0,3.0,4.0,3.0,2.0,0.0,,10.0,12.0,2.0,0.0,0.0,0.0,False,False,True,False,False,Batak
0104342,010434201,1.0,1.0,44.0,3.0,4.0,3.0,7.0,1.0,10.0,29.0,33.0,1.0,0.0,0.0,0.0,True,True,False,True,False,Batak
0104343,010434302,2.0,3.0,34.0,2.0,4.0,5.0,7.0,0.0,,13.0,33.0,2.0,0.0,0.0,0.0,False,False,True,False,False,Batak
0104400,010440001,1.0,1.0,50.0,2.0,4.0,3.0,2.0,0.0,,10.0,12.0,2.0,0.0,0.0,0.0,False,True,False,False,False,Batak
0104400,010440002,2.0,3.0,49.0,2.0,4.0,3.0,2.0,0.0,,10.0,12.0,2.0,0.0,0.0,0.0,False,False,True,False,False,Batak
0104400,010440003,3.0,1.0,29.0,2.0,4.0,2.0,7.0,0.0,10.0,10.0,12.0,2.0,0.0,0.0,0.0,False,True,False,False,False,Batak
0104400,010440004,3.0,3.0,27.0,2.0,4.0,2.0,7.0,0.0,,15.0,12.0,2.0,0.0,0.0,0.0,False,False,True,False,False,Batak
0104400,010440005,3.0,1.0,26.0,2.0,4.0,3.0,7.0,0.0,,10.0,12.0,2.0,0.0,0.0,0.0,False,True,False,False,False,Batak
0104400,010440006,3.0,3.0,24.0,2.0,4.0,2.0,7.0,0.0,,11.0,12.0,1.0,0.0,0.0,0.0,False,False,True,False,False,Batak
0104400,010440007,3.0,1.0,23.0,2.0,4.0,5.0,2.0,0.0,,10.0,12.0,2.0,0.0,0.0,0.0,False,True,False,False,False,Batak
0104400,010440008,3.0,3.0,21.0,2.0,4.0,60.0,1.0,0.0,,75.0,12.0,1.0,0.0,0.0,0.0,False,False,True,False,False,Batak
0104400,010440009,3.0,1.0,19.0,2.0,4.0,5.0,7.0,1.0,10.0,75.0,12.0,1.0,0.0,0.0,0.0,True,True,False,True,False,Batak
0104400,010440010,3.0,3.0,17.0,2.0,4.0,6.0,1.0,0.0,10.0,10.0,12.0,2.0,0.0,0.0,0.0,False,False,True,False,False,Batak
0104400,010440013,5.0,3.0,21.0,2.0,4.0,6.0,7.0,0.0,10.0,10.0,12.0,2.0,0.0,0.0,0.0,False,False,True,False,False,Batak
0104442,010444202,2.0,3.0,24.0,2.0,13.0,5.0,7.0,1.0,77.0,10.0,12.0,2.0,0.0,0.0,0.0,True,False,True,False,True,Batak
0104451,010445101,1.0,1.0,33.0,2.0,4.0,2.0,7.0,1.0,17.0,11.0,12.0,1.0,0.0,0.0,0.0,True,True,False,True,False,Batak
0104500,010450003,1.0,1.0,31.0,2.0,4.0,6.0,0.0,0.0,,10.0,12.0,2.0,0.0,0.0,0.0,False,True,False,False,False,Batak
0104500,010450005,2.0,3.0,29.0,2.0,4.0,2.0,7.0,0.0,,10.0,12.0,2.0,0.0,0.0,0.0,False,False,True,False,False,Batak
0104600,010460002,1.0,3.0,62.0,2.0,4.0,2.0,2.0,0.0,,10.0,12.0,2.0,0.0,0.0,0.0,False,False,True,False,False,Batak
0104600,010460003,3.0,1.0,36.0,2.0,4.0,3.0,7.0,1.0,10.0,12.0,12.0,1.0,0.0,0.0,0.0,True,True,False,True,False,Batak
0104600,010460004,3.0,1.0,33.0,2.0,4.0,6.0,7.0,0.0,10.0,10.0,12.0,2.0,0.0,0.0,0.0,False,True,False,False,False,Batak
0104600,010460005,3.0,3.0,31.0,2.0,4.0,3.0,7.0,0.0,,10.0,12.0,2.0,0.0,0.0,0.0,False,False,True,False,False,Batak
0104600,010460006,3.0,3.0,29.0,2.0,4.0,6.0,7.0,0.0,10.0,10.0,12.0,1.0,200000.0,800000.0,13.592368256649284,False,False,True,False,False,Batak
0104600,010460009,5.0,3.0,29.0,2.0,4.0,6.0,7.0,0.0,,10.0,12.0,2.0,100000.0,0.0,0.0,False,False,True,False,False,Batak
0104621,010462102,2.0,3.0,35.0,2.0,4.0,3.0,7.0,0.0,,12.0,12.0,1.0,0.0,0.0,0.0,False,False,True,False,False,Batak
0104641,010464104,1.0,1.0,37.0,2.0,4.0,2.0,2.0,0.0,10.0,10.0,12.0,2.0,0.0,0.0,0.0,False,True,False,False,False,Batak
0110100,011010001,1.0,1.0,53.0,2.0,4.0,5.0,7.0,0.0,,11.0,12.0,2.0,0.0,0.0,0.0,False,True,False,False,False,Batak
0110100,011010002,2.0,3.0,54.0,2.0,4.0,6.0,7.0,0.0,,11.0,12.0,2.0,300000.0,0.0,0.0,False,False,True,False,False,Batak
0110100,011010003,3.0,3.0,30.0,2.0,4.0,61.0,7.0,0.0,,11.0,12.0,2.0,1000000.0,1000000.0,13.815511557963774,False,False,True,False,False,Batak
0110100,011010004,3.0,1.0,23.0,2.0,4.0,61.0,3.0,0.0,,75.0,12.0,1.0,0.0,0.0,0.0,False,True,False,False,False,Batak
0110100,011010005,3.0,3.0,19.0,2.0,4.0,61.0,1.0,1.0,11.0,75.0,12.0,1.0,0.0,200000.0,12.206077645517674,True,False,True,False,True,Batak
0110141,011014102,1.0,1.0,29.0,2.0,4.0,6.0,7.0,0.0,11.0,11.0,12.0,2.0,0.0,0.0,0.0,False,True,False,False,False,Batak
0110200,011020001,1.0,1.0,73.0,2.0,4.0,2.0,7.0,0.0,,11.0,12.0,2.0,0.0,0.0,0.0,False,True,False,False,False,Batak
0110200,011020003,3.0,1.0,46.0,2.0,4.0,5.0,7.0,0.0,,75.0,12.0,1.0,0.0,0.0,0.0,False,True,False,False,False,Batak
0110231,011023102,2.0,3.0,38.0,3.0,4.0,60.0,7.0,0.0,,75.0,12.0,1.0,0.0,0.0,0.0,False,False,True,False,False,Batak
0110300,011030002,1.0,3.0,75.0,2.0,4.0,2.0,7.0,0.0,,11.0,12.0,2.0,0.0,0.0,0.0,False,False,True,False,False,Batak
0110300,011030003,3.0,1.0,40.0,2.0,4.0,5.0,7.0,0.0,,11.0,12.0,2.0,0.0,500000.0,13.122365377402328,False,True,False,False,False,Batak
0110341,011034102,2.0,3.0,31.0,2.0,4.0,5.0,7.0,0.0,,11.0,12.0,2.0,0.0,0.0,0.0,False,False,True,False,False,Batak
0110400,011040002,1.0,3.0,75.0,1.0,4.0,2.0,7.0,0.0,,11.0,12.0,2.0,0.0,0.0,0.0,False,False,True,False,False,Batak
0110400,011040003,3.0,3.0,45.0,2.0,4.0,61.0,7.0,0.0,,6.0,12.0,2.0,2000000.0,0.0,0.0,False,False,True,False,False,Batak
0110400,011040004,3.0,1.0,42.0,1.0,4.0,61.0,7.0,0.0,,11.0,12.0,1.0,0.0,0.0,0.0,False,True,False,False,False,Batak
0110400,011040005,13.0,3.0,30.0,2.0,4.0,2.0,3.0,0.0,,11.0,12.0,2.0,0.0,0.0,0.0,False,False,True,False,False,Batak
0110400,011040006,3.0,3.0,39.0,1.0,4.0,61.0,7.0,0.0,,11.0,12.0,2.0,1000000.0,0.0,0.0,False,False,True,False,False,Batak
0110431,011043103,1.0,1.0,35.0,2.0,4.0,61.0,0.0,0.0,,6.0,12.0,2.0,0.0,0.0,0.0,False,True,False,False,False,Batak
0110441,011044102,2.0,3.0,42.0,1.0,4.0,61.0,7.0,0.0,,11.0,12.0,1.0,0.0,0.0,0.0,False,False,True,False,False,Batak
0110500,011050001,1.0,1.0,51.0,1.0,4.0,5.0,7.0,0.0,,11.0,12.0,2.0,0.0,0.0,0.0,False,True,False,False,False,Batak
0110500,011050003,3.0,1.0,26.0,1.0,4.0,5.0,7.0,0.0,,11.0,12.0,2.0,200000.0,500000.0,13.122365377402328,False,True,False,False,False,Batak
0110500,011050004,3.0,3.0,23.0,1.0,4.0,5.0,7.0,0.0,,11.0,12.0,1.0,0.0,1000000.0,13.815511557963774,False,False,True,False,False,Batak
0110500,011050005,3.0,1.0,17.0,1.0,4.0,5.0,2.0,0.0,11.0,11.0,12.0,2.0,0.0,200000.0,12.206077645517674,False,True,False,False,False,Batak
0110600,011060002,1.0,3.0,56.0,2.0,4.0,2.0,5.0,0.0,,11.0,12.0,2.0,0.0,0.0,0.0,False,False,True,False,False,Batak
0110600,011060003,3.0,1.0,32.0,2.0,4.0,6.0,7.0,0.0,,12.0,12.0,1.0,0.0,0.0,0.0,False,True,False,False,False,Batak
0110600,011060004,3.0,1.0,27.0,2.0,4.0,6.0,0.0,0.0,,11.0,12.0,2.0,0.0,1000000.0,13.815511557963774,False,True,False,False,False,Batak
0110600,011060006,3.0,1.0,22.0,2.0,4.0,2.0,7.0,0.0,,11.0,12.0,2.0,0.0,200000.0,12.206077645517674,False,True,False,False,False,Batak
0110641,011064102,2.0,3.0,28.0,2.0,4.0,5.0,7.0,0.0,12.0,12.0,12.0,1.0,0.0,0.0,0.0,False,False,True,False,False,Batak
0110700,011070001,1.0,1.0,83.0,2.0,4.0,6.0,7.0,0.0,,11.0,12.0,2.0,0.0,0.0,0.0,False,True,False,False,False,Batak
0110700,011070002,2.0,3.0,83.0,2.0,4.0,2.0,2.0,0.0,11.0,11.0,12.0,2.0,0.0,0.0,0.0,False,False,True,False,False,Batak
0110800,011080001,1.0,1.0,57.0,2.0,4.0,2.0,7.0,0.0,,11.0,12.0,2.0,0.0,0.0,0.0,False,True,False,False,False,Batak
0110800,011080002,2.0,3.0,54.0,2.0,4.0,2.0,7.0,0.0,,11.0,12.0,2.0,0.0,0.0,0.0,False,False,True,False,False,Batak
0110900,011090001,3.0,3.0,50.0,2.0,4.0,61.0,7.0,0.0,,11.0,12.0,2.0,0.0,0.0,0.0,False,False,True,False,False,Batak
0110900,011090002,10.0,1.0,24.0,2.0,4.0,60.0,7.0,0.0,,11.0,12.0,2.0,1000000.0,1000000.0,13.815511557963774,False,True,False,False,False,Batak
0110900,011090003,1.0,3.0,74.0,2.0,4.0,2.0,7.0,0.0,11.0,11.0,12.0,2.0,0.0,0.0,0.0,False,False,True,False,False,Batak
0110900,011090008,16.0,3.0,22.0,2.0,4.0,60.0,7.0,1.0,12.0,11.0,12.0,2.0,0.0,0.0,0.0,True,False,True,False,True,Batak
0111000,011100001,1.0,1.0,72.0,2.0,4.0,5.0,7.0,0.0,,11.0,12.0,2.0,0.0,0.0,0.0,False,True,False,False,False,Batak
0111000,011100002,2.0,3.0,60.0,2.0,4.0,6.0,7.0,0.0,,11.0,12.0,2.0,0.0,0.0,0.0,False,False,True,False,False,Batak
0111000,011100004,3.0,1.0,33.0,2.0,4.0,3.0,7.0,0.0,,9.0,12.0,1.0,0.0,0.0,0.0,False,True,False,False,False,Batak
0111000,011100005,3.0,1.0,31.0,2.0,4.0,60.0,7.0,0.0,,11.0,12.0,2.0,0.0,0.0,0.0,False,True,False,False,False,Batak
0111000,011100006,5.0,3.0,28.0,2.0,4.0,5.0,7.0,1.0,73.0,11.0,12.0,2.0,0.0,0.0,0.0,True,False,True,False,True,Batak
0111051,011105102,2.0,3.0,36.0,2.0,4.0,5.0,7.0,1.0,4.0,9.0,12.0,1.0,1500000.0,0.0,0.0,True,False,True,False,True,Batak
0111100,011110001,1.0,1.0,46.0,1.0,4.0,5.0,7.0,0.0,,11.0,12.0,2.0,0.0,0.0,0.0,False,True,False,False,False,Batak
0111100,011110002,2.0,3.0,49.0,1.0,4.0,5.0,7.0,0.0,,11.0,12.0,2.0,0.0,0.0,0.0,False,False,True,False,False,Batak
0111100,011110003,3.0,3.0,26.0,1.0,4.0,60.0,7.0,0.0,,11.0,12.0,2.0,0.0,0.0,0.0,False,False,True,False,False,Batak
0111100,011110004,3.0,3.0,21.0,1.0,4.0,61.0,2.0,1.0,11.0,75.0,12.0,1.0,0.0,0.0,0.0,True,False,True,False,True,Batak
0111100,011110005,3.0,1.0,18.0,1.0,4.0,6.0,2.0,0.0,11.0,11.0,12.0,2.0,0.0,0.0,0.0,False,True,False,False,False,Batak
0111100,011110006,7.0,3.0,73.0,2.0,4.0,2.0,7.0,0.0,11.0,11.0,12.0,2.0,0.0,0.0,0.0,False,False,True,False,False,Batak
0111152,011115202,1.0,1.0,46.0,2.0,4.0,3.0,7.0,0.0,11.0,11.0,12.0,2.0,0.0,0.0,0.0,False,True,False,False,False,Batak
0111200,011120001,1.0,1.0,45.0,2.0,4.0,6.0,2.0,0.0,,11.0,12.0,2.0,1000000.0,0.0,0.0,False,True,False,False,False,Batak
0111200,011120002,2.0,3.0,43.0,2.0,4.0,3.0,3.0,0.0,,11.0,12.0,2.0,0.0,0.0,0.0,False,False,True,False,False,Batak
0111200,011120003,3.0,1.0,26.0,2.0,4.0,61.0,7.0,1.0,11.0,71.0,21.0,1.0,1000000.0,0.0,0.0,True,True,False,True,False,Batak
0111200,011120004,3.0,1.0,23.0,2.0,4.0,6.0,7.0,0.0,,71.0,21.0,1.0,200000.0,500000.0,13.122365377402328,False,True,False,False,False,Batak
0111200,011120005,3.0,1.0,17.0,2.0,4.0,3.0,3.0,1.0,11.0,71.0,21.0,1.0,0.0,0.0,0.0,True,True,False,True,False,Batak
0111300,011130001,1.0,1.0,64.0,2.0,4.0,2.0,7.0,0.0,,11.0,12.0,2.0,0.0,0.0,0.0,False,True,False,False,False,Batak
0111300,011130003,3.0,3.0,44.0,2.0,4.0,2.0,5.0,0.0,,11.0,12.0,2.0,0.0,0.0,0.0,False,False,True,False,False,Batak
0111300,011130006,3.0,3.0,30.0,2.0,4.0,5.0,7.0,0.0,11.0,11.0,12.0,2.0,0.0,0.0,0.0,False,False,True,False,False,Batak
0111341,011134101,1.0,1.0,46.0,2.0,4.0,6.0,1.0,0.0,,11.0,12.0,2.0,0.0,0.0,0.0,False,True,False,False,False,Batak
0111351,011135101,1.0,1.0,39.0,2.0,4.0,2.0,7.0,0.0,11.0,11.0,12.0,2.0,0.0,0.0,0.0,False,True,False,False,False,Batak
0111400,011140003,2.0,3.0,30.0,2.0,4.0,2.0,7.0,0.0,,71.0,62.0,1.0,2000000.0,0.0,0.0,False,False,True,False,False,Batak
0111400,011140004,1.0,1.0,36.0,2.0,4.0,5.0,7.0,0.0,,71.0,62.0,1.0,0.0,0.0,0.0,False,True,False,False,False,Batak
0111400,011140008,13.0,3.0,15.0,2.0,4.0,6.0,0.0,1.0,11.0,71.0,62.0,1.0,0.0,0.0,0.0,True,False,True,False,True,Batak
0111500,011150003,8.0,1.0,47.0,1.0,4.0,5.0,7.0,0.0,,11.0,12.0,2.0,0.0,0.0,0.0,False,True,False,False,False,Batak
0111500,011150004,1.0,1.0,37.0,3.0,4.0,2.0,3.0,0.0,,11.0,12.0,2.0,0.0,0.0,0.0,False,True,False,False,False,Batak
0111500,011151202,9.0,3.0,45.0,1.0,4.0,5.0,7.0,0.0,,11.0,12.0,2.0,0.0,600000.0,13.304686600863562,False,False,True,False,False,Batak
0111500,011151203,13.0,3.0,19.0,1.0,4.0,61.0,98.0,1.0,11.0,75.0,12.0,1.0,0.0,0.0,0.0,True,False,True,False,True,Batak
0111500,011150008,13.0,3.0,15.0,1.0,4.0,5.0,0.0,1.0,11.0,75.0,12.0,1.0,0.0,0.0,0.0,True,False,True,False,True,Batak
0111500,011150009,2.0,3.0,32.0,3.0,4.0,5.0,1.0,0.0,,11.0,12.0,2.0,0.0,0.0,0.0,False,False,True,False,False,Batak
0111600,011160002,1.0,3.0,74.0,2.0,4.0,2.0,7.0,0.0,,11.0,12.0,2.0,0.0,0.0,0.0,False,False,True,False,False,Batak
0111600,011160003,3.0,1.0,33.0,2.0,4.0,5.0,7.0,0.0,,11.0,12.0,2.0,0.0,0.0,0.0,False,True,False,False,False,Batak
0111600,011160005,5.0,3.0,27.0,2.0,4.0,5.0,7.0,0.0,11.0,11.0,12.0,2.0,0.0,0.0,0.0,False,False,True,False,False,Batak
0111700,011170001,1.0,1.0,66.0,2.0,4.0,5.0,0.0,0.0,,11.0,12.0,2.0,0.0,0.0,0.0,False,True,False,False,False,Batak
0111700,011170002,2.0,3.0,58.0,2.0,4.0,2.0,7.0,0.0,,11.0,12.0,2.0,0.0,0.0,0.0,False,False,True,False,False,Batak
0111700,011170003,3.0,1.0,39.0,3.0,4.0,6.0,7.0,0.0,,11.0,12.0,2.0,0.0,0.0,0.0,False,True,False,False,False,Batak
0111700,011170005,3.0,1.0,35.0,1.0,4.0,6.0,7.0,0.0,,4.0,14.0,2.0,300000.0,3000000.0,14.914123179965662,False,True,False,False,False,Batak
0111700,011170006,3.0,3.0,33.0,2.0,4.0,5.0,7.0,0.0,,11.0,12.0,2.0,3000000.0,1000000.0,13.815511557963774,False,False,True,False,False,Batak
0111700,011170007,3.0,3.0,25.0,2.0,4.0,60.0,7.0,0.0,,2.0,62.0,2.0,1000000.0,2000000.0,14.508658238524095,False,False,True,False,False,Batak
0111731,011173102,2.0,3.0,35.0,3.0,4.0,6.0,7.0,0.0,,11.0,12.0,2.0,0.0,0.0,0.0,False,False,True,False,False,Batak
0111731,011173103,3.0,1.0,15.0,3.0,4.0,5.0,0.0,0.0,11.0,11.0,12.0,2.0,0.0,0.0,0.0,False,True,False,False,False,Batak
0111741,011174102,2.0,3.0,30.0,1.0,4.0,61.0,2.0,1.0,11.0,4.0,14.0,2.0,0.0,0.0,0.0,True,False,True,False,True,Batak
0111742,011174201,1.0,1.0,35.0,2.0,4.0,60.0,1.0,0.0,,11.0,12.0,2.0,300000.0,0.0,0.0,False,True,False,False,False,Batak
0111900,011190001,1.0,1.0,63.0,2.0,4.0,3.0,7.0,0.0,11.0,11.0,12.0,2.0,0.0,0.0,0.0,False,True,False,False,False,Batak
0111900,011190002,2.0,3.0,63.0,2.0,4.0,2.0,7.0,0.0,11.0,11.0,12.0,2.0,0.0,0.0,0.0,False,False,True,False,False,Batak
0112000,011200002,2.0,3.0,46.0,2.0,4.0,61.0,7.0,0.0,11.0,11.0,12.0,2.0,300000.0,300000.0,12.611541086966117,False,False,True,False,False,Batak
0112000,011200003,1.0,1.0,48.0,2.0,4.0,61.0,7.0,0.0,11.0,11.0,12.0,2.0,0.0,0.0,0.0,False,True,False,False,False,Batak
0112100,011210001,22.0,3.0,85.0,1.0,4.0,2.0,7.0,0.0,,11.0,12.0,2.0,0.0,0.0,0.0,False,False,True,False,False,Batak
0112100,011210003,2.0,3.0,38.0,1.0,4.0,3.0,7.0,0.0,,9.0,12.0,2.0,0.0,0.0,0.0,False,False,True,False,False,Batak
0112100,011210004,4.0,1.0,18.0,1.0,4.0,73.0,7.0,0.0,11.0,11.0,12.0,2.0,50000.0,100000.0,11.51293546492023,False,True,False,False,False,Batak
0112100,011210005,4.0,3.0,15.0,1.0,4.0,6.0,0.0,0.0,11.0,11.0,12.0,2.0,0.0,1000000.0,13.815511557963774,False,False,True,False,False,Batak
0112100,011210006,1.0,1.0,45.0,1.0,1.0,3.0,7.0,1.0,13.0,9.0,12.0,2.0,0.0,0.0,0.0,True,True,False,True,False,Batak
0112200,011220001,1.0,1.0,46.0,1.0,4.0,3.0,7.0,0.0,,11.0,12.0,2.0,0.0,0.0,0.0,False,True,False,False,False,Batak
0112200,011220002,21.0,3.0,54.0,2.0,4.0,2.0,98.0,0.0,,11.0,12.0,2.0,0.0,0.0,0.0,False,False,True,False,False,Batak
0112300,011230001,1.0,1.0,61.0,2.0,4.0,2.0,5.0,0.0,11.0,11.0,12.0,2.0,0.0,0.0,0.0,False,True,False,False,False,Batak
0112300,011230002,2.0,3.0,56.0,2.0,4.0,2.0,4.0,0.0,11.0,11.0,12.0,2.0,0.0,500000.0,13.122365377402328,False,False,True,False,False,Batak
0112300,011230003,3.0,1.0,38.0,2.0,4.0,2.0,2.0,0.0,11.0,11.0,12.0,2.0,0.0,0.0,0.0,False,True,False,False,False,Batak
0112300,011230006,3.0,1.0,32.0,2.0,4.0,2.0,7.0,0.0,11.0,11.0,12.0,2.0,0.0,0.0,0.0,False,True,False,False,False,Batak
0112300,011230008,5.0,3.0,29.0,2.0,4.0,5.0,7.0,0.0,11.0,11.0,12.0,2.0,0.0,0.0,0.0,False,False,True,False,False,Batak
0112341,011234102,2.0,3.0,26.0,2.0,4.0,5.0,1.0,0.0,,11.0,12.0,2.0,0.0,0.0,0.0,False,False,True,False,False,Batak
0112400,011240001,1.0,1.0,79.0,2.0,4.0,6.0,7.0,0.0,11.0,11.0,12.0,2.0,0.0,0.0,0.0,False,True,False,False,False,Batak
0112400,011240002,2.0,3.0,74.0,2.0,4.0,2.0,5.0,0.0,,11.0,12.0,2.0,0.0,0.0,0.0,False,False,True,False,False,Batak
0112400,011240003,3.0,1.0,40.0,2.0,4.0,61.0,3.0,0.0,11.0,11.0,12.0,2.0,0.0,0.0,0.0,False,True,False,False,False,Batak
0112400,011240009,3.0,3.0,44.0,2.0,4.0,60.0,7.0,0.0,11.0,11.0,12.0,2.0,0.0,0.0,0.0,False,False,True,False,False,Batak
0112400,011240010,5.0,1.0,44.0,2.0,4.0,2.0,98.0,0.0,11.0,11.0,12.0,2.0,0.0,0.0,0.0,False,True,False,False,False,Batak
0112451,011245102,2.0,3.0,28.0,2.0,4.0,5.0,7.0,1.0,9.0,11.0,12.0,2.0,5000000.0,0.0,0.0,True,False,True,False,True,Batak
0112500,011250001,1.0,1.0,65.0,2.0,4.0,2.0,4.0,0.0,,11.0,12.0,2.0,0.0,0.0,0.0,False,True,False,False,False,Batak
0112500,011250002,2.0,3.0,62.0,2.0,4.0,2.0,7.0,0.0,,11.0,12.0,2.0,500000.0,0.0,0.0,False,False,True,False,False,Batak
0112500,011250005,3.0,3.0,30.0,2.0,4.0,61.0,7.0,0.0,,12.0,12.0,1.0,0.0,0.0,0.0,False,False,True,False,False,Batak
0112542,011254202,1.0,1.0,35.0,2.0,4.0,6.0,7.0,0.0,12.0,12.0,12.0,1.0,0.0,0.0,0.0,False,True,False,False,False,Batak
0112600,011260002,1.0,3.0,66.0,2.0,4.0,1.0,96.0,0.0,,11.0,12.0,2.0,0.0,0.0,0.0,False,False,True,False,False,Batak
0112600,011260005,3.0,3.0,45.0,2.0,4.0,5.0,7.0,0.0,,11.0,12.0,2.0,0.0,0.0,0.0,False,False,True,False,False,Batak
0112600,011260006,10.0,3.0,21.0,2.0,4.0,5.0,7.0,0.0,11.0,11.0,12.0,2.0,0.0,0.0,0.0,False,False,True,False,False,Batak
0112600,011260007,10.0,1.0,19.0,2.0,4.0,5.0,7.0,1.0,11.0,72.0,31.0,1.0,100000.0,0.0,0.0,True,True,False,True,False,Batak
0112600,011260008,5.0,3.0,35.0,3.0,4.0,98.0,98.0,0.0,,11.0,12.0,2.0,0.0,0.0,0.0,False,False,True,False,False,Batak
0112632,011263204,1.0,1.0,47.0,2.0,4.0,2.0,7.0,0.0,,11.0,12.0,2.0,0.0,0.0,0.0,False,True,False,False,False,Batak
0112651,011265101,1.0,1.0,37.0,2.0,4.0,5.0,7.0,0.0,11.0,11.0,12.0,2.0,0.0,0.0,0.0,False,True,False,False,False,Batak
0112700,011270002,6.0,3.0,56.0,2.0,4.0,3.0,7.0,0.0,,11.0,12.0,2.0,0.0,0.0,0.0,False,False,True,False,False,Batak
0112700,011270003,8.0,3.0,35.0,2.0,4.0,61.0,7.0,0.0,,75.0,31.0,1.0,0.0,0.0,0.0,False,False,True,False,False,Batak
0112700,011270004,1.0,1.0,31.0,2.0,4.0,60.0,7.0,0.0,,11.0,12.0,2.0,300000.0,1000000.0,13.815511557963774,False,True,False,False,False,Batak
0112700,011270005,8.0,1.0,24.0,2.0,4.0,60.0,7.0,0.0,,75.0,31.0,1.0,0.0,0.0,0.0,False,True,False,False,False,Batak
0112700,011270007,2.0,3.0,25.0,2.0,4.0,61.0,1.0,0.0,11.0,11.0,12.0,2.0,0.0,0.0,0.0,False,False,True,False,False,Batak
0112741,011274101,1.0,1.0,38.0,2.0,4.0,60.0,7.0,0.0,,75.0,31.0,1.0,0.0,0.0,0.0,False,True,False,False,False,Batak
0120100,012010001,1.0,1.0,47.0,1.0,4.0,5.0,7.0,0.0,,12.0,12.0,1.0,0.0,100000.0,11.51293546492023,False,True,False,False,False,Batak
0120100,012010002,2.0,3.0,46.0,1.0,4.0,5.0,7.0,0.0,,12.0,12.0,1.0,300000.0,0.0,0.0,False,False,True,False,False,Batak
0120100,012010003,3.0,1.0,22.0,1.0,4.0,61.0,7.0,0.0,,12.0,12.0,1.0,0.0,0.0,0.0,False,True,False,False,False,Batak
0120100,012010004,3.0,1.0,20.0,1.0,4.0,61.0,3.0,1.0,75.0,12.0,12.0,1.0,0.0,0.0,0.0,True,True,False,True,False,Batak
0120100,012010005,3.0,1.0,16.0,1.0,4.0,5.0,2.0,1.0,75.0,12.0,12.0,1.0,0.0,0.0,0.0,True,True,False,True,False,Batak
0120100,012010006,3.0,3.0,15.0,1.0,4.0,5.0,0.0,1.0,75.0,12.0,12.0,1.0,0.0,5000.0,8.517393171418904,True,False,True,False,True,Batak
0120200,012020002,2.0,3.0,39.0,1.0,1.0,2.0,7.0,0.0,,12.0,12.0,1.0,0.0,0.0,0.0,False,False,True,False,False,Java
0120200,012020003,4.0,3.0,21.0,1.0,1.0,3.0,7.0,0.0,12.0,12.0,12.0,1.0,0.0,0.0,0.0,False,False,True,False,False,Java
0120200,012020009,1.0,1.0,33.0,1.0,1.0,3.0,7.0,0.0,12.0,12.0,12.0,1.0,0.0,0.0,0.0,False,True,False,False,False,Java
0120300,012030001,1.0,1.0,53.0,1.0,4.0,61.0,7.0,0.0,,75.0,12.0,1.0,0.0,0.0,0.0,False,True,False,False,False,Batak
0120300,012030002,2.0,3.0,46.0,1.0,4.0,5.0,7.0,0.0,,75.0,12.0,1.0,0.0,0.0,0.0,False,False,True,False,False,Batak
0120300,012030004,3.0,1.0,20.0,1.0,4.0,61.0,3.0,1.0,12.0,75.0,12.0,1.0,0.0,0.0,0.0,True,True,False,True,False,Batak
0120300,012030005,13.0,1.0,18.0,1.0,4.0,61.0,0.0,1.0,12.0,75.0,12.0,1.0,0.0,500000.0,13.122365377402328,True,True,False,True,False,Batak
0120400,012040002,1.0,3.0,54.0,1.0,1.0,73.0,7.0,0.0,,12.0,12.0,1.0,0.0,0.0,0.0,False,False,True,False,False,Batak
0120400,012040003,3.0,1.0,35.0,1.0,1.0,6.0,7.0,0.0,,12.0,12.0,1.0,0.0,0.0,0.0,False,True,False,False,False,Batak
0120400,012040004,3.0,3.0,30.0,1.0,4.0,61.0,2.0,0.0,,12.0,12.0,1.0,0.0,0.0,0.0,False,False,True,False,False,Batak
0120400,012040005,3.0,3.0,28.0,1.0,4.0,74.0,7.0,0.0,,12.0,12.0,1.0,300000.0,200000.0,12.206077645517674,False,False,True,False,False,Batak
0120400,012040006,3.0,1.0,25.0,1.0,4.0,60.0,1.0,0.0,,12.0,12.0,1.0,600000.0,1500000.0,14.220976332738882,False,True,False,False,False,Batak
0120400,012040007,3.0,3.0,19.0,1.0,4.0,61.0,2.0,0.0,12.0,12.0,12.0,1.0,400000.0,0.0,0.0,False,False,True,False,False,Batak
0120441,012044102,2.0,3.0,34.0,1.0,1.0,6.0,7.0,0.0,,12.0,12.0,1.0,0.0,0.0,0.0,False,False,True,False,False,Java
0120442,012044201,1.0,1.0,33.0,1.0,4.0,5.0,7.0,1.0,76.0,12.0,12.0,1.0,0.0,0.0,0.0,True,True,False,True,False,Batak
0120443,012044302,2.0,3.0,24.0,1.0,4.0,5.0,7.0,0.0,,12.0,12.0,1.0,0.0,0.0,0.0,False,False,True,False,False,Batak
0120451,012045101,1.0,1.0,30.0,1.0,4.0,74.0,7.0,1.0,10.0,12.0,12.0,1.0,0.0,0.0,0.0,True,True,False,True,False,Batak
0120500,012050001,1.0,1.0,53.0,1.0,1.0,5.0,7.0,1.0,6.0,12.0,12.0,1.0,0.0,0.0,0.0,True,True,False,True,False,Java
0120500,012050002,2.0,3.0,43.0,1.0,1.0,2.0,7.0,0.0,,12.0,12.0,1.0,0.0,0.0,0.0,False,False,True,False,False,Java
0120500,012050003,3.0,3.0,22.0,1.0,1.0,6.0,7.0,0.0,,12.0,12.0,1.0,100000.0,0.0,0.0,False,False,True,False,False,Java
0120500,012050004,3.0,1.0,20.0,1.0,1.0,3.0,7.0,0.0,12.0,12.0,12.0,1.0,0.0,0.0,0.0,False,True,False,False,False,Java
0120500,012050006,5.0,1.0,25.0,1.0,1.0,6.0,7.0,1.0,76.0,12.0,12.0,1.0,0.0,0.0,0.0,True,True,False,True,False,Java
0120600,012060001,1.0,1.0,59.0,1.0,1.0,2.0,5.0,0.0,13.0,13.0,12.0,2.0,300000.0,0.0,0.0,False,True,False,False,False,Java
0120600,012060002,2.0,3.0,49.0,1.0,1.0,2.0,3.0,0.0,,13.0,12.0,2.0,0.0,0.0,0.0,False,False,True,False,False,Java
0120600,012060003,3.0,3.0,31.0,1.0,1.0,3.0,7.0,1.0,98.0,2.0,14.0,1.0,0.0,0.0,0.0,True,False,True,False,True,Java
0120600,012060004,3.0,1.0,29.0,1.0,1.0,2.0,7.0,1.0,13.0,75.0,12.0,1.0,0.0,0.0,0.0,True,True,False,True,False,Java
0120600,012060006,3.0,3.0,24.0,1.0,1.0,3.0,1.0,0.0,,13.0,12.0,2.0,0.0,0.0,0.0,False,False,True,False,False,Java
0120651,012065102,3.0,3.0,31.0,1.0,1.0,6.0,7.0,0.0,75.0,75.0,12.0,1.0,0.0,0.0,0.0,False,False,True,False,False,Java
0120700,012070001,1.0,1.0,54.0,1.0,1.0,3.0,7.0,0.0,,12.0,12.0,1.0,0.0,0.0,0.0,False,True,False,False,False,Java
0120700,012070002,2.0,3.0,54.0,1.0,1.0,3.0,7.0,0.0,,12.0,12.0,1.0,0.0,0.0,0.0,False,False,True,False,False,Java
0120700,012070003,3.0,3.0,33.0,1.0,1.0,60.0,7.0,0.0,,12.0,12.0,1.0,0.0,0.0,0.0,False,False,True,False,False,Java
0120700,012070004,3.0,3.0,31.0,1.0,1.0,61.0,7.0,0.0,,12.0,12.0,1.0,0.0,0.0,0.0,False,False,True,False,False,Java
0120700,012070005,3.0,1.0,22.0,1.0,1.0,61.0,3.0,0.0,,12.0,12.0,1.0,0.0,0.0,0.0,False,True,False,False,False,Java
0120700,012070006,3.0,3.0,19.0,1.0,1.0,61.0,1.0,0.0,12.0,12.0,12.0,1.0,150000.0,200000.0,12.206077645517674,False,False,True,False,False,Java
0120741,012074101,1.0,1.0,37.0,1.0,9.0,61.0,1.0,0.0,,12.0,12.0,1.0,0.0,0.0,0.0,False,True,False,False,False,Minang
0120742,012074201,1.0,1.0,34.0,1.0,1.0,60.0,7.0,0.0,,12.0,12.0,1.0,1000000.0,0.0,0.0,False,True,False,False,False,Java
0120952,012095201,1.0,1.0,34.0,1.0,4.0,3.0,7.0,0.0,9.0,9.0,12.0,1.0,0.0,500000.0,13.122365377402328,False,True,False,False,False,Batak
0121200,012120001,1.0,1.0,64.0,1.0,4.0,3.0,7.0,0.0,,12.0,12.0,1.0,0.0,0.0,0.0,False,True,False,False,False,Batak
0121200,012120002,2.0,3.0,56.0,1.0,1.0,2.0,7.0,0.0,,12.0,12.0,1.0,150000.0,0.0,0.0,False,False,True,False,False,Batak
0121200,012120003,3.0,3.0,34.0,1.0,4.0,60.0,7.0,0.0,,12.0,12.0,1.0,300000.0,0.0,0.0,False,False,True,False,False,Batak
0121200,012120004,3.0,1.0,30.0,1.0,4.0,6.0,7.0,0.0,,75.0,12.0,1.0,0.0,7000000.0,15.76142084987672,False,True,False,False,False,Batak
0121241,012124101,1.0,1.0,35.0,1.0,1.0,6.0,7.0,0.0,,12.0,12.0,1.0,0.0,0.0,0.0,False,True,False,False,False,Java
0121251,012125102,2.0,3.0,26.0,1.0,4.0,5.0,7.0,0.0,75.0,75.0,12.0,1.0,0.0,0.0,0.0,False,False,True,False,False,Batak
0121300,012130001,17.0,1.0,56.0,1.0,2.0,3.0,7.0,1.0,75.0,23.0,12.0,2.0,0.0,0.0,0.0,True,True,False,True,False,Java
0121300,012130002,2.0,3.0,54.0,1.0,1.0,2.0,7.0,0.0,12.0,12.0,12.0,2.0,0.0,0.0,0.0,False,False,True,False,False,Java
0121300,012130006,4.0,3.0,30.0,1.0,1.0,3.0,7.0,0.0,12.0,12.0,12.0,1.0,0.0,0.0,0.0,False,False,True,False,False,Java
0121300,012130007,4.0,3.0,20.0,1.0,1.0,6.0,7.0,0.0,12.0,12.0,12.0,2.0,0.0,0.0,0.0,False,False,True,False,False,Java
0121300,012130012,1.0,1.0,45.0,1.0,1.0,3.0,2.0,0.0,12.0,12.0,12.0,2.0,0.0,0.0,0.0,False,True,False,False,False,Java
0121351,012135102,2.0,3.0,42.0,1.0,1.0,2.0,7.0,0.0,23.0,23.0,12.0,2.0,0.0,0.0,0.0,False,False,True,False,False,Java
0121352,012135201,1.0,1.0,31.0,1.0,4.0,3.0,7.0,0.0,12.0,12.0,12.0,1.0,0.0,0.0,0.0,False,True,False,False,False,Batak
0121400,012140004,8.0,3.0,43.0,1.0,1.0,2.0,2.0,0.0,,12.0,12.0,1.0,0.0,0.0,0.0,False,False,True,False,False,Java
0121400,012140005,8.0,1.0,40.0,1.0,1.0,2.0,2.0,0.0,12.0,12.0,12.0,1.0,0.0,0.0,0.0,False,True,False,False,False,Java
0121400,012140006,8.0,3.0,38.0,1.0,1.0,2.0,2.0,0.0,,12.0,12.0,1.0,0.0,0.0,0.0,False,False,True,False,False,Java
0121400,012140007,1.0,1.0,32.0,1.0,1.0,3.0,1.0,0.0,,12.0,12.0,1.0,0.0,100000.0,11.51293546492023,False,True,False,False,False,Java
0121400,012140008,8.0,1.0,30.0,1.0,1.0,5.0,1.0,0.0,12.0,12.0,12.0,1.0,0.0,0.0,0.0,False,True,False,False,False,Java
0121400,012140011,17.0,3.0,19.0,1.0,1.0,3.0,7.0,1.0,12.0,75.0,12.0,1.0,4000000.0,0.0,0.0,True,False,True,False,True,Java
0121400,012140012,2.0,3.0,25.0,1.0,1.0,5.0,7.0,1.0,13.0,12.0,12.0,1.0,500000.0,0.0,0.0,True,False,True,False,True,Java
0121432,012143202,1.0,1.0,42.0,1.0,1.0,4.0,7.0,0.0,,12.0,12.0,1.0,0.0,200000.0,12.206077645517674,False,True,False,False,False,Java
0121432,012143203,3.0,1.0,20.0,1.0,1.0,6.0,7.0,0.0,12.0,12.0,12.0,1.0,0.0,0.0,0.0,False,True,False,False,False,Java
0121432,012143204,3.0,1.0,16.0,1.0,1.0,6.0,1.0,0.0,12.0,12.0,12.0,1.0,0.0,0.0,0.0,False,True,False,False,False,Java
0121433,012143302,2.0,3.0,39.0,1.0,4.0,6.0,7.0,0.0,,12.0,12.0,1.0,0.0,0.0,0.0,False,False,True,False,False,Batak
0121434,012143401,1.0,1.0,40.0,1.0,1.0,3.0,7.0,0.0,,12.0,12.0,1.0,0.0,0.0,0.0,False,True,False,False,False,Java
0121451,012145102,2.0,3.0,32.0,1.0,4.0,5.0,7.0,1.0,5.0,12.0,12.0,1.0,0.0,0.0,0.0,True,False,True,False,True,Java
0121452,012145203,3.0,1.0,22.0,1.0,4.0,6.0,7.0,0.0,75.0,75.0,12.0,1.0,0.0,300000.0,12.611541086966117,False,True,False,False,False,Batak
0121500,012150004,13.0,3.0,32.0,1.0,19.0,3.0,1.0,0.0,,12.0,12.0,1.0,0.0,0.0,0.0,False,False,True,False,False,Batak
0121600,012160003,9.0,1.0,50.0,1.0,1.0,6.0,7.0,0.0,12.0,12.0,12.0,1.0,0.0,0.0,0.0,False,True,False,False,False,Java
0121600,012160006,9.0,1.0,40.0,1.0,1.0,3.0,7.0,0.0,12.0,12.0,12.0,1.0,0.0,0.0,0.0,False,True,False,False,False,Java
0121600,012160007,9.0,3.0,38.0,1.0,1.0,2.0,7.0,0.0,12.0,12.0,12.0,1.0,0.0,0.0,0.0,False,False,True,False,False,Java
0121600,012160013,1.0,1.0,45.0,1.0,1.0,6.0,7.0,0.0,12.0,12.0,12.0,1.0,0.0,0.0,0.0,False,True,False,False,False,Java
0121600,012160014,2.0,3.0,48.0,1.0,1.0,2.0,7.0,0.0,12.0,12.0,12.0,1.0,0.0,0.0,0.0,False,False,True,False,False,Java
0121652,012165202,2.0,3.0,36.0,1.0,1.0,3.0,7.0,1.0,77.0,12.0,12.0,1.0,0.0,0.0,0.0,True,False,True,False,True,Java
0121653,012165302,2.0,3.0,42.0,1.0,1.0,6.0,7.0,1.0,73.0,12.0,12.0,1.0,0.0,200000.0,12.206077645517674,True,False,True,False,True,Java
0121700,012170001,1.0,1.0,53.0,1.0,1.0,2.0,2.0,0.0,,12.0,12.0,1.0,0.0,0.0,0.0,False,True,False,False,False,Java
0121700,012170002,2.0,3.0,48.0,1.0,1.0,2.0,2.0,0.0,,12.0,12.0,1.0,200000.0,0.0,0.0,False,False,True,False,False,Java
0121700,012170003,3.0,3.0,28.0,1.0,1.0,5.0,7.0,0.0,,12.0,12.0,1.0,0.0,0.0,0.0,False,False,True,False,False,Java
0121700,012170004,3.0,3.0,27.0,1.0,1.0,6.0,7.0,0.0,,12.0,12.0,1.0,0.0,0.0,0.0,False,False,True,False,False,Java
0121700,012170005,3.0,3.0,23.0,1.0,1.0,5.0,1.0,0.0,,12.0,12.0,1.0,500000.0,0.0,0.0,False,False,True,False,False,Java
0121700,012170006,3.0,1.0,17.0,1.0,1.0,6.0,2.0,0.0,12.0,12.0,12.0,1.0,0.0,220000.0,12.301387370778713,False,True,False,False,False,Java
0121751,012175101,1.0,1.0,27.0,1.0,1.0,6.0,7.0,0.0,12.0,12.0,12.0,1.0,0.0,0.0,0.0,False,True,False,False,False,Java
0121800,012180002,1.0,3.0,58.0,1.0,1.0,3.0,2.0,0.0,,12.0,12.0,1.0,300000.0,200000.0,12.206077645517674,False,False,True,False,False,Java
0121800,012180004,3.0,1.0,34.0,1.0,1.0,6.0,7.0,0.0,,12.0,12.0,1.0,0.0,0.0,0.0,False,True,False,False,False,Java
0121800,012180005,3.0,1.0,29.0,1.0,1.0,61.0,7.0,0.0,,12.0,12.0,1.0,200000.0,3000000.0,14.914123179965662,False,True,False,False,False,Java
0121800,012180006,5.0,3.0,34.0,1.0,4.0,61.0,7.0,0.0,,12.0,12.0,1.0,200000.0,0.0,0.0,False,False,True,False,False,Java
0121800,012180008,5.0,3.0,25.0,1.0,1.0,61.0,7.0,0.0,12.0,12.0,12.0,1.0,0.0,0.0,0.0,False,False,True,False,False,Java
0121900,012190001,1.0,1.0,60.0,1.0,1.0,3.0,2.0,0.0,,12.0,12.0,1.0,0.0,0.0,0.0,False,True,False,False,False,Java
0121900,012190002,2.0,3.0,56.0,1.0,1.0,2.0,7.0,0.0,,12.0,12.0,1.0,0.0,0.0,0.0,False,False,True,False,False,Java
0121900,012190004,3.0,3.0,37.0,1.0,1.0,3.0,7.0,0.0,,12.0,12.0,1.0,0.0,0.0,0.0,False,False,True,False,False,Java
0121900,012190007,3.0,1.0,31.0,1.0,1.0,3.0,7.0,0.0,12.0,12.0,12.0,1.0,0.0,0.0,0.0,False,True,False,False,False,Java
0121900,012190008,3.0,3.0,28.0,1.0,1.0,3.0,7.0,0.0,,12.0,12.0,1.0,0.0,0.0,0.0,False,False,True,False,False,Java
0121900,012190010,3.0,1.0,23.0,1.0,1.0,3.0,7.0,0.0,,12.0,12.0,1.0,100000.0,400000.0,12.899222326086994,False,True,False,False,False,Java
0121900,012190011,3.0,1.0,21.0,1.0,1.0,3.0,7.0,0.0,,12.0,12.0,1.0,0.0,0.0,0.0,False,True,False,False,False,Java
0121900,012190012,17.0,1.0,46.0,1.0,1.0,98.0,98.0,0.0,,8.0,14.0,2.0,0.0,0.0,0.0,False,True,False,False,False,Java
0121931,012193107,2.0,3.0,48.0,1.0,1.0,2.0,0.0,1.0,5.0,8.0,14.0,2.0,0.0,0.0,0.0,True,False,True,False,True,Java
0121941,012194101,1.0,1.0,39.0,1.0,1.0,6.0,7.0,0.0,,12.0,12.0,1.0,0.0,0.0,0.0,False,True,False,False,False,Java
0121951,012195102,2.0,3.0,32.0,1.0,4.0,3.0,2.0,0.0,12.0,12.0,12.0,1.0,0.0,0.0,0.0,False,False,True,False,False,Java
0121952,012195201,1.0,1.0,28.0,1.0,19.0,3.0,7.0,1.0,18.0,12.0,12.0,1.0,0.0,0.0,0.0,True,True,False,True,False,Java
0130100,013010001,1.0,1.0,43.0,1.0,4.0,2.0,2.0,0.0,,12.0,12.0,2.0,0.0,0.0,0.0,False,True,False,False,False,Java
0130100,013010004,3.0,3.0,22.0,1.0,4.0,3.0,0.0,1.0,98.0,12.0,12.0,2.0,0.0,0.0,0.0,True,False,True,False,True,Java
0130100,013010005,3.0,3.0,19.0,1.0,4.0,3.0,0.0,1.0,12.0,19.0,12.0,1.0,0.0,0.0,0.0,True,False,True,False,True,Java
0130100,013010006,2.0,3.0,32.0,1.0,1.0,72.0,1.0,1.0,73.0,12.0,12.0,2.0,0.0,0.0,0.0,True,False,True,False,True,Java
0130151,013015101,1.0,1.0,29.0,1.0,1.0,6.0,7.0,0.0,12.0,12.0,12.0,2.0,0.0,0.0,0.0,False,True,False,False,False,Java
0130152,013015201,1.0,1.0,25.0,1.0,4.0,5.0,7.0,0.0,19.0,19.0,12.0,1.0,0.0,0.0,0.0,False,True,False,False,False,Batak
0130200,013020001,6.0,1.0,56.0,1.0,1.0,2.0,7.0,0.0,,12.0,12.0,2.0,0.0,0.0,0.0,False,True,False,False,False,Java
0130200,013020002,6.0,3.0,49.0,1.0,1.0,2.0,7.0,0.0,,12.0,12.0,2.0,0.0,0.0,0.0,False,False,True,False,False,Java
0130200,013020003,1.0,1.0,31.0,1.0,1.0,6.0,7.0,0.0,,12.0,12.0,2.0,0.0,0.0,0.0,False,True,False,False,False,Java
0130200,013020004,8.0,1.0,29.0,1.0,1.0,6.0,7.0,0.0,,12.0,12.0,1.0,200000.0,0.0,0.0,False,True,False,False,False,Java
0130200,013020005,8.0,3.0,27.0,1.0,1.0,5.0,7.0,0.0,,9.0,14.0,2.0,0.0,50000.0,10.819798284210286,False,False,True,False,False,Java
0130200,013020006,2.0,3.0,26.0,1.0,1.0,6.0,7.0,0.0,12.0,12.0,12.0,2.0,0.0,0.0,0.0,False,False,True,False,False,Java
0130241,013024102,2.0,3.0,27.0,1.0,1.0,5.0,7.0,0.0,,12.0,12.0,1.0,0.0,0.0,0.0,False,False,True,False,False,Java
0130252,013025201,1.0,1.0,31.0,1.0,1.0,3.0,7.0,1.0,12.0,9.0,14.0,2.0,100000.0,100000.0,11.51293546492023,True,True,False,True,False,Java
0130400,013040001,1.0,1.0,44.0,1.0,1.0,3.0,7.0,0.0,,12.0,12.0,2.0,0.0,0.0,0.0,False,True,False,False,False,Java
0130400,013040002,2.0,3.0,40.0,1.0,1.0,2.0,7.0,0.0,,12.0,12.0,2.0,0.0,0.0,0.0,False,False,True,False,False,Java
0130400,013040004,3.0,1.0,16.0,1.0,1.0,5.0,0.0,0.0,12.0,12.0,12.0,2.0,0.0,50000.0,10.819798284210286,False,True,False,False,False,Java
0130500,013050002,6.0,3.0,55.0,1.0,1.0,2.0,7.0,0.0,,12.0,12.0,2.0,0.0,0.0,0.0,False,False,True,False,False,Java
0130500,013050003,8.0,1.0,37.0,1.0,1.0,6.0,7.0,0.0,,12.0,12.0,1.0,0.0,0.0,0.0,False,True,False,False,False,Java
0130500,013050004,8.0,3.0,35.0,1.0,1.0,6.0,7.0,0.0,,12.0,12.0,1.0,300000.0,600000.0,13.304686600863562,False,False,True,False,False,Java
0130500,013050005,1.0,1.0,31.0,1.0,1.0,3.0,7.0,0.0,,12.0,12.0,2.0,0.0,0.0,0.0,False,True,False,False,False,Java
0130500,013050006,2.0,3.0,31.0,1.0,1.0,5.0,7.0,0.0,,12.0,12.0,2.0,0.0,0.0,0.0,False,False,True,False,False,Java
0130531,013053102,2.0,3.0,38.0,1.0,1.0,6.0,7.0,0.0,,12.0,12.0,1.0,0.0,0.0,0.0,False,False,True,False,False,Java
0130531,013053103,3.0,3.0,15.0,1.0,1.0,6.0,0.0,0.0,12.0,12.0,12.0,1.0,0.0,0.0,0.0,False,False,True,False,False,Java
0130541,013054101,1.0,1.0,35.0,1.0,1.0,3.0,1.0,0.0,,12.0,12.0,1.0,0.0,0.0,0.0,False,True,False,False,False,Java
0130600,013060001,1.0,1.0,50.0,1.0,1.0,6.0,7.0,0.0,,12.0,12.0,2.0,500000.0,0.0,0.0,False,True,False,False,False,Java
0130600,013060002,2.0,3.0,45.0,1.0,4.0,5.0,7.0,0.0,,12.0,12.0,2.0,0.0,0.0,0.0,False,False,True,False,False,Java
0130600,013060003,3.0,3.0,25.0,1.0,1.0,60.0,1.0,0.0,,12.0,12.0,1.0,100000.0,0.0,0.0,False,False,True,False,False,Java
0130600,013060005,3.0,1.0,16.0,1.0,1.0,6.0,1.0,0.0,12.0,12.0,12.0,2.0,0.0,100000.0,11.51293546492023,False,True,False,False,False,Java
0130651,013065101,1.0,1.0,32.0,1.0,1.0,6.0,7.0,0.0,12.0,12.0,12.0,1.0,0.0,0.0,0.0,False,True,False,False,False,Java
0130700,013070001,1.0,1.0,58.0,1.0,1.0,3.0,7.0,0.0,,12.0,12.0,2.0,2808000.0,50000.0,10.819798284210286,False,True,False,False,False,Java
0130700,013070002,2.0,3.0,63.0,1.0,1.0,2.0,7.0,0.0,,12.0,12.0,2.0,0.0,0.0,0.0,False,False,True,False,False,Java
0130700,013070003,3.0,1.0,39.0,1.0,1.0,2.0,5.0,0.0,,12.0,12.0,2.0,0.0,400000.0,12.899222326086994,False,True,False,False,False,Java
0130700,013070004,3.0,3.0,36.0,1.0,1.0,61.0,7.0,0.0,,12.0,12.0,2.0,0.0,0.0,0.0,False,False,True,False,False,Java
0130700,013070005,3.0,1.0,32.0,1.0,1.0,5.0,2.0,0.0,,12.0,12.0,2.0,600000.0,1400000.0,14.151983508870948,False,True,False,False,False,Java
0130700,013070008,10.0,3.0,18.0,1.0,1.0,5.0,2.0,0.0,12.0,12.0,12.0,2.0,0.0,0.0,0.0,False,False,True,False,False,Java
0130700,013070011,5.0,1.0,32.0,1.0,1.0,3.0,7.0,0.0,12.0,12.0,12.0,2.0,0.0,0.0,0.0,False,True,False,False,False,Java
0130751,013075102,2.0,3.0,22.0,1.0,4.0,5.0,7.0,0.0,12.0,12.0,12.0,2.0,500000.0,0.0,0.0,False,False,True,False,False,Batak
0130800,013080001,12.0,1.0,60.0,1.0,1.0,98.0,98.0,0.0,,12.0,12.0,1.0,100000.0,50000.0,10.819798284210286,False,True,False,False,False,Java
0130800,013080002,12.0,3.0,55.0,1.0,1.0,98.0,98.0,0.0,,12.0,12.0,2.0,0.0,0.0,0.0,False,False,True,False,False,Java
0130800,013080004,14.0,3.0,33.0,1.0,1.0,5.0,7.0,0.0,,12.0,12.0,1.0,0.0,0.0,0.0,False,False,True,False,False,Java
0130800,013080005,1.0,1.0,28.0,1.0,1.0,6.0,7.0,0.0,12.0,12.0,12.0,2.0,0.0,0.0,0.0,False,True,False,False,False,Java
0130800,013080007,13.0,3.0,17.0,1.0,1.0,5.0,2.0,0.0,12.0,12.0,12.0,1.0,100000.0,150000.0,11.918397239722838,False,False,True,False,False,Java
0130800,013080008,2.0,3.0,20.0,1.0,1.0,3.0,7.0,0.0,12.0,12.0,12.0,2.0,0.0,0.0,0.0,False,False,True,False,False,Java
0130841,013084101,1.0,1.0,38.0,1.0,1.0,6.0,7.0,0.0,,12.0,12.0,1.0,0.0,0.0,0.0,False,True,False,False,False,Java
0130900,013090001,1.0,1.0,50.0,1.0,1.0,2.0,7.0,0.0,,12.0,12.0,2.0,500000.0,0.0,0.0,False,True,False,False,False,Java
0130900,013090002,2.0,3.0,53.0,1.0,1.0,2.0,7.0,0.0,,12.0,12.0,2.0,0.0,0.0,0.0,False,False,True,False,False,Java
0130900,013090003,3.0,1.0,26.0,1.0,1.0,6.0,7.0,0.0,,12.0,12.0,2.0,0.0,0.0,0.0,False,True,False,False,False,Java
0130900,013090004,7.0,3.0,91.0,1.0,1.0,2.0,0.0,0.0,12.0,12.0,12.0,2.0,0.0,0.0,0.0,False,False,True,False,False,Java
0130900,013090005,13.0,1.0,35.0,1.0,1.0,6.0,7.0,0.0,,12.0,12.0,2.0,0.0,0.0,0.0,False,True,False,False,False,Java
0130900,013090007,3.0,1.0,20.0,1.0,1.0,6.0,7.0,0.0,12.0,12.0,12.0,2.0,0.0,0.0,0.0,False,True,False,False,False,Java
0130941,013094102,21.0,1.0,30.0,1.0,4.0,3.0,7.0,0.0,,12.0,12.0,2.0,0.0,0.0,0.0,False,True,False,False,False,Java
0130951,013095102,2.0,3.0,22.0,1.0,1.0,5.0,2.0,0.0,12.0,12.0,12.0,2.0,0.0,0.0,0.0,False,False,True,False,False,Java
0131000,013100001,1.0,1.0,53.0,1.0,1.0,2.0,5.0,0.0,,12.0,12.0,2.0,0.0,0.0,0.0,False,True,False,False,False,Java
0131000,013100002,2.0,3.0,50.0,1.0,1.0,2.0,5.0,0.0,,12.0,12.0,2.0,0.0,0.0,0.0,False,False,True,False,False,Java
0131000,013100003,3.0,1.0,33.0,1.0,1.0,6.0,7.0,1.0,12.0,22.0,12.0,2.0,0.0,0.0,0.0,True,True,False,True,False,Java
0131000,013100004,3.0,3.0,32.0,1.0,1.0,6.0,7.0,0.0,,9.0,14.0,2.0,200000.0,0.0,0.0,False,False,True,False,False,Java
0131000,013100005,3.0,3.0,24.0,1.0,1.0,6.0,7.0,0.0,,12.0,12.0,2.0,300000.0,500000.0,13.122365377402328,False,False,True,False,False,Java
0131041,013104107,1.0,1.0,35.0,1.0,1.0,2.0,7.0,1.0,12.0,9.0,14.0,2.0,0.0,0.0,0.0,True,True,False,True,False,Java
0131051,013105102,2.0,3.0,28.0,1.0,1.0,61.0,7.0,1.0,7.0,22.0,12.0,2.0,0.0,0.0,0.0,True,False,True,False,True,Java
0131052,013105201,1.0,1.0,31.0,1.0,1.0,6.0,7.0,0.0,12.0,12.0,12.0,2.0,200000.0,0.0,0.0,False,True,False,False,False,Java
0131100,013110002,6.0,3.0,63.0,1.0,1.0,2.0,98.0,0.0,12.0,12.0,12.0,1.0,0.0,0.0,0.0,False,False,True,False,False,Java
0131100,013110004,1.0,1.0,41.0,1.0,1.0,3.0,7.0,1.0,12.0,9.0,14.0,1.0,200000.0,0.0,0.0,True,True,False,True,False,Java
0131100,013110006,8.0,1.0,30.0,1.0,1.0,5.0,7.0,0.0,,12.0,12.0,1.0,0.0,0.0,0.0,False,True,False,False,False,Java
0131100,013110008,2.0,3.0,38.0,1.0,1.0,2.0,7.0,1.0,22.0,9.0,14.0,1.0,0.0,0.0,0.0,True,False,True,False,True,Java
0131100,013110009,3.0,3.0,16.0,1.0,1.0,5.0,1.0,0.0,9.0,9.0,14.0,1.0,0.0,0.0,0.0,False,False,True,False,False,Java
0131151,013115102,2.0,3.0,28.0,1.0,4.0,6.0,7.0,0.0,12.0,12.0,12.0,1.0,0.0,0.0,0.0,False,False,True,False,False,Java
0131200,013120001,1.0,1.0,46.0,1.0,1.0,3.0,7.0,0.0,,12.0,12.0,2.0,0.0,0.0,0.0,False,True,False,False,False,Java
0131200,013120003,3.0,3.0,24.0,1.0,1.0,74.0,2.0,0.0,,73.0,12.0,1.0,0.0,0.0,0.0,False,False,True,False,False,Java
0131200,013120004,3.0,3.0,21.0,1.0,1.0,3.0,7.0,0.0,,12.0,12.0,2.0,0.0,0.0,0.0,False,False,True,False,False,Java
0131200,013120008,2.0,3.0,34.0,1.0,1.0,74.0,7.0,0.0,12.0,12.0,12.0,2.0,0.0,0.0,0.0,False,False,True,False,False,Java
0131251,013125101,1.0,1.0,39.0,1.0,4.0,5.0,7.0,0.0,73.0,73.0,12.0,1.0,0.0,0.0,0.0,False,True,False,False,False,Batak
0131252,013125201,1.0,1.0,25.0,1.0,1.0,3.0,7.0,0.0,12.0,12.0,12.0,2.0,1000000.0,50000.0,10.819798284210286,False,True,False,False,False,Java
0131300,013130001,1.0,1.0,49.0,1.0,1.0,3.0,7.0,0.0,,12.0,12.0,2.0,0.0,0.0,0.0,False,True,False,False,False,Java
0131300,013130002,21.0,3.0,46.0,1.0,1.0,98.0,98.0,0.0,,12.0,12.0,1.0,0.0,0.0,0.0,False,False,True,False,False,Java
0131300,013130004,3.0,3.0,19.0,1.0,1.0,6.0,7.0,0.0,12.0,12.0,12.0,1.0,0.0,0.0,0.0,False,False,True,False,False,Java
0131300,013130006,2.0,3.0,46.0,1.0,1.0,2.0,7.0,0.0,12.0,12.0,12.0,2.0,0.0,0.0,0.0,False,False,True,False,False,Java
0131400,013140001,1.0,1.0,62.0,1.0,1.0,3.0,7.0,0.0,,12.0,12.0,2.0,0.0,0.0,0.0,False,True,False,False,False,Java
0131400,013140002,2.0,3.0,57.0,1.0,1.0,2.0,4.0,0.0,,12.0,12.0,2.0,300000.0,0.0,0.0,False,False,True,False,False,Java
0131400,013140003,3.0,1.0,35.0,1.0,1.0,3.0,7.0,0.0,12.0,12.0,12.0,2.0,0.0,0.0,0.0,False,True,False,False,False,Java
0131400,013140005,3.0,1.0,32.0,1.0,1.0,73.0,7.0,0.0,,12.0,12.0,1.0,0.0,200000.0,12.206077645517674,False,True,False,False,False,Java
0131400,013140006,3.0,3.0,30.0,1.0,1.0,73.0,1.0,0.0,,12.0,12.0,1.0,0.0,0.0,0.0,False,False,True,False,False,Java
0131400,013140007,3.0,1.0,25.0,1.0,1.0,3.0,7.0,0.0,,12.0,12.0,2.0,0.0,0.0,0.0,False,True,False,False,False,Java
0131400,013140008,3.0,1.0,21.0,1.0,1.0,73.0,7.0,0.0,,12.0,12.0,2.0,0.0,0.0,0.0,False,True,False,False,False,Java
0131400,013140009,3.0,1.0,18.0,1.0,1.0,6.0,2.0,0.0,12.0,12.0,12.0,2.0,0.0,0.0,0.0,False,True,False,False,False,Java
0131442,013144202,2.0,3.0,33.0,1.0,1.0,3.0,7.0,0.0,,12.0,12.0,1.0,0.0,0.0,0.0,False,False,True,False,False,Java
0131451,013145102,2.0,3.0,35.0,1.0,1.0,74.0,7.0,0.0,12.0,12.0,12.0,2.0,0.0,0.0,0.0,False,False,True,False,False,Java
0131452,013145201,1.0,1.0,50.0,1.0,1.0,3.0,7.0,0.0,12.0,12.0,12.0,1.0,0.0,0.0,0.0,False,True,False,False,False,Java
0131453,013145302,2.0,3.0,22.0,1.0,1.0,6.0,7.0,0.0,12.0,12.0,12.0,2.0,0.0,0.0,0.0,False,False,True,False,False,Java
0131500,013150002,1.0,3.0,52.0,1.0,1.0,2.0,1.0,0.0,,18.0,12.0,2.0,0.0,0.0,0.0,False,False,True,False,False,Java
0131500,013150003,3.0,3.0,25.0,1.0,1.0,3.0,7.0,0.0,,18.0,12.0,2.0,500000.0,200000.0,12.206077645517674,False,False,True,False,False,Java
0131500,013150004,3.0,3.0,21.0,1.0,1.0,3.0,7.0,0.0,,18.0,12.0,1.0,0.0,0.0,0.0,False,False,True,False,False,Java
0131500,013150005,5.0,1.0,25.0,1.0,1.0,3.0,7.0,0.0,18.0,18.0,12.0,2.0,0.0,0.0,0.0,False,True,False,False,False,Java
0131600,013160001,1.0,1.0,60.0,1.0,1.0,3.0,2.0,0.0,,12.0,12.0,1.0,300000.0,200000.0,12.206077645517674,False,True,False,False,False,Java
0131600,013160002,2.0,3.0,55.0,1.0,1.0,2.0,3.0,0.0,,12.0,12.0,1.0,0.0,0.0,0.0,False,False,True,False,False,Java
0131600,013160003,3.0,1.0,34.0,1.0,1.0,6.0,7.0,0.0,12.0,12.0,12.0,1.0,0.0,500000.0,13.122365377402328,False,True,False,False,False,Java
0131600,013160004,3.0,3.0,32.0,1.0,1.0,6.0,7.0,0.0,,12.0,12.0,1.0,500000.0,0.0,0.0,False,False,True,False,False,Java
0131641,013164101,1.0,1.0,35.0,1.0,4.0,5.0,7.0,0.0,,12.0,12.0,1.0,0.0,0.0,0.0,False,True,False,False,False,Batak
0131651,013165102,2.0,3.0,31.0,1.0,4.0,5.0,7.0,0.0,12.0,12.0,12.0,1.0,0.0,100000.0,11.51293546492023,False,False,True,False,False,Java
0131700,013170001,1.0,1.0,50.0,1.0,1.0,5.0,98.0,0.0,,76.0,13.0,2.0,0.0,0.0,0.0,False,True,False,False,False,Minang
0131700,013170002,2.0,3.0,50.0,1.0,9.0,3.0,7.0,0.0,,76.0,13.0,2.0,200000.0,0.0,0.0,False,False,True,False,False,Minang
0131700,013170003,3.0,1.0,23.0,1.0,9.0,60.0,1.0,0.0,,76.0,13.0,2.0,0.0,0.0,0.0,False,True,False,False,False,Minang
0131700,013170006,5.0,3.0,21.0,1.0,9.0,61.0,2.0,1.0,75.0,76.0,13.0,2.0,0.0,100000.0,11.51293546492023,True,False,True,False,True,Minang
0131900,013190001,1.0,1.0,83.0,1.0,1.0,2.0,2.0,0.0,,12.0,12.0,2.0,10000.0,65000.0,11.082157933374816,False,True,False,False,False,Java
0131900,013190002,2.0,3.0,73.0,1.0,1.0,2.0,3.0,0.0,,12.0,12.0,2.0,0.0,300000.0,12.611541086966117,False,False,True,False,False,Java
0131900,013190003,3.0,1.0,40.0,1.0,1.0,3.0,7.0,0.0,,12.0,12.0,2.0,200000.0,0.0,0.0,False,True,False,False,False,Java
0131900,013190004,3.0,1.0,29.0,1.0,1.0,6.0,2.0,0.0,12.0,12.0,12.0,2.0,0.0,0.0,0.0,False,True,False,False,False,Java
0131941,013194102,2.0,3.0,40.0,1.0,19.0,3.0,7.0,0.0,,12.0,12.0,2.0,200000.0,0.0,0.0,False,False,True,False,False,Java
0131951,013195102,2.0,3.0,23.0,1.0,1.0,3.0,3.0,0.0,12.0,12.0,12.0,2.0,0.0,0.0,0.0,False,False,True,False,False,Java
0140100,014010001,6.0,1.0,85.0,2.0,4.0,2.0,5.0,1.0,5.0,4.0,12.0,1.0,0.0,0.0,0.0,True,True,False,True,False,Batak
0140100,014010003,1.0,1.0,41.0,2.0,4.0,60.0,7.0,0.0,,4.0,12.0,1.0,500000.0,0.0,0.0,False,True,False,False,False,Batak
0140241,014024103,10.0,3.0,16.0,1.0,1.0,6.0,0.0,0.0,77.0,77.0,12.0,1.0,0.0,500000.0,13.122365377402328,False,False,True,False,False,Java
0140341,014030003,1.0,1.0,42.0,2.0,4.0,5.0,7.0,0.0,71.0,71.0,12.0,1.0,0.0,0.0,0.0,False,True,False,False,False,Batak
0140341,014030009,2.0,3.0,40.0,2.0,4.0,5.0,7.0,0.0,,71.0,12.0,1.0,0.0,0.0,0.0,False,False,True,False,False,Batak
0141000,014100001,1.0,3.0,63.0,1.0,4.0,2.0,4.0,0.0,,71.0,12.0,1.0,0.0,0.0,0.0,False,False,True,False,False,Batak
0141000,014100002,3.0,1.0,45.0,1.0,4.0,5.0,7.0,1.0,71.0,4.0,12.0,1.0,0.0,0.0,0.0,True,True,False,True,False,Batak
0141000,014100004,3.0,1.0,37.0,1.0,4.0,3.0,1.0,0.0,71.0,71.0,12.0,1.0,0.0,0.0,0.0,False,True,False,False,False,Batak
0141000,014100005,3.0,1.0,35.0,1.0,4.0,5.0,7.0,0.0,71.0,71.0,12.0,1.0,0.0,0.0,0.0,False,True,False,False,False,Batak
0141000,014100006,3.0,3.0,31.0,1.0,4.0,2.0,7.0,0.0,71.0,71.0,12.0,1.0,0.0,0.0,0.0,False,False,True,False,False,Batak
0141000,014100007,5.0,3.0,33.0,1.0,13.0,74.0,7.0,1.0,4.0,71.0,12.0,1.0,0.0,0.0,0.0,True,False,True,False,True,Batak
0141000,014100009,5.0,3.0,35.0,1.0,4.0,61.0,7.0,1.0,6.0,71.0,12.0,1.0,0.0,0.0,0.0,True,False,True,False,True,Batak
0141051,014105102,2.0,3.0,43.0,1.0,4.0,60.0,7.0,0.0,4.0,4.0,12.0,1.0,0.0,0.0,0.0,False,False,True,False,False,Batak
0141100,014110003,1.0,1.0,53.0,2.0,4.0,5.0,7.0,0.0,,71.0,12.0,1.0,0.0,0.0,0.0,False,True,False,False,False,Batak
0141100,014110006,2.0,3.0,40.0,2.0,4.0,3.0,7.0,0.0,,71.0,12.0,1.0,0.0,0.0,0.0,False,False,True,False,False,Batak
0141100,014110007,3.0,1.0,15.0,2.0,4.0,6.0,0.0,0.0,71.0,71.0,12.0,1.0,0.0,250000.0,12.429220196836384,False,True,False,False,False,Batak
0141200,014120002,1.0,3.0,61.0,1.0,4.0,3.0,7.0,0.0,,71.0,12.0,1.0,0.0,0.0,0.0,False,False,True,False,False,Batak
0141200,014120004,3.0,1.0,37.0,1.0,4.0,5.0,7.0,0.0,71.0,71.0,12.0,1.0,0.0,0.0,0.0,False,True,False,False,False,Batak
0141200,014120005,3.0,1.0,34.0,1.0,4.0,2.0,7.0,0.0,71.0,71.0,12.0,1.0,0.0,0.0,0.0,False,True,False,False,False,Batak
0141200,014120006,7.0,3.0,85.0,1.0,1.0,2.0,98.0,1.0,77.0,71.0,12.0,1.0,0.0,0.0,0.0,True,False,True,False,True,Batak
0141300,014130002,1.0,3.0,58.0,1.0,4.0,2.0,2.0,0.0,,4.0,12.0,2.0,0.0,0.0,0.0,False,False,True,False,False,Batak
0141300,014130003,3.0,1.0,40.0,1.0,4.0,3.0,7.0,0.0,4.0,4.0,12.0,2.0,0.0,0.0,0.0,False,True,False,False,False,Batak
0141300,014130007,3.0,3.0,32.0,1.0,4.0,74.0,7.0,0.0,4.0,4.0,12.0,2.0,0.0,0.0,0.0,False,False,True,False,False,Batak
0141351,014135102,2.0,3.0,37.0,1.0,13.0,2.0,5.0,0.0,4.0,4.0,12.0,2.0,0.0,0.0,0.0,False,False,True,False,False,Batak
0141400,014140002,1.0,3.0,66.0,1.0,4.0,2.0,7.0,1.0,4.0,71.0,12.0,1.0,0.0,0.0,0.0,True,False,True,False,True,Minang
0141400,014140004,3.0,3.0,39.0,1.0,9.0,5.0,7.0,0.0,,73.0,12.0,1.0,0.0,0.0,0.0,False,False,True,False,False,Minang
0141400,014140005,3.0,1.0,38.0,1.0,9.0,6.0,7.0,0.0,,4.0,12.0,1.0,0.0,0.0,0.0,False,True,False,False,False,Minang
0141400,014140006,3.0,1.0,35.0,1.0,9.0,5.0,7.0,1.0,71.0,8.0,12.0,2.0,0.0,0.0,0.0,True,True,False,True,False,Minang
0141400,014140007,3.0,1.0,33.0,1.0,9.0,5.0,7.0,0.0,,71.0,12.0,1.0,0.0,0.0,0.0,False,True,False,False,False,Minang
0141400,014140008,3.0,1.0,29.0,1.0,9.0,61.0,7.0,0.0,,19.0,12.0,2.0,0.0,200000.0,12.206077645517674,False,True,False,False,False,Minang
0141441,014144102,2.0,3.0,35.0,1.0,9.0,61.0,7.0,0.0,,4.0,12.0,1.0,0.0,0.0,0.0,False,False,True,False,False,Minang
0141442,014144202,2.0,3.0,29.0,1.0,4.0,3.0,7.0,0.0,,71.0,12.0,1.0,0.0,0.0,0.0,False,False,True,False,False,Minang
0141451,014145102,2.0,3.0,33.0,1.0,4.0,74.0,7.0,1.0,71.0,8.0,12.0,2.0,0.0,0.0,0.0,True,False,True,False,True,Minang
0141500,014150002,2.0,3.0,63.0,1.0,4.0,3.0,7.0,0.0,4.0,4.0,12.0,1.0,0.0,0.0,0.0,False,False,True,False,False,Batak
0141800,014180001,1.0,1.0,55.0,1.0,1.0,5.0,7.0,0.0,,71.0,12.0,1.0,0.0,0.0,0.0,False,True,False,False,False,Java
0141800,014180002,2.0,3.0,50.0,1.0,1.0,3.0,1.0,0.0,,71.0,12.0,1.0,200000.0,0.0,0.0,False,False,True,False,False,Java
0141800,014180003,3.0,3.0,30.0,1.0,1.0,61.0,7.0,0.0,,12.0,12.0,1.0,0.0,0.0,0.0,False,False,True,False,False,Java
0141800,014180004,3.0,1.0,28.0,1.0,1.0,61.0,7.0,0.0,,75.0,12.0,1.0,2500000.0,1500000.0,14.220976332738882,False,True,False,False,False,Java
0141800,014180005,3.0,1.0,22.0,1.0,1.0,61.0,7.0,0.0,,75.0,12.0,1.0,2000000.0,0.0,0.0,False,True,False,False,False,Java
0141800,014180006,9.0,3.0,39.0,1.0,1.0,6.0,7.0,0.0,,3.0,12.0,2.0,400000.0,5000000.0,15.424948670398354,False,False,True,False,False,Java
0141800,014180007,3.0,3.0,16.0,1.0,1.0,5.0,2.0,0.0,71.0,71.0,12.0,1.0,0.0,1000000.0,13.815511557963774,False,False,True,False,False,Java
0141800,014183103,13.0,1.0,17.0,1.0,1.0,5.0,2.0,1.0,5.0,71.0,12.0,1.0,0.0,0.0,0.0,True,True,False,True,False,Java
0141900,014190001,1.0,1.0,72.0,1.0,4.0,2.0,2.0,0.0,71.0,71.0,12.0,1.0,0.0,0.0,0.0,False,True,False,False,False,Batak
0141900,014190002,2.0,3.0,64.0,1.0,4.0,3.0,1.0,0.0,,71.0,12.0,1.0,300000.0,0.0,0.0,False,False,True,False,False,Batak
0141900,014190003,3.0,3.0,21.0,1.0,4.0,61.0,3.0,0.0,71.0,71.0,12.0,1.0,100000.0,0.0,0.0,False,False,True,False,False,Batak
0141900,014190005,13.0,1.0,28.0,1.0,4.0,74.0,7.0,0.0,,71.0,12.0,1.0,0.0,0.0,0.0,False,True,False,False,False,Batak
0150300,015030002,2.0,3.0,53.0,2.0,4.0,5.0,7.0,0.0,71.0,71.0,12.0,1.0,0.0,0.0,0.0,False,False,True,False,False,Batak
0150400,015040001,1.0,3.0,77.0,2.0,4.0,2.0,7.0,0.0,,71.0,12.0,1.0,0.0,0.0,0.0,False,False,True,False,False,Batak
0150400,015040002,3.0,1.0,50.0,2.0,4.0,3.0,1.0,0.0,,4.0,12.0,1.0,0.0,0.0,0.0,False,True,False,False,False,Batak
0150400,015040003,3.0,1.0,41.0,2.0,4.0,5.0,2.0,1.0,71.0,4.0,12.0,1.0,0.0,200000.0,12.206077645517674,True,True,False,True,False,Batak
0150400,015040004,5.0,3.0,41.0,2.0,4.0,3.0,7.0,0.0,,4.0,12.0,1.0,0.0,0.0,0.0,False,False,True,False,False,Batak
0150400,015040006,3.0,1.0,53.0,2.0,4.0,6.0,7.0,0.0,71.0,71.0,12.0,1.0,0.0,0.0,0.0,False,True,False,False,False,Batak
0150400,015040007,3.0,3.0,46.0,2.0,4.0,5.0,7.0,0.0,71.0,71.0,12.0,1.0,0.0,0.0,0.0,False,False,True,False,False,Batak
0150400,015040010,10.0,1.0,20.0,2.0,4.0,6.0,1.0,0.0,71.0,71.0,12.0,1.0,0.0,0.0,0.0,False,True,False,False,False,Batak
0150431,015043103,3.0,3.0,16.0,2.0,4.0,6.0,1.0,0.0,4.0,4.0,12.0,1.0,0.0,0.0,0.0,False,False,True,False,False,Batak
0150432,015043202,2.0,3.0,36.0,2.0,4.0,6.0,7.0,0.0,,4.0,12.0,1.0,0.0,0.0,0.0,False,False,True,False,False,Batak
0150500,015050001,1.0,1.0,62.0,2.0,4.0,5.0,7.0,1.0,4.0,71.0,12.0,1.0,0.0,0.0,0.0,True,True,False,True,False,Batak
0150500,015050002,2.0,3.0,60.0,2.0,4.0,61.0,7.0,0.0,,71.0,12.0,1.0,0.0,0.0,0.0,False,False,True,False,False,Batak
0150500,015050003,3.0,3.0,32.0,2.0,4.0,61.0,7.0,1.0,71.0,74.0,33.0,1.0,200000.0,0.0,0.0,True,False,True,False,True,Batak
0150500,015050005,13.0,3.0,42.0,2.0,4.0,5.0,7.0,0.0,,4.0,12.0,2.0,0.0,0.0,0.0,False,False,True,False,False,Batak
0150600,015060001,1.0,1.0,53.0,2.0,4.0,5.0,2.0,0.0,,71.0,12.0,1.0,0.0,0.0,0.0,False,True,False,False,False,Batak
0150600,015060002,2.0,3.0,47.0,2.0,4.0,5.0,7.0,1.0,4.0,71.0,12.0,1.0,0.0,0.0,0.0,True,False,True,False,True,Batak
0150600,015060003,3.0,3.0,23.0,2.0,4.0,60.0,7.0,0.0,,71.0,12.0,1.0,0.0,0.0,0.0,False,False,True,False,False,Batak
0150600,015060004,3.0,1.0,22.0,2.0,4.0,61.0,3.0,0.0,,73.0,12.0,1.0,0.0,500000.0,13.122365377402328,False,True,False,False,False,Batak
0150600,015060006,3.0,3.0,18.0,2.0,4.0,61.0,0.0,1.0,71.0,73.0,12.0,1.0,0.0,0.0,0.0,True,False,True,False,True,Batak
0150700,015070001,1.0,1.0,57.0,2.0,4.0,3.0,2.0,0.0,,71.0,12.0,1.0,0.0,0.0,0.0,False,True,False,False,False,Batak
0150700,015070002,2.0,3.0,55.0,2.0,4.0,3.0,2.0,0.0,,71.0,12.0,1.0,0.0,0.0,0.0,False,False,True,False,False,Batak
0150700,015070004,3.0,1.0,28.0,2.0,4.0,5.0,7.0,0.0,,71.0,12.0,1.0,0.0,0.0,0.0,False,True,False,False,False,Batak
0150700,015070005,3.0,1.0,26.0,2.0,4.0,3.0,2.0,0.0,,71.0,12.0,1.0,0.0,0.0,0.0,False,True,False,False,False,Batak
0150700,015070006,3.0,3.0,23.0,2.0,4.0,61.0,5.0,0.0,,6.0,12.0,2.0,500000.0,0.0,0.0,False,False,True,False,False,Batak
0150700,015070007,3.0,1.0,20.0,2.0,4.0,5.0,7.0,1.0,71.0,72.0,31.0,1.0,0.0,500000.0,13.122365377402328,True,True,False,True,False,Batak
0150700,015070008,3.0,1.0,18.0,2.0,4.0,5.0,0.0,0.0,71.0,71.0,12.0,1.0,0.0,0.0,0.0,False,True,False,False,False,Batak
0150700,015070009,5.0,3.0,28.0,2.0,4.0,3.0,7.0,0.0,,71.0,12.0,1.0,0.0,0.0,0.0,False,False,True,False,False,Batak
0150800,015080002,6.0,3.0,81.0,2.0,4.0,2.0,1.0,1.0,98.0,71.0,12.0,1.0,0.0,0.0,0.0,True,False,True,False,True,Batak
0150800,015080003,8.0,1.0,50.0,2.0,4.0,5.0,7.0,0.0,,71.0,12.0,1.0,0.0,0.0,0.0,False,True,False,False,False,Batak
0150800,015080004,8.0,3.0,41.0,2.0,4.0,5.0,7.0,0.0,,4.0,12.0,1.0,0.0,0.0,0.0,False,False,True,False,False,Batak
0150800,015080005,9.0,3.0,47.0,2.0,4.0,5.0,7.0,0.0,,71.0,12.0,1.0,0.0,0.0,0.0,False,False,True,False,False,Batak
0150800,015080006,13.0,3.0,24.0,2.0,4.0,61.0,7.0,0.0,,5.0,12.0,2.0,0.0,0.0,0.0,False,False,True,False,False,Batak
0150800,015080007,13.0,1.0,22.0,2.0,4.0,6.0,7.0,0.0,,71.0,12.0,1.0,0.0,0.0,0.0,False,True,False,False,False,Batak
0150800,015080009,8.0,3.0,55.0,2.0,4.0,5.0,7.0,0.0,71.0,71.0,12.0,1.0,0.0,0.0,0.0,False,False,True,False,False,Batak
0150800,015080010,13.0,1.0,29.0,2.0,4.0,5.0,7.0,0.0,,71.0,12.0,1.0,0.0,0.0,0.0,False,True,False,False,False,Batak
0150800,015080011,13.0,3.0,24.0,2.0,4.0,5.0,7.0,0.0,,71.0,12.0,1.0,0.0,0.0,0.0,False,False,True,False,False,Batak
0150800,015080012,13.0,3.0,22.0,2.0,4.0,5.0,7.0,0.0,,71.0,12.0,1.0,0.0,0.0,0.0,False,False,True,False,False,Batak
0150800,015080013,13.0,1.0,19.0,2.0,4.0,5.0,7.0,0.0,71.0,71.0,12.0,1.0,0.0,0.0,0.0,False,True,False,False,False,Batak
0150800,015080014,1.0,1.0,45.0,2.0,4.0,61.0,4.0,0.0,,71.0,12.0,1.0,0.0,0.0,0.0,False,True,False,False,False,Batak
0150800,015080015,2.0,3.0,34.0,2.0,4.0,5.0,7.0,0.0,,71.0,12.0,1.0,0.0,0.0,0.0,False,False,True,False,False,Batak
0150832,015083201,1.0,1.0,41.0,2.0,4.0,61.0,7.0,0.0,,4.0,12.0,1.0,0.0,0.0,0.0,False,True,False,False,False,Batak
0150851,015085101,1.0,1.0,37.0,2.0,4.0,5.0,7.0,0.0,5.0,5.0,12.0,2.0,0.0,0.0,0.0,False,True,False,False,False,Batak
0150900,015090001,1.0,1.0,48.0,2.0,4.0,60.0,7.0,0.0,,4.0,12.0,1.0,0.0,0.0,0.0,False,True,False,False,False,Batak
0150900,015090002,2.0,3.0,48.0,2.0,4.0,5.0,7.0,0.0,,4.0,12.0,1.0,0.0,0.0,0.0,False,False,True,False,False,Batak
0150900,015090003,3.0,3.0,23.0,2.0,4.0,61.0,7.0,0.0,,4.0,12.0,1.0,0.0,2000000.0,14.508658238524095,False,False,True,False,False,Batak
0150900,015090006,3.0,1.0,20.0,2.0,4.0,61.0,2.0,1.0,71.0,75.0,12.0,1.0,0.0,50000.0,10.819798284210286,True,True,False,True,False,Batak
0150900,015090007,3.0,3.0,18.0,2.0,4.0,5.0,2.0,1.0,71.0,4.0,12.0,1.0,100000.0,250000.0,12.429220196836384,True,False,True,False,True,Batak
0151000,015100001,1.0,1.0,75.0,2.0,4.0,6.0,7.0,1.0,74.0,71.0,12.0,1.0,0.0,0.0,0.0,True,True,False,True,False,Batak
0151000,015100005,3.0,3.0,33.0,2.0,4.0,6.0,7.0,0.0,71.0,71.0,12.0,1.0,0.0,0.0,0.0,False,False,True,False,False,Batak
0151000,015100008,10.0,1.0,18.0,2.0,4.0,5.0,0.0,1.0,92.0,71.0,12.0,1.0,0.0,0.0,0.0,True,True,False,True,False,Batak
0151000,015100014,5.0,1.0,43.0,2.0,4.0,2.0,2.0,1.0,11.0,71.0,12.0,1.0,0.0,0.0,0.0,True,True,False,True,False,Batak
0151041,015104102,1.0,3.0,40.0,2.0,4.0,5.0,7.0,0.0,,10.0,12.0,2.0,0.0,0.0,0.0,False,False,True,False,False,Batak
0151100,015110002,1.0,3.0,52.0,2.0,4.0,2.0,7.0,0.0,,4.0,12.0,1.0,0.0,0.0,0.0,False,False,True,False,False,Batak
0151100,015110003,3.0,3.0,31.0,2.0,4.0,6.0,7.0,0.0,,71.0,12.0,1.0,0.0,230000.0,12.345838935721968,False,False,True,False,False,Batak
0151141,015114101,1.0,1.0,41.0,2.0,4.0,5.0,7.0,0.0,,71.0,12.0,1.0,0.0,400000.0,12.899222326086994,False,True,False,False,False,Batak
0151400,015140002,1.0,3.0,49.0,2.0,4.0,2.0,4.0,0.0,,71.0,12.0,1.0,0.0,0.0,0.0,False,False,True,False,False,Batak
0151400,015140003,3.0,1.0,25.0,2.0,4.0,61.0,3.0,0.0,,71.0,12.0,1.0,0.0,1000000.0,13.815511557963774,False,True,False,False,False,Batak
0151400,015140004,3.0,3.0,23.0,2.0,4.0,61.0,3.0,0.0,,71.0,12.0,1.0,0.0,0.0,0.0,False,False,True,False,False,Batak
0151400,015140005,3.0,1.0,19.0,2.0,4.0,6.0,7.0,0.0,71.0,71.0,12.0,1.0,0.0,0.0,0.0,False,True,False,False,False,Batak
0151400,015140007,3.0,3.0,15.0,2.0,4.0,5.0,0.0,0.0,71.0,71.0,12.0,1.0,0.0,50000.0,10.819798284210286,False,False,True,False,False,Batak
0151400,015140010,8.0,3.0,38.0,2.0,4.0,2.0,5.0,1.0,10.0,71.0,12.0,1.0,0.0,0.0,0.0,True,False,True,False,True,Batak
0151500,015150002,2.0,3.0,52.0,2.0,4.0,6.0,7.0,0.0,,71.0,12.0,1.0,0.0,0.0,0.0,False,False,True,False,False,Batak
0151500,015150003,3.0,1.0,27.0,2.0,4.0,60.0,3.0,1.0,75.0,71.0,12.0,1.0,0.0,0.0,0.0,True,True,False,True,False,Batak
0151500,015150004,3.0,3.0,24.0,2.0,4.0,60.0,7.0,0.0,71.0,71.0,12.0,1.0,0.0,0.0,0.0,False,False,True,False,False,Batak
0151551,015155102,1.0,1.0,25.0,2.0,4.0,61.0,7.0,0.0,71.0,71.0,12.0,1.0,0.0,0.0,0.0,False,True,False,False,False,Batak
0151600,015160002,1.0,3.0,62.0,2.0,4.0,61.0,7.0,0.0,,71.0,12.0,1.0,0.0,0.0,0.0,False,False,True,False,False,Batak
0151600,015160003,3.0,3.0,36.0,2.0,4.0,61.0,7.0,0.0,,71.0,12.0,1.0,0.0,300000.0,12.611541086966117,False,False,True,False,False,Batak
0151600,015160004,3.0,1.0,34.0,2.0,4.0,5.0,7.0,0.0,71.0,71.0,12.0,1.0,0.0,0.0,0.0,False,True,False,False,False,Batak
0151600,015160005,3.0,1.0,27.0,2.0,4.0,5.0,7.0,0.0,71.0,71.0,12.0,1.0,0.0,0.0,0.0,False,True,False,False,False,Batak
0151600,015160009,13.0,1.0,29.0,2.0,4.0,5.0,7.0,0.0,,71.0,12.0,1.0,0.0,200000.0,12.206077645517674,False,True,False,False,False,Batak
0151600,015160011,5.0,1.0,35.0,2.0,4.0,5.0,7.0,1.0,6.0,71.0,12.0,1.0,0.0,300000.0,12.611541086966117,True,True,False,True,False,Batak
0151641,015164102,2.0,3.0,34.0,2.0,4.0,61.0,3.0,0.0,,71.0,12.0,1.0,0.0,200000.0,12.206077645517674,False,False,True,False,False,Batak
0151700,015170001,1.0,1.0,71.0,1.0,4.0,60.0,1.0,0.0,,71.0,12.0,1.0,0.0,0.0,0.0,False,True,False,False,False,Batak
0151700,015170002,2.0,3.0,64.0,1.0,4.0,74.0,7.0,0.0,,71.0,12.0,1.0,300000.0,750000.0,13.527829818844936,False,False,True,False,False,Batak
0151700,015170003,3.0,1.0,26.0,1.0,4.0,62.0,7.0,0.0,,75.0,12.0,1.0,0.0,0.0,0.0,False,True,False,False,False,Batak
0151700,015170006,13.0,3.0,42.0,1.0,4.0,74.0,7.0,0.0,,4.0,12.0,1.0,0.0,0.0,0.0,False,False,True,False,False,Batak
0151800,015180001,1.0,1.0,55.0,2.0,4.0,61.0,7.0,0.0,,4.0,12.0,1.0,0.0,0.0,0.0,False,True,False,False,False,Batak
0151800,015180002,2.0,3.0,52.0,2.0,4.0,61.0,7.0,0.0,,4.0,12.0,1.0,0.0,0.0,0.0,False,False,True,False,False,Batak
0151800,015180003,3.0,1.0,26.0,2.0,4.0,61.0,7.0,0.0,,4.0,12.0,1.0,0.0,0.0,0.0,False,True,False,False,False,Batak
0151800,015180004,3.0,1.0,24.0,2.0,4.0,61.0,7.0,0.0,,71.0,21.0,1.0,0.0,500000.0,13.122365377402328,False,True,False,False,False,Batak
0151800,015180007,3.0,1.0,19.0,2.0,4.0,61.0,1.0,1.0,4.0,75.0,12.0,1.0,0.0,0.0,0.0,True,True,False,True,False,Batak
0151800,015180009,13.0,3.0,18.0,2.0,4.0,5.0,2.0,1.0,73.0,4.0,12.0,1.0,0.0,400000.0,12.899222326086994,True,False,True,False,True,Batak
0151900,015190001,1.0,1.0,60.0,2.0,4.0,6.0,7.0,1.0,9.0,71.0,12.0,1.0,0.0,0.0,0.0,True,True,False,True,False,Batak
0151900,015190002,2.0,3.0,57.0,2.0,4.0,3.0,7.0,0.0,,71.0,12.0,1.0,0.0,0.0,0.0,False,False,True,False,False,Batak
0151900,015190003,3.0,3.0,36.0,2.0,4.0,5.0,7.0,0.0,,4.0,64.0,1.0,0.0,0.0,0.0,False,False,True,False,False,Batak
0151900,015190005,3.0,1.0,32.0,2.0,4.0,61.0,7.0,0.0,,71.0,12.0,1.0,0.0,0.0,0.0,False,True,False,False,False,Batak
0151900,015190011,3.0,1.0,18.0,2.0,4.0,5.0,2.0,0.0,71.0,71.0,12.0,1.0,0.0,0.0,0.0,False,True,False,False,False,Batak
0151931,015193106,1.0,1.0,39.0,2.0,4.0,5.0,7.0,0.0,,4.0,64.0,1.0,0.0,0.0,0.0,False,True,False,False,False,Batak
0152000,015200001,1.0,1.0,66.0,2.0,4.0,6.0,7.0,0.0,71.0,71.0,12.0,1.0,1000000.0,0.0,0.0,False,True,False,False,False,Batak
0152000,015200003,3.0,1.0,42.0,3.0,4.0,5.0,7.0,0.0,,4.0,12.0,1.0,0.0,0.0,0.0,False,True,False,False,False,Batak
0152000,015200004,3.0,1.0,35.0,2.0,4.0,61.0,7.0,1.0,71.0,4.0,12.0,1.0,1000000.0,0.0,0.0,True,True,False,True,False,Batak
0152000,015200005,5.0,3.0,42.0,3.0,4.0,5.0,7.0,0.0,,4.0,12.0,1.0,0.0,5000000.0,15.424948670398354,False,False,True,False,False,Batak
0152011,015201102,2.0,3.0,33.0,2.0,4.0,61.0,1.0,0.0,,4.0,12.0,1.0,0.0,0.0,0.0,False,False,True,False,False,Batak
0160100,016010002,2.0,3.0,47.0,1.0,9.0,6.0,7.0,0.0,,71.0,12.0,1.0,0.0,500000.0,13.122365377402328,False,False,True,False,False,Batak
0160100,016010004,4.0,1.0,19.0,1.0,6.0,74.0,7.0,0.0,71.0,71.0,12.0,1.0,0.0,0.0,0.0,False,True,False,False,False,Batak
0160100,016010005,1.0,1.0,63.0,1.0,4.0,2.0,2.0,1.0,4.0,71.0,12.0,1.0,0.0,150000.0,11.918397239722838,True,True,False,True,False,Batak
0160121,016012107,17.0,1.0,46.0,1.0,9.0,6.0,7.0,0.0,,71.0,12.0,1.0,0.0,0.0,0.0,False,True,False,False,False,Batak
0160300,016030002,1.0,3.0,53.0,1.0,4.0,5.0,7.0,0.0,,71.0,12.0,1.0,0.0,0.0,0.0,False,False,True,False,False,Batak
0160400,016040002,6.0,3.0,68.0,1.0,9.0,2.0,1.0,1.0,77.0,71.0,12.0,1.0,0.0,0.0,0.0,True,False,True,False,True,Minang
0160400,016040003,1.0,3.0,48.0,1.0,9.0,5.0,7.0,0.0,,71.0,12.0,1.0,0.0,0.0,0.0,False,False,True,False,False,Minang
0160400,016040005,8.0,1.0,44.0,1.0,9.0,2.0,7.0,0.0,,71.0,12.0,1.0,0.0,0.0,0.0,False,True,False,False,False,Minang
0160400,016040006,8.0,3.0,41.0,1.0,9.0,2.0,7.0,0.0,71.0,71.0,12.0,1.0,0.0,0.0,0.0,False,False,True,False,False,Minang
0160400,016040007,8.0,1.0,38.0,1.0,9.0,5.0,7.0,0.0,,71.0,12.0,1.0,0.0,0.0,0.0,False,True,False,False,False,Minang
0160400,016043104,13.0,1.0,15.0,1.0,9.0,3.0,1.0,1.0,4.0,71.0,12.0,1.0,0.0,0.0,0.0,True,True,False,True,False,Minang
0160400,016040010,13.0,1.0,20.0,1.0,1.0,5.0,7.0,1.0,71.0,7.0,12.0,1.0,1000000.0,0.0,0.0,True,True,False,True,False,Minang
0160400,016040011,13.0,3.0,18.0,1.0,1.0,6.0,1.0,1.0,7.0,71.0,12.0,1.0,0.0,0.0,0.0,True,False,True,False,True,Minang
0160400,016040012,13.0,3.0,15.0,1.0,1.0,3.0,2.0,0.0,71.0,71.0,12.0,1.0,0.0,0.0,0.0,False,False,True,False,False,Minang
0160400,016040013,9.0,1.0,41.0,1.0,9.0,3.0,7.0,1.0,75.0,71.0,12.0,1.0,0.0,0.0,0.0,True,True,False,True,False,Minang
0160500,016050005,1.0,1.0,43.0,1.0,4.0,2.0,7.0,0.0,,71.0,12.0,1.0,0.0,0.0,0.0,False,True,False,False,False,Batak
0160500,016050017,2.0,3.0,31.0,1.0,4.0,3.0,7.0,1.0,9.0,71.0,12.0,1.0,0.0,1200000.0,13.997832948091215,True,False,True,False,True,Batak
0160700,016070002,1.0,3.0,70.0,1.0,4.0,2.0,4.0,0.0,,71.0,12.0,1.0,0.0,100000.0,11.51293546492023,False,False,True,False,False,Batak
0160700,016070003,3.0,1.0,32.0,1.0,19.0,6.0,7.0,0.0,,71.0,12.0,1.0,0.0,0.0,0.0,False,True,False,False,False,Batak
0161200,016120003,12.0,3.0,59.0,2.0,4.0,2.0,7.0,0.0,71.0,71.0,12.0,1.0,200000.0,300000.0,12.611541086966117,False,False,True,False,False,Batak
0161200,016120009,1.0,1.0,37.0,2.0,4.0,5.0,7.0,0.0,71.0,71.0,12.0,1.0,0.0,0.0,0.0,False,True,False,False,False,Batak
0161200,016120013,2.0,3.0,33.0,2.0,4.0,6.0,7.0,1.0,5.0,71.0,12.0,1.0,50000.0,0.0,0.0,True,False,True,False,True,Batak
0161300,016130004,8.0,1.0,54.0,1.0,4.0,98.0,98.0,0.0,,4.0,12.0,2.0,0.0,0.0,0.0,False,True,False,False,False,Batak
0161300,016130005,1.0,3.0,43.0,1.0,4.0,61.0,7.0,0.0,71.0,71.0,12.0,1.0,600000.0,0.0,0.0,False,False,True,False,False,Batak
0161300,016130007,9.0,1.0,63.0,1.0,4.0,5.0,7.0,0.0,,4.0,12.0,2.0,0.0,0.0,0.0,False,True,False,False,False,Batak
0161300,016130008,8.0,3.0,60.0,1.0,4.0,98.0,98.0,0.0,,4.0,12.0,2.0,3000000.0,0.0,0.0,False,False,True,False,False,Batak
0161300,016130009,13.0,1.0,35.0,1.0,4.0,60.0,98.0,0.0,,4.0,12.0,2.0,150000.0,0.0,0.0,False,True,False,False,False,Batak
0161300,016130010,13.0,1.0,33.0,1.0,4.0,60.0,7.0,0.0,,4.0,12.0,1.0,0.0,1000000.0,13.815511557963774,False,True,False,False,False,Batak
0161300,016130011,13.0,3.0,30.0,1.0,4.0,61.0,98.0,0.0,,71.0,12.0,1.0,200000.0,100000.0,11.51293546492023,False,False,True,False,False,Batak
0161300,016130013,8.0,1.0,58.0,1.0,4.0,98.0,98.0,0.0,71.0,71.0,12.0,1.0,0.0,0.0,0.0,False,True,False,False,False,Batak
0161300,016130014,9.0,3.0,39.0,1.0,4.0,98.0,98.0,0.0,,71.0,12.0,1.0,0.0,0.0,0.0,False,False,True,False,False,Batak
0161300,016130015,13.0,1.0,15.0,1.0,4.0,6.0,0.0,0.0,71.0,71.0,12.0,1.0,0.0,0.0,0.0,False,True,False,False,False,Batak
0161300,016130016,13.0,1.0,15.0,1.0,4.0,6.0,0.0,0.0,71.0,71.0,12.0,1.0,0.0,40000.0,10.59665973278358,False,True,False,False,False,Batak
0161300,016130018,13.0,3.0,21.0,1.0,4.0,61.0,2.0,0.0,71.0,71.0,12.0,1.0,0.0,0.0,0.0,False,False,True,False,False,Batak
0161300,016130019,13.0,1.0,18.0,1.0,4.0,6.0,2.0,0.0,71.0,71.0,12.0,1.0,0.0,200000.0,12.206077645517674,False,True,False,False,False,Batak
0161321,016132102,2.0,3.0,42.0,1.0,4.0,5.0,7.0,0.0,,4.0,12.0,2.0,0.0,0.0,0.0,False,False,True,False,False,Batak
0161322,016132207,5.0,3.0,34.0,1.0,4.0,60.0,7.0,0.0,,4.0,12.0,2.0,0.0,0.0,0.0,False,False,True,False,False,Batak
0161351,016135102,2.0,3.0,32.0,1.0,4.0,60.0,7.0,1.0,3.0,4.0,12.0,1.0,0.0,0.0,0.0,True,False,True,False,True,Batak
0161352,016135201,1.0,1.0,37.0,1.0,4.0,6.0,7.0,0.0,71.0,71.0,12.0,1.0,0.0,0.0,0.0,False,True,False,False,False,Batak
0161400,016140003,1.0,3.0,48.0,1.0,4.0,5.0,7.0,0.0,71.0,71.0,12.0,1.0,50000.0,2000000.0,14.508658238524095,False,False,True,False,False,Batak
0161400,016140005,8.0,1.0,43.0,1.0,4.0,5.0,1.0,0.0,,71.0,12.0,1.0,0.0,0.0,0.0,False,True,False,False,False,Batak
0161500,016150004,1.0,3.0,51.0,1.0,1.0,5.0,7.0,0.0,,71.0,12.0,1.0,0.0,0.0,0.0,False,False,True,False,False,Batak
0161500,016150006,3.0,1.0,15.0,1.0,4.0,5.0,0.0,0.0,71.0,71.0,12.0,1.0,0.0,1030000.0,13.845070331079134,False,True,False,False,False,Batak
0161641,016164103,3.0,3.0,16.0,1.0,23.0,5.0,2.0,0.0,71.0,71.0,12.0,1.0,0.0,500000.0,13.122365377402328,False,False,True,False,False,Batak
0161700,016170002,1.0,1.0,52.0,1.0,1.0,3.0,98.0,0.0,,4.0,12.0,1.0,0.0,0.0,0.0,False,True,False,False,False,Java
0161700,016170003,2.0,3.0,47.0,1.0,4.0,3.0,7.0,0.0,,4.0,12.0,1.0,0.0,0.0,0.0,False,False,True,False,False,Java
0161700,016170004,3.0,1.0,20.0,1.0,1.0,6.0,7.0,1.0,71.0,4.0,12.0,1.0,3500000.0,0.0,0.0,True,True,False,True,False,Java
0161700,016170005,3.0,3.0,19.0,1.0,1.0,61.0,1.0,1.0,71.0,4.0,12.0,1.0,0.0,200000.0,12.206077645517674,True,False,True,False,True,Java
0161900,016190002,8.0,3.0,53.0,1.0,4.0,2.0,98.0,0.0,71.0,71.0,12.0,1.0,0.0,0.0,0.0,False,False,True,False,False,Batak
0161900,016190004,1.0,1.0,45.0,1.0,4.0,5.0,7.0,0.0,,71.0,12.0,1.0,0.0,0.0,0.0,False,True,False,False,False,Batak
0161900,016190008,2.0,3.0,33.0,1.0,4.0,73.0,7.0,0.0,,71.0,12.0,1.0,200000.0,0.0,0.0,False,False,True,False,False,Batak
0162000,016200001,1.0,3.0,80.0,1.0,9.0,2.0,7.0,1.0,4.0,71.0,12.0,1.0,0.0,0.0,0.0,True,False,True,False,True,Minang
0162000,016200004,3.0,3.0,53.0,1.0,9.0,3.0,7.0,0.0,,71.0,12.0,1.0,0.0,0.0,0.0,False,False,True,False,False,Minang
0164100,016410001,1.0,1.0,72.0,1.0,4.0,6.0,7.0,0.0,,71.0,14.0,1.0,0.0,0.0,0.0,False,True,False,False,False,Batak
0164100,016410002,2.0,3.0,73.0,1.0,4.0,6.0,7.0,0.0,,71.0,14.0,1.0,0.0,0.0,0.0,False,False,True,False,False,Batak
0164100,016410005,3.0,3.0,36.0,1.0,4.0,62.0,7.0,0.0,71.0,71.0,14.0,1.0,1000000.0,4000000.0,15.201805169084134,False,False,True,False,False,Batak
0170400,017040001,7.0,3.0,75.0,1.0,4.0,2.0,98.0,0.0,,4.0,12.0,1.0,0.0,500000.0,13.122365377402328,False,False,True,False,False,Batak
0170400,017040005,9.0,1.0,37.0,1.0,4.0,4.0,0.0,1.0,22.0,4.0,12.0,2.0,0.0,0.0,0.0,True,True,False,True,False,Batak
0170400,017040007,2.0,3.0,46.0,1.0,19.0,2.0,7.0,0.0,,4.0,12.0,1.0,0.0,0.0,0.0,False,False,True,False,False,Batak
0170400,017040008,1.0,1.0,52.0,1.0,4.0,3.0,1.0,1.0,71.0,4.0,12.0,1.0,0.0,0.0,0.0,True,True,False,True,False,Batak
0170400,017040009,3.0,1.0,26.0,1.0,4.0,73.0,2.0,1.0,71.0,4.0,12.0,1.0,0.0,0.0,0.0,True,True,False,True,False,Batak
0170400,017040010,3.0,1.0,21.0,1.0,4.0,72.0,7.0,1.0,71.0,4.0,12.0,1.0,0.0,10000.0,9.210440366976515,True,True,False,True,False,Batak
0170400,017040011,3.0,3.0,20.0,1.0,4.0,74.0,7.0,1.0,71.0,4.0,12.0,2.0,200000.0,0.0,0.0,True,False,True,False,True,Batak
0170432,017043202,2.0,3.0,35.0,1.0,4.0,6.0,7.0,0.0,,4.0,12.0,2.0,0.0,0.0,0.0,False,False,True,False,False,Batak
0170551,017055101,1.0,1.0,29.0,1.0,4.0,6.0,7.0,0.0,74.0,74.0,12.0,1.0,0.0,0.0,0.0,False,True,False,False,False,Batak
0170600,017060001,1.0,1.0,72.0,1.0,1.0,3.0,7.0,0.0,,4.0,12.0,1.0,0.0,0.0,0.0,False,True,False,False,False,Java
0170600,017060002,2.0,3.0,61.0,1.0,1.0,2.0,1.0,0.0,,4.0,12.0,1.0,0.0,0.0,0.0,False,False,True,False,False,Java
0170600,017060003,4.0,1.0,38.0,1.0,1.0,5.0,7.0,0.0,,4.0,12.0,1.0,0.0,0.0,0.0,False,True,False,False,False,Java
0170641,017064102,2.0,3.0,37.0,1.0,4.0,5.0,7.0,0.0,,4.0,12.0,1.0,0.0,0.0,0.0,False,False,True,False,False,Java
0170700,017070002,1.0,3.0,63.0,1.0,9.0,2.0,7.0,0.0,,71.0,12.0,1.0,0.0,0.0,0.0,False,False,True,False,False,Batak
0170700,017070003,3.0,3.0,35.0,1.0,4.0,60.0,1.0,0.0,,71.0,12.0,1.0,0.0,0.0,0.0,False,False,True,False,False,Batak
0170700,017070005,3.0,3.0,32.0,1.0,4.0,60.0,7.0,0.0,,4.0,12.0,1.0,100000.0,0.0,0.0,False,False,True,False,False,Batak
0170700,017070006,3.0,1.0,29.0,1.0,4.0,5.0,7.0,0.0,,12.0,12.0,1.0,0.0,3000000.0,14.914123179965662,False,True,False,False,False,Batak
0170700,017070007,4.0,3.0,40.0,1.0,4.0,3.0,7.0,0.0,71.0,71.0,12.0,1.0,0.0,0.0,0.0,False,False,True,False,False,Batak
0170732,017073206,1.0,1.0,40.0,1.0,4.0,3.0,7.0,0.0,71.0,71.0,12.0,1.0,0.0,0.0,0.0,False,True,False,False,False,Batak
0170732,017073208,3.0,3.0,16.0,1.0,4.0,5.0,2.0,0.0,71.0,71.0,12.0,1.0,0.0,0.0,0.0,False,False,True,False,False,Batak
0170751,017075101,1.0,1.0,33.0,1.0,9.0,5.0,7.0,1.0,73.0,4.0,12.0,1.0,0.0,0.0,0.0,True,True,False,True,False,Minang
0170800,017080001,1.0,1.0,69.0,1.0,4.0,2.0,2.0,1.0,4.0,71.0,12.0,1.0,150000.0,0.0,0.0,True,True,False,True,False,Batak
0170800,017080002,2.0,3.0,66.0,1.0,4.0,2.0,3.0,0.0,,71.0,12.0,1.0,100000.0,0.0,0.0,False,False,True,False,False,Batak
0170800,017080003,3.0,1.0,40.0,1.0,4.0,2.0,7.0,0.0,71.0,71.0,12.0,1.0,0.0,2500000.0,14.731801689838347,False,True,False,False,False,Batak
0170800,017080004,3.0,1.0,38.0,1.0,4.0,2.0,4.0,0.0,,71.0,12.0,1.0,0.0,50000.0,10.819798284210286,False,True,False,False,False,Batak
0170800,017080005,3.0,1.0,35.0,1.0,4.0,2.0,7.0,1.0,71.0,4.0,12.0,2.0,0.0,0.0,0.0,True,True,False,True,False,Batak
0170800,017080006,3.0,1.0,31.0,1.0,4.0,73.0,0.0,0.0,71.0,71.0,12.0,1.0,200000.0,400000.0,12.899222326086994,False,True,False,False,False,Batak
0170800,017080007,5.0,3.0,38.0,1.0,1.0,2.0,98.0,0.0,,71.0,12.0,1.0,0.0,0.0,0.0,False,False,True,False,False,Batak
0170800,017080008,10.0,1.0,18.0,1.0,4.0,6.0,2.0,0.0,71.0,71.0,12.0,1.0,200000.0,0.0,0.0,False,True,False,False,False,Batak
0170800,017080009,10.0,1.0,15.0,1.0,4.0,3.0,2.0,0.0,71.0,71.0,12.0,1.0,2000.0,2000.0,7.601402334583733,False,True,False,False,False,Batak
0170841,017084102,2.0,3.0,32.0,1.0,4.0,73.0,0.0,0.0,,71.0,12.0,1.0,0.0,0.0,0.0,False,False,True,False,False,Batak
0170842,017084204,2.0,3.0,30.0,1.0,9.0,2.0,7.0,0.0,,4.0,12.0,2.0,10000.0,0.0,0.0,False,False,True,False,False,Batak
0170843,017084302,2.0,3.0,27.0,1.0,4.0,3.0,2.0,0.0,,71.0,12.0,1.0,0.0,100000.0,11.51293546492023,False,False,True,False,False,Batak
0170900,017090002,1.0,3.0,54.0,1.0,1.0,2.0,2.0,0.0,,4.0,12.0,1.0,0.0,0.0,0.0,False,False,True,False,False,Java
0170900,017090003,3.0,3.0,31.0,1.0,1.0,6.0,7.0,0.0,,4.0,12.0,1.0,0.0,0.0,0.0,False,False,True,False,False,Java
0170900,017090004,3.0,3.0,30.0,1.0,1.0,5.0,7.0,0.0,,71.0,12.0,1.0,0.0,0.0,0.0,False,False,True,False,False,Java
0170900,017090005,3.0,3.0,26.0,1.0,1.0,5.0,7.0,1.0,71.0,4.0,12.0,1.0,100000.0,4500000.0,15.319588176962746,True,False,True,False,True,Java
0170900,017090006,3.0,3.0,24.0,1.0,1.0,6.0,7.0,0.0,,4.0,12.0,1.0,0.0,0.0,0.0,False,False,True,False,False,Java
0170900,017090008,5.0,1.0,44.0,1.0,1.0,5.0,7.0,1.0,24.0,4.0,12.0,1.0,0.0,0.0,0.0,True,True,False,True,False,Java
0170952,017095201,1.0,1.0,36.0,1.0,9.0,5.0,7.0,0.0,71.0,71.0,12.0,1.0,0.0,0.0,0.0,False,True,False,False,False,Minang
0171200,017120001,1.0,1.0,52.0,1.0,4.0,2.0,7.0,1.0,8.0,4.0,12.0,2.0,0.0,0.0,0.0,True,True,False,True,False,Batak
0171200,017120002,2.0,3.0,50.0,1.0,13.0,98.0,98.0,0.0,,4.0,12.0,2.0,50000.0,0.0,0.0,False,False,True,False,False,Batak
0171200,017120003,3.0,3.0,30.0,1.0,4.0,3.0,7.0,0.0,,4.0,12.0,2.0,800000.0,0.0,0.0,False,False,True,False,False,Batak
0171200,017120004,3.0,1.0,29.0,1.0,4.0,3.0,1.0,0.0,,4.0,12.0,1.0,0.0,0.0,0.0,False,True,False,False,False,Batak
0171200,017120005,3.0,1.0,25.0,1.0,4.0,5.0,7.0,0.0,,4.0,12.0,2.0,200000.0,0.0,0.0,False,True,False,False,False,Batak
0171200,017120006,3.0,1.0,19.0,1.0,4.0,5.0,7.0,1.0,71.0,4.0,12.0,2.0,0.0,0.0,0.0,True,True,False,True,False,Batak
0171200,017120007,3.0,3.0,18.0,1.0,4.0,5.0,2.0,1.0,98.0,4.0,12.0,2.0,0.0,0.0,0.0,True,False,True,False,True,Batak
0171241,017124101,1.0,1.0,34.0,1.0,1.0,3.0,7.0,1.0,12.0,4.0,12.0,2.0,0.0,0.0,0.0,True,True,False,True,False,Java
0171242,017124202,2.0,3.0,31.0,1.0,19.0,60.0,7.0,1.0,8.0,4.0,12.0,1.0,0.0,0.0,0.0,True,False,True,False,True,Batak
0171251,017125102,2.0,3.0,26.0,1.0,4.0,5.0,7.0,1.0,71.0,4.0,12.0,2.0,0.0,0.0,0.0,True,False,True,False,True,Batak
0171252,017125202,1.0,1.0,25.0,1.0,4.0,2.0,7.0,0.0,4.0,4.0,12.0,2.0,0.0,0.0,0.0,False,True,False,False,False,Batak
0171300,017130002,1.0,3.0,72.0,1.0,13.0,2.0,2.0,0.0,71.0,71.0,12.0,1.0,1000000.0,0.0,0.0,False,False,True,False,False,Java
0171300,017130003,3.0,1.0,47.0,1.0,19.0,6.0,7.0,1.0,71.0,13.0,12.0,2.0,0.0,0.0,0.0,True,True,False,True,False,Java
0171300,017130004,3.0,1.0,44.0,1.0,19.0,5.0,7.0,0.0,,71.0,12.0,1.0,0.0,0.0,0.0,False,True,False,False,False,Java
0171300,017130006,3.0,1.0,35.0,1.0,19.0,6.0,7.0,0.0,,71.0,12.0,1.0,1000000.0,0.0,0.0,False,True,False,False,False,Java
0171300,017130007,5.0,3.0,44.0,1.0,4.0,2.0,98.0,0.0,,13.0,12.0,2.0,0.0,0.0,0.0,False,False,True,False,False,Java
0171300,017130008,10.0,1.0,22.0,1.0,19.0,5.0,7.0,0.0,,71.0,12.0,1.0,0.0,0.0,0.0,False,True,False,False,False,Java
0171300,017130009,13.0,1.0,42.0,1.0,13.0,6.0,7.0,0.0,71.0,71.0,12.0,1.0,50000.0,150000.0,11.918397239722838,False,True,False,False,False,Java
0171341,017134102,2.0,3.0,38.0,1.0,9.0,6.0,7.0,0.0,,71.0,12.0,1.0,0.0,0.0,0.0,False,False,True,False,False,Minang
0171341,017134103,3.0,1.0,18.0,1.0,9.0,60.0,0.0,0.0,71.0,71.0,13.0,1.0,0.0,0.0,0.0,False,True,False,False,False,Minang
0171342,017134202,2.0,3.0,35.0,1.0,4.0,74.0,7.0,0.0,,71.0,12.0,1.0,0.0,0.0,0.0,False,False,True,False,False,Batak
0171642,017164202,2.0,3.0,28.0,1.0,1.0,5.0,0.0,0.0,,71.0,12.0,1.0,0.0,0.0,0.0,False,False,True,False,False,Java
0171654,017165401,1.0,1.0,26.0,1.0,9.0,5.0,1.0,0.0,7.0,7.0,13.0,2.0,1200000.0,500000.0,13.122365377402328,False,True,False,False,False,Minang
0171655,017165501,1.0,1.0,29.0,2.0,4.0,5.0,7.0,0.0,71.0,71.0,12.0,1.0,0.0,0.0,0.0,False,True,False,False,False,Batak
0171700,017170003,3.0,3.0,45.0,1.0,4.0,5.0,7.0,0.0,,5.0,14.0,1.0,0.0,0.0,0.0,False,False,True,False,False,Batak
0171700,017170004,3.0,1.0,42.0,1.0,4.0,2.0,7.0,0.0,,4.0,12.0,2.0,0.0,0.0,0.0,False,True,False,False,False,Batak
0171700,017170005,3.0,3.0,37.0,1.0,4.0,5.0,7.0,1.0,71.0,4.0,12.0,2.0,0.0,0.0,0.0,True,False,True,False,True,Batak
0171700,017170006,4.0,1.0,37.0,1.0,1.0,2.0,7.0,0.0,,71.0,12.0,1.0,500000.0,1000000.0,13.815511557963774,False,True,False,False,False,Batak
0171700,017170007,4.0,1.0,30.0,1.0,1.0,98.0,98.0,0.0,71.0,71.0,12.0,1.0,0.0,0.0,0.0,False,True,False,False,False,Batak
0171700,017170008,4.0,3.0,25.0,1.0,1.0,2.0,7.0,1.0,8.0,4.0,12.0,2.0,50000.0,0.0,0.0,True,False,True,False,True,Batak
0171700,017170009,5.0,3.0,38.0,1.0,13.0,98.0,98.0,0.0,,4.0,12.0,2.0,0.0,0.0,0.0,False,False,True,False,False,Batak
0171700,017170010,10.0,3.0,17.0,1.0,4.0,6.0,1.0,1.0,71.0,4.0,12.0,2.0,0.0,0.0,0.0,True,False,True,False,True,Batak
0171731,017173101,1.0,1.0,44.0,1.0,4.0,5.0,7.0,1.0,4.0,5.0,14.0,1.0,0.0,0.0,0.0,True,True,False,True,False,Batak
0171731,017173103,3.0,1.0,17.0,1.0,4.0,6.0,2.0,1.0,71.0,5.0,14.0,1.0,0.0,0.0,0.0,True,True,False,True,False,Batak
0171731,017173104,3.0,1.0,16.0,1.0,4.0,6.0,1.0,1.0,8.0,5.0,14.0,1.0,0.0,0.0,0.0,True,True,False,True,False,Batak
0171742,017174202,2.0,3.0,37.0,1.0,4.0,3.0,7.0,0.0,,71.0,12.0,1.0,1500000.0,0.0,0.0,False,False,True,False,False,Batak
0171752,017175201,1.0,1.0,26.0,1.0,4.0,2.0,5.0,0.0,4.0,4.0,12.0,2.0,0.0,0.0,0.0,False,True,False,False,False,Batak
0171800,017180001,7.0,1.0,59.0,1.0,4.0,2.0,2.0,1.0,71.0,4.0,12.0,2.0,300000.0,0.0,0.0,True,True,False,True,False,Batak
0171800,017180003,2.0,3.0,35.0,1.0,4.0,3.0,7.0,1.0,71.0,4.0,12.0,2.0,0.0,0.0,0.0,True,False,True,False,True,Batak
0171800,017180004,9.0,3.0,34.0,1.0,4.0,2.0,3.0,0.0,,4.0,12.0,1.0,0.0,0.0,0.0,False,False,True,False,False,Batak
0171800,017180006,9.0,3.0,31.0,1.0,4.0,3.0,7.0,0.0,,4.0,12.0,2.0,0.0,0.0,0.0,False,False,True,False,False,Batak
0171800,017180007,9.0,3.0,29.0,1.0,4.0,74.0,7.0,0.0,,4.0,12.0,2.0,0.0,0.0,0.0,False,False,True,False,False,Batak
0171800,017180011,1.0,1.0,38.0,1.0,1.0,6.0,7.0,1.0,77.0,4.0,12.0,2.0,0.0,0.0,0.0,True,True,False,True,False,Batak
0171841,017184101,1.0,1.0,36.0,1.0,4.0,2.0,4.0,0.0,,4.0,12.0,1.0,0.0,0.0,0.0,False,True,False,False,False,Batak
0171900,017190001,1.0,1.0,65.0,1.0,1.0,2.0,3.0,0.0,,71.0,12.0,1.0,0.0,0.0,0.0,False,True,False,False,False,Java
0171900,017190003,3.0,3.0,40.0,1.0,1.0,5.0,7.0,0.0,,71.0,12.0,1.0,0.0,0.0,0.0,False,False,True,False,False,Java
0171900,017190004,3.0,3.0,37.0,1.0,1.0,5.0,7.0,0.0,,71.0,12.0,1.0,0.0,0.0,0.0,False,False,True,False,False,Java
0171900,017190005,3.0,1.0,34.0,1.0,1.0,5.0,7.0,0.0,,4.0,12.0,1.0,0.0,0.0,0.0,False,True,False,False,False,Java
0171900,017190006,5.0,1.0,41.0,1.0,9.0,5.0,7.0,0.0,71.0,71.0,12.0,1.0,0.0,0.0,0.0,False,True,False,False,False,Java
0171941,017194101,1.0,1.0,45.0,1.0,9.0,5.0,7.0,0.0,71.0,71.0,12.0,1.0,0.0,0.0,0.0,False,True,False,False,False,Minang
0171941,017194103,3.0,3.0,19.0,1.0,9.0,61.0,1.0,0.0,71.0,71.0,12.0,1.0,200000.0,0.0,0.0,False,False,True,False,False,Minang
0171941,017194104,3.0,1.0,16.0,1.0,9.0,6.0,2.0,0.0,71.0,71.0,12.0,1.0,40000.0,5200000.0,15.46416937585933,False,True,False,False,False,Minang
0171943,017194302,2.0,3.0,29.0,1.0,6.0,5.0,7.0,0.0,,4.0,12.0,1.0,0.0,0.0,0.0,False,False,True,False,False,Java
0172000,017200001,1.0,1.0,55.0,1.0,9.0,2.0,7.0,0.0,,71.0,12.0,1.0,0.0,0.0,0.0,False,True,False,False,False,Minang
0172000,017200002,2.0,3.0,51.0,1.0,4.0,73.0,2.0,0.0,,71.0,12.0,1.0,0.0,0.0,0.0,False,False,True,False,False,Minang
0172000,017200003,3.0,1.0,31.0,1.0,9.0,74.0,7.0,0.0,,71.0,12.0,1.0,0.0,0.0,0.0,False,True,False,False,False,Minang
0172000,017200004,3.0,3.0,30.0,1.0,9.0,61.0,7.0,0.0,,71.0,12.0,1.0,0.0,0.0,0.0,False,False,True,False,False,Minang
0172051,017205102,2.0,3.0,31.0,1.0,4.0,60.0,7.0,0.0,71.0,71.0,12.0,1.0,0.0,0.0,0.0,False,False,True,False,False,Batak
0172052,017205201,1.0,1.0,30.0,1.0,4.0,74.0,7.0,1.0,4.0,71.0,12.0,1.0,50000.0,0.0,0.0,True,True,False,True,False,Batak
0180200,018020001,1.0,1.0,62.0,1.0,1.0,2.0,3.0,0.0,,72.0,12.0,1.0,0.0,0.0,0.0,False,True,False,False,False,Java
0180200,018020002,2.0,3.0,59.0,1.0,1.0,2.0,0.0,0.0,,72.0,12.0,1.0,0.0,0.0,0.0,False,False,True,False,False,Java
0180200,018020004,3.0,3.0,32.0,1.0,1.0,2.0,2.0,1.0,72.0,20.0,12.0,2.0,0.0,0.0,0.0,True,False,True,False,True,Java
0180200,018020005,3.0,1.0,28.0,1.0,1.0,2.0,7.0,0.0,,72.0,12.0,1.0,50000.0,20000.0,9.90353755128617,False,True,False,False,False,Java
0180200,018020007,3.0,3.0,23.0,1.0,1.0,2.0,7.0,0.0,,72.0,12.0,1.0,0.0,0.0,0.0,False,False,True,False,False,Java
0180200,018020008,3.0,3.0,21.0,1.0,1.0,2.0,7.0,1.0,8.0,9.0,14.0,2.0,0.0,0.0,0.0,True,False,True,False,True,Java
0180200,018020010,3.0,3.0,18.0,1.0,1.0,2.0,4.0,0.0,72.0,72.0,12.0,1.0,0.0,200000.0,12.206077645517674,False,False,True,False,False,Java
0180200,018020012,5.0,1.0,25.0,1.0,1.0,2.0,4.0,1.0,98.0,72.0,12.0,1.0,0.0,0.0,0.0,True,True,False,True,False,Java
0180253,018025301,1.0,1.0,30.0,1.0,1.0,6.0,7.0,1.0,7.0,9.0,14.0,2.0,0.0,50000.0,10.819798284210286,True,True,False,True,False,Java
0180300,018030002,9.0,3.0,43.0,1.0,9.0,61.0,7.0,0.0,,72.0,12.0,1.0,100000.0,0.0,0.0,False,False,True,False,False,Minang
0180300,018030003,9.0,3.0,36.0,1.0,9.0,3.0,7.0,0.0,,72.0,12.0,1.0,100000.0,0.0,0.0,False,False,True,False,False,Minang
0180300,018030004,9.0,3.0,32.0,1.0,9.0,61.0,7.0,1.0,72.0,75.0,12.0,1.0,100000.0,0.0,0.0,True,False,True,False,True,Minang
0180300,018030005,2.0,3.0,30.0,1.0,9.0,61.0,7.0,0.0,,72.0,12.0,1.0,96000.0,0.0,0.0,False,False,True,False,False,Minang
0180300,018030006,16.0,1.0,53.0,1.0,4.0,6.0,7.0,0.0,72.0,72.0,12.0,1.0,0.0,1000000.0,13.815511557963774,False,True,False,False,False,Minang
0180300,018030007,16.0,1.0,38.0,1.0,1.0,3.0,7.0,0.0,,72.0,12.0,1.0,400000.0,0.0,0.0,False,True,False,False,False,Minang
0180300,018030010,1.0,1.0,33.0,1.0,4.0,3.0,1.0,1.0,8.0,72.0,12.0,1.0,0.0,0.0,0.0,True,True,False,True,False,Minang
0180311,018031103,3.0,3.0,20.0,1.0,4.0,61.0,0.0,1.0,72.0,75.0,12.0,1.0,0.0,2000000.0,14.508658238524095,True,False,True,False,True,Batak
0180531,018050004,1.0,1.0,39.0,1.0,4.0,5.0,7.0,0.0,,13.0,12.0,1.0,0.0,0.0,0.0,False,True,False,False,False,Batak
0180531,018053104,2.0,3.0,31.0,1.0,19.0,5.0,7.0,0.0,,13.0,12.0,1.0,500000.0,0.0,0.0,False,False,True,False,False,Batak
0180600,018060001,2.0,3.0,59.0,1.0,19.0,2.0,2.0,0.0,,72.0,12.0,1.0,0.0,0.0,0.0,False,False,True,False,False,Java
0180600,018060002,3.0,3.0,30.0,1.0,1.0,3.0,2.0,0.0,72.0,72.0,12.0,1.0,200000.0,0.0,0.0,False,False,True,False,False,Java
0180600,018060004,3.0,3.0,22.0,1.0,1.0,6.0,7.0,0.0,,8.0,14.0,2.0,0.0,0.0,0.0,False,False,True,False,False,Java
0180600,018060005,13.0,3.0,37.0,1.0,10.0,61.0,7.0,0.0,,72.0,12.0,1.0,0.0,300000.0,12.611541086966117,False,False,True,False,False,Java
0180600,018060006,13.0,3.0,33.0,1.0,10.0,61.0,7.0,0.0,,72.0,12.0,1.0,0.0,0.0,0.0,False,False,True,False,False,Java
0180600,018060007,1.0,1.0,59.0,1.0,1.0,2.0,2.0,0.0,,72.0,12.0,1.0,0.0,0.0,0.0,False,True,False,False,False,Java
0180600,018060008,3.0,1.0,19.0,1.0,1.0,3.0,7.0,0.0,72.0,72.0,12.0,1.0,0.0,100000.0,11.51293546492023,False,True,False,False,False,Java
0180600,018060009,9.0,3.0,67.0,1.0,19.0,2.0,2.0,1.0,8.0,72.0,12.0,1.0,0.0,0.0,0.0,True,False,True,False,True,Java
0180651,018065101,1.0,1.0,30.0,1.0,4.0,2.0,7.0,0.0,8.0,8.0,14.0,2.0,0.0,0.0,0.0,False,True,False,False,False,Batak
0180700,018070001,2.0,3.0,53.0,1.0,4.0,2.0,5.0,0.0,,72.0,12.0,1.0,0.0,0.0,0.0,False,False,True,False,False,Batak
0180700,018070003,1.0,1.0,55.0,1.0,4.0,2.0,3.0,0.0,,72.0,12.0,1.0,500000.0,0.0,0.0,False,True,False,False,False,Batak
0180800,018080001,1.0,1.0,53.0,1.0,4.0,2.0,1.0,0.0,,72.0,12.0,1.0,0.0,0.0,0.0,False,True,False,False,False,Batak
0180800,018080002,2.0,3.0,55.0,1.0,4.0,2.0,3.0,0.0,,72.0,12.0,1.0,0.0,100000.0,11.51293546492023,False,False,True,False,False,Batak
0180800,018080003,3.0,1.0,22.0,1.0,4.0,5.0,7.0,0.0,72.0,72.0,12.0,1.0,0.0,0.0,0.0,False,True,False,False,False,Batak
0180800,018080004,3.0,3.0,16.0,1.0,4.0,5.0,0.0,0.0,72.0,72.0,12.0,1.0,0.0,0.0,0.0,False,False,True,False,False,Batak
0180900,018090001,5.0,1.0,50.0,1.0,4.0,2.0,98.0,0.0,,8.0,12.0,2.0,0.0,0.0,0.0,False,True,False,False,False,Batak
0180900,018090002,3.0,3.0,44.0,1.0,19.0,2.0,4.0,0.0,,8.0,12.0,2.0,0.0,200000.0,12.206077645517674,False,False,True,False,False,Batak
0180900,018090007,3.0,3.0,56.0,1.0,19.0,2.0,7.0,0.0,72.0,72.0,12.0,1.0,0.0,0.0,0.0,False,False,True,False,False,Batak
0180900,018090008,16.0,3.0,37.0,1.0,4.0,2.0,98.0,0.0,8.0,8.0,12.0,2.0,0.0,0.0,0.0,False,False,True,False,False,Batak
0180900,018090009,10.0,3.0,20.0,1.0,4.0,5.0,98.0,1.0,8.0,75.0,12.0,1.0,0.0,0.0,0.0,True,False,True,False,True,Batak
0180900,018090010,1.0,3.0,79.0,1.0,19.0,1.0,96.0,0.0,,72.0,12.0,1.0,0.0,0.0,0.0,False,False,True,False,False,Batak
0180911,018091101,1.0,1.0,46.0,1.0,4.0,61.0,0.0,1.0,23.0,8.0,12.0,2.0,0.0,0.0,0.0,True,True,False,True,False,Batak
0180911,018091104,3.0,1.0,17.0,1.0,4.0,74.0,0.0,0.0,8.0,8.0,12.0,2.0,0.0,0.0,0.0,False,True,False,False,False,Batak
0180931,018093103,3.0,1.0,26.0,1.0,4.0,73.0,7.0,0.0,,72.0,12.0,1.0,0.0,0.0,0.0,False,True,False,False,False,Batak
0180931,018093104,3.0,1.0,24.0,1.0,4.0,73.0,7.0,0.0,,8.0,12.0,2.0,0.0,15000.0,9.61587214452889,False,True,False,False,False,Batak
0180951,018095102,3.0,3.0,25.0,1.0,4.0,2.0,5.0,0.0,72.0,72.0,12.0,1.0,0.0,0.0,0.0,False,False,True,False,False,Batak
0181000,018100001,1.0,1.0,50.0,1.0,4.0,3.0,0.0,0.0,,72.0,12.0,1.0,0.0,0.0,0.0,False,True,False,False,False,Batak
0181000,018100002,2.0,3.0,46.0,1.0,23.0,5.0,7.0,0.0,,72.0,12.0,1.0,0.0,0.0,0.0,False,False,True,False,False,Batak
0181100,018110001,1.0,1.0,55.0,1.0,4.0,62.0,1.0,0.0,,72.0,12.0,1.0,0.0,0.0,0.0,False,True,False,False,False,Batak
0181100,018110002,2.0,3.0,51.0,1.0,4.0,5.0,7.0,0.0,,72.0,12.0,1.0,1000000.0,0.0,0.0,False,False,True,False,False,Batak
0181100,018110003,3.0,1.0,29.0,1.0,4.0,61.0,7.0,0.0,72.0,72.0,12.0,1.0,1100000.0,0.0,0.0,False,True,False,False,False,Batak
0181100,018110004,3.0,1.0,19.0,1.0,4.0,61.0,2.0,1.0,72.0,75.0,12.0,1.0,0.0,0.0,0.0,True,True,False,True,False,Batak
0181100,018110007,5.0,3.0,21.0,1.0,19.0,5.0,7.0,0.0,72.0,72.0,12.0,1.0,400000.0,0.0,0.0,False,False,True,False,False,Batak
0181200,018120004,1.0,1.0,48.0,1.0,4.0,3.0,2.0,0.0,,72.0,12.0,1.0,0.0,800000.0,13.592368256649284,False,True,False,False,False,Batak
0181200,018120005,3.0,1.0,20.0,1.0,4.0,2.0,5.0,0.0,72.0,72.0,12.0,1.0,0.0,0.0,0.0,False,True,False,False,False,Batak
0181200,018120007,3.0,3.0,15.0,1.0,4.0,2.0,4.0,0.0,72.0,72.0,12.0,1.0,0.0,0.0,0.0,False,False,True,False,False,Batak
0181400,018140002,1.0,3.0,58.0,1.0,4.0,2.0,5.0,0.0,,72.0,12.0,1.0,0.0,0.0,0.0,False,False,True,False,False,Batak
0181400,018140003,3.0,1.0,31.0,1.0,4.0,2.0,5.0,0.0,,72.0,12.0,1.0,0.0,0.0,0.0,False,True,False,False,False,Batak
0181400,018140004,3.0,3.0,29.0,1.0,4.0,5.0,7.0,0.0,,72.0,12.0,1.0,50000.0,0.0,0.0,False,False,True,False,False,Batak
0181400,018144201,5.0,1.0,31.0,1.0,4.0,5.0,7.0,0.0,,72.0,12.0,1.0,0.0,0.0,0.0,False,True,False,False,False,Batak
0181441,018144102,2.0,3.0,31.0,1.0,4.0,2.0,5.0,0.0,,72.0,12.0,1.0,0.0,0.0,0.0,False,False,True,False,False,Batak
0181500,018150001,1.0,1.0,54.0,1.0,4.0,2.0,7.0,0.0,,72.0,12.0,1.0,0.0,0.0,0.0,False,True,False,False,False,Batak
0181500,018150002,2.0,3.0,49.0,1.0,19.0,2.0,7.0,0.0,,72.0,12.0,1.0,0.0,0.0,0.0,False,False,True,False,False,Batak
0181500,018150003,4.0,3.0,30.0,1.0,4.0,2.0,7.0,0.0,,72.0,12.0,1.0,15000.0,0.0,0.0,False,False,True,False,False,Batak
0181500,018150004,3.0,1.0,23.0,1.0,4.0,2.0,7.0,0.0,,72.0,12.0,1.0,50000.0,80000.0,11.289794413577894,False,True,False,False,False,Batak
0181500,018150005,3.0,3.0,19.0,1.0,4.0,5.0,7.0,0.0,72.0,72.0,12.0,1.0,0.0,0.0,0.0,False,False,True,False,False,Batak
0181541,018154101,1.0,1.0,44.0,1.0,4.0,2.0,7.0,0.0,,72.0,12.0,1.0,0.0,3000000.0,14.914123179965662,False,True,False,False,False,Batak
0181600,018160002,1.0,3.0,68.0,1.0,4.0,2.0,2.0,1.0,8.0,72.0,12.0,1.0,300000.0,700000.0,13.45883704259595,True,False,True,False,True,Batak
0181600,018160003,3.0,3.0,37.0,1.0,4.0,61.0,0.0,0.0,,72.0,12.0,1.0,0.0,0.0,0.0,False,False,True,False,False,Batak
0181600,018160004,3.0,3.0,35.0,1.0,4.0,61.0,7.0,0.0,,72.0,12.0,1.0,100000.0,0.0,0.0,False,False,True,False,False,Batak
0181600,018160005,3.0,3.0,29.0,1.0,4.0,74.0,2.0,0.0,,72.0,12.0,1.0,0.0,0.0,0.0,False,False,True,False,False,Batak
0181600,018160007,5.0,1.0,41.0,1.0,19.0,5.0,2.0,1.0,8.0,72.0,12.0,1.0,0.0,0.0,0.0,True,True,False,True,False,Batak
0181600,018160008,10.0,1.0,16.0,1.0,19.0,6.0,2.0,0.0,72.0,72.0,12.0,1.0,0.0,0.0,0.0,False,True,False,False,False,Batak
0181600,018160011,5.0,1.0,31.0,1.0,4.0,73.0,2.0,0.0,,72.0,12.0,1.0,0.0,0.0,0.0,False,True,False,False,False,Batak
0181600,018163102,5.0,1.0,34.0,1.0,4.0,2.0,7.0,0.0,,72.0,12.0,1.0,0.0,0.0,0.0,False,True,False,False,False,Batak
0181700,018170002,1.0,3.0,55.0,1.0,9.0,11.0,7.0,0.0,,72.0,12.0,1.0,30000.0,0.0,0.0,False,False,True,False,False,Minang
0181700,018170004,3.0,3.0,30.0,1.0,9.0,60.0,7.0,0.0,,72.0,12.0,1.0,400000.0,4000000.0,15.201805169084134,False,False,True,False,False,Minang
0181700,018170005,3.0,1.0,29.0,1.0,9.0,60.0,7.0,0.0,,78.0,35.0,1.0,500000.0,1300000.0,14.077875591662238,False,True,False,False,False,Minang
0181751,018175102,2.0,3.0,54.0,1.0,4.0,3.0,7.0,0.0,72.0,72.0,12.0,1.0,0.0,0.0,0.0,False,False,True,False,False,Batak
0181751,018175103,3.0,3.0,36.0,1.0,9.0,6.0,7.0,0.0,72.0,72.0,12.0,1.0,0.0,0.0,0.0,False,False,True,False,False,Batak
0181800,018180006,1.0,1.0,57.0,1.0,4.0,72.0,3.0,1.0,8.0,72.0,12.0,1.0,1200000.0,0.0,0.0,True,True,False,True,False,Batak
0181800,018180007,2.0,3.0,54.0,1.0,4.0,2.0,4.0,0.0,,72.0,12.0,1.0,100000.0,0.0,0.0,False,False,True,False,False,Batak
0181800,018180008,3.0,3.0,30.0,1.0,4.0,5.0,7.0,0.0,72.0,72.0,12.0,1.0,0.0,0.0,0.0,False,False,True,False,False,Batak
0181800,018180012,5.0,1.0,32.0,1.0,4.0,2.0,1.0,0.0,72.0,72.0,12.0,1.0,0.0,0.0,0.0,False,True,False,False,False,Batak
0182000,018200001,1.0,1.0,46.0,1.0,4.0,73.0,2.0,1.0,8.0,19.0,12.0,1.0,0.0,800000.0,13.592368256649284,True,True,False,True,False,Batak
0182000,018200002,2.0,3.0,48.0,1.0,19.0,74.0,7.0,0.0,19.0,19.0,12.0,1.0,0.0,0.0,0.0,False,False,True,False,False,Batak
0190800,019080003,8.0,1.0,47.0,1.0,1.0,6.0,7.0,0.0,,73.0,12.0,1.0,100000.0,0.0,0.0,False,True,False,False,False,Java
0190800,019080006,1.0,1.0,27.0,1.0,1.0,6.0,7.0,0.0,,73.0,12.0,1.0,200000.0,50000.0,10.819798284210286,False,True,False,False,False,Java
0190800,019080008,13.0,3.0,32.0,1.0,1.0,2.0,7.0,0.0,,22.0,12.0,1.0,0.0,0.0,0.0,False,False,True,False,False,Java
0190800,019080010,2.0,3.0,25.0,1.0,1.0,74.0,7.0,0.0,,73.0,12.0,1.0,0.0,200000.0,12.206077645517674,False,False,True,False,False,Java
0190831,019083102,2.0,3.0,38.0,1.0,1.0,2.0,7.0,0.0,,73.0,12.0,1.0,0.0,0.0,0.0,False,False,True,False,False,Java
0190831,019083103,3.0,1.0,19.0,1.0,1.0,74.0,7.0,0.0,73.0,73.0,12.0,1.0,100000.0,500000.0,13.122365377402328,False,True,False,False,False,Java
0190841,019084102,2.0,3.0,57.0,1.0,1.0,2.0,3.0,0.0,,9.0,12.0,2.0,0.0,0.0,0.0,False,False,True,False,False,Java
0190900,019090002,1.0,3.0,54.0,1.0,1.0,15.0,7.0,0.0,7.0,7.0,15.0,1.0,0.0,0.0,0.0,False,False,True,False,False,Java
0190900,019090003,3.0,3.0,35.0,1.0,1.0,60.0,7.0,1.0,73.0,71.0,18.0,1.0,0.0,0.0,0.0,True,False,True,False,True,Java
0190900,019090004,3.0,1.0,32.0,1.0,1.0,61.0,7.0,1.0,73.0,71.0,14.0,1.0,0.0,0.0,0.0,True,True,False,True,False,Java
0190951,019095102,2.0,3.0,32.0,1.0,23.0,61.0,7.0,1.0,75.0,71.0,14.0,1.0,0.0,0.0,0.0,True,False,True,False,True,Java
0191000,019100003,9.0,1.0,47.0,1.0,26.0,3.0,2.0,0.0,73.0,73.0,12.0,1.0,1300000.0,0.0,0.0,False,True,False,False,False,Java
0191000,019100004,9.0,3.0,47.0,1.0,4.0,98.0,98.0,0.0,,73.0,12.0,1.0,0.0,0.0,0.0,False,False,True,False,False,Java
0191000,019100006,4.0,3.0,29.0,1.0,1.0,3.0,7.0,0.0,,73.0,12.0,1.0,0.0,0.0,0.0,False,False,True,False,False,Java
0191000,019103102,2.0,3.0,53.0,1.0,26.0,2.0,7.0,0.0,,73.0,12.0,1.0,0.0,50000.0,10.819798284210286,False,False,True,False,False,Java
0191000,019103103,4.0,3.0,20.0,1.0,1.0,5.0,7.0,0.0,73.0,73.0,12.0,1.0,0.0,0.0,0.0,False,False,True,False,False,Java
0191000,019100011,5.0,1.0,44.0,1.0,1.0,6.0,7.0,0.0,73.0,73.0,12.0,1.0,0.0,0.0,0.0,False,True,False,False,False,Java
0191000,019100016,1.0,1.0,39.0,1.0,4.0,5.0,7.0,0.0,73.0,73.0,12.0,1.0,0.0,0.0,0.0,False,True,False,False,False,Java
0191011,019101103,3.0,3.0,20.0,1.0,4.0,61.0,1.0,0.0,73.0,73.0,12.0,1.0,0.0,0.0,0.0,False,False,True,False,False,Batak
0191011,019101104,3.0,3.0,19.0,1.0,4.0,61.0,1.0,0.0,73.0,73.0,12.0,1.0,0.0,0.0,0.0,False,False,True,False,False,Batak
0200200,020020001,1.0,3.0,49.0,1.0,4.0,2.0,7.0,0.0,74.0,74.0,12.0,1.0,0.0,0.0,0.0,False,False,True,False,False,Batak
0200300,020030002,1.0,1.0,41.0,1.0,1.0,6.0,7.0,0.0,,75.0,12.0,1.0,0.0,0.0,0.0,False,True,False,False,False,Java
0200300,020030004,8.0,1.0,32.0,1.0,1.0,5.0,7.0,1.0,74.0,75.0,12.0,1.0,0.0,0.0,0.0,True,True,False,True,False,Java
0200500,020050004,1.0,1.0,41.0,2.0,4.0,5.0,7.0,1.0,74.0,75.0,12.0,1.0,0.0,0.0,0.0,True,True,False,True,False,Batak
0200500,020050006,2.0,3.0,35.0,2.0,4.0,2.0,7.0,0.0,75.0,75.0,12.0,1.0,0.0,0.0,0.0,False,False,True,False,False,Batak
0200551,020055102,2.0,3.0,33.0,2.0,4.0,5.0,2.0,0.0,75.0,75.0,12.0,1.0,0.0,0.0,0.0,False,False,True,False,False,Batak
0200600,020060006,2.0,3.0,37.0,2.0,4.0,61.0,7.0,0.0,,74.0,12.0,1.0,3000000.0,0.0,0.0,False,False,True,False,False,Batak
0200600,020063101,1.0,1.0,39.0,2.0,4.0,5.0,7.0,0.0,,74.0,12.0,1.0,0.0,0.0,0.0,False,True,False,False,False,Batak
0200600,020063103,3.0,1.0,15.0,2.0,4.0,5.0,0.0,0.0,74.0,74.0,12.0,1.0,50000.0,100000.0,11.51293546492023,False,True,False,False,False,Batak
0200600,020060010,4.0,1.0,18.0,2.0,4.0,6.0,7.0,0.0,74.0,74.0,12.0,1.0,50000.0,200000.0,12.206077645517674,False,True,False,False,False,Batak
0200800,020080006,2.0,3.0,36.0,1.0,1.0,5.0,7.0,0.0,74.0,74.0,12.0,1.0,0.0,0.0,0.0,False,False,True,False,False,Batak
0200900,020090001,3.0,1.0,51.0,2.0,4.0,5.0,7.0,0.0,,74.0,12.0,1.0,100000.0,0.0,0.0,False,True,False,False,False,Batak
0200900,020090004,1.0,3.0,71.0,2.0,4.0,2.0,7.0,0.0,,74.0,12.0,1.0,0.0,0.0,0.0,False,False,True,False,False,Batak
0201000,020100002,1.0,3.0,66.0,2.0,4.0,6.0,0.0,0.0,,74.0,12.0,1.0,0.0,0.0,0.0,False,False,True,False,False,Batak
0201000,020100003,3.0,1.0,49.0,2.0,4.0,60.0,7.0,0.0,74.0,74.0,12.0,1.0,0.0,0.0,0.0,False,True,False,False,False,Batak
0201000,020100004,3.0,3.0,45.0,2.0,4.0,5.0,7.0,0.0,,74.0,12.0,1.0,500000.0,0.0,0.0,False,False,True,False,False,Batak
0201000,020100005,3.0,1.0,39.0,2.0,4.0,60.0,0.0,0.0,74.0,74.0,12.0,1.0,0.0,0.0,0.0,False,True,False,False,False,Batak
0201031,020103102,2.0,3.0,46.0,2.0,4.0,6.0,7.0,0.0,,74.0,12.0,1.0,0.0,0.0,0.0,False,False,True,False,False,Batak
0201031,020103103,3.0,3.0,17.0,2.0,4.0,6.0,2.0,0.0,74.0,74.0,12.0,1.0,0.0,200000.0,12.206077645517674,False,False,True,False,False,Batak
0201032,020103201,1.0,1.0,46.0,2.0,4.0,5.0,7.0,0.0,,74.0,12.0,1.0,0.0,0.0,0.0,False,True,False,False,False,Batak
0201032,020103203,3.0,3.0,19.0,2.0,4.0,61.0,1.0,1.0,74.0,75.0,12.0,1.0,0.0,0.0,0.0,True,False,True,False,True,Batak
0201032,020103204,3.0,3.0,15.0,2.0,4.0,5.0,0.0,0.0,74.0,74.0,12.0,1.0,0.0,0.0,0.0,False,False,True,False,False,Batak
0201100,020110001,1.0,1.0,66.0,2.0,4.0,3.0,2.0,1.0,4.0,74.0,12.0,1.0,0.0,0.0,0.0,True,True,False,True,False,Batak
0201100,020110004,3.0,3.0,36.0,2.0,4.0,61.0,7.0,1.0,74.0,75.0,12.0,1.0,0.0,0.0,0.0,True,False,True,False,True,Batak
0201100,020110005,3.0,3.0,34.0,2.0,4.0,61.0,7.0,1.0,74.0,12.0,12.0,1.0,0.0,0.0,0.0,True,False,True,False,True,Batak
0201200,020120001,1.0,3.0,74.0,3.0,4.0,2.0,4.0,1.0,73.0,74.0,12.0,1.0,0.0,0.0,0.0,True,False,True,False,True,Batak
0201200,020120002,12.0,3.0,49.0,2.0,4.0,5.0,7.0,1.0,18.0,74.0,12.0,1.0,0.0,3000000.0,14.914123179965662,True,False,True,False,True,Batak
0201300,020130002,1.0,3.0,41.0,2.0,4.0,6.0,7.0,0.0,,74.0,12.0,1.0,0.0,0.0,0.0,False,False,True,False,False,Batak
0201300,020130003,3.0,3.0,22.0,2.0,4.0,61.0,7.0,0.0,,73.0,12.0,1.0,0.0,2000000.0,14.508658238524095,False,False,True,False,False,Batak
0201300,020130004,3.0,3.0,20.0,2.0,4.0,61.0,2.0,0.0,74.0,74.0,12.0,1.0,200000.0,0.0,0.0,False,False,True,False,False,Batak
0201300,020130006,3.0,1.0,15.0,2.0,4.0,3.0,1.0,0.0,74.0,74.0,12.0,1.0,0.0,500000.0,13.122365377402328,False,True,False,False,False,Batak
0201400,020140001,1.0,3.0,57.0,2.0,4.0,3.0,7.0,0.0,,74.0,12.0,1.0,0.0,2500000.0,14.731801689838347,False,False,True,False,False,Batak
0201400,020140002,3.0,1.0,23.0,2.0,4.0,61.0,2.0,0.0,,73.0,12.0,1.0,0.0,2000000.0,14.508658238524095,False,True,False,False,False,Batak
0201500,020150006,2.0,3.0,40.0,1.0,4.0,5.0,0.0,0.0,,75.0,12.0,1.0,0.0,0.0,0.0,False,False,True,False,False,Batak
0201500,020150008,13.0,1.0,22.0,1.0,4.0,60.0,1.0,0.0,,75.0,12.0,1.0,0.0,0.0,0.0,False,True,False,False,False,Batak
0201500,020150009,13.0,3.0,19.0,1.0,4.0,6.0,7.0,1.0,74.0,75.0,12.0,1.0,200000.0,0.0,0.0,True,False,True,False,True,Batak
0201500,020153101,1.0,1.0,43.0,1.0,9.0,3.0,7.0,1.0,5.0,75.0,12.0,1.0,0.0,0.0,0.0,True,True,False,True,False,Batak
0201500,020153103,3.0,3.0,17.0,1.0,9.0,6.0,1.0,1.0,74.0,75.0,12.0,1.0,0.0,200000.0,12.206077645517674,True,False,True,False,True,Batak
0201500,020153104,3.0,1.0,15.0,1.0,9.0,3.0,2.0,0.0,75.0,75.0,12.0,1.0,0.0,800000.0,13.592368256649284,False,True,False,False,False,Batak
0201800,020180001,1.0,3.0,53.0,1.0,1.0,2.0,3.0,0.0,,74.0,12.0,1.0,0.0,50000.0,10.819798284210286,False,False,True,False,False,Java
0201800,020180002,3.0,3.0,31.0,1.0,1.0,5.0,7.0,0.0,,18.0,12.0,2.0,0.0,0.0,0.0,False,False,True,False,False,Java
0201800,020180003,3.0,1.0,27.0,1.0,1.0,61.0,7.0,0.0,,7.0,12.0,1.0,0.0,0.0,0.0,False,True,False,False,False,Java
0201800,020180006,3.0,1.0,20.0,1.0,1.0,6.0,7.0,0.0,74.0,74.0,12.0,1.0,700000.0,0.0,0.0,False,True,False,False,False,Java
0201841,020184101,1.0,1.0,38.0,1.0,1.0,6.0,7.0,0.0,18.0,18.0,12.0,2.0,100000.0,0.0,0.0,False,True,False,False,False,Java
0201900,020190004,8.0,3.0,34.0,2.0,4.0,5.0,7.0,0.0,,74.0,12.0,1.0,1000000.0,0.0,0.0,False,False,True,False,False,Batak
0201900,020190007,13.0,3.0,45.0,2.0,4.0,6.0,7.0,1.0,18.0,19.0,12.0,1.0,500000.0,0.0,0.0,True,False,True,False,True,Batak
0201900,020190008,1.0,1.0,44.0,2.0,4.0,61.0,7.0,0.0,,74.0,12.0,1.0,0.0,0.0,0.0,False,True,False,False,False,Batak
0201900,020190009,2.0,3.0,41.0,2.0,4.0,5.0,7.0,0.0,,74.0,12.0,1.0,0.0,0.0,0.0,False,False,True,False,False,Batak
0201900,020190010,3.0,1.0,17.0,2.0,4.0,61.0,0.0,1.0,74.0,12.0,12.0,1.0,0.0,0.0,0.0,True,True,False,True,False,Batak
0201941,020194101,1.0,1.0,37.0,2.0,4.0,6.0,7.0,0.0,,74.0,12.0,1.0,0.0,0.0,0.0,False,True,False,False,False,Batak
0201951,020195101,1.0,1.0,47.0,2.0,4.0,5.0,7.0,1.0,15.0,19.0,12.0,1.0,1000000.0,0.0,0.0,True,True,False,True,False,Batak
0201951,020195103,3.0,3.0,15.0,2.0,4.0,5.0,0.0,1.0,74.0,19.0,12.0,1.0,0.0,0.0,0.0,True,False,True,False,True,Batak
0202000,020200006,1.0,1.0,40.0,1.0,9.0,3.0,7.0,0.0,,74.0,12.0,1.0,0.0,0.0,0.0,False,True,False,False,False,Minang
0202000,020200007,2.0,3.0,41.0,1.0,1.0,5.0,7.0,0.0,,74.0,12.0,1.0,0.0,0.0,0.0,False,False,True,False,False,Minang
0202000,020200008,4.0,1.0,16.0,1.0,19.0,6.0,1.0,1.0,13.0,74.0,12.0,1.0,0.0,160000.0,11.982935344196433,True,True,False,True,False,Minang
0210100,021010001,1.0,1.0,77.0,1.0,1.0,5.0,7.0,0.0,74.0,74.0,12.0,1.0,0.0,0.0,0.0,False,True,False,False,False,Java
0210100,021010002,2.0,3.0,74.0,1.0,1.0,60.0,7.0,0.0,,74.0,12.0,1.0,1500000.0,1000000.0,13.815511557963774,False,False,True,False,False,Java
0210100,021010003,3.0,3.0,37.0,1.0,1.0,61.0,7.0,0.0,,74.0,12.0,1.0,2000000.0,1500000.0,14.220976332738882,False,False,True,False,False,Java
0210100,021010008,5.0,1.0,43.0,1.0,1.0,5.0,7.0,1.0,75.0,74.0,12.0,1.0,300000.0,0.0,0.0,True,True,False,True,False,Java
0210300,021030003,1.0,1.0,45.0,1.0,1.0,6.0,7.0,0.0,,74.0,12.0,1.0,0.0,0.0,0.0,False,True,False,False,False,Java
0210300,021030004,2.0,3.0,42.0,1.0,1.0,2.0,7.0,0.0,,74.0,12.0,1.0,50000.0,0.0,0.0,False,False,True,False,False,Java
0210300,021030006,3.0,3.0,16.0,1.0,1.0,6.0,2.0,0.0,74.0,74.0,12.0,1.0,0.0,200000.0,12.206077645517674,False,False,True,False,False,Java
0210400,021040002,6.0,3.0,71.0,1.0,1.0,2.0,98.0,0.0,,74.0,12.0,1.0,0.0,200000.0,12.206077645517674,False,False,True,False,False,Java
0210400,021040003,1.0,1.0,44.0,1.0,1.0,2.0,7.0,0.0,,74.0,12.0,1.0,0.0,0.0,0.0,False,True,False,False,False,Java
0210400,021040004,2.0,3.0,42.0,1.0,1.0,6.0,7.0,0.0,,74.0,12.0,1.0,500000.0,0.0,0.0,False,False,True,False,False,Java
0210500,021050002,1.0,3.0,76.0,1.0,26.0,2.0,7.0,0.0,,74.0,12.0,1.0,1000000.0,500000.0,13.122365377402328,False,False,True,False,False,Batak
0210500,021050003,3.0,3.0,49.0,1.0,4.0,2.0,5.0,0.0,,74.0,12.0,1.0,0.0,0.0,0.0,False,False,True,False,False,Batak
0210500,021050004,3.0,3.0,46.0,1.0,4.0,2.0,7.0,0.0,,6.0,14.0,2.0,0.0,0.0,0.0,False,False,True,False,False,Batak
0210500,021050005,3.0,3.0,44.0,1.0,4.0,6.0,7.0,0.0,,74.0,12.0,1.0,0.0,1500000.0,14.220976332738882,False,False,True,False,False,Batak
0210500,021050006,3.0,3.0,40.0,1.0,4.0,3.0,7.0,0.0,,74.0,12.0,1.0,0.0,0.0,0.0,False,False,True,False,False,Batak
0210500,021050007,3.0,1.0,40.0,1.0,4.0,6.0,7.0,0.0,74.0,74.0,12.0,1.0,150000.0,0.0,0.0,False,True,False,False,False,Batak
0210500,021050009,5.0,1.0,49.0,1.0,1.0,2.0,7.0,0.0,,74.0,12.0,1.0,0.0,0.0,0.0,False,True,False,False,False,Batak
0210500,021050010,10.0,1.0,15.0,1.0,1.0,6.0,0.0,0.0,74.0,74.0,12.0,1.0,0.0,0.0,0.0,False,True,False,False,False,Batak
0210500,021050011,10.0,3.0,20.0,1.0,4.0,6.0,7.0,1.0,74.0,18.0,12.0,1.0,0.0,0.0,0.0,True,False,True,False,True,Batak
0210551,021055102,2.0,3.0,37.0,1.0,1.0,5.0,7.0,1.0,18.0,74.0,12.0,1.0,200000.0,500000.0,13.122365377402328,True,False,True,False,True,Batak
0210600,021060002,2.0,3.0,53.0,1.0,4.0,61.0,7.0,0.0,,74.0,12.0,1.0,0.0,0.0,0.0,False,False,True,False,False,Java
0210600,021060003,1.0,1.0,52.0,1.0,1.0,5.0,7.0,0.0,,74.0,12.0,1.0,0.0,0.0,0.0,False,True,False,False,False,Java
0210600,021060006,3.0,3.0,20.0,1.0,1.0,61.0,3.0,1.0,74.0,75.0,12.0,1.0,0.0,0.0,0.0,True,False,True,False,True,Java
0210600,021060007,3.0,3.0,18.0,1.0,1.0,61.0,0.0,1.0,74.0,75.0,12.0,1.0,0.0,0.0,0.0,True,False,True,False,True,Java
0210600,021060008,3.0,1.0,15.0,1.0,1.0,14.0,2.0,0.0,74.0,74.0,12.0,1.0,0.0,0.0,0.0,False,True,False,False,False,Java
0210600,021060010,6.0,1.0,71.0,1.0,1.0,2.0,98.0,1.0,98.0,19.0,12.0,2.0,0.0,0.0,0.0,True,True,False,True,False,Java
0210700,021070001,1.0,1.0,53.0,1.0,26.0,2.0,3.0,0.0,,74.0,12.0,1.0,0.0,0.0,0.0,False,True,False,False,False,Java
0210700,021070002,2.0,3.0,51.0,1.0,1.0,2.0,7.0,0.0,,74.0,12.0,1.0,300000.0,0.0,0.0,False,False,True,False,False,Java
0210700,021070003,3.0,1.0,31.0,1.0,1.0,6.0,7.0,0.0,,8.0,12.0,2.0,0.0,0.0,0.0,False,True,False,False,False,Java
0210700,021070004,3.0,3.0,28.0,1.0,1.0,61.0,7.0,0.0,,12.0,12.0,2.0,10000000.0,0.0,0.0,False,False,True,False,False,Java
0210751,021075102,2.0,3.0,28.0,1.0,1.0,5.0,7.0,1.0,74.0,8.0,12.0,2.0,0.0,0.0,0.0,True,False,True,False,True,Java
0210752,021075202,1.0,1.0,32.0,1.0,1.0,6.0,7.0,0.0,12.0,12.0,12.0,2.0,0.0,0.0,0.0,False,True,False,False,False,Java
0210900,021090007,1.0,3.0,59.0,1.0,1.0,2.0,4.0,0.0,,74.0,12.0,1.0,500000.0,0.0,0.0,False,False,True,False,False,Java
0210900,021090010,3.0,1.0,23.0,1.0,1.0,6.0,7.0,0.0,,74.0,12.0,1.0,0.0,0.0,0.0,False,True,False,False,False,Java
0211000,021100001,1.0,1.0,60.0,1.0,1.0,73.0,1.0,0.0,,74.0,12.0,1.0,1000000.0,0.0,0.0,False,True,False,False,False,Java
0211000,021100002,2.0,3.0,47.0,1.0,1.0,2.0,7.0,0.0,,74.0,12.0,1.0,200000.0,0.0,0.0,False,False,True,False,False,Java
0211000,021100003,3.0,1.0,25.0,1.0,1.0,5.0,7.0,0.0,,74.0,12.0,1.0,0.0,0.0,0.0,False,True,False,False,False,Java
0211000,021100004,3.0,1.0,20.0,1.0,1.0,6.0,7.0,0.0,74.0,74.0,12.0,1.0,0.0,0.0,0.0,False,True,False,False,False,Java
0211000,021100005,3.0,1.0,19.0,1.0,1.0,5.0,7.0,0.0,74.0,74.0,12.0,1.0,200000.0,0.0,0.0,False,True,False,False,False,Java
0211100,021110002,9.0,3.0,46.0,1.0,1.0,98.0,98.0,0.0,,7.0,14.0,2.0,0.0,0.0,0.0,False,False,True,False,False,Java
0211100,021110003,8.0,3.0,42.0,1.0,1.0,2.0,7.0,0.0,,7.0,14.0,2.0,0.0,0.0,0.0,False,False,True,False,False,Java
0211100,021110004,1.0,1.0,37.0,1.0,1.0,2.0,7.0,1.0,18.0,9.0,14.0,2.0,0.0,70000.0,11.156264806643742,True,True,False,True,False,Java
0211100,021110008,2.0,3.0,26.0,1.0,1.0,6.0,7.0,0.0,9.0,9.0,14.0,2.0,0.0,0.0,0.0,False,False,True,False,False,Java
0211131,021113103,3.0,1.0,20.0,1.0,1.0,3.0,1.0,1.0,74.0,7.0,14.0,2.0,0.0,0.0,0.0,True,True,False,True,False,Java
0211131,021113104,3.0,1.0,17.0,1.0,1.0,3.0,1.0,1.0,74.0,7.0,14.0,2.0,0.0,0.0,0.0,True,True,False,True,False,Java
0211300,021130001,1.0,1.0,55.0,1.0,1.0,3.0,1.0,0.0,,74.0,12.0,1.0,0.0,0.0,0.0,False,True,False,False,False,Java
0211300,021130002,2.0,3.0,52.0,1.0,4.0,2.0,4.0,0.0,,74.0,12.0,1.0,0.0,1200000.0,13.997832948091215,False,False,True,False,False,Java
0211300,021130003,3.0,3.0,33.0,1.0,1.0,3.0,7.0,0.0,,74.0,12.0,1.0,0.0,0.0,0.0,False,False,True,False,False,Java
0211300,021130005,3.0,1.0,30.0,1.0,1.0,3.0,7.0,0.0,,74.0,12.0,1.0,0.0,200000.0,12.206077645517674,False,True,False,False,False,Java
0211300,021130006,3.0,3.0,29.0,1.0,1.0,3.0,7.0,0.0,,74.0,12.0,1.0,0.0,0.0,0.0,False,False,True,False,False,Java
0211300,021130007,3.0,3.0,27.0,1.0,1.0,3.0,7.0,0.0,,74.0,12.0,1.0,0.0,0.0,0.0,False,False,True,False,False,Java
0211300,021130008,3.0,1.0,24.0,1.0,1.0,3.0,7.0,0.0,,74.0,12.0,1.0,0.0,0.0,0.0,False,True,False,False,False,Java
0211300,021130009,3.0,1.0,22.0,1.0,1.0,3.0,7.0,0.0,,74.0,12.0,1.0,500000.0,0.0,0.0,False,True,False,False,False,Java
0211341,021134101,1.0,1.0,34.0,1.0,1.0,2.0,7.0,0.0,,74.0,12.0,1.0,0.0,0.0,0.0,False,True,False,False,False,Java
0211342,021134201,1.0,1.0,34.0,1.0,4.0,3.0,2.0,0.0,,74.0,12.0,1.0,0.0,0.0,0.0,False,True,False,False,False,Batak
0211343,021134301,1.0,1.0,36.0,1.0,4.0,5.0,7.0,0.0,,74.0,12.0,1.0,1000000.0,0.0,0.0,False,True,False,False,False,Batak
0211351,021135102,2.0,3.0,17.0,1.0,1.0,3.0,1.0,1.0,18.0,74.0,12.0,1.0,0.0,0.0,0.0,True,False,True,False,True,Java
0211400,021140001,1.0,1.0,48.0,1.0,1.0,2.0,4.0,0.0,,74.0,12.0,1.0,0.0,0.0,0.0,False,True,False,False,False,Java
0211400,021140002,2.0,3.0,46.0,1.0,1.0,2.0,7.0,0.0,,74.0,12.0,1.0,0.0,0.0,0.0,False,False,True,False,False,Java
0211400,021140003,3.0,1.0,24.0,1.0,1.0,3.0,7.0,0.0,,74.0,12.0,1.0,500000.0,400000.0,12.899222326086994,False,True,False,False,False,Java
0211400,021140004,3.0,3.0,21.0,1.0,1.0,5.0,7.0,0.0,74.0,74.0,12.0,1.0,0.0,0.0,0.0,False,False,True,False,False,Java
0211400,021140005,3.0,1.0,15.0,1.0,1.0,6.0,1.0,0.0,74.0,74.0,12.0,1.0,0.0,20000.0,9.90353755128617,False,True,False,False,False,Java
0211451,021145101,1.0,1.0,22.0,1.0,1.0,6.0,7.0,0.0,74.0,74.0,12.0,1.0,0.0,0.0,0.0,False,True,False,False,False,Java
0211500,021150002,1.0,3.0,76.0,1.0,1.0,2.0,1.0,0.0,,74.0,12.0,1.0,0.0,0.0,0.0,False,False,True,False,False,Java
0211500,021150003,3.0,1.0,38.0,1.0,1.0,2.0,4.0,0.0,74.0,74.0,12.0,1.0,0.0,0.0,0.0,False,True,False,False,False,Java
0211500,021150005,3.0,3.0,32.0,1.0,1.0,2.0,3.0,0.0,,74.0,12.0,1.0,0.0,0.0,0.0,False,False,True,False,False,Java
0211500,021150006,5.0,1.0,32.0,1.0,1.0,98.0,98.0,0.0,,74.0,12.0,1.0,0.0,0.0,0.0,False,True,False,False,False,Java
0211600,021160001,1.0,1.0,57.0,1.0,1.0,2.0,4.0,0.0,,74.0,12.0,1.0,0.0,0.0,0.0,False,True,False,False,False,Java
0211600,021160004,3.0,3.0,21.0,1.0,1.0,2.0,7.0,0.0,74.0,74.0,12.0,1.0,0.0,300000.0,12.611541086966117,False,False,True,False,False,Java
0211600,021160005,3.0,3.0,17.0,1.0,1.0,3.0,7.0,0.0,74.0,74.0,12.0,1.0,0.0,0.0,0.0,False,False,True,False,False,Java
0211651,021165101,1.0,1.0,25.0,1.0,4.0,3.0,7.0,0.0,74.0,74.0,12.0,1.0,0.0,0.0,0.0,False,True,False,False,False,Batak
0211700,021170004,9.0,3.0,45.0,1.0,1.0,2.0,98.0,0.0,,74.0,12.0,1.0,200000.0,0.0,0.0,False,False,True,False,False,Java
0211700,021170005,9.0,3.0,38.0,1.0,1.0,3.0,7.0,0.0,,74.0,12.0,1.0,0.0,0.0,0.0,False,False,True,False,False,Java
0211700,021170006,9.0,1.0,34.0,1.0,1.0,3.0,7.0,0.0,,7.0,12.0,2.0,0.0,0.0,0.0,False,True,False,False,False,Java
0211700,021170007,9.0,3.0,31.0,1.0,1.0,3.0,7.0,0.0,,74.0,12.0,1.0,0.0,0.0,0.0,False,False,True,False,False,Java
0211700,021170008,2.0,3.0,29.0,1.0,1.0,3.0,7.0,0.0,,74.0,12.0,1.0,0.0,0.0,0.0,False,False,True,False,False,Java
0211700,021170012,1.0,1.0,35.0,1.0,1.0,3.0,7.0,0.0,,74.0,12.0,1.0,200000.0,0.0,0.0,False,True,False,False,False,Java
0211732,021173201,1.0,1.0,43.0,1.0,1.0,6.0,7.0,0.0,,74.0,12.0,1.0,0.0,0.0,0.0,False,True,False,False,False,Java
0211732,021173203,3.0,3.0,16.0,1.0,1.0,74.0,1.0,1.0,18.0,74.0,12.0,1.0,0.0,200000.0,12.206077645517674,True,False,True,False,True,Java
0211741,021174102,2.0,3.0,32.0,1.0,1.0,3.0,1.0,0.0,,7.0,12.0,2.0,0.0,0.0,0.0,False,False,True,False,False,Java
0211800,021180001,1.0,1.0,74.0,1.0,1.0,2.0,7.0,0.0,,74.0,12.0,1.0,0.0,0.0,0.0,False,True,False,False,False,Java
0211800,021180002,2.0,3.0,78.0,1.0,4.0,1.0,96.0,0.0,74.0,74.0,12.0,1.0,0.0,0.0,0.0,False,False,True,False,False,Java
0211800,021180003,3.0,1.0,46.0,1.0,1.0,5.0,7.0,0.0,,74.0,12.0,1.0,250000.0,0.0,0.0,False,True,False,False,False,Java
0211800,021180005,3.0,1.0,41.0,1.0,1.0,6.0,7.0,0.0,,74.0,12.0,1.0,0.0,0.0,0.0,False,True,False,False,False,Java
0211800,021180006,5.0,3.0,41.0,1.0,1.0,3.0,7.0,0.0,,74.0,12.0,1.0,0.0,0.0,0.0,False,False,True,False,False,Java
0211811,021181105,3.0,3.0,16.0,1.0,1.0,6.0,1.0,0.0,74.0,74.0,12.0,1.0,0.0,400000.0,12.899222326086994,False,False,True,False,False,Java
0211841,021184102,2.0,3.0,42.0,1.0,1.0,6.0,7.0,0.0,,74.0,12.0,1.0,0.0,0.0,0.0,False,False,True,False,False,Java
0211841,021184103,3.0,3.0,17.0,1.0,1.0,6.0,2.0,0.0,74.0,74.0,12.0,1.0,0.0,1200000.0,13.997832948091215,False,False,True,False,False,Java
0211900,021190001,1.0,1.0,55.0,1.0,1.0,2.0,2.0,0.0,,74.0,12.0,1.0,0.0,0.0,0.0,False,True,False,False,False,Java
0211900,021190002,2.0,3.0,50.0,1.0,1.0,3.0,0.0,0.0,,74.0,12.0,1.0,0.0,0.0,0.0,False,False,True,False,False,Java
0211900,021190003,3.0,3.0,30.0,1.0,1.0,6.0,7.0,0.0,,74.0,12.0,1.0,500000.0,0.0,0.0,False,False,True,False,False,Java
0211900,021190004,3.0,1.0,27.0,1.0,1.0,6.0,7.0,0.0,74.0,74.0,12.0,1.0,0.0,0.0,0.0,False,True,False,False,False,Java
0211900,021190005,3.0,3.0,24.0,1.0,1.0,6.0,7.0,0.0,,74.0,12.0,1.0,0.0,0.0,0.0,False,False,True,False,False,Java
0211900,021190006,3.0,3.0,18.0,1.0,1.0,5.0,7.0,0.0,74.0,74.0,12.0,1.0,200000.0,0.0,0.0,False,False,True,False,False,Java
0211900,021190008,5.0,1.0,24.0,1.0,4.0,3.0,7.0,0.0,74.0,74.0,12.0,1.0,0.0,0.0,0.0,False,True,False,False,False,Java
0211951,021195101,1.0,1.0,44.0,1.0,4.0,74.0,7.0,0.0,74.0,74.0,12.0,1.0,0.0,0.0,0.0,False,True,False,False,False,Batak
0211952,021195202,2.0,3.0,21.0,1.0,1.0,3.0,7.0,0.0,74.0,74.0,12.0,1.0,0.0,0.0,0.0,False,False,True,False,False,Java
0212000,021200003,1.0,1.0,50.0,1.0,1.0,2.0,98.0,0.0,,74.0,12.0,1.0,0.0,0.0,0.0,False,True,False,False,False,Java
0212000,021200004,2.0,3.0,45.0,1.0,1.0,2.0,7.0,0.0,,74.0,12.0,1.0,0.0,0.0,0.0,False,False,True,False,False,Java
0212000,021200005,3.0,1.0,20.0,1.0,1.0,3.0,7.0,0.0,74.0,74.0,12.0,1.0,70000.0,0.0,0.0,False,True,False,False,False,Java
0220100,022010004,2.0,3.0,38.0,1.0,9.0,5.0,7.0,0.0,,74.0,12.0,1.0,0.0,0.0,0.0,False,False,True,False,False,Minang
0220100,022010005,9.0,3.0,36.0,1.0,9.0,5.0,7.0,0.0,74.0,74.0,12.0,1.0,0.0,0.0,0.0,False,False,True,False,False,Minang
0220100,022010007,1.0,1.0,41.0,1.0,4.0,5.0,7.0,1.0,9.0,74.0,12.0,1.0,0.0,0.0,0.0,True,True,False,True,False,Minang
0220200,022020004,8.0,3.0,61.0,1.0,1.0,2.0,3.0,0.0,,74.0,12.0,1.0,0.0,300000.0,12.611541086966117,False,False,True,False,False,Java
0220200,022020005,13.0,3.0,55.0,1.0,2.0,3.0,1.0,0.0,,74.0,12.0,1.0,0.0,0.0,0.0,False,False,True,False,False,Java
0220200,022020007,13.0,3.0,45.0,1.0,4.0,2.0,7.0,0.0,,18.0,12.0,1.0,0.0,0.0,0.0,False,False,True,False,False,Java
0220200,022020009,10.0,1.0,31.0,1.0,2.0,3.0,1.0,0.0,74.0,74.0,12.0,1.0,0.0,0.0,0.0,False,True,False,False,False,Java
0220200,022020012,1.0,3.0,64.0,1.0,1.0,2.0,3.0,0.0,74.0,74.0,12.0,1.0,0.0,500000.0,13.122365377402328,False,False,True,False,False,Java
0220200,022090005,16.0,3.0,89.0,1.0,19.0,98.0,98.0,0.0,74.0,74.0,12.0,1.0,0.0,0.0,0.0,False,False,True,False,False,Java
0220251,022025101,1.0,1.0,53.0,1.0,4.0,3.0,7.0,1.0,98.0,18.0,12.0,1.0,0.0,0.0,0.0,True,True,False,True,False,Java
0220500,022050001,1.0,1.0,68.0,1.0,4.0,61.0,2.0,0.0,,74.0,12.0,1.0,0.0,0.0,0.0,False,True,False,False,False,Batak
0220500,022050002,2.0,3.0,59.0,1.0,4.0,6.0,7.0,0.0,,74.0,12.0,1.0,0.0,0.0,0.0,False,False,True,False,False,Batak
0220500,022050003,3.0,3.0,35.0,1.0,4.0,61.0,7.0,0.0,,18.0,12.0,1.0,500000.0,0.0,0.0,False,False,True,False,False,Batak
0220500,022050004,3.0,3.0,34.0,1.0,4.0,60.0,7.0,0.0,,18.0,12.0,2.0,0.0,0.0,0.0,False,False,True,False,False,Batak
0220500,022050005,3.0,3.0,31.0,1.0,4.0,61.0,7.0,0.0,,12.0,12.0,1.0,0.0,0.0,0.0,False,False,True,False,False,Batak
0220500,022050006,3.0,1.0,27.0,1.0,4.0,6.0,7.0,0.0,,12.0,12.0,1.0,100000.0,200000.0,12.206077645517674,False,True,False,False,False,Batak
0220500,022050007,9.0,1.0,43.0,1.0,4.0,61.0,2.0,0.0,,9.0,12.0,1.0,0.0,3000000.0,14.914123179965662,False,True,False,False,False,Batak
0220500,022050010,3.0,3.0,19.0,1.0,4.0,61.0,1.0,1.0,74.0,12.0,12.0,1.0,0.0,0.0,0.0,True,False,True,False,True,Batak
0220531,022053103,3.0,1.0,19.0,1.0,4.0,6.0,7.0,1.0,71.0,9.0,12.0,1.0,0.0,100000.0,11.51293546492023,True,True,False,True,False,Batak
0220541,022054101,1.0,1.0,35.0,1.0,4.0,61.0,7.0,0.0,,18.0,12.0,1.0,0.0,0.0,0.0,False,True,False,False,False,Batak
0220551,022055101,1.0,1.0,31.0,1.0,4.0,5.0,7.0,0.0,18.0,18.0,12.0,2.0,0.0,0.0,0.0,False,True,False,False,False,Batak
0220600,022060002,6.0,3.0,66.0,1.0,1.0,2.0,4.0,0.0,,74.0,12.0,1.0,0.0,2000000.0,14.508658238524095,False,False,True,False,False,Java
0220600,022060003,12.0,3.0,24.0,1.0,1.0,5.0,7.0,0.0,,75.0,12.0,1.0,800000.0,0.0,0.0,False,False,True,False,False,Java
0220600,022060004,1.0,1.0,45.0,1.0,4.0,6.0,7.0,0.0,74.0,74.0,12.0,1.0,0.0,0.0,0.0,False,True,False,False,False,Java
0220600,022060005,2.0,3.0,44.0,1.0,1.0,6.0,7.0,0.0,74.0,74.0,12.0,1.0,125000.0,2500000.0,14.731801689838347,False,False,True,False,False,Java
0220600,022060006,3.0,3.0,19.0,1.0,4.0,61.0,2.0,0.0,74.0,74.0,12.0,1.0,0.0,0.0,0.0,False,False,True,False,False,Java
0220700,022070003,8.0,1.0,42.0,1.0,4.0,5.0,7.0,0.0,,74.0,12.0,1.0,0.0,0.0,0.0,False,True,False,False,False,Batak
0220700,022070006,1.0,1.0,36.0,1.0,4.0,5.0,7.0,0.0,,74.0,12.0,1.0,0.0,0.0,0.0,False,True,False,False,False,Batak
0220700,022070008,13.0,3.0,19.0,1.0,1.0,5.0,7.0,1.0,72.0,74.0,12.0,1.0,0.0,500000.0,13.122365377402328,True,False,True,False,True,Batak
0220731,022073102,2.0,3.0,39.0,1.0,4.0,5.0,7.0,0.0,,74.0,12.0,1.0,20000.0,0.0,0.0,False,False,True,False,False,Batak
0220800,022080003,3.0,3.0,42.0,1.0,1.0,3.0,7.0,0.0,,74.0,12.0,1.0,0.0,0.0,0.0,False,False,True,False,False,Java
0220800,022080004,3.0,1.0,35.0,1.0,1.0,5.0,7.0,0.0,74.0,74.0,12.0,1.0,0.0,0.0,0.0,False,True,False,False,False,Java
0220800,022080005,10.0,3.0,22.0,1.0,1.0,61.0,7.0,0.0,74.0,74.0,12.0,1.0,0.0,0.0,0.0,False,False,True,False,False,Java
0220800,022080006,17.0,3.0,35.0,1.0,1.0,5.0,7.0,1.0,18.0,74.0,12.0,1.0,0.0,0.0,0.0,True,False,True,False,True,Java
0220800,022080007,5.0,1.0,46.0,1.0,1.0,98.0,7.0,1.0,19.0,74.0,12.0,1.0,450000.0,0.0,0.0,True,True,False,True,False,Java
0220800,022080008,10.0,1.0,18.0,1.0,1.0,5.0,7.0,0.0,74.0,74.0,12.0,1.0,0.0,200000.0,12.206077645517674,False,True,False,False,False,Java
0220842,022084202,2.0,3.0,32.0,1.0,4.0,60.0,7.0,0.0,,74.0,12.0,1.0,0.0,0.0,0.0,False,False,True,False,False,Java
0220851,022085101,1.0,1.0,37.0,1.0,4.0,5.0,7.0,1.0,22.0,74.0,12.0,1.0,0.0,0.0,0.0,True,True,False,True,False,Batak
0220900,022090001,12.0,1.0,48.0,1.0,4.0,5.0,7.0,0.0,,9.0,12.0,2.0,0.0,0.0,0.0,False,True,False,False,False,Batak
0220900,022090002,12.0,3.0,44.0,1.0,1.0,5.0,7.0,0.0,,9.0,12.0,2.0,50000.0,0.0,0.0,False,False,True,False,False,Batak
0220900,022090003,14.0,3.0,21.0,1.0,4.0,5.0,7.0,0.0,,9.0,12.0,2.0,200000.0,1000000.0,13.815511557963774,False,False,True,False,False,Batak
0220900,022090004,14.0,1.0,39.0,1.0,1.0,5.0,7.0,0.0,,74.0,12.0,1.0,0.0,0.0,0.0,False,True,False,False,False,Batak
0220900,022090006,8.0,1.0,28.0,1.0,2.0,61.0,7.0,0.0,,74.0,12.0,1.0,0.0,1000000.0,13.815511557963774,False,True,False,False,False,Batak
0220900,022090007,1.0,1.0,32.0,1.0,2.0,5.0,7.0,0.0,,74.0,12.0,1.0,0.0,0.0,0.0,False,True,False,False,False,Batak
0220900,022090010,2.0,3.0,22.0,1.0,1.0,5.0,7.0,0.0,74.0,74.0,12.0,1.0,300000.0,0.0,0.0,False,False,True,False,False,Batak
0220941,022094102,2.0,3.0,40.0,1.0,9.0,73.0,7.0,0.0,74.0,74.0,12.0,1.0,0.0,0.0,0.0,False,False,True,False,False,Minang
0220942,022094203,2.0,3.0,26.0,1.0,1.0,5.0,7.0,0.0,74.0,74.0,12.0,1.0,0.0,0.0,0.0,False,False,True,False,False,Java
0221000,022100002,1.0,3.0,57.0,1.0,4.0,2.0,3.0,0.0,,74.0,12.0,1.0,0.0,0.0,0.0,False,False,True,False,False,Minang
0221000,022100004,3.0,1.0,33.0,1.0,9.0,5.0,7.0,0.0,74.0,74.0,12.0,1.0,0.0,500000.0,13.122365377402328,False,True,False,False,False,Minang
0221000,022100005,3.0,3.0,27.0,1.0,9.0,60.0,7.0,0.0,,19.0,12.0,1.0,0.0,0.0,0.0,False,False,True,False,False,Minang
0221051,022105102,2.0,3.0,34.0,1.0,9.0,5.0,7.0,0.0,74.0,74.0,12.0,1.0,300000.0,0.0,0.0,False,False,True,False,False,Minang
0221052,022105201,1.0,1.0,35.0,1.0,4.0,61.0,7.0,1.0,18.0,19.0,12.0,1.0,0.0,0.0,0.0,True,True,False,True,False,Batak
0221111,022111104,1.0,1.0,34.0,1.0,9.0,6.0,7.0,1.0,6.0,74.0,12.0,1.0,0.0,0.0,0.0,True,True,False,True,False,Minang
0221200,022120001,1.0,1.0,58.0,2.0,4.0,2.0,5.0,0.0,,74.0,12.0,1.0,0.0,0.0,0.0,False,True,False,False,False,Batak
0221200,022120002,2.0,3.0,48.0,2.0,4.0,5.0,7.0,0.0,,74.0,12.0,1.0,0.0,0.0,0.0,False,False,True,False,False,Batak
0221200,022120003,3.0,1.0,27.0,2.0,4.0,6.0,7.0,0.0,74.0,74.0,12.0,1.0,0.0,0.0,0.0,False,True,False,False,False,Batak
0221200,022120004,3.0,3.0,25.0,2.0,4.0,61.0,7.0,0.0,,5.0,15.0,2.0,500000.0,0.0,0.0,False,False,True,False,False,Batak
0221200,022120005,3.0,1.0,23.0,2.0,4.0,6.0,7.0,0.0,,74.0,12.0,1.0,2000000.0,500000.0,13.122365377402328,False,True,False,False,False,Batak
0221200,022120007,3.0,1.0,16.0,2.0,4.0,6.0,2.0,0.0,74.0,74.0,12.0,1.0,0.0,20000.0,9.90353755128617,False,True,False,False,False,Batak
0221400,022140002,8.0,3.0,54.0,1.0,4.0,2.0,7.0,1.0,73.0,74.0,12.0,1.0,0.0,0.0,0.0,True,False,True,False,True,Batak
0221400,022140006,13.0,3.0,29.0,1.0,4.0,6.0,7.0,0.0,74.0,74.0,12.0,1.0,0.0,0.0,0.0,False,False,True,False,False,Batak
0221400,022140008,1.0,1.0,51.0,1.0,4.0,6.0,7.0,0.0,74.0,74.0,12.0,1.0,200000.0,0.0,0.0,False,True,False,False,False,Batak
0221400,022140009,2.0,3.0,48.0,1.0,4.0,6.0,7.0,0.0,74.0,74.0,12.0,1.0,500000.0,0.0,0.0,False,False,True,False,False,Batak
0221400,022140010,3.0,1.0,23.0,1.0,4.0,61.0,2.0,0.0,74.0,74.0,12.0,1.0,0.0,0.0,0.0,False,True,False,False,False,Batak
0221400,022140011,3.0,1.0,19.0,1.0,4.0,61.0,1.0,0.0,74.0,74.0,12.0,1.0,0.0,0.0,0.0,False,True,False,False,False,Batak
0221600,022160001,1.0,1.0,54.0,1.0,9.0,5.0,7.0,0.0,,74.0,12.0,1.0,0.0,0.0,0.0,False,True,False,False,False,Minang
0221600,022160002,2.0,3.0,50.0,1.0,9.0,5.0,7.0,0.0,,74.0,12.0,1.0,0.0,0.0,0.0,False,False,True,False,False,Minang
0221600,022160003,3.0,3.0,28.0,1.0,9.0,5.0,7.0,0.0,,74.0,12.0,1.0,1500000.0,0.0,0.0,False,False,True,False,False,Minang
0221700,022170001,1.0,3.0,60.0,1.0,9.0,2.0,1.0,0.0,6.0,6.0,13.0,2.0,0.0,300000.0,12.611541086966117,False,False,True,False,False,Minang
0221700,022170002,3.0,3.0,37.0,1.0,9.0,5.0,7.0,1.0,74.0,24.0,33.0,1.0,0.0,0.0,0.0,True,False,True,False,True,Minang
0221700,022170004,3.0,1.0,31.0,1.0,9.0,6.0,7.0,1.0,74.0,6.0,13.0,2.0,0.0,0.0,0.0,True,True,False,True,False,Minang
0221751,022175102,1.0,1.0,33.0,1.0,1.0,5.0,7.0,0.0,24.0,24.0,33.0,1.0,0.0,500000.0,13.122365377402328,False,True,False,False,False,Java
0221800,022180001,1.0,1.0,77.0,1.0,9.0,3.0,7.0,0.0,,74.0,12.0,1.0,0.0,0.0,0.0,False,True,False,False,False,Minang
0221800,022180002,2.0,3.0,72.0,1.0,9.0,3.0,7.0,1.0,73.0,74.0,12.0,1.0,0.0,0.0,0.0,True,False,True,False,True,Minang
0221800,022180003,3.0,3.0,53.0,1.0,9.0,3.0,7.0,0.0,,74.0,12.0,1.0,0.0,0.0,0.0,False,False,True,False,False,Minang
0221800,022180004,3.0,3.0,45.0,1.0,9.0,5.0,7.0,0.0,,75.0,12.0,1.0,1000000.0,0.0,0.0,False,False,True,False,False,Minang
0221800,022180005,3.0,1.0,40.0,1.0,9.0,5.0,7.0,0.0,,74.0,12.0,1.0,300000.0,0.0,0.0,False,True,False,False,False,Minang
0221800,022180006,3.0,1.0,40.0,1.0,9.0,61.0,7.0,0.0,,73.0,12.0,1.0,0.0,0.0,0.0,False,True,False,False,False,Minang
0221800,022180007,3.0,3.0,38.0,1.0,9.0,61.0,7.0,0.0,,6.0,14.0,2.0,500000.0,0.0,0.0,False,False,True,False,False,Minang
0221800,022180008,5.0,1.0,49.0,1.0,9.0,3.0,7.0,0.0,,74.0,12.0,1.0,0.0,0.0,0.0,False,True,False,False,False,Minang
0221811,022181101,1.0,1.0,46.0,1.0,1.0,6.0,7.0,0.0,,75.0,12.0,1.0,0.0,0.0,0.0,False,True,False,False,False,Java
0221831,022183107,2.0,3.0,35.0,1.0,4.0,61.0,7.0,0.0,,73.0,12.0,1.0,300000.0,0.0,0.0,False,False,True,False,False,Java
0221841,022184102,2.0,3.0,44.0,1.0,10.0,5.0,7.0,0.0,,74.0,12.0,1.0,0.0,0.0,0.0,False,False,True,False,False,Minang
0221851,022185101,1.0,1.0,48.0,1.0,1.0,61.0,7.0,1.0,25.0,6.0,14.0,2.0,1500000.0,0.0,0.0,True,True,False,True,False,Java
0221900,022190001,1.0,1.0,50.0,2.0,4.0,6.0,7.0,0.0,,74.0,12.0,1.0,0.0,0.0,0.0,False,True,False,False,False,Batak
0221900,022190002,2.0,3.0,49.0,2.0,4.0,5.0,7.0,0.0,,74.0,12.0,1.0,0.0,3000000.0,14.914123179965662,False,False,True,False,False,Batak
0221900,022190003,3.0,1.0,24.0,2.0,4.0,6.0,7.0,0.0,,74.0,12.0,1.0,0.0,1000000.0,13.815511557963774,False,True,False,False,False,Batak
0221900,022190005,5.0,3.0,31.0,2.0,4.0,5.0,7.0,1.0,75.0,74.0,12.0,1.0,0.0,0.0,0.0,True,False,True,False,True,Batak
0222000,022200003,1.0,1.0,50.0,1.0,4.0,3.0,7.0,0.0,74.0,74.0,12.0,1.0,0.0,0.0,0.0,False,True,False,False,False,Batak
0222000,022200004,2.0,3.0,48.0,1.0,1.0,5.0,7.0,0.0,,74.0,12.0,1.0,0.0,0.0,0.0,False,False,True,False,False,Batak
0222000,022200007,3.0,3.0,19.0,1.0,4.0,6.0,7.0,0.0,74.0,74.0,12.0,1.0,200000.0,0.0,0.0,False,False,True,False,False,Batak
0222000,022200009,9.0,1.0,45.0,1.0,1.0,3.0,7.0,0.0,74.0,74.0,12.0,1.0,0.0,0.0,0.0,False,True,False,False,False,Batak
0230200,023020001,1.0,1.0,56.0,2.0,4.0,6.0,7.0,0.0,,73.0,12.0,1.0,0.0,700000.0,13.45883704259595,False,True,False,False,False,Batak
0230200,023020002,2.0,3.0,49.0,2.0,4.0,6.0,7.0,1.0,75.0,73.0,12.0,1.0,0.0,0.0,0.0,True,False,True,False,True,Batak
0230200,023020004,3.0,1.0,22.0,2.0,4.0,5.0,7.0,0.0,,73.0,12.0,1.0,0.0,0.0,0.0,False,True,False,False,False,Batak
0230200,023020006,3.0,1.0,19.0,2.0,4.0,5.0,0.0,1.0,75.0,73.0,12.0,1.0,0.0,0.0,0.0,True,True,False,True,False,Batak
0230200,023020007,3.0,1.0,16.0,2.0,4.0,5.0,1.0,1.0,75.0,73.0,12.0,1.0,50000.0,200000.0,12.206077645517674,True,True,False,True,False,Batak
0230500,023050003,1.0,3.0,55.0,1.0,1.0,5.0,7.0,0.0,,75.0,12.0,1.0,0.0,0.0,0.0,False,False,True,False,False,Java
0230500,023050006,8.0,3.0,66.0,1.0,1.0,2.0,7.0,1.0,12.0,75.0,12.0,1.0,0.0,0.0,0.0,True,False,True,False,True,Java
0230700,023070003,8.0,3.0,43.0,2.0,4.0,61.0,7.0,1.0,5.0,75.0,12.0,1.0,500000.0,0.0,0.0,True,False,True,False,True,Batak
0230700,023070004,1.0,1.0,39.0,2.0,4.0,60.0,2.0,0.0,,75.0,12.0,1.0,0.0,0.0,0.0,False,True,False,False,False,Batak
0230700,023070009,12.0,1.0,44.0,2.0,4.0,3.0,7.0,0.0,,12.0,12.0,1.0,150000.0,0.0,0.0,False,True,False,False,False,Batak
0230700,023070010,2.0,3.0,41.0,2.0,4.0,5.0,7.0,1.0,5.0,75.0,12.0,1.0,500000.0,0.0,0.0,True,False,True,False,True,Batak
0230700,023070012,18.0,3.0,40.0,2.0,4.0,3.0,1.0,0.0,5.0,5.0,12.0,2.0,0.0,0.0,0.0,False,False,True,False,False,Batak
0230700,023070017,13.0,3.0,21.0,2.0,4.0,60.0,0.0,1.0,5.0,75.0,12.0,1.0,200000.0,0.0,0.0,True,False,True,False,True,Batak
0230731,023073102,2.0,3.0,44.0,2.0,4.0,5.0,7.0,0.0,,12.0,12.0,1.0,0.0,0.0,0.0,False,False,True,False,False,Batak
0230731,023073103,3.0,3.0,18.0,2.0,4.0,60.0,0.0,1.0,75.0,6.0,12.0,2.0,0.0,0.0,0.0,True,False,True,False,True,Batak
0230731,023073104,3.0,3.0,15.0,2.0,4.0,5.0,0.0,1.0,75.0,12.0,12.0,1.0,0.0,0.0,0.0,True,False,True,False,True,Batak
0230752,023075202,1.0,1.0,33.0,2.0,4.0,6.0,7.0,0.0,5.0,5.0,12.0,2.0,0.0,0.0,0.0,False,True,False,False,False,Batak
0230800,023080001,1.0,1.0,47.0,1.0,1.0,6.0,2.0,0.0,,12.0,12.0,1.0,0.0,0.0,0.0,False,True,False,False,False,Java
0230800,023080002,21.0,3.0,45.0,1.0,1.0,6.0,7.0,0.0,,75.0,12.0,1.0,0.0,5500000.0,15.520258832020865,False,False,True,False,False,Java
0230800,023080003,3.0,3.0,22.0,1.0,1.0,5.0,1.0,0.0,,75.0,12.0,1.0,0.0,0.0,0.0,False,False,True,False,False,Java
0230800,023080004,3.0,3.0,20.0,1.0,1.0,5.0,7.0,0.0,75.0,75.0,12.0,1.0,0.0,100000.0,11.51293546492023,False,False,True,False,False,Java
0230800,023080005,3.0,1.0,18.0,1.0,1.0,6.0,0.0,0.0,75.0,75.0,12.0,1.0,0.0,200000.0,12.206077645517674,False,True,False,False,False,Java
0230800,023080009,2.0,3.0,40.0,1.0,1.0,3.0,7.0,0.0,12.0,12.0,12.0,1.0,0.0,0.0,0.0,False,False,True,False,False,Java
0230800,023080010,3.0,3.0,16.0,1.0,1.0,5.0,0.0,0.0,12.0,12.0,12.0,1.0,0.0,20000.0,9.90353755128617,False,False,True,False,False,Java
0230851,023085107,5.0,1.0,23.0,1.0,1.0,6.0,0.0,0.0,75.0,75.0,12.0,1.0,0.0,0.0,0.0,False,True,False,False,False,Java
0231000,023100001,1.0,1.0,63.0,1.0,1.0,3.0,7.0,0.0,,75.0,12.0,1.0,0.0,250000.0,12.429220196836384,False,True,False,False,False,Java
0231000,023100002,2.0,3.0,58.0,1.0,1.0,3.0,7.0,0.0,,75.0,12.0,1.0,0.0,0.0,0.0,False,False,True,False,False,Java
0231000,023100003,3.0,1.0,35.0,1.0,1.0,61.0,7.0,0.0,,75.0,12.0,1.0,0.0,0.0,0.0,False,True,False,False,False,Java
0231000,023100004,3.0,3.0,34.0,1.0,1.0,60.0,7.0,0.0,75.0,75.0,12.0,1.0,100000.0,0.0,0.0,False,False,True,False,False,Java
0231000,023100005,3.0,1.0,32.0,1.0,1.0,61.0,1.0,0.0,75.0,75.0,12.0,1.0,0.0,0.0,0.0,False,True,False,False,False,Java
0231000,023100006,3.0,1.0,30.0,1.0,1.0,61.0,0.0,0.0,75.0,75.0,12.0,1.0,0.0,5000000.0,15.424948670398354,False,True,False,False,False,Java
0231000,023100007,3.0,3.0,20.0,1.0,1.0,5.0,7.0,1.0,75.0,12.0,12.0,1.0,0.0,0.0,0.0,True,False,True,False,True,Java
0231000,023100008,5.0,1.0,35.0,1.0,1.0,5.0,7.0,0.0,75.0,75.0,12.0,1.0,0.0,3300000.0,15.009433329466964,False,True,False,False,False,Java
0231041,023104102,2.0,3.0,39.0,1.0,9.0,60.0,7.0,0.0,,75.0,12.0,1.0,0.0,0.0,0.0,False,False,True,False,False,Java
0231052,023105202,2.0,3.0,29.0,1.0,4.0,6.0,7.0,1.0,13.0,75.0,12.0,1.0,0.0,0.0,0.0,True,False,True,False,True,Java
0231053,023105302,2.0,3.0,24.0,1.0,4.0,5.0,7.0,1.0,4.0,75.0,12.0,1.0,0.0,0.0,0.0,True,False,True,False,True,Batak
0231054,023105401,1.0,1.0,27.0,1.0,4.0,6.0,7.0,1.0,75.0,12.0,12.0,1.0,0.0,0.0,0.0,True,True,False,True,False,Batak
0231100,023110002,5.0,3.0,76.0,1.0,4.0,2.0,7.0,0.0,75.0,75.0,12.0,1.0,0.0,0.0,0.0,False,False,True,False,False,Java
0231100,023110003,9.0,3.0,51.0,1.0,1.0,60.0,7.0,0.0,,75.0,12.0,1.0,0.0,250000.0,12.429220196836384,False,False,True,False,False,Java
0231100,023110004,2.0,3.0,50.0,1.0,1.0,6.0,7.0,0.0,,75.0,12.0,1.0,0.0,0.0,0.0,False,False,True,False,False,Java
0231100,023110007,9.0,1.0,57.0,1.0,1.0,5.0,7.0,1.0,5.0,75.0,12.0,1.0,0.0,0.0,0.0,True,True,False,True,False,Java
0231100,023110008,13.0,1.0,17.0,1.0,1.0,74.0,7.0,0.0,75.0,75.0,12.0,1.0,0.0,0.0,0.0,False,True,False,False,False,Java
0231100,023110011,1.0,1.0,52.0,1.0,1.0,6.0,7.0,0.0,75.0,75.0,12.0,1.0,0.0,0.0,0.0,False,True,False,False,False,Java
0231200,023120002,1.0,3.0,60.0,1.0,1.0,3.0,7.0,0.0,,75.0,12.0,1.0,0.0,0.0,0.0,False,False,True,False,False,Java
0231200,023120003,3.0,3.0,40.0,1.0,1.0,60.0,7.0,0.0,,75.0,12.0,1.0,0.0,0.0,0.0,False,False,True,False,False,Java
0231200,023120004,3.0,1.0,36.0,1.0,1.0,60.0,7.0,0.0,,75.0,12.0,1.0,0.0,0.0,0.0,False,True,False,False,False,Java
0231200,023120005,5.0,1.0,46.0,1.0,23.0,5.0,7.0,0.0,,75.0,12.0,1.0,0.0,0.0,0.0,False,True,False,False,False,Java
0231200,023120007,5.0,3.0,32.0,1.0,9.0,5.0,7.0,0.0,75.0,75.0,12.0,1.0,0.0,0.0,0.0,False,False,True,False,False,Java
0231400,023140001,1.0,1.0,72.0,2.0,4.0,3.0,98.0,1.0,5.0,75.0,12.0,1.0,0.0,0.0,0.0,True,True,False,True,False,Batak
0231400,023140006,3.0,3.0,41.0,2.0,4.0,60.0,7.0,0.0,,75.0,12.0,1.0,0.0,0.0,0.0,False,False,True,False,False,Batak
0231400,023140007,3.0,1.0,40.0,2.0,4.0,6.0,7.0,0.0,75.0,75.0,12.0,1.0,200000.0,300000.0,12.611541086966117,False,True,False,False,False,Batak
0231451,023145102,2.0,3.0,29.0,2.0,4.0,5.0,7.0,1.0,15.0,75.0,12.0,1.0,0.0,500000.0,13.122365377402328,True,False,True,False,True,Batak
0231700,023170002,1.0,3.0,67.0,2.0,4.0,3.0,1.0,0.0,,75.0,12.0,1.0,6000000.0,0.0,0.0,False,False,True,False,False,Batak
0231700,023170003,3.0,3.0,39.0,2.0,4.0,61.0,7.0,0.0,,75.0,12.0,1.0,0.0,0.0,0.0,False,False,True,False,False,Batak
0231700,023170004,3.0,1.0,36.0,2.0,4.0,61.0,7.0,1.0,75.0,5.0,12.0,2.0,0.0,0.0,0.0,True,True,False,True,False,Batak
0231700,023170005,3.0,1.0,33.0,2.0,4.0,61.0,7.0,0.0,,11.0,12.0,1.0,2000000.0,1000000.0,13.815511557963774,False,True,False,False,False,Batak
0231700,023170006,3.0,3.0,31.0,2.0,4.0,61.0,4.0,0.0,,78.0,35.0,1.0,1000000.0,0.0,0.0,False,False,True,False,False,Batak
0240100,024010002,6.0,3.0,64.0,2.0,4.0,61.0,1.0,0.0,,75.0,12.0,1.0,400000.0,0.0,0.0,False,False,True,False,False,Batak
0240100,024010003,8.0,3.0,41.0,2.0,4.0,61.0,7.0,0.0,,75.0,32.0,1.0,0.0,0.0,0.0,False,False,True,False,False,Batak
0240100,024010004,8.0,1.0,39.0,2.0,4.0,60.0,7.0,0.0,,75.0,12.0,1.0,0.0,0.0,0.0,False,True,False,False,False,Batak
0240100,024010005,1.0,1.0,38.0,2.0,4.0,60.0,7.0,1.0,72.0,75.0,12.0,1.0,0.0,0.0,0.0,True,True,False,True,False,Batak
0240100,024010006,8.0,1.0,32.0,2.0,4.0,61.0,7.0,0.0,,9.0,12.0,1.0,0.0,0.0,0.0,False,True,False,False,False,Batak
0240100,024010007,9.0,3.0,37.0,2.0,4.0,60.0,7.0,0.0,,75.0,12.0,1.0,0.0,0.0,0.0,False,False,True,False,False,Batak
0240100,024010009,2.0,3.0,42.0,2.0,4.0,5.0,7.0,1.0,6.0,75.0,12.0,1.0,0.0,0.0,0.0,True,False,True,False,True,Batak
0240141,024014102,1.0,1.0,49.0,2.0,1.0,61.0,3.0,1.0,72.0,75.0,32.0,1.0,0.0,0.0,0.0,True,True,False,True,False,Java
0240141,024014103,3.0,1.0,16.0,2.0,1.0,5.0,1.0,0.0,75.0,75.0,32.0,1.0,0.0,0.0,0.0,False,True,False,False,False,Java
0240152,024015202,2.0,3.0,32.0,2.0,4.0,61.0,7.0,1.0,7.0,9.0,12.0,1.0,0.0,0.0,0.0,True,False,True,False,True,Batak
0240200,024020003,1.0,1.0,38.0,1.0,1.0,2.0,7.0,0.0,,75.0,12.0,1.0,0.0,0.0,0.0,False,True,False,False,False,Java
0240200,024200003,2.0,3.0,35.0,1.0,1.0,6.0,7.0,0.0,,75.0,12.0,1.0,0.0,0.0,0.0,False,False,True,False,False,Java
0240300,024030001,2.0,3.0,65.0,1.0,1.0,2.0,98.0,0.0,,75.0,12.0,1.0,0.0,0.0,0.0,False,False,True,False,False,Java
0240300,024030002,3.0,1.0,40.0,1.0,1.0,6.0,7.0,0.0,,75.0,12.0,1.0,500000.0,0.0,0.0,False,True,False,False,False,Java
0240300,024030003,3.0,3.0,37.0,1.0,1.0,5.0,7.0,0.0,,75.0,12.0,1.0,0.0,0.0,0.0,False,False,True,False,False,Java
0240300,024030004,3.0,1.0,33.0,1.0,1.0,6.0,7.0,0.0,,75.0,12.0,1.0,200000.0,0.0,0.0,False,True,False,False,False,Java
0240300,024030005,3.0,1.0,30.0,1.0,1.0,6.0,7.0,0.0,,75.0,12.0,1.0,0.0,0.0,0.0,False,True,False,False,False,Java
0240300,024030006,1.0,1.0,67.0,1.0,1.0,2.0,4.0,0.0,,75.0,12.0,1.0,500000.0,460000.0,13.03898394237596,False,True,False,False,False,Java
0240300,024030007,3.0,3.0,35.0,1.0,1.0,61.0,7.0,0.0,,75.0,12.0,1.0,0.0,0.0,0.0,False,False,True,False,False,Java
0240300,024030008,5.0,1.0,41.0,1.0,19.0,6.0,7.0,0.0,,75.0,12.0,1.0,200000.0,300000.0,12.611541086966117,False,True,False,False,False,Java
0240300,024030009,8.0,1.0,57.0,1.0,1.0,5.0,98.0,0.0,75.0,75.0,12.0,1.0,0.0,0.0,0.0,False,True,False,False,False,Java
0240300,024030010,5.0,3.0,27.0,1.0,1.0,3.0,7.0,0.0,,75.0,12.0,1.0,0.0,0.0,0.0,False,False,True,False,False,Java
0240331,024033102,2.0,3.0,40.0,1.0,1.0,6.0,7.0,0.0,,75.0,12.0,1.0,0.0,0.0,0.0,False,False,True,False,False,Java
0240341,024034102,2.0,3.0,30.0,1.0,4.0,2.0,7.0,0.0,,75.0,12.0,1.0,0.0,0.0,0.0,False,False,True,False,False,Java
0240411,024041106,2.0,3.0,31.0,1.0,4.0,3.0,7.0,0.0,,12.0,12.0,2.0,0.0,0.0,0.0,False,False,True,False,False,Java
0240421,024042104,3.0,1.0,15.0,1.0,1.0,6.0,0.0,0.0,75.0,75.0,12.0,1.0,0.0,1325000.0,14.096923772119156,False,True,False,False,False,Java
0240442,024044202,2.0,3.0,34.0,1.0,1.0,3.0,7.0,1.0,76.0,12.0,12.0,1.0,0.0,0.0,0.0,True,False,True,False,True,Java
0240443,024044301,1.0,1.0,41.0,1.0,1.0,6.0,7.0,0.0,,75.0,12.0,1.0,0.0,0.0,0.0,False,True,False,False,False,Java
0240444,024044404,1.0,1.0,27.0,1.0,1.0,6.0,7.0,0.0,75.0,75.0,12.0,1.0,0.0,0.0,0.0,False,True,False,False,False,Java
0240500,024050001,1.0,1.0,51.0,1.0,1.0,2.0,7.0,0.0,,75.0,12.0,1.0,0.0,0.0,0.0,False,True,False,False,False,Java
0240500,024050003,3.0,3.0,28.0,1.0,1.0,3.0,1.0,0.0,,75.0,12.0,1.0,0.0,0.0,0.0,False,False,True,False,False,Java
0240500,024050004,3.0,1.0,27.0,1.0,1.0,2.0,1.0,0.0,,75.0,12.0,1.0,500000.0,0.0,0.0,False,True,False,False,False,Java
0240500,024050005,3.0,1.0,24.0,1.0,1.0,3.0,1.0,0.0,,75.0,12.0,1.0,0.0,0.0,0.0,False,True,False,False,False,Java
0240500,024050006,3.0,1.0,22.0,1.0,1.0,2.0,5.0,0.0,,75.0,12.0,1.0,0.0,0.0,0.0,False,True,False,False,False,Java
0240500,024050008,5.0,1.0,31.0,1.0,1.0,2.0,7.0,0.0,,75.0,12.0,1.0,0.0,500000.0,13.122365377402328,False,True,False,False,False,Java
0240700,024070002,5.0,3.0,53.0,1.0,19.0,2.0,7.0,0.0,,75.0,12.0,1.0,0.0,0.0,0.0,False,False,True,False,False,Minang
0240700,024070004,2.0,3.0,31.0,1.0,9.0,6.0,7.0,0.0,75.0,75.0,12.0,1.0,0.0,0.0,0.0,False,False,True,False,False,Minang
0240700,024070005,9.0,1.0,26.0,1.0,9.0,6.0,7.0,0.0,,76.0,12.0,1.0,0.0,0.0,0.0,False,True,False,False,False,Minang
0240700,024070006,9.0,3.0,19.0,1.0,1.0,3.0,7.0,0.0,75.0,75.0,12.0,1.0,0.0,2100000.0,14.557448378884017,False,False,True,False,False,Minang
0240700,024070010,1.0,1.0,35.0,1.0,4.0,6.0,7.0,0.0,75.0,75.0,12.0,1.0,0.0,0.0,0.0,False,True,False,False,False,Minang
0240741,024074102,2.0,3.0,25.0,1.0,4.0,61.0,7.0,0.0,76.0,76.0,12.0,1.0,0.0,0.0,0.0,False,False,True,False,False,Minang
0240751,024075101,1.0,1.0,27.0,1.0,1.0,3.0,7.0,0.0,75.0,75.0,12.0,1.0,0.0,0.0,0.0,False,True,False,False,False,Java
0240800,024080004,8.0,1.0,44.0,1.0,1.0,6.0,7.0,1.0,75.0,12.0,12.0,1.0,0.0,0.0,0.0,True,True,False,True,False,Java
0240800,024080007,1.0,1.0,33.0,1.0,1.0,6.0,7.0,0.0,75.0,75.0,12.0,1.0,0.0,0.0,0.0,False,True,False,False,False,Java
0240800,024080008,13.0,3.0,24.0,1.0,1.0,3.0,7.0,0.0,,75.0,12.0,1.0,0.0,0.0,0.0,False,False,True,False,False,Java
0240800,024080009,13.0,1.0,21.0,1.0,1.0,15.0,7.0,0.0,75.0,75.0,12.0,1.0,900000.0,500000.0,13.122365377402328,False,True,False,False,False,Java
0240800,024080011,13.0,3.0,20.0,1.0,1.0,3.0,7.0,0.0,75.0,75.0,12.0,1.0,0.0,0.0,0.0,False,False,True,False,False,Java
0240800,024080013,16.0,1.0,19.0,1.0,1.0,98.0,98.0,1.0,75.0,12.0,12.0,1.0,500000.0,0.0,0.0,True,True,False,True,False,Java
0240811,024081102,1.0,3.0,39.0,1.0,4.0,74.0,7.0,0.0,,13.0,12.0,1.0,750000.0,0.0,0.0,False,False,True,False,False,Batak
0240832,024083203,3.0,3.0,39.0,1.0,1.0,2.0,7.0,0.0,12.0,12.0,12.0,1.0,1000000.0,0.0,0.0,False,False,True,False,False,Java
0240842,024082104,10.0,3.0,16.0,1.0,1.0,3.0,1.0,0.0,75.0,75.0,12.0,1.0,0.0,0.0,0.0,False,False,True,False,False,Java
0240842,024084208,10.0,1.0,23.0,1.0,1.0,3.0,1.0,0.0,75.0,75.0,12.0,1.0,300000.0,0.0,0.0,False,True,False,False,False,Java
0240851,024085101,1.0,1.0,26.0,1.0,9.0,5.0,7.0,0.0,75.0,75.0,12.0,1.0,500000.0,600000.0,13.304686600863562,False,True,False,False,False,Minang
0240900,024090002,7.0,3.0,75.0,1.0,1.0,2.0,7.0,0.0,,71.0,21.0,1.0,0.0,0.0,0.0,False,False,True,False,False,Java
0240900,024090003,9.0,1.0,49.0,1.0,1.0,2.0,7.0,0.0,,75.0,12.0,1.0,200000.0,0.0,0.0,False,True,False,False,False,Java
0240900,024090004,9.0,1.0,47.0,1.0,1.0,61.0,7.0,0.0,,75.0,12.0,1.0,0.0,0.0,0.0,False,True,False,False,False,Java
0240900,024090006,9.0,3.0,39.0,1.0,1.0,5.0,7.0,0.0,,75.0,12.0,1.0,0.0,0.0,0.0,False,False,True,False,False,Java
0240900,024090008,9.0,3.0,33.0,1.0,1.0,6.0,7.0,0.0,,71.0,21.0,1.0,1000000.0,0.0,0.0,False,False,True,False,False,Java
0240900,024090009,2.0,3.0,30.0,1.0,1.0,5.0,7.0,0.0,,71.0,21.0,1.0,0.0,0.0,0.0,False,False,True,False,False,Java
0240900,024090010,9.0,3.0,44.0,1.0,1.0,5.0,7.0,0.0,,75.0,12.0,1.0,0.0,0.0,0.0,False,False,True,False,False,Java
0240900,024090012,13.0,1.0,15.0,1.0,1.0,5.0,1.0,0.0,75.0,75.0,12.0,1.0,0.0,0.0,0.0,False,True,False,False,False,Java
0240900,024090013,9.0,1.0,39.0,1.0,1.0,5.0,7.0,0.0,,75.0,12.0,1.0,0.0,0.0,0.0,False,True,False,False,False,Java
0240900,024090014,1.0,1.0,32.0,1.0,2.0,5.0,7.0,1.0,10.0,71.0,21.0,1.0,200000.0,0.0,0.0,True,True,False,True,False,Java
0240912,024091203,3.0,1.0,21.0,1.0,1.0,61.0,2.0,0.0,75.0,75.0,12.0,1.0,0.0,0.0,0.0,False,True,False,False,False,Java
0240931,024093102,2.0,3.0,42.0,1.0,1.0,74.0,7.0,0.0,,75.0,12.0,1.0,0.0,0.0,0.0,False,False,True,False,False,Java
0240931,024093103,3.0,3.0,18.0,1.0,1.0,61.0,1.0,0.0,75.0,75.0,12.0,1.0,0.0,0.0,0.0,False,False,True,False,False,Java
0240931,024093104,3.0,1.0,15.0,1.0,1.0,74.0,1.0,0.0,75.0,75.0,12.0,1.0,0.0,0.0,0.0,False,True,False,False,False,Java
0240942,024094201,1.0,1.0,36.0,1.0,1.0,6.0,7.0,1.0,3.0,71.0,21.0,1.0,0.0,0.0,0.0,True,True,False,True,False,Java
0241100,024110001,1.0,1.0,50.0,1.0,1.0,3.0,7.0,0.0,,75.0,12.0,1.0,50000.0,0.0,0.0,False,True,False,False,False,Java
0241100,024110002,2.0,3.0,48.0,1.0,1.0,2.0,5.0,0.0,,75.0,12.0,1.0,500000.0,0.0,0.0,False,False,True,False,False,Java
0241100,024110005,3.0,1.0,23.0,1.0,1.0,5.0,7.0,0.0,,73.0,35.0,1.0,0.0,0.0,0.0,False,True,False,False,False,Java
0241400,024140001,2.0,3.0,53.0,1.0,1.0,2.0,2.0,0.0,,75.0,12.0,1.0,0.0,0.0,0.0,False,False,True,False,False,Java
0241400,024140002,4.0,1.0,30.0,1.0,1.0,6.0,7.0,0.0,,12.0,12.0,1.0,300000.0,0.0,0.0,False,True,False,False,False,Java
0241400,024140003,4.0,1.0,28.0,1.0,1.0,6.0,7.0,0.0,,75.0,12.0,1.0,2500000.0,0.0,0.0,False,True,False,False,False,Java
0241400,024140005,9.0,3.0,39.0,1.0,1.0,2.0,4.0,0.0,,75.0,12.0,1.0,0.0,0.0,0.0,False,False,True,False,False,Java
0241400,024140007,1.0,1.0,46.0,1.0,1.0,2.0,7.0,0.0,,75.0,12.0,1.0,0.0,100000.0,11.51293546492023,False,True,False,False,False,Java
0241400,024144101,9.0,1.0,37.0,1.0,19.0,2.0,7.0,1.0,18.0,75.0,12.0,1.0,0.0,0.0,0.0,True,True,False,True,False,Java
0241431,024143108,2.0,3.0,30.0,1.0,26.0,5.0,1.0,0.0,,12.0,12.0,1.0,0.0,0.0,0.0,False,False,True,False,False,Java
0241451,024145102,2.0,3.0,26.0,1.0,4.0,5.0,7.0,0.0,75.0,75.0,12.0,1.0,0.0,0.0,0.0,False,False,True,False,False,Java
0241600,024160004,12.0,1.0,48.0,1.0,1.0,5.0,7.0,0.0,,75.0,12.0,1.0,0.0,0.0,0.0,False,True,False,False,False,Java
0241600,024160006,12.0,3.0,41.0,1.0,1.0,3.0,7.0,0.0,,75.0,12.0,1.0,0.0,0.0,0.0,False,False,True,False,False,Java
0241600,024160008,2.0,3.0,32.0,1.0,1.0,5.0,7.0,0.0,75.0,75.0,12.0,1.0,100000.0,200000.0,12.206077645517674,False,False,True,False,False,Java
0241600,024160009,9.0,3.0,31.0,1.0,1.0,3.0,7.0,0.0,,75.0,12.0,1.0,0.0,0.0,0.0,False,False,True,False,False,Java
0241600,024160010,14.0,1.0,22.0,1.0,1.0,6.0,7.0,0.0,,75.0,12.0,1.0,1000000.0,0.0,0.0,False,True,False,False,False,Java
0241600,024160011,12.0,3.0,46.0,1.0,14.0,5.0,7.0,0.0,,75.0,12.0,1.0,0.0,0.0,0.0,False,False,True,False,False,Java
0241600,024160012,14.0,3.0,17.0,1.0,1.0,5.0,7.0,0.0,75.0,75.0,12.0,1.0,0.0,0.0,0.0,False,False,True,False,False,Java
0241600,024160014,14.0,3.0,17.0,1.0,2.0,3.0,7.0,0.0,75.0,75.0,12.0,1.0,0.0,0.0,0.0,False,False,True,False,False,Java
0241600,024160015,14.0,3.0,15.0,1.0,1.0,5.0,0.0,1.0,71.0,75.0,12.0,1.0,50000.0,1250000.0,14.038654909278163,True,False,True,False,True,Java
0241600,024160016,1.0,1.0,41.0,1.0,2.0,5.0,7.0,1.0,77.0,75.0,12.0,1.0,2000000.0,0.0,0.0,True,True,False,True,False,Java
0241611,024161108,1.0,1.0,45.0,1.0,4.0,6.0,7.0,0.0,75.0,75.0,12.0,1.0,0.0,0.0,0.0,False,True,False,False,False,Batak
0241652,024165201,1.0,1.0,21.0,1.0,1.0,5.0,7.0,0.0,75.0,75.0,12.0,1.0,0.0,0.0,0.0,False,True,False,False,False,Java
0241700,024170002,1.0,3.0,64.0,1.0,1.0,2.0,7.0,0.0,,75.0,12.0,1.0,0.0,0.0,0.0,False,False,True,False,False,Java
0241700,024170003,3.0,3.0,42.0,1.0,1.0,2.0,0.0,0.0,,75.0,12.0,1.0,0.0,0.0,0.0,False,False,True,False,False,Java
0241700,024170004,3.0,3.0,36.0,1.0,1.0,2.0,7.0,0.0,,75.0,12.0,1.0,0.0,0.0,0.0,False,False,True,False,False,Java
0241700,024170005,3.0,3.0,34.0,1.0,1.0,3.0,7.0,0.0,,12.0,12.0,2.0,0.0,0.0,0.0,False,False,True,False,False,Java
0241700,024170009,10.0,3.0,15.0,1.0,1.0,6.0,0.0,0.0,75.0,75.0,12.0,1.0,0.0,720000.0,13.487007879880162,False,False,True,False,False,Java
0241721,024172105,1.0,1.0,45.0,1.0,4.0,61.0,7.0,1.0,3.0,75.0,12.0,1.0,0.0,0.0,0.0,True,True,False,True,False,Batak
0241721,024172106,3.0,3.0,16.0,1.0,4.0,5.0,2.0,0.0,75.0,75.0,12.0,1.0,0.0,1000000.0,13.815511557963774,False,False,True,False,False,Batak
0241731,024173102,1.0,1.0,52.0,1.0,1.0,2.0,7.0,0.0,,75.0,12.0,1.0,0.0,0.0,0.0,False,True,False,False,False,Java
0241731,024173103,3.0,3.0,19.0,1.0,1.0,6.0,7.0,0.0,75.0,75.0,12.0,1.0,0.0,0.0,0.0,False,False,True,False,False,Java
0241731,024173104,3.0,1.0,16.0,1.0,1.0,6.0,0.0,0.0,75.0,75.0,12.0,1.0,0.0,0.0,0.0,False,True,False,False,False,Java
0241731,024173105,3.0,1.0,15.0,1.0,1.0,6.0,0.0,0.0,75.0,75.0,12.0,1.0,0.0,150000.0,11.918397239722838,False,True,False,False,False,Java
0241732,024173201,1.0,1.0,41.0,1.0,1.0,6.0,7.0,0.0,,12.0,12.0,2.0,0.0,0.0,0.0,False,True,False,False,False,Java
0241800,024180001,1.0,1.0,73.0,1.0,1.0,3.0,1.0,0.0,,75.0,12.0,1.0,0.0,0.0,0.0,False,True,False,False,False,Java
0241900,024190002,1.0,1.0,48.0,1.0,1.0,2.0,2.0,0.0,,75.0,12.0,1.0,1500000.0,0.0,0.0,False,True,False,False,False,Java
0241900,024190003,2.0,3.0,45.0,1.0,1.0,6.0,7.0,0.0,,75.0,12.0,1.0,200000.0,0.0,0.0,False,False,True,False,False,Java
0241900,024190005,3.0,1.0,19.0,1.0,1.0,3.0,7.0,0.0,75.0,75.0,12.0,1.0,0.0,0.0,0.0,False,True,False,False,False,Java
0241900,024190006,3.0,3.0,15.0,1.0,1.0,3.0,2.0,0.0,75.0,75.0,12.0,1.0,0.0,0.0,0.0,False,False,True,False,False,Java
0241900,024190008,5.0,3.0,15.0,1.0,19.0,3.0,7.0,0.0,75.0,75.0,12.0,1.0,600000.0,1000000.0,13.815511557963774,False,False,True,False,False,Java
0242000,024200001,1.0,1.0,58.0,1.0,1.0,2.0,1.0,0.0,,75.0,12.0,1.0,0.0,0.0,0.0,False,True,False,False,False,Java
0242000,024200002,2.0,3.0,57.0,1.0,1.0,2.0,7.0,1.0,1.0,75.0,12.0,1.0,250000.0,0.0,0.0,True,False,True,False,True,Java
0242000,024200004,3.0,3.0,33.0,1.0,1.0,2.0,7.0,0.0,,75.0,12.0,1.0,0.0,0.0,0.0,False,False,True,False,False,Java
0242000,024200005,3.0,3.0,30.0,1.0,1.0,2.0,3.0,0.0,75.0,75.0,12.0,1.0,0.0,0.0,0.0,False,False,True,False,False,Java
0242000,024200006,5.0,1.0,39.0,1.0,9.0,2.0,7.0,0.0,,75.0,12.0,1.0,0.0,0.0,0.0,False,True,False,False,False,Java
0242100,024210001,1.0,1.0,63.0,1.0,1.0,2.0,98.0,0.0,,75.0,12.0,1.0,0.0,0.0,0.0,False,True,False,False,False,Java
0242100,024210005,3.0,3.0,35.0,1.0,1.0,5.0,7.0,0.0,,75.0,12.0,1.0,0.0,0.0,0.0,False,False,True,False,False,Java
0242100,024210006,3.0,3.0,33.0,1.0,1.0,2.0,4.0,0.0,,75.0,12.0,1.0,0.0,0.0,0.0,False,False,True,False,False,Java
0242100,024210007,3.0,1.0,21.0,1.0,1.0,5.0,7.0,0.0,75.0,75.0,12.0,1.0,500000.0,0.0,0.0,False,True,False,False,False,Java
0242100,024210008,5.0,3.0,32.0,1.0,9.0,98.0,98.0,0.0,,75.0,12.0,1.0,0.0,0.0,0.0,False,False,True,False,False,Java
0242100,024210010,5.0,1.0,40.0,1.0,1.0,6.0,7.0,0.0,,75.0,12.0,1.0,0.0,0.0,0.0,False,True,False,False,False,Java
0242131,024212103,1.0,1.0,37.0,1.0,1.0,3.0,2.0,0.0,,75.0,12.0,1.0,50000.0,0.0,0.0,False,True,False,False,False,Java
0242131,024213103,3.0,1.0,16.0,1.0,1.0,6.0,1.0,0.0,75.0,75.0,12.0,1.0,0.0,0.0,0.0,False,True,False,False,False,Java
0242200,024220001,1.0,1.0,62.0,1.0,26.0,5.0,7.0,0.0,,76.0,32.0,1.0,0.0,0.0,0.0,False,True,False,False,False,Java
0242200,024220002,2.0,3.0,57.0,1.0,1.0,3.0,7.0,0.0,,76.0,32.0,1.0,300000.0,0.0,0.0,False,False,True,False,False,Java
0242200,024220004,3.0,3.0,33.0,1.0,26.0,61.0,7.0,0.0,,76.0,32.0,1.0,200000.0,0.0,0.0,False,False,True,False,False,Java
0242200,024220005,3.0,3.0,32.0,1.0,26.0,60.0,7.0,0.0,,76.0,32.0,1.0,0.0,0.0,0.0,False,False,True,False,False,Java
0242300,024230001,1.0,1.0,48.0,1.0,1.0,2.0,98.0,0.0,,75.0,12.0,1.0,0.0,3000000.0,14.914123179965662,False,True,False,False,False,Java
0242300,024230003,3.0,1.0,26.0,1.0,1.0,3.0,1.0,0.0,,75.0,12.0,1.0,0.0,100000.0,11.51293546492023,False,True,False,False,False,Java
0242300,024230004,3.0,1.0,21.0,1.0,1.0,6.0,7.0,0.0,75.0,75.0,12.0,1.0,500000.0,0.0,0.0,False,True,False,False,False,Java
0242300,024230006,3.0,1.0,17.0,1.0,1.0,3.0,7.0,0.0,75.0,75.0,12.0,1.0,0.0,0.0,0.0,False,True,False,False,False,Java
0242300,024230007,2.0,3.0,37.0,1.0,1.0,3.0,7.0,0.0,,75.0,12.0,1.0,0.0,0.0,0.0,False,False,True,False,False,Java
0242351,024235102,2.0,3.0,21.0,1.0,1.0,3.0,2.0,1.0,13.0,75.0,12.0,1.0,0.0,0.0,0.0,True,False,True,False,True,Java
0242352,024235202,2.0,3.0,18.0,1.0,1.0,5.0,0.0,0.0,75.0,75.0,12.0,1.0,0.0,0.0,0.0,False,False,True,False,False,Java
0242400,024240003,1.0,1.0,43.0,1.0,1.0,6.0,7.0,0.0,,75.0,12.0,1.0,0.0,0.0,0.0,False,True,False,False,False,Java
0242400,024240004,2.0,3.0,41.0,1.0,1.0,6.0,7.0,0.0,,75.0,12.0,1.0,0.0,0.0,0.0,False,False,True,False,False,Java
0242400,024240005,3.0,3.0,18.0,1.0,1.0,5.0,2.0,0.0,75.0,75.0,12.0,1.0,0.0,0.0,0.0,False,False,True,False,False,Java
0242400,024240010,4.0,3.0,15.0,1.0,1.0,3.0,1.0,0.0,75.0,75.0,12.0,1.0,0.0,0.0,0.0,False,False,True,False,False,Java
0242600,024260003,1.0,3.0,61.0,1.0,1.0,1.0,96.0,0.0,,75.0,12.0,1.0,0.0,500000.0,13.122365377402328,False,False,True,False,False,Java
0242600,024260005,10.0,1.0,18.0,1.0,1.0,3.0,0.0,1.0,71.0,75.0,12.0,1.0,5600000.0,0.0,0.0,True,True,False,True,False,Java
0242800,024280001,21.0,1.0,51.0,1.0,1.0,2.0,7.0,0.0,,12.0,12.0,1.0,0.0,0.0,0.0,False,True,False,False,False,Java
0242800,024280002,1.0,3.0,49.0,1.0,1.0,2.0,2.0,0.0,,75.0,12.0,1.0,0.0,0.0,0.0,False,False,True,False,False,Java
0242800,024280003,3.0,1.0,31.0,1.0,1.0,6.0,7.0,0.0,75.0,75.0,12.0,1.0,0.0,0.0,0.0,False,True,False,False,False,Java
0242800,024280004,3.0,1.0,28.0,1.0,1.0,3.0,7.0,0.0,,75.0,12.0,1.0,800000.0,1500000.0,14.220976332738882,False,True,False,False,False,Java
0242800,024280006,3.0,3.0,17.0,1.0,1.0,3.0,7.0,0.0,75.0,75.0,12.0,1.0,0.0,0.0,0.0,False,False,True,False,False,Java
0242800,024280007,5.0,3.0,29.0,1.0,1.0,3.0,7.0,0.0,,75.0,12.0,1.0,0.0,0.0,0.0,False,False,True,False,False,Java
0242800,024280008,6.0,3.0,77.0,1.0,1.0,1.0,96.0,0.0,75.0,75.0,12.0,1.0,0.0,0.0,0.0,False,False,True,False,False,Java
0242800,024280010,5.0,1.0,16.0,1.0,1.0,5.0,2.0,0.0,75.0,75.0,12.0,1.0,0.0,0.0,0.0,False,True,False,False,False,Java
0242841,024284102,2.0,3.0,49.0,1.0,1.0,2.0,2.0,0.0,,12.0,12.0,1.0,0.0,0.0,0.0,False,False,True,False,False,Java
0242841,024284103,4.0,1.0,29.0,1.0,1.0,6.0,0.0,0.0,,12.0,12.0,1.0,0.0,0.0,0.0,False,True,False,False,False,Java
0242841,024284105,4.0,1.0,18.0,1.0,1.0,3.0,1.0,1.0,75.0,12.0,12.0,1.0,0.0,0.0,0.0,True,True,False,True,False,Java
0242841,024284107,5.0,3.0,25.0,1.0,1.0,98.0,98.0,0.0,12.0,12.0,12.0,1.0,0.0,0.0,0.0,False,False,True,False,False,Java
0242842,024284202,1.0,3.0,30.0,1.0,1.0,5.0,1.0,0.0,,75.0,12.0,1.0,3000000.0,0.0,0.0,False,False,True,False,False,Java
0250100,025010003,14.0,3.0,44.0,1.0,1.0,5.0,7.0,0.0,,9.0,12.0,1.0,3000000.0,0.0,0.0,False,False,True,False,False,Java
0250100,025010012,1.0,3.0,50.0,1.0,1.0,3.0,7.0,0.0,,75.0,12.0,1.0,0.0,0.0,0.0,False,False,True,False,False,Java
0250100,025010014,3.0,1.0,24.0,1.0,1.0,3.0,7.0,0.0,,75.0,12.0,1.0,500000.0,800000.0,13.592368256649284,False,True,False,False,False,Java
0250100,025010015,3.0,1.0,21.0,1.0,1.0,3.0,7.0,0.0,,75.0,12.0,1.0,0.0,0.0,0.0,False,True,False,False,False,Java
0250100,025010017,6.0,3.0,64.0,1.0,1.0,2.0,98.0,0.0,75.0,75.0,12.0,1.0,0.0,0.0,0.0,False,False,True,False,False,Java
0250131,025013101,1.0,1.0,52.0,1.0,1.0,5.0,7.0,1.0,20.0,9.0,12.0,1.0,0.0,0.0,0.0,True,True,False,True,False,Java
0250131,025013103,3.0,1.0,19.0,1.0,1.0,61.0,0.0,0.0,75.0,75.0,12.0,1.0,0.0,400000.0,12.899222326086994,False,True,False,False,False,Java
0250131,025013104,3.0,1.0,16.0,1.0,1.0,5.0,1.0,1.0,75.0,9.0,12.0,1.0,0.0,7000000.0,15.76142084987672,True,True,False,True,False,Java
0250300,025030001,1.0,1.0,60.0,1.0,1.0,2.0,2.0,0.0,,75.0,12.0,1.0,0.0,0.0,0.0,False,True,False,False,False,Java
0250300,025030002,2.0,3.0,52.0,1.0,4.0,2.0,98.0,0.0,,75.0,12.0,1.0,200000.0,0.0,0.0,False,False,True,False,False,Java
0250300,025030004,3.0,1.0,26.0,1.0,1.0,6.0,2.0,0.0,75.0,75.0,12.0,1.0,0.0,400000.0,12.899222326086994,False,True,False,False,False,Java
0250400,025040001,1.0,1.0,54.0,1.0,4.0,2.0,4.0,0.0,,75.0,12.0,1.0,0.0,0.0,0.0,False,True,False,False,False,Java
0250400,025040002,2.0,3.0,48.0,1.0,1.0,2.0,4.0,0.0,,75.0,12.0,1.0,0.0,0.0,0.0,False,False,True,False,False,Java
0250400,025040003,3.0,3.0,25.0,1.0,4.0,60.0,7.0,0.0,,75.0,12.0,1.0,0.0,0.0,0.0,False,False,True,False,False,Java
0250400,025040004,3.0,3.0,22.0,1.0,4.0,61.0,3.0,0.0,,75.0,12.0,1.0,200000.0,0.0,0.0,False,False,True,False,False,Java
0250400,025040006,5.0,1.0,22.0,1.0,1.0,5.0,7.0,0.0,75.0,75.0,12.0,1.0,0.0,0.0,0.0,False,True,False,False,False,Java
0250451,025045101,1.0,1.0,28.0,1.0,1.0,6.0,7.0,0.0,75.0,75.0,12.0,1.0,500000.0,450000.0,13.017005083966255,False,True,False,False,False,Java
0250600,025060001,6.0,1.0,57.0,1.0,1.0,98.0,98.0,1.0,9.0,12.0,12.0,1.0,0.0,0.0,0.0,True,True,False,True,False,Java
0250600,025060003,1.0,1.0,33.0,1.0,1.0,5.0,7.0,0.0,,75.0,12.0,1.0,0.0,0.0,0.0,False,True,False,False,False,Java
0250600,025060004,8.0,1.0,31.0,1.0,1.0,3.0,7.0,0.0,,75.0,12.0,1.0,0.0,0.0,0.0,False,True,False,False,False,Java
0250600,025060005,8.0,1.0,30.0,1.0,1.0,3.0,7.0,0.0,,75.0,12.0,1.0,0.0,0.0,0.0,False,True,False,False,False,Java
0250600,025060006,2.0,3.0,29.0,1.0,1.0,3.0,7.0,0.0,,75.0,12.0,1.0,0.0,0.0,0.0,False,False,True,False,False,Java
0250641,025064102,2.0,3.0,36.0,1.0,4.0,6.0,7.0,0.0,,12.0,12.0,1.0,0.0,0.0,0.0,False,False,True,False,False,Java
0250651,025065102,2.0,3.0,28.0,1.0,4.0,5.0,7.0,1.0,4.0,75.0,12.0,1.0,0.0,0.0,0.0,True,False,True,False,True,Batak
0250700,025070001,1.0,1.0,58.0,1.0,4.0,3.0,1.0,0.0,,75.0,12.0,1.0,300000.0,0.0,0.0,False,True,False,False,False,Batak
0250700,025070002,2.0,3.0,55.0,1.0,4.0,2.0,7.0,0.0,,75.0,12.0,1.0,200000.0,0.0,0.0,False,False,True,False,False,Batak
0250700,025070003,3.0,3.0,34.0,1.0,4.0,60.0,7.0,0.0,,75.0,12.0,1.0,2500000.0,0.0,0.0,False,False,True,False,False,Batak
0250700,025070004,3.0,3.0,30.0,1.0,4.0,60.0,2.0,0.0,,75.0,12.0,1.0,0.0,0.0,0.0,False,False,True,False,False,Batak
0250700,025070009,5.0,1.0,32.0,1.0,9.0,5.0,7.0,0.0,75.0,75.0,12.0,1.0,0.0,0.0,0.0,False,True,False,False,False,Batak
0250731,025073102,1.0,1.0,38.0,1.0,4.0,61.0,7.0,1.0,73.0,75.0,12.0,1.0,0.0,0.0,0.0,True,True,False,True,False,Batak
0250800,025080001,1.0,1.0,60.0,1.0,1.0,3.0,7.0,0.0,,75.0,12.0,1.0,0.0,0.0,0.0,False,True,False,False,False,Java
0250800,025080002,2.0,3.0,58.0,1.0,1.0,3.0,7.0,0.0,,75.0,12.0,1.0,0.0,2000000.0,14.508658238524095,False,False,True,False,False,Java
0250800,025080004,3.0,3.0,34.0,1.0,1.0,5.0,7.0,0.0,,75.0,12.0,1.0,0.0,0.0,0.0,False,False,True,False,False,Java
0250800,025080005,3.0,3.0,31.0,1.0,1.0,5.0,7.0,0.0,,75.0,12.0,1.0,0.0,0.0,0.0,False,False,True,False,False,Java
0250800,025080006,3.0,3.0,29.0,1.0,1.0,5.0,7.0,0.0,,3.0,16.0,2.0,0.0,0.0,0.0,False,False,True,False,False,Java
0250800,025084101,5.0,1.0,42.0,1.0,1.0,5.0,7.0,1.0,9.0,75.0,12.0,1.0,0.0,0.0,0.0,True,True,False,True,False,Java
0250842,025084201,1.0,1.0,32.0,1.0,1.0,5.0,7.0,0.0,3.0,3.0,16.0,2.0,0.0,0.0,0.0,False,True,False,False,False,Java
0250851,025085101,1.0,1.0,33.0,1.0,4.0,5.0,7.0,0.0,75.0,75.0,12.0,1.0,100000.0,0.0,0.0,False,True,False,False,False,Batak
0251000,025100001,1.0,1.0,65.0,1.0,1.0,2.0,7.0,0.0,,75.0,12.0,1.0,0.0,0.0,0.0,False,True,False,False,False,Java
0251000,025100002,2.0,3.0,63.0,1.0,1.0,2.0,3.0,0.0,,75.0,12.0,1.0,0.0,0.0,0.0,False,False,True,False,False,Java
0251000,025100003,3.0,1.0,41.0,1.0,1.0,6.0,7.0,1.0,98.0,75.0,12.0,1.0,0.0,0.0,0.0,True,True,False,True,False,Java
0251000,025100004,3.0,1.0,38.0,1.0,1.0,3.0,7.0,0.0,,75.0,12.0,1.0,0.0,0.0,0.0,False,True,False,False,False,Java
0251000,025100005,3.0,1.0,33.0,1.0,1.0,5.0,7.0,0.0,,75.0,12.0,1.0,1000000.0,0.0,0.0,False,True,False,False,False,Java
0251000,025100006,3.0,1.0,30.0,1.0,1.0,3.0,7.0,0.0,,75.0,12.0,1.0,0.0,0.0,0.0,False,True,False,False,False,Java
0251000,025100007,3.0,1.0,27.0,1.0,1.0,3.0,7.0,0.0,75.0,75.0,12.0,1.0,0.0,0.0,0.0,False,True,False,False,False,Java
0251000,025100008,5.0,3.0,31.0,1.0,3.0,5.0,7.0,0.0,,75.0,12.0,1.0,0.0,0.0,0.0,False,False,True,False,False,Java
0251031,025103102,2.0,3.0,37.0,1.0,1.0,5.0,7.0,0.0,,75.0,12.0,1.0,0.0,0.0,0.0,False,False,True,False,False,Java
0251031,025103103,3.0,3.0,15.0,1.0,1.0,74.0,0.0,0.0,75.0,75.0,12.0,1.0,0.0,100000.0,11.51293546492023,False,False,True,False,False,Java
0251041,025104102,2.0,3.0,35.0,1.0,1.0,5.0,7.0,0.0,,75.0,12.0,1.0,0.0,0.0,0.0,False,False,True,False,False,Java
0251042,025104202,2.0,3.0,29.0,1.0,1.0,5.0,1.0,0.0,,75.0,12.0,1.0,1000000.0,900000.0,13.71015115341694,False,False,True,False,False,Java
0251052,025105202,2.0,3.0,26.0,1.0,4.0,5.0,7.0,0.0,75.0,75.0,12.0,1.0,0.0,0.0,0.0,False,False,True,False,False,Java
0251100,025110001,21.0,1.0,57.0,1.0,4.0,3.0,7.0,0.0,,11.0,12.0,2.0,0.0,0.0,0.0,False,True,False,False,False,Batak
0251100,025110002,1.0,3.0,50.0,1.0,4.0,3.0,7.0,0.0,,75.0,12.0,1.0,0.0,0.0,0.0,False,False,True,False,False,Batak
0251100,025110003,3.0,3.0,34.0,1.0,4.0,60.0,7.0,0.0,75.0,75.0,12.0,1.0,200000.0,0.0,0.0,False,False,True,False,False,Batak
0251100,025110004,3.0,1.0,31.0,1.0,4.0,6.0,1.0,0.0,,75.0,12.0,1.0,0.0,0.0,0.0,False,True,False,False,False,Batak
0251100,025110005,3.0,1.0,28.0,1.0,4.0,61.0,7.0,0.0,,12.0,12.0,1.0,0.0,0.0,0.0,False,True,False,False,False,Batak
0251100,025110006,3.0,1.0,23.0,1.0,4.0,5.0,7.0,0.0,,75.0,12.0,1.0,0.0,0.0,0.0,False,True,False,False,False,Batak
0251100,025110008,8.0,1.0,36.0,1.0,4.0,61.0,7.0,0.0,,75.0,12.0,1.0,0.0,0.0,0.0,False,True,False,False,False,Batak
0251141,025114102,2.0,3.0,36.0,1.0,4.0,61.0,7.0,0.0,,75.0,12.0,1.0,300000.0,0.0,0.0,False,False,True,False,False,Batak
0251153,025115302,2.0,3.0,31.0,1.0,1.0,6.0,7.0,1.0,98.0,75.0,12.0,1.0,1200000.0,0.0,0.0,True,False,True,False,True,Batak
0251154,025115402,3.0,3.0,26.0,1.0,1.0,6.0,7.0,1.0,75.0,12.0,12.0,1.0,0.0,0.0,0.0,True,False,True,False,True,Java
0251200,025120001,1.0,1.0,70.0,1.0,1.0,2.0,3.0,1.0,98.0,75.0,12.0,1.0,0.0,0.0,0.0,True,True,False,True,False,Java
0251200,025120002,2.0,3.0,63.0,1.0,1.0,2.0,7.0,0.0,,75.0,12.0,1.0,0.0,0.0,0.0,False,False,True,False,False,Java
0251200,025120003,3.0,3.0,35.0,1.0,1.0,61.0,7.0,0.0,75.0,75.0,12.0,1.0,7000000.0,0.0,0.0,False,False,True,False,False,Java
0251200,025120004,3.0,1.0,32.0,1.0,1.0,61.0,7.0,0.0,,16.0,12.0,2.0,2500000.0,0.0,0.0,False,True,False,False,False,Java
0251200,025120005,3.0,1.0,21.0,1.0,1.0,60.0,7.0,0.0,75.0,75.0,12.0,1.0,4000000.0,0.0,0.0,False,True,False,False,False,Java
0251200,025120007,17.0,1.0,45.0,1.0,1.0,5.0,7.0,0.0,,12.0,12.0,1.0,0.0,0.0,0.0,False,True,False,False,False,Java
0251200,025120008,17.0,1.0,41.0,1.0,1.0,98.0,98.0,0.0,9.0,9.0,12.0,2.0,0.0,0.0,0.0,False,True,False,False,False,Java
0251231,025123105,2.0,3.0,39.0,1.0,1.0,6.0,7.0,0.0,,12.0,12.0,1.0,0.0,0.0,0.0,False,False,True,False,False,Java
0251253,025125302,2.0,3.0,50.0,1.0,1.0,3.0,7.0,1.0,12.0,9.0,12.0,2.0,0.0,0.0,0.0,True,False,True,False,True,Java
0251253,025125303,3.0,1.0,24.0,1.0,1.0,5.0,7.0,0.0,9.0,9.0,12.0,2.0,0.0,50000.0,10.819798284210286,False,True,False,False,False,Java
0251300,025130001,7.0,3.0,57.0,1.0,6.0,2.0,98.0,0.0,,75.0,12.0,1.0,0.0,0.0,0.0,False,False,True,False,False,Java
0251300,025130002,9.0,3.0,36.0,1.0,1.0,2.0,5.0,0.0,,75.0,12.0,1.0,0.0,0.0,0.0,False,False,True,False,False,Java
0251300,025130003,2.0,3.0,35.0,1.0,1.0,2.0,7.0,0.0,,75.0,12.0,1.0,0.0,0.0,0.0,False,False,True,False,False,Java
0251300,025130004,9.0,1.0,33.0,1.0,1.0,6.0,7.0,0.0,,75.0,12.0,1.0,0.0,0.0,0.0,False,True,False,False,False,Java
0251300,025130005,9.0,1.0,31.0,1.0,1.0,2.0,7.0,0.0,,75.0,12.0,1.0,0.0,0.0,0.0,False,True,False,False,False,Java
0251300,025130006,1.0,1.0,37.0,1.0,1.0,3.0,1.0,0.0,,75.0,12.0,1.0,0.0,0.0,0.0,False,True,False,False,False,Java
0251331,025133101,1.0,1.0,49.0,1.0,1.0,5.0,7.0,0.0,,75.0,12.0,1.0,0.0,0.0,0.0,False,True,False,False,False,Java
0251331,025133103,3.0,3.0,19.0,1.0,1.0,5.0,2.0,0.0,75.0,75.0,12.0,1.0,0.0,0.0,0.0,False,False,True,False,False,Java
0251341,025134102,2.0,3.0,30.0,1.0,4.0,3.0,7.0,0.0,,75.0,12.0,1.0,400000.0,200000.0,12.206077645517674,False,False,True,False,False,Java
0251351,025135102,2.0,3.0,29.0,1.0,19.0,2.0,1.0,1.0,19.0,75.0,12.0,1.0,30000.0,0.0,0.0,True,False,True,False,True,Java
0251500,025150001,1.0,1.0,47.0,1.0,4.0,3.0,7.0,0.0,,75.0,12.0,1.0,0.0,0.0,0.0,False,True,False,False,False,Java
0251500,025150002,2.0,3.0,41.0,1.0,1.0,3.0,7.0,0.0,,75.0,12.0,1.0,0.0,0.0,0.0,False,False,True,False,False,Java
0251500,025150003,3.0,3.0,23.0,1.0,4.0,6.0,7.0,0.0,,75.0,12.0,1.0,0.0,0.0,0.0,False,False,True,False,False,Java
0251500,025150005,9.0,1.0,39.0,1.0,1.0,5.0,7.0,0.0,,75.0,12.0,1.0,500000.0,0.0,0.0,False,True,False,False,False,Java
0251500,025150007,9.0,3.0,44.0,1.0,1.0,3.0,7.0,1.0,9.0,75.0,12.0,1.0,0.0,900000.0,13.71015115341694,True,False,True,False,True,Java
0251500,025150008,13.0,3.0,25.0,1.0,1.0,3.0,7.0,0.0,,75.0,12.0,1.0,0.0,2200000.0,14.603968372873895,False,False,True,False,False,Java
0251500,025150010,3.0,1.0,18.0,1.0,4.0,6.0,2.0,0.0,75.0,75.0,12.0,1.0,0.0,0.0,0.0,False,True,False,False,False,Java
0251551,025155101,1.0,1.0,28.0,1.0,1.0,5.0,7.0,0.0,75.0,75.0,12.0,1.0,0.0,0.0,0.0,False,True,False,False,False,Java
0251600,025160001,1.0,1.0,59.0,1.0,1.0,2.0,5.0,0.0,,75.0,12.0,1.0,0.0,0.0,0.0,False,True,False,False,False,Java
0251600,025160002,2.0,3.0,56.0,1.0,1.0,2.0,2.0,0.0,,75.0,12.0,1.0,0.0,0.0,0.0,False,False,True,False,False,Java
0251600,025160003,3.0,1.0,38.0,1.0,1.0,6.0,7.0,0.0,,75.0,12.0,1.0,0.0,2000000.0,14.508658238524095,False,True,False,False,False,Java
0251600,025160004,3.0,1.0,36.0,1.0,1.0,6.0,7.0,0.0,,75.0,12.0,1.0,300000.0,0.0,0.0,False,True,False,False,False,Java
0251600,025160005,3.0,1.0,32.0,1.0,1.0,6.0,7.0,0.0,,75.0,12.0,1.0,0.0,200000.0,12.206077645517674,False,True,False,False,False,Java
0251600,025160006,3.0,1.0,29.0,1.0,1.0,6.0,7.0,0.0,,75.0,12.0,1.0,0.0,0.0,0.0,False,True,False,False,False,Java
0251600,025160007,5.0,3.0,31.0,1.0,1.0,5.0,7.0,0.0,,75.0,12.0,1.0,0.0,0.0,0.0,False,False,True,False,False,Java
0251641,025164102,2.0,3.0,31.0,1.0,1.0,3.0,7.0,0.0,,75.0,12.0,1.0,0.0,0.0,0.0,False,False,True,False,False,Java
0251642,025164202,2.0,3.0,32.0,1.0,1.0,6.0,7.0,0.0,,75.0,12.0,1.0,0.0,0.0,0.0,False,False,True,False,False,Java
0251652,025165202,2.0,3.0,28.0,1.0,1.0,5.0,7.0,0.0,75.0,75.0,12.0,1.0,0.0,0.0,0.0,False,False,True,False,False,Java
0251700,025170001,1.0,1.0,43.0,1.0,1.0,2.0,7.0,0.0,,75.0,12.0,1.0,0.0,700000.0,13.45883704259595,False,True,False,False,False,Java
0251700,025170002,2.0,3.0,45.0,1.0,4.0,2.0,3.0,0.0,,75.0,12.0,1.0,0.0,0.0,0.0,False,False,True,False,False,Java
0251700,025170003,3.0,1.0,23.0,1.0,1.0,60.0,7.0,0.0,,75.0,12.0,1.0,0.0,500000.0,13.122365377402328,False,True,False,False,False,Java
0251700,025170004,3.0,1.0,21.0,1.0,1.0,6.0,7.0,0.0,75.0,75.0,12.0,1.0,0.0,0.0,0.0,False,True,False,False,False,Java
0251800,025180001,1.0,1.0,65.0,1.0,1.0,2.0,7.0,0.0,,75.0,12.0,1.0,500000.0,700000.0,13.45883704259595,False,True,False,False,False,Java
0251800,025180002,2.0,3.0,56.0,1.0,1.0,2.0,7.0,0.0,,75.0,12.0,1.0,0.0,0.0,0.0,False,False,True,False,False,Java
0251800,025180004,3.0,1.0,26.0,1.0,1.0,2.0,7.0,0.0,,75.0,12.0,1.0,0.0,0.0,0.0,False,True,False,False,False,Java
0251800,025180005,3.0,1.0,24.0,1.0,1.0,2.0,7.0,0.0,,75.0,12.0,1.0,0.0,0.0,0.0,False,True,False,False,False,Java
0251800,025180006,17.0,3.0,39.0,1.0,4.0,98.0,98.0,0.0,,75.0,12.0,1.0,0.0,0.0,0.0,False,False,True,False,False,Java
0251800,025180008,5.0,3.0,24.0,1.0,1.0,5.0,7.0,0.0,75.0,75.0,12.0,1.0,0.0,0.0,0.0,False,False,True,False,False,Java
0251831,025183101,1.0,1.0,45.0,1.0,1.0,5.0,7.0,0.0,,75.0,12.0,1.0,0.0,0.0,0.0,False,True,False,False,False,Java
0251841,025184102,2.0,3.0,28.0,1.0,19.0,2.0,7.0,0.0,,75.0,12.0,1.0,100000.0,0.0,0.0,False,False,True,False,False,Java
0251900,025190004,8.0,1.0,41.0,1.0,4.0,2.0,2.0,1.0,75.0,11.0,12.0,2.0,0.0,0.0,0.0,True,True,False,True,False,Batak
0251900,025190006,2.0,3.0,35.0,1.0,9.0,6.0,1.0,0.0,,75.0,12.0,1.0,0.0,0.0,0.0,False,False,True,False,False,Batak
0251931,025193103,4.0,1.0,19.0,1.0,4.0,3.0,1.0,0.0,75.0,75.0,12.0,1.0,0.0,0.0,0.0,False,True,False,False,False,Java
0251932,025193209,10.0,1.0,20.0,1.0,4.0,2.0,7.0,0.0,75.0,75.0,12.0,1.0,0.0,700000.0,13.45883704259595,False,True,False,False,False,Java
0251951,025195102,2.0,3.0,41.0,3.0,4.0,5.0,1.0,0.0,11.0,11.0,12.0,2.0,0.0,0.0,0.0,False,False,True,False,False,Batak
0251951,025195103,3.0,3.0,17.0,3.0,4.0,5.0,1.0,0.0,11.0,11.0,12.0,2.0,0.0,0.0,0.0,False,False,True,False,False,Batak
0262000,026200006,3.0,3.0,42.0,2.0,4.0,61.0,7.0,0.0,,76.0,12.0,1.0,,,,False,False,True,False,False,Batak
0270100,027010001,2.0,3.0,43.0,1.0,9.0,2.0,3.0,0.0,,10.0,13.0,1.0,0.0,0.0,0.0,False,False,True,False,False,Minang
0270100,027010002,4.0,3.0,23.0,1.0,9.0,5.0,7.0,0.0,,10.0,13.0,1.0,0.0,0.0,0.0,False,False,True,False,False,Minang
0270100,027010003,9.0,1.0,38.0,1.0,9.0,5.0,7.0,0.0,,10.0,13.0,1.0,0.0,0.0,0.0,False,True,False,False,False,Minang
0270100,027010005,9.0,3.0,32.0,1.0,9.0,5.0,1.0,0.0,,71.0,13.0,1.0,0.0,0.0,0.0,False,False,True,False,False,Minang
0270100,027010006,1.0,1.0,45.0,1.0,9.0,98.0,98.0,0.0,,10.0,13.0,1.0,0.0,0.0,0.0,False,True,False,False,False,Minang
0270100,027010007,3.0,1.0,18.0,1.0,9.0,2.0,5.0,0.0,10.0,10.0,13.0,1.0,0.0,0.0,0.0,False,True,False,False,False,Minang
0270100,027010011,5.0,1.0,29.0,1.0,9.0,6.0,7.0,0.0,10.0,10.0,13.0,1.0,0.0,0.0,0.0,False,True,False,False,False,Minang
0270141,027014102,2.0,3.0,34.0,1.0,9.0,60.0,7.0,0.0,,10.0,13.0,1.0,1000000.0,0.0,0.0,False,False,True,False,False,Minang
0270142,027014201,1.0,1.0,46.0,1.0,9.0,61.0,7.0,1.0,10.0,71.0,13.0,1.0,0.0,0.0,0.0,True,True,False,True,False,Minang
0270200,027020003,1.0,3.0,50.0,1.0,9.0,2.0,4.0,0.0,10.0,10.0,13.0,1.0,0.0,0.0,0.0,False,False,True,False,False,Minang
0270241,027024102,1.0,3.0,70.0,1.0,9.0,2.0,3.0,0.0,,10.0,13.0,1.0,0.0,550000.0,13.21767537538882,False,False,True,False,False,Minang
0270300,027030001,1.0,1.0,51.0,1.0,9.0,2.0,98.0,0.0,,10.0,13.0,1.0,0.0,0.0,0.0,False,True,False,False,False,Minang
0270300,027030002,2.0,3.0,51.0,1.0,9.0,2.0,3.0,0.0,,10.0,13.0,1.0,0.0,0.0,0.0,False,False,True,False,False,Minang
0270300,027030003,3.0,1.0,36.0,1.0,9.0,3.0,7.0,0.0,,10.0,13.0,1.0,1000000.0,0.0,0.0,False,True,False,False,False,Minang
0270300,027030004,3.0,1.0,28.0,1.0,9.0,2.0,4.0,0.0,,10.0,13.0,1.0,0.0,0.0,0.0,False,True,False,False,False,Minang
0270300,027030006,3.0,3.0,21.0,1.0,9.0,5.0,7.0,0.0,10.0,10.0,13.0,1.0,0.0,0.0,0.0,False,False,True,False,False,Minang
0270300,027030007,3.0,3.0,15.0,1.0,9.0,5.0,0.0,0.0,10.0,10.0,13.0,1.0,0.0,0.0,0.0,False,False,True,False,False,Minang
0270341,027241118,2.0,3.0,31.0,1.0,9.0,2.0,7.0,0.0,,10.0,13.0,1.0,0.0,0.0,0.0,False,False,True,False,False,Minang
0270400,027040001,17.0,1.0,58.0,1.0,9.0,2.0,7.0,0.0,,10.0,13.0,1.0,0.0,0.0,0.0,False,True,False,False,False,Minang
0270400,027040002,2.0,3.0,46.0,1.0,9.0,2.0,7.0,0.0,,10.0,13.0,1.0,500000.0,300000.0,12.611541086966117,False,False,True,False,False,Minang
0270400,027040004,4.0,3.0,21.0,1.0,9.0,5.0,7.0,0.0,,10.0,13.0,1.0,500000.0,0.0,0.0,False,False,True,False,False,Minang
0270400,027040006,4.0,3.0,29.0,1.0,9.0,3.0,7.0,0.0,,10.0,13.0,1.0,200000.0,0.0,0.0,False,False,True,False,False,Minang
0270400,027040007,1.0,1.0,46.0,1.0,9.0,2.0,5.0,0.0,10.0,10.0,13.0,1.0,1000000.0,0.0,0.0,False,True,False,False,False,Minang
0270600,027060002,7.0,3.0,73.0,1.0,9.0,2.0,3.0,0.0,10.0,10.0,13.0,1.0,0.0,0.0,0.0,False,False,True,False,False,Minang
0270600,027060003,9.0,3.0,51.0,1.0,9.0,2.0,98.0,0.0,,10.0,13.0,1.0,0.0,100000.0,11.51293546492023,False,False,True,False,False,Minang
0270600,027060004,9.0,3.0,46.0,1.0,9.0,2.0,5.0,0.0,,10.0,13.0,1.0,1000000.0,0.0,0.0,False,False,True,False,False,Minang
0270600,027060005,2.0,3.0,41.0,1.0,9.0,2.0,3.0,0.0,,10.0,13.0,1.0,0.0,0.0,0.0,False,False,True,False,False,Minang
0270600,027060006,9.0,1.0,56.0,1.0,9.0,2.0,98.0,0.0,,10.0,13.0,1.0,0.0,0.0,0.0,False,True,False,False,False,Minang
0270600,027060007,9.0,1.0,49.0,1.0,9.0,2.0,98.0,0.0,,10.0,13.0,1.0,0.0,0.0,0.0,False,True,False,False,False,Minang
0270600,027060008,13.0,3.0,36.0,1.0,9.0,2.0,98.0,0.0,,10.0,13.0,1.0,50000.0,0.0,0.0,False,False,True,False,False,Minang
0270600,027060009,13.0,1.0,30.0,1.0,9.0,61.0,7.0,0.0,,10.0,13.0,1.0,200000.0,0.0,0.0,False,True,False,False,False,Minang
0270600,027060010,13.0,1.0,26.0,1.0,9.0,2.0,98.0,0.0,,10.0,13.0,1.0,50000.0,0.0,0.0,False,True,False,False,False,Minang
0270600,027060011,13.0,3.0,22.0,1.0,9.0,60.0,7.0,0.0,,10.0,13.0,1.0,100000.0,550000.0,13.21767537538882,False,False,True,False,False,Minang
0270600,027060013,1.0,1.0,49.0,1.0,9.0,3.0,0.0,0.0,,10.0,13.0,1.0,0.0,0.0,0.0,False,True,False,False,False,Minang
0270600,027060015,3.0,1.0,17.0,1.0,9.0,5.0,0.0,0.0,10.0,10.0,13.0,1.0,0.0,300000.0,12.611541086966117,False,True,False,False,False,Minang
0270611,027061102,2.0,3.0,41.0,1.0,9.0,2.0,5.0,0.0,,10.0,13.0,1.0,0.0,0.0,0.0,False,False,True,False,False,Minang
0270612,027061207,1.0,1.0,42.0,1.0,9.0,2.0,7.0,0.0,,10.0,13.0,1.0,500000.0,0.0,0.0,False,True,False,False,False,Minang
0270612,027061208,9.0,1.0,15.0,1.0,9.0,3.0,1.0,0.0,10.0,10.0,13.0,1.0,0.0,0.0,0.0,False,True,False,False,False,Minang
0270651,027065102,2.0,3.0,27.0,1.0,9.0,6.0,7.0,0.0,10.0,10.0,13.0,1.0,0.0,0.0,0.0,False,False,True,False,False,Minang
0270700,027070001,11.0,1.0,76.0,1.0,9.0,5.0,7.0,0.0,,10.0,13.0,1.0,0.0,0.0,0.0,False,True,False,False,False,Minang
0270700,027070002,11.0,3.0,68.0,1.0,9.0,98.0,98.0,0.0,,10.0,13.0,1.0,0.0,0.0,0.0,False,False,True,False,False,Minang
0270700,027070003,12.0,1.0,49.0,1.0,9.0,3.0,7.0,0.0,,10.0,13.0,1.0,0.0,0.0,0.0,False,True,False,False,False,Minang
0270700,027070004,12.0,1.0,34.0,1.0,9.0,6.0,7.0,0.0,,10.0,13.0,1.0,0.0,0.0,0.0,False,True,False,False,False,Minang
0270700,027070006,9.0,3.0,29.0,1.0,9.0,74.0,7.0,0.0,,10.0,13.0,1.0,0.0,0.0,0.0,False,False,True,False,False,Minang
0270700,027070009,2.0,3.0,23.0,1.0,9.0,6.0,7.0,0.0,,10.0,13.0,1.0,0.0,0.0,0.0,False,False,True,False,False,Minang
0270700,027070010,9.0,3.0,19.0,1.0,9.0,5.0,7.0,0.0,10.0,10.0,13.0,1.0,0.0,0.0,0.0,False,False,True,False,False,Minang
0270700,027070012,1.0,1.0,35.0,1.0,9.0,6.0,7.0,0.0,10.0,10.0,13.0,1.0,0.0,0.0,0.0,False,True,False,False,False,Minang
0270700,027070013,9.0,1.0,27.0,1.0,9.0,2.0,98.0,0.0,10.0,10.0,13.0,1.0,6000000.0,0.0,0.0,False,True,False,False,False,Minang
0270731,027073102,2.0,3.0,39.0,1.0,9.0,1.0,96.0,0.0,10.0,10.0,13.0,1.0,0.0,0.0,0.0,False,False,True,False,False,Minang
0270731,027073103,3.0,1.0,18.0,1.0,9.0,5.0,2.0,0.0,10.0,10.0,13.0,1.0,0.0,0.0,0.0,False,True,False,False,False,Minang
0270742,027074202,2.0,3.0,31.0,1.0,9.0,3.0,7.0,0.0,,10.0,13.0,1.0,0.0,0.0,0.0,False,False,True,False,False,Minang
0270800,027080002,2.0,3.0,44.0,1.0,9.0,2.0,3.0,0.0,,10.0,13.0,1.0,0.0,0.0,0.0,False,False,True,False,False,Minang
0270800,027080003,4.0,1.0,27.0,1.0,9.0,6.0,7.0,0.0,10.0,10.0,13.0,1.0,0.0,0.0,0.0,False,True,False,False,False,Minang
0270800,027080004,4.0,1.0,21.0,1.0,9.0,5.0,7.0,0.0,10.0,10.0,13.0,1.0,0.0,0.0,0.0,False,True,False,False,False,Minang
0270800,027080007,9.0,3.0,37.0,1.0,9.0,2.0,7.0,0.0,,10.0,13.0,1.0,0.0,0.0,0.0,False,False,True,False,False,Minang
0270800,027080008,9.0,1.0,35.0,1.0,9.0,2.0,7.0,0.0,,10.0,13.0,2.0,0.0,0.0,0.0,False,True,False,False,False,Minang
0270831,027083104,1.0,1.0,46.0,1.0,9.0,2.0,7.0,0.0,,10.0,13.0,1.0,100000.0,0.0,0.0,False,True,False,False,False,Minang
0270831,027083105,3.0,1.0,17.0,1.0,9.0,5.0,2.0,0.0,10.0,10.0,13.0,1.0,100000.0,0.0,0.0,False,True,False,False,False,Minang
0270832,027083202,2.0,3.0,30.0,1.0,9.0,3.0,2.0,0.0,,10.0,13.0,2.0,0.0,0.0,0.0,False,False,True,False,False,Minang
0270851,027085102,2.0,3.0,22.0,1.0,9.0,5.0,7.0,0.0,10.0,10.0,13.0,1.0,50000.0,0.0,0.0,False,False,True,False,False,Minang
0270900,027090001,7.0,1.0,56.0,1.0,9.0,2.0,98.0,0.0,,10.0,13.0,1.0,0.0,0.0,0.0,False,True,False,False,False,Minang
0270900,027090002,7.0,3.0,54.0,1.0,9.0,2.0,7.0,0.0,,10.0,13.0,1.0,100000.0,0.0,0.0,False,False,True,False,False,Minang
0270900,027090003,2.0,3.0,31.0,1.0,9.0,5.0,0.0,0.0,,10.0,13.0,1.0,500000.0,0.0,0.0,False,False,True,False,False,Minang
0270900,027090004,9.0,3.0,28.0,1.0,9.0,6.0,7.0,0.0,,10.0,13.0,1.0,200000.0,0.0,0.0,False,False,True,False,False,Minang
0270900,027090005,9.0,1.0,25.0,1.0,9.0,6.0,7.0,0.0,,10.0,13.0,1.0,0.0,0.0,0.0,False,True,False,False,False,Minang
0270900,027090006,9.0,1.0,36.0,1.0,9.0,2.0,7.0,0.0,,10.0,13.0,2.0,0.0,0.0,0.0,False,True,False,False,False,Minang
0270900,027090009,9.0,3.0,40.0,1.0,9.0,2.0,7.0,0.0,,10.0,13.0,1.0,0.0,200000.0,12.206077645517674,False,False,True,False,False,Minang
0270900,027090010,9.0,1.0,37.0,1.0,9.0,2.0,98.0,0.0,,10.0,13.0,1.0,0.0,0.0,0.0,False,True,False,False,False,Minang
0270900,027090011,13.0,3.0,34.0,1.0,9.0,2.0,98.0,0.0,,10.0,13.0,1.0,0.0,0.0,0.0,False,False,True,False,False,Minang
0270900,027090013,16.0,3.0,18.0,1.0,9.0,3.0,7.0,0.0,10.0,10.0,13.0,1.0,100000.0,0.0,0.0,False,False,True,False,False,Minang
0270900,027090015,1.0,1.0,34.0,1.0,9.0,2.0,7.0,0.0,10.0,10.0,13.0,1.0,0.0,0.0,0.0,False,True,False,False,False,Minang
0270931,027093101,1.0,1.0,42.0,1.0,9.0,73.0,7.0,0.0,,10.0,13.0,1.0,50000.0,0.0,0.0,False,True,False,False,False,Minang
0270932,027093202,1.0,1.0,45.0,1.0,9.0,2.0,4.0,0.0,10.0,10.0,13.0,1.0,0.0,0.0,0.0,False,True,False,False,False,Minang
0270932,027093206,3.0,3.0,15.0,1.0,9.0,5.0,0.0,0.0,10.0,10.0,13.0,1.0,0.0,200000.0,12.206077645517674,False,False,True,False,False,Minang
0270932,027093210,5.0,1.0,24.0,1.0,9.0,2.0,3.0,0.0,10.0,10.0,13.0,1.0,0.0,0.0,0.0,False,True,False,False,False,Minang
0270942,027094202,2.0,3.0,22.0,1.0,9.0,5.0,7.0,0.0,10.0,10.0,13.0,1.0,0.0,0.0,0.0,False,False,True,False,False,Minang
0270943,027094302,2.0,3.0,28.0,1.0,9.0,2.0,7.0,0.0,,10.0,13.0,2.0,0.0,0.0,0.0,False,False,True,False,False,Minang
0270944,027094402,2.0,3.0,31.0,1.0,9.0,3.0,7.0,0.0,,10.0,13.0,1.0,0.0,0.0,0.0,False,False,True,False,False,Minang
0271000,027100001,1.0,1.0,50.0,1.0,9.0,2.0,7.0,0.0,,10.0,13.0,1.0,100000.0,0.0,0.0,False,True,False,False,False,Minang
0271000,027100002,2.0,3.0,45.0,1.0,9.0,2.0,1.0,0.0,,10.0,13.0,1.0,0.0,0.0,0.0,False,False,True,False,False,Minang
0271000,027100003,3.0,1.0,22.0,1.0,9.0,5.0,7.0,0.0,,10.0,13.0,1.0,0.0,0.0,0.0,False,True,False,False,False,Minang
0271000,027100004,9.0,3.0,30.0,1.0,9.0,5.0,7.0,0.0,,10.0,13.0,1.0,50000.0,0.0,0.0,False,False,True,False,False,Minang
0271000,027100005,5.0,3.0,67.0,1.0,9.0,2.0,3.0,0.0,10.0,10.0,13.0,1.0,0.0,0.0,0.0,False,False,True,False,False,Minang
0271000,027100008,16.0,1.0,36.0,1.0,9.0,5.0,7.0,0.0,,10.0,13.0,1.0,0.0,0.0,0.0,False,True,False,False,False,Minang
0271051,027105102,2.0,3.0,19.0,1.0,9.0,5.0,2.0,0.0,10.0,10.0,13.0,1.0,0.0,0.0,0.0,False,False,True,False,False,Minang
0271100,027110002,1.0,3.0,50.0,1.0,9.0,2.0,1.0,0.0,,10.0,13.0,1.0,0.0,0.0,0.0,False,False,True,False,False,Minang
0271100,027110003,3.0,1.0,30.0,1.0,9.0,3.0,1.0,0.0,10.0,10.0,13.0,2.0,0.0,0.0,0.0,False,True,False,False,False,Minang
0271100,027110004,3.0,1.0,25.0,1.0,9.0,74.0,7.0,0.0,,10.0,13.0,2.0,0.0,0.0,0.0,False,True,False,False,False,Minang
0271100,027110005,3.0,1.0,22.0,1.0,9.0,2.0,4.0,0.0,,10.0,13.0,2.0,0.0,0.0,0.0,False,True,False,False,False,Minang
0271100,027110008,3.0,3.0,17.0,1.0,9.0,3.0,2.0,0.0,10.0,10.0,13.0,1.0,0.0,0.0,0.0,False,False,True,False,False,Minang
0271100,027110010,5.0,3.0,31.0,1.0,9.0,2.0,4.0,0.0,,10.0,13.0,2.0,0.0,0.0,0.0,False,False,True,False,False,Minang
0271100,027110012,5.0,1.0,19.0,1.0,9.0,2.0,4.0,0.0,10.0,10.0,13.0,1.0,0.0,0.0,0.0,False,True,False,False,False,Minang
0271152,027115202,2.0,3.0,24.0,1.0,2.0,74.0,7.0,1.0,1.0,10.0,13.0,2.0,0.0,0.0,0.0,True,False,True,False,True,Minang
0271153,027115302,4.0,3.0,20.0,1.0,9.0,73.0,2.0,0.0,10.0,10.0,13.0,2.0,0.0,100000.0,11.51293546492023,False,False,True,False,False,Minang
0271200,027120001,8.0,1.0,46.0,1.0,9.0,6.0,2.0,0.0,,10.0,13.0,1.0,200000.0,0.0,0.0,False,True,False,False,False,Minang
0271200,027120002,6.0,3.0,71.0,1.0,9.0,1.0,96.0,0.0,10.0,10.0,13.0,1.0,0.0,0.0,0.0,False,False,True,False,False,Minang
0271200,027120003,9.0,3.0,38.0,1.0,9.0,2.0,1.0,0.0,,10.0,13.0,1.0,0.0,0.0,0.0,False,False,True,False,False,Minang
0271200,027120008,3.0,3.0,16.0,1.0,9.0,5.0,0.0,0.0,10.0,10.0,13.0,1.0,0.0,0.0,0.0,False,False,True,False,False,Minang
0271211,027121104,2.0,3.0,33.0,1.0,9.0,2.0,3.0,0.0,,10.0,13.0,1.0,0.0,0.0,0.0,False,False,True,False,False,Minang
0271211,027121108,3.0,3.0,18.0,1.0,9.0,61.0,0.0,1.0,10.0,71.0,13.0,1.0,0.0,0.0,0.0,True,False,True,False,True,Minang
0271241,027124103,1.0,1.0,45.0,1.0,9.0,2.0,7.0,1.0,2.0,10.0,13.0,1.0,0.0,0.0,0.0,True,True,False,True,False,Minang
0271300,027130001,1.0,1.0,49.0,1.0,9.0,2.0,2.0,0.0,,10.0,13.0,1.0,0.0,0.0,0.0,False,True,False,False,False,Minang
0271300,027130002,2.0,3.0,51.0,1.0,9.0,2.0,1.0,0.0,,10.0,13.0,1.0,0.0,0.0,0.0,False,False,True,False,False,Minang
0271300,027130003,3.0,1.0,30.0,1.0,9.0,5.0,7.0,0.0,,10.0,13.0,1.0,0.0,0.0,0.0,False,True,False,False,False,Minang
0271300,027130004,3.0,3.0,27.0,1.0,9.0,5.0,7.0,0.0,,10.0,13.0,1.0,300000.0,200000.0,12.206077645517674,False,False,True,False,False,Minang
0271300,027130005,3.0,1.0,23.0,1.0,9.0,5.0,7.0,0.0,,10.0,13.0,1.0,0.0,0.0,0.0,False,True,False,False,False,Minang
0271300,027130006,3.0,1.0,21.0,1.0,9.0,5.0,7.0,0.0,10.0,10.0,13.0,1.0,0.0,0.0,0.0,False,True,False,False,False,Minang
0271300,027130007,5.0,1.0,36.0,1.0,9.0,2.0,7.0,0.0,,10.0,13.0,1.0,0.0,0.0,0.0,False,True,False,False,False,Minang
0271351,027135102,2.0,3.0,21.0,1.0,9.0,3.0,7.0,0.0,10.0,10.0,13.0,1.0,300000.0,0.0,0.0,False,False,True,False,False,Minang
0271400,027140001,2.0,3.0,43.0,1.0,9.0,2.0,5.0,0.0,,10.0,13.0,1.0,0.0,0.0,0.0,False,False,True,False,False,Minang
0271400,027140002,3.0,1.0,22.0,1.0,9.0,2.0,4.0,0.0,,10.0,13.0,2.0,0.0,0.0,0.0,False,True,False,False,False,Minang
0271400,027140003,1.0,1.0,62.0,1.0,9.0,2.0,2.0,0.0,,10.0,13.0,1.0,0.0,0.0,0.0,False,True,False,False,False,Minang
0271400,027140004,3.0,3.0,16.0,1.0,9.0,3.0,1.0,0.0,10.0,10.0,13.0,1.0,0.0,900000.0,13.71015115341694,False,False,True,False,False,Minang
0271400,027140006,5.0,1.0,24.0,1.0,9.0,98.0,98.0,1.0,98.0,10.0,13.0,1.0,0.0,0.0,0.0,True,True,False,True,False,Minang
0271451,027145102,2.0,3.0,38.0,1.0,9.0,2.0,3.0,0.0,10.0,10.0,13.0,2.0,0.0,100000.0,11.51293546492023,False,False,True,False,False,Minang
0271500,027150001,1.0,1.0,57.0,1.0,9.0,2.0,2.0,0.0,,10.0,13.0,1.0,100000.0,0.0,0.0,False,True,False,False,False,Minang
0271500,027150004,3.0,3.0,27.0,1.0,9.0,6.0,7.0,0.0,,10.0,13.0,1.0,0.0,0.0,0.0,False,False,True,False,False,Minang
0271500,027150010,3.0,1.0,16.0,1.0,9.0,5.0,1.0,0.0,10.0,10.0,13.0,1.0,0.0,1100000.0,13.910821646859096,False,True,False,False,False,Minang
0271600,027160001,16.0,1.0,70.0,1.0,9.0,3.0,1.0,0.0,,10.0,13.0,1.0,0.0,3000000.0,14.914123179965662,False,True,False,False,False,Minang
0271600,027160006,1.0,3.0,24.0,1.0,9.0,5.0,1.0,0.0,10.0,10.0,13.0,1.0,0.0,0.0,0.0,False,False,True,False,False,Minang
0271651,027165102,2.0,3.0,70.0,1.0,9.0,1.0,96.0,0.0,10.0,10.0,13.0,1.0,0.0,20000.0,9.90353755128617,False,False,True,False,False,Minang
0271800,027180001,1.0,1.0,71.0,1.0,9.0,98.0,98.0,0.0,,10.0,13.0,1.0,10000.0,1200000.0,13.997832948091215,False,True,False,False,False,Minang
0271800,027180002,2.0,3.0,61.0,1.0,9.0,2.0,7.0,0.0,,10.0,13.0,1.0,300000.0,0.0,0.0,False,False,True,False,False,Minang
0271800,027180003,3.0,3.0,46.0,1.0,9.0,2.0,7.0,0.0,,10.0,13.0,1.0,0.0,0.0,0.0,False,False,True,False,False,Minang
0271800,027180005,3.0,3.0,32.0,1.0,9.0,2.0,7.0,1.0,10.0,11.0,13.0,1.0,0.0,0.0,0.0,True,False,True,False,True,Minang
0271800,027180010,5.0,1.0,41.0,1.0,9.0,2.0,7.0,0.0,,11.0,13.0,1.0,100000.0,0.0,0.0,False,True,False,False,False,Minang
0271911,027191102,1.0,3.0,36.0,1.0,9.0,3.0,7.0,0.0,,10.0,13.0,1.0,0.0,0.0,0.0,False,False,True,False,False,Minang
0271911,027191105,3.0,3.0,18.0,1.0,9.0,5.0,2.0,0.0,10.0,10.0,13.0,1.0,0.0,0.0,0.0,False,False,True,False,False,Minang
0272000,027200002,7.0,3.0,57.0,1.0,9.0,2.0,3.0,0.0,,10.0,13.0,1.0,0.0,0.0,0.0,False,False,True,False,False,Minang
0272000,027200003,9.0,3.0,39.0,1.0,9.0,2.0,3.0,0.0,,10.0,13.0,1.0,,,,False,False,True,False,False,Minang
0272000,027200005,2.0,3.0,34.0,1.0,9.0,2.0,5.0,0.0,,10.0,13.0,1.0,0.0,0.0,0.0,False,False,True,False,False,Minang
0272000,027200006,9.0,3.0,29.0,1.0,9.0,73.0,7.0,0.0,,10.0,13.0,1.0,200000.0,0.0,0.0,False,False,True,False,False,Minang
0272000,027200007,9.0,3.0,21.0,1.0,9.0,5.0,7.0,0.0,10.0,10.0,13.0,1.0,300000.0,0.0,0.0,False,False,True,False,False,Minang
0272000,027200009,1.0,1.0,40.0,1.0,9.0,2.0,7.0,0.0,,10.0,13.0,1.0,0.0,0.0,0.0,False,True,False,False,False,Minang
0272000,027200010,3.0,3.0,16.0,1.0,9.0,5.0,1.0,0.0,10.0,10.0,13.0,1.0,0.0,700000.0,13.45883704259595,False,False,True,False,False,Minang
0272031,027203105,1.0,1.0,29.0,1.0,9.0,5.0,1.0,0.0,10.0,10.0,13.0,1.0,100000.0,0.0,0.0,False,True,False,False,False,Minang
0272032,027203203,4.0,1.0,16.0,1.0,9.0,2.0,7.0,0.0,10.0,10.0,13.0,1.0,0.0,0.0,0.0,False,True,False,False,False,Minang
0272032,027203205,1.0,1.0,46.0,1.0,9.0,3.0,2.0,0.0,,10.0,13.0,1.0,0.0,0.0,0.0,False,True,False,False,False,Minang
0272041,027204101,1.0,1.0,36.0,1.0,9.0,2.0,98.0,0.0,10.0,10.0,13.0,1.0,0.0,0.0,0.0,False,True,False,False,False,Minang
0272300,027230001,1.0,1.0,51.0,1.0,9.0,2.0,7.0,0.0,,10.0,13.0,1.0,2000000.0,0.0,0.0,False,True,False,False,False,Minang
0272300,027230002,2.0,3.0,46.0,1.0,9.0,2.0,7.0,0.0,,10.0,13.0,1.0,0.0,0.0,0.0,False,False,True,False,False,Minang
0272300,027230003,3.0,1.0,21.0,1.0,9.0,60.0,7.0,0.0,,10.0,13.0,1.0,0.0,500000.0,13.122365377402328,False,True,False,False,False,Minang
0272300,027230006,7.0,3.0,67.0,1.0,9.0,98.0,98.0,0.0,10.0,10.0,13.0,1.0,0.0,0.0,0.0,False,False,True,False,False,Minang
0272400,027240002,1.0,3.0,53.0,1.0,9.0,2.0,7.0,0.0,,10.0,13.0,1.0,500000.0,0.0,0.0,False,False,True,False,False,Minang
0272400,027240004,3.0,1.0,31.0,1.0,9.0,2.0,2.0,0.0,10.0,10.0,13.0,2.0,0.0,300000.0,12.611541086966117,False,True,False,False,False,Minang
0272400,027240005,3.0,3.0,29.0,1.0,9.0,2.0,4.0,0.0,10.0,10.0,13.0,1.0,0.0,0.0,0.0,False,False,True,False,False,Minang
0272400,027240007,3.0,3.0,21.0,1.0,9.0,3.0,7.0,0.0,10.0,10.0,13.0,1.0,0.0,0.0,0.0,False,False,True,False,False,Minang
0272400,027240008,5.0,1.0,37.0,1.0,9.0,1.0,96.0,0.0,10.0,10.0,13.0,1.0,0.0,0.0,0.0,False,True,False,False,False,Minang
0272400,027240011,5.0,1.0,28.0,1.0,9.0,5.0,7.0,0.0,10.0,10.0,13.0,1.0,0.0,0.0,0.0,False,True,False,False,False,Minang
0272411,027241120,4.0,3.0,15.0,1.0,9.0,5.0,0.0,0.0,10.0,10.0,13.0,1.0,0.0,0.0,0.0,False,False,True,False,False,Minang
0272451,027245102,2.0,3.0,31.0,1.0,9.0,2.0,2.0,0.0,10.0,10.0,13.0,2.0,0.0,0.0,0.0,False,False,True,False,False,Minang
0272500,027250001,9.0,1.0,58.0,1.0,9.0,2.0,98.0,0.0,,10.0,13.0,2.0,0.0,0.0,0.0,False,True,False,False,False,Minang
0272500,027250002,9.0,3.0,54.0,1.0,9.0,2.0,98.0,0.0,,10.0,13.0,2.0,0.0,0.0,0.0,False,False,True,False,False,Minang
0272500,027250003,9.0,3.0,36.0,1.0,9.0,2.0,7.0,0.0,,10.0,13.0,1.0,0.0,0.0,0.0,False,False,True,False,False,Minang
0272500,027250009,1.0,1.0,42.0,1.0,9.0,2.0,3.0,0.0,,10.0,13.0,1.0,0.0,0.0,0.0,False,True,False,False,False,Minang
0272500,027250010,2.0,3.0,36.0,1.0,9.0,3.0,7.0,0.0,,10.0,13.0,1.0,0.0,0.0,0.0,False,False,True,False,False,Minang
0272532,027253203,4.0,3.0,17.0,1.0,9.0,3.0,7.0,0.0,10.0,10.0,13.0,1.0,0.0,0.0,0.0,False,False,True,False,False,Minang
0272532,027253205,1.0,1.0,39.0,1.0,9.0,2.0,3.0,1.0,4.0,10.0,13.0,1.0,0.0,0.0,0.0,True,True,False,True,False,Minang
0272600,027260003,12.0,3.0,40.0,1.0,9.0,2.0,4.0,0.0,,10.0,13.0,1.0,0.0,0.0,0.0,False,False,True,False,False,Minang
0272600,027260004,16.0,1.0,51.0,1.0,9.0,2.0,98.0,0.0,,10.0,13.0,1.0,0.0,0.0,0.0,False,True,False,False,False,Minang
0272600,027260005,9.0,1.0,34.0,1.0,9.0,6.0,7.0,0.0,10.0,10.0,13.0,2.0,400000.0,0.0,0.0,False,True,False,False,False,Minang
0272600,027260007,16.0,3.0,22.0,1.0,9.0,5.0,7.0,0.0,,10.0,13.0,1.0,0.0,0.0,0.0,False,False,True,False,False,Minang
0272600,027260008,16.0,3.0,21.0,1.0,9.0,5.0,7.0,0.0,10.0,10.0,13.0,1.0,200000.0,200000.0,12.206077645517674,False,False,True,False,False,Minang
0272600,027260009,16.0,3.0,22.0,1.0,9.0,5.0,7.0,0.0,10.0,10.0,13.0,1.0,0.0,0.0,0.0,False,False,True,False,False,Minang
0272600,027260010,2.0,3.0,32.0,1.0,9.0,73.0,7.0,0.0,,10.0,13.0,1.0,100000.0,0.0,0.0,False,False,True,False,False,Minang
0272600,027260011,1.0,1.0,44.0,1.0,9.0,5.0,7.0,0.0,,10.0,13.0,1.0,500000.0,0.0,0.0,False,True,False,False,False,Minang
0272600,027260016,9.0,3.0,23.0,1.0,9.0,61.0,7.0,0.0,10.0,10.0,13.0,1.0,0.0,0.0,0.0,False,False,True,False,False,Minang
0272632,027263209,5.0,1.0,22.0,1.0,9.0,74.0,2.0,0.0,10.0,10.0,13.0,1.0,0.0,0.0,0.0,False,True,False,False,False,Minang
0272632,027263210,5.0,1.0,28.0,1.0,9.0,6.0,7.0,1.0,72.0,10.0,13.0,1.0,2000000.0,0.0,0.0,True,True,False,True,False,Minang
0272641,027264102,2.0,3.0,28.0,1.0,9.0,6.0,2.0,0.0,,10.0,13.0,2.0,2000000.0,0.0,0.0,False,False,True,False,False,Minang
0272800,027280002,16.0,3.0,46.0,1.0,9.0,2.0,0.0,0.0,10.0,10.0,13.0,1.0,0.0,0.0,0.0,False,False,True,False,False,Minang
0272800,027280006,16.0,3.0,33.0,1.0,9.0,2.0,98.0,0.0,,10.0,13.0,1.0,0.0,0.0,0.0,False,False,True,False,False,Minang
0272800,027280007,16.0,3.0,32.0,1.0,9.0,2.0,98.0,0.0,10.0,10.0,13.0,1.0,0.0,0.0,0.0,False,False,True,False,False,Minang
0272800,027280008,16.0,3.0,17.0,1.0,9.0,5.0,0.0,0.0,10.0,10.0,13.0,1.0,0.0,1000000.0,13.815511557963774,False,False,True,False,False,Minang
0272800,027280009,1.0,1.0,42.0,1.0,9.0,2.0,4.0,0.0,,10.0,13.0,1.0,0.0,100000.0,11.51293546492023,False,True,False,False,False,Minang
0272800,027280010,2.0,3.0,40.0,1.0,9.0,2.0,5.0,0.0,,10.0,13.0,1.0,0.0,0.0,0.0,False,False,True,False,False,Minang
0272800,027280013,9.0,1.0,42.0,1.0,9.0,74.0,7.0,0.0,,10.0,13.0,2.0,100000.0,0.0,0.0,False,True,False,False,False,Minang
0272800,027280014,3.0,3.0,16.0,1.0,9.0,5.0,0.0,0.0,10.0,10.0,13.0,1.0,0.0,200000.0,12.206077645517674,False,False,True,False,False,Minang
0272811,027281102,1.0,1.0,38.0,1.0,2.0,2.0,7.0,1.0,98.0,10.0,13.0,1.0,0.0,0.0,0.0,True,True,False,True,False,Minang
0272811,027281103,3.0,1.0,17.0,1.0,9.0,3.0,1.0,0.0,10.0,10.0,13.0,1.0,0.0,0.0,0.0,False,True,False,False,False,Minang
0272831,027283102,1.0,1.0,39.0,1.0,9.0,73.0,1.0,0.0,,10.0,13.0,1.0,0.0,0.0,0.0,False,True,False,False,False,Minang
0272831,027283103,3.0,3.0,15.0,1.0,9.0,3.0,1.0,0.0,10.0,10.0,13.0,1.0,0.0,100000.0,11.51293546492023,False,False,True,False,False,Minang
0272841,027284101,1.0,1.0,52.0,1.0,9.0,2.0,2.0,0.0,,10.0,13.0,2.0,100000.0,0.0,0.0,False,True,False,False,False,Minang
0272851,027285102,1.0,1.0,21.0,1.0,9.0,3.0,1.0,0.0,10.0,10.0,13.0,1.0,0.0,0.0,0.0,False,True,False,False,False,Minang
0272900,027290002,7.0,3.0,66.0,1.0,9.0,2.0,0.0,0.0,,10.0,13.0,1.0,0.0,0.0,0.0,False,False,True,False,False,Minang
0272900,027290003,9.0,3.0,35.0,1.0,9.0,2.0,3.0,0.0,,10.0,13.0,1.0,0.0,0.0,0.0,False,False,True,False,False,Minang
0272900,027290005,9.0,1.0,32.0,1.0,9.0,3.0,7.0,0.0,10.0,10.0,13.0,2.0,0.0,0.0,0.0,False,True,False,False,False,Minang
0272900,027290006,2.0,3.0,27.0,1.0,9.0,5.0,7.0,0.0,,10.0,13.0,1.0,0.0,0.0,0.0,False,False,True,False,False,Minang
0272900,027290010,1.0,1.0,36.0,1.0,9.0,3.0,7.0,0.0,10.0,10.0,13.0,1.0,0.0,0.0,0.0,False,True,False,False,False,Minang
0272941,027294101,1.0,1.0,42.0,1.0,9.0,2.0,4.0,0.0,,10.0,13.0,1.0,0.0,0.0,0.0,False,True,False,False,False,Minang
0272941,027294103,3.0,3.0,18.0,1.0,9.0,3.0,2.0,0.0,10.0,10.0,13.0,1.0,50000.0,300000.0,12.611541086966117,False,False,True,False,False,Minang
0272942,027294202,2.0,3.0,28.0,1.0,9.0,3.0,7.0,0.0,10.0,10.0,13.0,2.0,0.0,0.0,0.0,False,False,True,False,False,Minang
0273000,027300002,1.0,3.0,46.0,1.0,9.0,2.0,2.0,0.0,10.0,10.0,13.0,1.0,0.0,0.0,0.0,False,False,True,False,False,Minang
0273000,027300003,3.0,1.0,27.0,1.0,9.0,5.0,1.0,0.0,,10.0,13.0,1.0,0.0,0.0,0.0,False,True,False,False,False,Minang
0273000,027300004,3.0,3.0,23.0,1.0,9.0,60.0,7.0,0.0,,10.0,13.0,1.0,0.0,0.0,0.0,False,False,True,False,False,Minang
0273000,027300005,3.0,3.0,21.0,1.0,9.0,5.0,7.0,0.0,10.0,10.0,13.0,1.0,0.0,0.0,0.0,False,False,True,False,False,Minang
0273000,027300006,3.0,3.0,17.0,1.0,9.0,5.0,1.0,0.0,10.0,10.0,13.0,1.0,20000.0,400000.0,12.899222326086994,False,False,True,False,False,Minang
0273000,027300010,5.0,1.0,28.0,1.0,9.0,6.0,7.0,0.0,10.0,10.0,13.0,1.0,0.0,0.0,0.0,False,True,False,False,False,Minang
0273051,027305102,2.0,3.0,21.0,1.0,9.0,5.0,0.0,0.0,10.0,10.0,13.0,1.0,0.0,0.0,0.0,False,False,True,False,False,Minang
0274300,027430001,7.0,3.0,67.0,1.0,9.0,2.0,4.0,0.0,10.0,10.0,13.0,1.0,0.0,0.0,0.0,False,False,True,False,False,Minang
0274300,027430002,9.0,1.0,36.0,1.0,9.0,3.0,7.0,0.0,,10.0,13.0,1.0,0.0,100000.0,11.51293546492023,False,True,False,False,False,Minang
0274300,027430003,4.0,3.0,33.0,1.0,9.0,61.0,7.0,0.0,,10.0,13.0,1.0,0.0,0.0,0.0,False,False,True,False,False,Minang
0274300,027430004,3.0,1.0,31.0,1.0,9.0,61.0,7.0,0.0,,10.0,13.0,2.0,2000000.0,0.0,0.0,False,True,False,False,False,Minang
0274300,027430007,3.0,3.0,34.0,1.0,9.0,74.0,7.0,0.0,,10.0,13.0,1.0,0.0,0.0,0.0,False,False,True,False,False,Minang
0274300,027430009,3.0,3.0,15.0,1.0,9.0,5.0,0.0,0.0,10.0,10.0,13.0,1.0,0.0,0.0,0.0,False,False,True,False,False,Minang
0274300,027430010,5.0,1.0,46.0,1.0,9.0,3.0,7.0,0.0,,10.0,13.0,1.0,0.0,0.0,0.0,False,True,False,False,False,Minang
0274300,027430018,2.0,3.0,53.0,1.0,9.0,2.0,7.0,0.0,,10.0,13.0,1.0,0.0,0.0,0.0,False,False,True,False,False,Minang
0274300,027431105,3.0,1.0,28.0,1.0,9.0,61.0,7.0,0.0,10.0,10.0,13.0,1.0,0.0,400000.0,12.899222326086994,False,True,False,False,False,Minang
0274311,027431113,5.0,1.0,35.0,1.0,9.0,5.0,7.0,0.0,,10.0,13.0,1.0,0.0,0.0,0.0,False,True,False,False,False,Minang
0274331,027433107,3.0,3.0,25.0,1.0,1.0,61.0,7.0,0.0,10.0,10.0,13.0,2.0,100000.0,0.0,0.0,False,False,True,False,False,Java
0274341,027434103,3.0,3.0,27.0,1.0,9.0,5.0,7.0,0.0,,10.0,13.0,1.0,100000.0,0.0,0.0,False,False,True,False,False,Minang
0274400,027440001,1.0,1.0,51.0,1.0,9.0,2.0,1.0,0.0,,10.0,13.0,1.0,0.0,0.0,0.0,False,True,False,False,False,Minang
0274400,027440002,2.0,3.0,47.0,1.0,9.0,2.0,1.0,0.0,10.0,10.0,13.0,1.0,0.0,0.0,0.0,False,False,True,False,False,Minang
0274400,027440003,3.0,3.0,30.0,1.0,9.0,3.0,7.0,0.0,,10.0,13.0,1.0,0.0,0.0,0.0,False,False,True,False,False,Minang
0274400,027440004,3.0,3.0,27.0,1.0,9.0,6.0,7.0,0.0,,10.0,13.0,1.0,0.0,0.0,0.0,False,False,True,False,False,Minang
0274400,027440006,5.0,1.0,35.0,1.0,9.0,6.0,7.0,0.0,,10.0,13.0,1.0,0.0,0.0,0.0,False,True,False,False,False,Minang
0280100,028010002,7.0,3.0,77.0,1.0,9.0,2.0,7.0,0.0,4.0,4.0,13.0,1.0,0.0,0.0,0.0,False,False,True,False,False,Minang
0280100,028010003,2.0,3.0,56.0,1.0,9.0,61.0,7.0,0.0,,4.0,13.0,2.0,500000.0,0.0,0.0,False,False,True,False,False,Minang
0280100,028010004,1.0,1.0,59.0,1.0,9.0,61.0,7.0,0.0,,4.0,13.0,2.0,2000000.0,0.0,0.0,False,True,False,False,False,Minang
0280100,028010005,6.0,1.0,92.0,1.0,9.0,2.0,1.0,0.0,4.0,4.0,13.0,2.0,0.0,0.0,0.0,False,True,False,False,False,Minang
0280100,028010007,3.0,1.0,23.0,1.0,9.0,61.0,7.0,0.0,4.0,4.0,13.0,2.0,0.0,0.0,0.0,False,True,False,False,False,Minang
0280100,028010009,3.0,1.0,16.0,1.0,9.0,5.0,0.0,1.0,3.0,4.0,13.0,2.0,0.0,2000000.0,14.508658238524095,True,True,False,True,False,Minang
0280100,028010010,4.0,3.0,26.0,1.0,9.0,61.0,7.0,0.0,,4.0,13.0,2.0,0.0,1200000.0,13.997832948091215,False,False,True,False,False,Minang
0280131,028013102,2.0,3.0,43.0,1.0,9.0,61.0,7.0,0.0,,4.0,13.0,1.0,500000.0,0.0,0.0,False,False,True,False,False,Minang
0280200,028020001,1.0,1.0,48.0,1.0,9.0,3.0,0.0,1.0,6.0,4.0,13.0,2.0,0.0,0.0,0.0,True,True,False,True,False,Minang
0280200,028020002,2.0,3.0,45.0,1.0,9.0,6.0,0.0,0.0,,4.0,13.0,2.0,0.0,0.0,0.0,False,False,True,False,False,Minang
0280200,028020003,3.0,1.0,22.0,1.0,9.0,5.0,0.0,0.0,,4.0,13.0,2.0,0.0,0.0,0.0,False,True,False,False,False,Minang
0280300,028030002,5.0,3.0,61.0,1.0,9.0,2.0,98.0,0.0,4.0,4.0,13.0,2.0,0.0,0.0,0.0,False,False,True,False,False,Minang
0280300,028030003,9.0,1.0,39.0,1.0,9.0,2.0,7.0,0.0,,4.0,13.0,2.0,1500000.0,1000000.0,13.815511557963774,False,True,False,False,False,Minang
0280300,028030005,2.0,3.0,33.0,1.0,9.0,5.0,7.0,0.0,,4.0,13.0,2.0,2000000.0,0.0,0.0,False,False,True,False,False,Minang
0280300,028030006,9.0,3.0,28.0,1.0,9.0,74.0,7.0,0.0,,4.0,13.0,2.0,500000.0,0.0,0.0,False,False,True,False,False,Minang
0280300,028030010,1.0,1.0,34.0,1.0,9.0,2.0,7.0,1.0,5.0,4.0,13.0,2.0,0.0,0.0,0.0,True,True,False,True,False,Minang
0280331,028033102,3.0,3.0,34.0,1.0,9.0,5.0,7.0,0.0,,4.0,13.0,2.0,100000.0,0.0,0.0,False,False,True,False,False,Minang
0280342,028080006,1.0,1.0,27.0,1.0,9.0,73.0,1.0,0.0,,4.0,13.0,2.0,0.0,0.0,0.0,False,True,False,False,False,Minang
0280400,028040001,1.0,1.0,70.0,1.0,9.0,2.0,2.0,0.0,,4.0,13.0,2.0,0.0,0.0,0.0,False,True,False,False,False,Minang
0280400,028040002,2.0,3.0,66.0,1.0,9.0,2.0,4.0,0.0,,4.0,13.0,2.0,0.0,0.0,0.0,False,False,True,False,False,Minang
0280400,028040003,3.0,3.0,40.0,1.0,9.0,73.0,7.0,0.0,,4.0,13.0,2.0,0.0,0.0,0.0,False,False,True,False,False,Minang
0280400,028040004,3.0,1.0,36.0,1.0,9.0,3.0,7.0,0.0,,4.0,13.0,2.0,500000.0,0.0,0.0,False,True,False,False,False,Minang
0280400,028040005,3.0,3.0,32.0,1.0,9.0,5.0,7.0,0.0,,4.0,13.0,2.0,0.0,0.0,0.0,False,False,True,False,False,Minang
0280400,028040006,10.0,1.0,18.0,1.0,9.0,6.0,1.0,0.0,4.0,4.0,13.0,1.0,0.0,20000.0,9.90353755128617,False,True,False,False,False,Minang
0280400,028040007,10.0,3.0,16.0,1.0,9.0,5.0,1.0,0.0,4.0,4.0,13.0,2.0,100000.0,1100000.0,13.910821646859096,False,False,True,False,False,Minang
0280400,028040010,5.0,1.0,32.0,1.0,9.0,6.0,7.0,1.0,11.0,4.0,13.0,2.0,0.0,500000.0,13.122365377402328,True,True,False,True,False,Minang
0280400,028040011,5.0,1.0,56.0,1.0,9.0,2.0,7.0,1.0,11.0,4.0,13.0,2.0,0.0,600000.0,13.304686600863562,True,True,False,True,False,Minang
0280441,028044102,2.0,3.0,39.0,1.0,1.0,2.0,7.0,0.0,,4.0,13.0,2.0,0.0,0.0,0.0,False,False,True,False,False,Java
0280500,028050001,1.0,1.0,48.0,1.0,9.0,2.0,7.0,0.0,,4.0,13.0,2.0,100000.0,0.0,0.0,False,True,False,False,False,Minang
0280500,028050002,2.0,3.0,46.0,1.0,9.0,61.0,7.0,0.0,,4.0,13.0,2.0,0.0,0.0,0.0,False,False,True,False,False,Minang
0280500,028050003,3.0,1.0,26.0,1.0,9.0,5.0,7.0,0.0,,4.0,13.0,2.0,50000.0,50000.0,10.819798284210286,False,True,False,False,False,Minang
0280500,028050004,3.0,3.0,23.0,1.0,9.0,60.0,7.0,0.0,,4.0,13.0,2.0,0.0,1000000.0,13.815511557963774,False,False,True,False,False,Minang
0280500,028050006,13.0,3.0,34.0,1.0,9.0,61.0,7.0,0.0,,4.0,13.0,2.0,50000.0,0.0,0.0,False,False,True,False,False,Minang
0280500,028050007,13.0,3.0,32.0,1.0,9.0,5.0,7.0,0.0,,4.0,13.0,2.0,100000.0,0.0,0.0,False,False,True,False,False,Minang
0280500,028050008,13.0,1.0,29.0,1.0,9.0,5.0,7.0,0.0,,4.0,13.0,2.0,3000000.0,0.0,0.0,False,True,False,False,False,Minang
0280500,028050010,13.0,1.0,43.0,1.0,9.0,2.0,98.0,0.0,,4.0,13.0,2.0,0.0,0.0,0.0,False,True,False,False,False,Minang
0280533,028053302,2.0,3.0,35.0,1.0,9.0,2.0,7.0,0.0,,4.0,13.0,2.0,100000.0,0.0,0.0,False,False,True,False,False,Minang
0280600,028060001,2.0,3.0,50.0,1.0,9.0,3.0,7.0,0.0,,4.0,13.0,2.0,0.0,0.0,0.0,False,False,True,False,False,Minang
0280600,028060003,1.0,1.0,52.0,1.0,9.0,3.0,7.0,0.0,,4.0,13.0,2.0,0.0,0.0,0.0,False,True,False,False,False,Minang
0280600,028060004,3.0,1.0,16.0,1.0,9.0,5.0,0.0,0.0,4.0,4.0,13.0,2.0,0.0,500000.0,13.122365377402328,False,True,False,False,False,Minang
0280700,028070001,1.0,1.0,70.0,1.0,9.0,2.0,7.0,0.0,,4.0,13.0,2.0,500000.0,1000000.0,13.815511557963774,False,True,False,False,False,Minang
0280700,028070002,2.0,3.0,66.0,1.0,9.0,2.0,5.0,0.0,,4.0,13.0,2.0,500000.0,2500000.0,14.731801689838347,False,False,True,False,False,Minang
0280700,028070003,3.0,3.0,43.0,1.0,9.0,5.0,7.0,1.0,4.0,71.0,21.0,1.0,300000.0,0.0,0.0,True,False,True,False,True,Minang
0280700,028070006,5.0,1.0,50.0,1.0,9.0,2.0,7.0,1.0,73.0,71.0,21.0,1.0,1500000.0,0.0,0.0,True,True,False,True,False,Minang
0280700,028070007,10.0,1.0,23.0,1.0,9.0,98.0,98.0,1.0,4.0,71.0,21.0,1.0,0.0,0.0,0.0,True,True,False,True,False,Minang
0280731,028073104,3.0,3.0,17.0,1.0,9.0,5.0,0.0,1.0,4.0,71.0,21.0,1.0,0.0,500000.0,13.122365377402328,True,False,True,False,True,Minang
0280800,028080001,1.0,1.0,65.0,1.0,9.0,2.0,0.0,0.0,,4.0,13.0,2.0,0.0,0.0,0.0,False,True,False,False,False,Minang
0280800,028080002,2.0,3.0,59.0,1.0,9.0,2.0,3.0,0.0,,4.0,13.0,2.0,0.0,0.0,0.0,False,False,True,False,False,Minang
0280900,028090001,6.0,1.0,61.0,1.0,9.0,2.0,98.0,0.0,,4.0,13.0,2.0,0.0,0.0,0.0,False,True,False,False,False,Minang
0280900,028090003,2.0,3.0,36.0,1.0,9.0,3.0,7.0,0.0,,4.0,13.0,2.0,0.0,0.0,0.0,False,False,True,False,False,Minang
0280900,028090005,3.0,3.0,17.0,1.0,9.0,5.0,2.0,0.0,4.0,4.0,13.0,2.0,0.0,500000.0,13.122365377402328,False,False,True,False,False,Minang
0280941,028094102,2.0,3.0,41.0,1.0,9.0,2.0,4.0,0.0,,4.0,13.0,2.0,0.0,0.0,0.0,False,False,True,False,False,Minang
0281000,028100002,1.0,3.0,67.0,1.0,9.0,2.0,2.0,0.0,,4.0,13.0,2.0,0.0,0.0,0.0,False,False,True,False,False,Minang
0281000,028100003,3.0,3.0,42.0,1.0,9.0,61.0,7.0,0.0,,4.0,13.0,2.0,300000.0,0.0,0.0,False,False,True,False,False,Minang
0281000,028100004,3.0,1.0,39.0,1.0,9.0,3.0,1.0,0.0,4.0,4.0,13.0,1.0,200000.0,0.0,0.0,False,True,False,False,False,Minang
0281000,028100005,5.0,1.0,45.0,1.0,9.0,5.0,7.0,0.0,,4.0,13.0,2.0,60000.0,30000.0,10.308985993422082,False,True,False,False,False,Minang
0281000,028100007,10.0,3.0,16.0,1.0,9.0,6.0,0.0,0.0,4.0,4.0,13.0,2.0,0.0,100000.0,11.51293546492023,False,False,True,False,False,Minang
0281031,028103102,3.0,3.0,31.0,1.0,9.0,73.0,7.0,0.0,,4.0,13.0,2.0,0.0,0.0,0.0,False,False,True,False,False,Minang
0281042,028104202,2.0,3.0,38.0,1.0,9.0,61.0,7.0,0.0,,4.0,13.0,1.0,0.0,0.0,0.0,False,False,True,False,False,Minang
0281200,028120001,1.0,1.0,71.0,1.0,9.0,2.0,4.0,0.0,,4.0,13.0,2.0,0.0,0.0,0.0,False,True,False,False,False,Minang
0281200,028120002,2.0,3.0,53.0,1.0,9.0,2.0,1.0,0.0,,4.0,13.0,2.0,0.0,0.0,0.0,False,False,True,False,False,Minang
0281200,028120003,3.0,3.0,33.0,1.0,9.0,2.0,4.0,0.0,,4.0,13.0,2.0,0.0,0.0,0.0,False,False,True,False,False,Minang
0281200,028120005,3.0,3.0,27.0,1.0,9.0,73.0,7.0,0.0,4.0,4.0,13.0,2.0,300000.0,0.0,0.0,False,False,True,False,False,Minang
0281200,028120006,3.0,1.0,25.0,1.0,9.0,73.0,2.0,0.0,,4.0,13.0,2.0,0.0,0.0,0.0,False,True,False,False,False,Minang
0281200,028120007,3.0,3.0,21.0,1.0,9.0,3.0,2.0,0.0,4.0,4.0,13.0,2.0,0.0,0.0,0.0,False,False,True,False,False,Minang
0281200,028120008,5.0,1.0,35.0,1.0,9.0,2.0,98.0,0.0,4.0,4.0,13.0,2.0,0.0,0.0,0.0,False,True,False,False,False,Minang
0281251,028125102,1.0,1.0,31.0,1.0,4.0,2.0,2.0,1.0,2.0,4.0,13.0,2.0,0.0,0.0,0.0,True,True,False,True,False,Minang
0281252,028125202,2.0,3.0,24.0,1.0,9.0,2.0,3.0,0.0,4.0,4.0,13.0,2.0,0.0,0.0,0.0,False,False,True,False,False,Minang
0281300,028130001,1.0,1.0,56.0,1.0,9.0,6.0,7.0,0.0,,4.0,13.0,2.0,0.0,0.0,0.0,False,True,False,False,False,Minang
0281300,028130002,2.0,3.0,54.0,1.0,9.0,61.0,7.0,0.0,,4.0,13.0,2.0,0.0,0.0,0.0,False,False,True,False,False,Minang
0281300,028130004,3.0,1.0,24.0,1.0,9.0,61.0,4.0,0.0,,71.0,13.0,1.0,0.0,2000000.0,14.508658238524095,False,True,False,False,False,Minang
0281300,028130005,3.0,1.0,20.0,1.0,9.0,61.0,2.0,1.0,4.0,71.0,13.0,1.0,0.0,5000000.0,15.424948670398354,True,True,False,True,False,Minang
0281600,028160001,7.0,3.0,71.0,1.0,9.0,2.0,98.0,1.0,4.0,11.0,13.0,1.0,0.0,0.0,0.0,True,False,True,False,True,Minang
0281600,028160002,9.0,1.0,37.0,1.0,9.0,5.0,7.0,0.0,,11.0,13.0,1.0,0.0,0.0,0.0,False,True,False,False,False,Minang
0281600,028160003,2.0,3.0,39.0,1.0,9.0,3.0,7.0,0.0,,11.0,13.0,1.0,500000.0,0.0,0.0,False,False,True,False,False,Minang
0281600,028160004,1.0,1.0,52.0,1.0,9.0,61.0,7.0,0.0,,11.0,13.0,1.0,0.0,0.0,0.0,False,True,False,False,False,Minang
0281600,028160006,3.0,1.0,15.0,1.0,9.0,3.0,2.0,1.0,4.0,11.0,13.0,1.0,0.0,50000.0,10.819798284210286,True,True,False,True,False,Minang
0281700,028170001,5.0,1.0,61.0,1.0,9.0,2.0,3.0,1.0,4.0,11.0,13.0,2.0,0.0,500000.0,13.122365377402328,True,True,False,True,False,Minang
0281700,028170002,5.0,3.0,52.0,1.0,9.0,2.0,3.0,1.0,4.0,11.0,13.0,2.0,0.0,0.0,0.0,True,False,True,False,True,Minang
0281700,028170003,9.0,1.0,37.0,1.0,9.0,15.0,7.0,0.0,4.0,4.0,13.0,2.0,50000.0,0.0,0.0,False,True,False,False,False,Minang
0281700,028170004,2.0,3.0,34.0,1.0,9.0,5.0,7.0,0.0,4.0,4.0,13.0,2.0,0.0,0.0,0.0,False,False,True,False,False,Minang
0281700,028170007,16.0,1.0,45.0,1.0,9.0,2.0,2.0,0.0,4.0,4.0,13.0,2.0,0.0,0.0,0.0,False,True,False,False,False,Minang
0281700,028170011,1.0,1.0,40.0,1.0,9.0,3.0,0.0,0.0,4.0,4.0,13.0,2.0,0.0,0.0,0.0,False,True,False,False,False,Minang
0281731,028173103,2.0,3.0,41.0,1.0,9.0,3.0,7.0,0.0,,4.0,13.0,2.0,0.0,0.0,0.0,False,False,True,False,False,Minang
0281731,028173104,3.0,1.0,24.0,1.0,9.0,5.0,7.0,0.0,4.0,4.0,13.0,2.0,300000.0,0.0,0.0,False,True,False,False,False,Minang
0281752,028175202,2.0,3.0,35.0,1.0,9.0,5.0,7.0,0.0,4.0,4.0,13.0,2.0,50000.0,0.0,0.0,False,False,True,False,False,Minang
0281900,028190001,1.0,3.0,45.0,1.0,9.0,2.0,4.0,0.0,,4.0,13.0,2.0,0.0,0.0,0.0,False,False,True,False,False,Minang
0282000,028200001,1.0,1.0,51.0,1.0,9.0,2.0,7.0,0.0,,1.0,14.0,2.0,100000.0,200000.0,12.206077645517674,False,True,False,False,False,Minang
0282000,028200003,3.0,3.0,28.0,1.0,9.0,5.0,7.0,0.0,,1.0,14.0,2.0,0.0,0.0,0.0,False,False,True,False,False,Minang
0282000,028200004,3.0,3.0,20.0,1.0,9.0,5.0,7.0,1.0,4.0,1.0,14.0,2.0,250000.0,50000.0,10.819798284210286,True,False,True,False,True,Minang
0282000,028200008,2.0,3.0,50.0,1.0,19.0,2.0,3.0,0.0,1.0,1.0,14.0,2.0,0.0,0.0,0.0,False,False,True,False,False,Minang
0282041,028204101,1.0,1.0,28.0,1.0,19.0,3.0,0.0,0.0,1.0,1.0,14.0,2.0,0.0,0.0,0.0,False,True,False,False,False,Minang
0282051,028205101,1.0,1.0,29.0,1.0,19.0,2.0,7.0,1.0,4.0,1.0,14.0,2.0,0.0,0.0,0.0,True,True,False,True,False,Minang
0282100,028210003,13.0,3.0,20.0,1.0,9.0,6.0,7.0,0.0,4.0,4.0,13.0,2.0,0.0,0.0,0.0,False,False,True,False,False,Minang
0282100,028210004,13.0,3.0,26.0,1.0,9.0,3.0,7.0,0.0,,4.0,13.0,2.0,300000.0,0.0,0.0,False,False,True,False,False,Minang
0282100,028210005,6.0,3.0,74.0,1.0,9.0,2.0,0.0,0.0,4.0,4.0,13.0,2.0,0.0,0.0,0.0,False,False,True,False,False,Minang
0282100,028210009,1.0,1.0,56.0,1.0,9.0,2.0,3.0,0.0,4.0,4.0,13.0,2.0,500000.0,0.0,0.0,False,True,False,False,False,Minang
0282151,028215102,1.0,1.0,19.0,1.0,9.0,5.0,2.0,0.0,4.0,4.0,13.0,2.0,0.0,0.0,0.0,False,True,False,False,False,Minang
0282152,028215203,1.0,1.0,27.0,1.0,9.0,3.0,1.0,1.0,3.0,4.0,13.0,2.0,500000.0,0.0,0.0,True,True,False,True,False,Minang
0282300,028230004,1.0,1.0,39.0,1.0,9.0,2.0,5.0,0.0,4.0,4.0,13.0,2.0,0.0,0.0,0.0,False,True,False,False,False,Minang
0282500,028250003,1.0,1.0,54.0,1.0,9.0,2.0,0.0,0.0,4.0,4.0,13.0,2.0,0.0,0.0,0.0,False,True,False,False,False,Minang
0282500,028250004,8.0,3.0,51.0,1.0,9.0,2.0,3.0,0.0,4.0,4.0,13.0,2.0,0.0,0.0,0.0,False,False,True,False,False,Minang
0282500,028250005,9.0,1.0,56.0,1.0,9.0,2.0,3.0,0.0,4.0,4.0,13.0,2.0,0.0,0.0,0.0,False,True,False,False,False,Minang
0282500,028250006,13.0,3.0,18.0,1.0,9.0,5.0,2.0,0.0,4.0,4.0,13.0,2.0,50000.0,300000.0,12.611541086966117,False,False,True,False,False,Minang
0282600,028260001,1.0,1.0,58.0,1.0,9.0,60.0,7.0,0.0,,4.0,13.0,2.0,500000.0,500000.0,13.122365377402328,False,True,False,False,False,Minang
0282600,028260002,2.0,3.0,51.0,1.0,9.0,61.0,7.0,0.0,,4.0,13.0,2.0,5000000.0,0.0,0.0,False,False,True,False,False,Minang
0282600,028260003,3.0,1.0,26.0,1.0,9.0,61.0,7.0,0.0,,71.0,13.0,1.0,1500000.0,0.0,0.0,False,True,False,False,False,Minang
0282600,028260004,3.0,1.0,21.0,1.0,9.0,61.0,2.0,1.0,4.0,71.0,13.0,1.0,0.0,0.0,0.0,True,True,False,True,False,Minang
0282600,028260005,6.0,3.0,81.0,1.0,9.0,2.0,0.0,1.0,72.0,4.0,13.0,2.0,0.0,0.0,0.0,True,False,True,False,True,Minang
0282600,028260006,13.0,1.0,16.0,1.0,9.0,6.0,1.0,0.0,4.0,4.0,13.0,2.0,0.0,200000.0,12.206077645517674,False,True,False,False,False,Minang
0282700,028270001,1.0,1.0,59.0,1.0,9.0,61.0,7.0,0.0,,4.0,13.0,2.0,0.0,0.0,0.0,False,True,False,False,False,Minang
0282700,028270002,2.0,3.0,54.0,1.0,9.0,61.0,7.0,0.0,,4.0,13.0,2.0,0.0,0.0,0.0,False,False,True,False,False,Minang
0282700,028270003,3.0,3.0,26.0,1.0,9.0,61.0,7.0,0.0,,4.0,13.0,2.0,200000.0,0.0,0.0,False,False,True,False,False,Minang
0282700,028270004,3.0,3.0,22.0,1.0,9.0,60.0,7.0,0.0,,71.0,31.0,1.0,0.0,500000.0,13.122365377402328,False,False,True,False,False,Minang
0282700,028270005,7.0,3.0,85.0,1.0,9.0,2.0,7.0,1.0,4.0,16.0,32.0,1.0,0.0,0.0,0.0,True,False,True,False,True,Minang
0282751,028275101,1.0,1.0,28.0,1.0,9.0,60.0,7.0,0.0,4.0,4.0,13.0,2.0,200000.0,0.0,0.0,False,True,False,False,False,Minang
0282753,028275301,1.0,3.0,42.0,1.0,9.0,6.0,7.0,1.0,4.0,16.0,32.0,1.0,0.0,0.0,0.0,True,False,True,False,True,Minang
0282800,028280003,9.0,1.0,31.0,1.0,9.0,61.0,7.0,0.0,,4.0,13.0,2.0,2000000.0,1000000.0,13.815511557963774,False,True,False,False,False,Minang
0282800,028280004,2.0,3.0,23.0,1.0,9.0,5.0,7.0,0.0,,4.0,13.0,2.0,0.0,0.0,0.0,False,False,True,False,False,Minang
0282800,028280005,1.0,1.0,26.0,1.0,9.0,2.0,5.0,1.0,10.0,4.0,13.0,2.0,0.0,0.0,0.0,True,True,False,True,False,Minang
0282851,028285102,2.0,3.0,31.0,1.0,9.0,61.0,7.0,0.0,4.0,4.0,13.0,2.0,0.0,0.0,0.0,False,False,True,False,False,Minang
0282900,028290001,1.0,1.0,48.0,1.0,9.0,1.0,96.0,0.0,,4.0,13.0,2.0,0.0,0.0,0.0,False,True,False,False,False,Minang
0282900,028290002,2.0,3.0,41.0,1.0,9.0,3.0,1.0,0.0,,4.0,13.0,2.0,500000.0,0.0,0.0,False,False,True,False,False,Minang
0282900,028290003,3.0,3.0,23.0,1.0,9.0,5.0,2.0,0.0,,4.0,13.0,2.0,0.0,0.0,0.0,False,False,True,False,False,Minang
0282900,028290004,3.0,1.0,20.0,1.0,9.0,61.0,2.0,1.0,4.0,71.0,13.0,1.0,100000.0,0.0,0.0,True,True,False,True,False,Minang
0282951,028295101,1.0,1.0,26.0,1.0,9.0,5.0,7.0,0.0,4.0,4.0,13.0,2.0,0.0,0.0,0.0,False,True,False,False,False,Minang
0283041,028300005,1.0,1.0,43.0,1.0,9.0,2.0,7.0,0.0,,4.0,13.0,2.0,400000.0,300000.0,12.611541086966117,False,True,False,False,False,Minang
0283041,028300003,2.0,3.0,35.0,1.0,9.0,2.0,4.0,0.0,,4.0,13.0,2.0,0.0,0.0,0.0,False,False,True,False,False,Minang
0283041,028300007,3.0,3.0,15.0,1.0,9.0,3.0,2.0,0.0,4.0,4.0,13.0,2.0,0.0,40000.0,10.59665973278358,False,False,True,False,False,Minang
0284100,028410002,1.0,3.0,80.0,1.0,9.0,2.0,3.0,0.0,4.0,4.0,13.0,2.0,0.0,0.0,0.0,False,False,True,False,False,Minang
0284200,028420001,1.0,3.0,66.0,1.0,9.0,2.0,7.0,0.0,,4.0,13.0,2.0,0.0,0.0,0.0,False,False,True,False,False,Minang
0290100,029010001,1.0,3.0,83.0,1.0,9.0,2.0,2.0,0.0,77.0,77.0,13.0,1.0,0.0,0.0,0.0,False,False,True,False,False,Minang
0290200,029020004,1.0,3.0,48.0,1.0,9.0,5.0,7.0,0.0,,77.0,13.0,1.0,0.0,500000.0,13.122365377402328,False,False,True,False,False,Minang
0290200,029020006,3.0,3.0,21.0,1.0,9.0,61.0,0.0,1.0,9.0,77.0,13.0,1.0,0.0,700000.0,13.45883704259595,True,False,True,False,True,Minang
0290300,029030002,1.0,3.0,63.0,1.0,9.0,2.0,3.0,0.0,,77.0,13.0,1.0,0.0,0.0,0.0,False,False,True,False,False,Minang
0290400,029040002,1.0,3.0,64.0,1.0,9.0,2.0,5.0,0.0,,77.0,13.0,1.0,500000.0,0.0,0.0,False,False,True,False,False,Minang
0290400,029040004,3.0,1.0,33.0,1.0,9.0,73.0,7.0,0.0,,12.0,12.0,1.0,0.0,0.0,0.0,False,True,False,False,False,Minang
0290400,029040005,3.0,1.0,30.0,1.0,9.0,6.0,7.0,0.0,,77.0,13.0,1.0,0.0,0.0,0.0,False,True,False,False,False,Minang
0290400,029040008,5.0,3.0,28.0,1.0,9.0,98.0,98.0,0.0,,77.0,13.0,1.0,200000.0,200000.0,12.206077645517674,False,False,True,False,False,Minang
0290400,029040009,10.0,3.0,17.0,1.0,9.0,5.0,2.0,1.0,71.0,77.0,13.0,1.0,0.0,1000000.0,13.815511557963774,True,False,True,False,True,Minang
0290432,029043206,2.0,3.0,32.0,1.0,9.0,60.0,7.0,0.0,,12.0,12.0,1.0,500000.0,500000.0,13.122365377402328,False,False,True,False,False,Minang
0290452,029045202,2.0,3.0,26.0,1.0,9.0,60.0,7.0,0.0,6.0,6.0,13.0,1.0,300000.0,0.0,0.0,False,False,True,False,False,Minang
0290500,029050002,1.0,3.0,62.0,1.0,9.0,5.0,7.0,0.0,,77.0,13.0,1.0,300000.0,2000000.0,14.508658238524095,False,False,True,False,False,Minang
0290500,029050003,3.0,3.0,28.0,1.0,9.0,60.0,2.0,0.0,,77.0,13.0,1.0,1000000.0,2000000.0,14.508658238524095,False,False,True,False,False,Minang
0290500,029050006,13.0,3.0,39.0,1.0,9.0,60.0,7.0,0.0,,71.0,13.0,1.0,2000000.0,0.0,0.0,False,False,True,False,False,Minang
0290542,029054201,1.0,1.0,42.0,1.0,9.0,60.0,7.0,0.0,71.0,71.0,13.0,1.0,0.0,0.0,0.0,False,True,False,False,False,Minang
0290600,029060002,1.0,3.0,31.0,1.0,9.0,5.0,1.0,1.0,3.0,77.0,13.0,1.0,0.0,3600000.0,15.096444681204078,True,False,True,False,True,Minang
0290600,029060006,8.0,3.0,16.0,1.0,9.0,5.0,1.0,0.0,77.0,77.0,13.0,1.0,0.0,520000.0,13.161586013632684,False,False,True,False,False,Minang
0290700,029070001,1.0,1.0,72.0,1.0,9.0,2.0,7.0,0.0,,77.0,13.0,1.0,0.0,0.0,0.0,False,True,False,False,False,Minang
0290700,029070005,3.0,3.0,33.0,1.0,9.0,5.0,7.0,0.0,,71.0,13.0,1.0,0.0,0.0,0.0,False,False,True,False,False,Minang
0290700,029070006,3.0,1.0,35.0,1.0,9.0,5.0,7.0,0.0,,77.0,13.0,1.0,0.0,1000000.0,13.815511557963774,False,True,False,False,False,Minang
0290700,029070007,3.0,1.0,27.0,1.0,9.0,61.0,7.0,0.0,,77.0,13.0,1.0,,,,False,True,False,False,False,Minang
0290741,029074101,1.0,1.0,39.0,1.0,9.0,5.0,7.0,0.0,71.0,71.0,13.0,1.0,200000.0,1000000.0,13.815511557963774,False,True,False,False,False,Minang
0290742,029074202,2.0,3.0,35.0,1.0,9.0,61.0,7.0,0.0,77.0,77.0,13.0,1.0,0.0,0.0,0.0,False,False,True,False,False,Minang
0290900,029090002,1.0,3.0,68.0,1.0,9.0,6.0,7.0,0.0,,77.0,13.0,1.0,0.0,800000.0,13.592368256649284,False,False,True,False,False,Minang
0290900,029090003,3.0,1.0,45.0,1.0,9.0,5.0,7.0,0.0,,77.0,13.0,1.0,500000.0,0.0,0.0,False,True,False,False,False,Minang
0290900,029090005,3.0,1.0,38.0,1.0,9.0,5.0,7.0,0.0,77.0,77.0,13.0,2.0,3000000.0,0.0,0.0,False,True,False,False,False,Minang
0290900,029090007,3.0,3.0,31.0,1.0,9.0,61.0,0.0,0.0,,11.0,13.0,1.0,1000000.0,0.0,0.0,False,False,True,False,False,Minang
0290941,029094102,2.0,3.0,42.0,1.0,9.0,61.0,7.0,0.0,,77.0,13.0,1.0,0.0,0.0,0.0,False,False,True,False,False,Minang
0290942,029094202,2.0,3.0,35.0,1.0,9.0,61.0,7.0,0.0,,77.0,13.0,2.0,0.0,500000.0,13.122365377402328,False,False,True,False,False,Minang
0291100,029110001,2.0,3.0,45.0,1.0,9.0,61.0,7.0,0.0,,77.0,13.0,1.0,1000000.0,0.0,0.0,False,False,True,False,False,Minang
0291100,029110002,1.0,1.0,44.0,1.0,9.0,6.0,7.0,0.0,,77.0,13.0,1.0,0.0,0.0,0.0,False,True,False,False,False,Minang
0291100,029110003,3.0,3.0,16.0,1.0,9.0,5.0,1.0,0.0,77.0,77.0,13.0,1.0,0.0,300000.0,12.611541086966117,False,False,True,False,False,Minang
0291200,029120002,5.0,3.0,72.0,1.0,9.0,95.0,7.0,0.0,77.0,77.0,13.0,1.0,0.0,0.0,0.0,False,False,True,False,False,Minang
0291200,029120004,9.0,1.0,37.0,1.0,9.0,61.0,7.0,0.0,,3.0,13.0,2.0,200000.0,0.0,0.0,False,True,False,False,False,Minang
0291200,029120006,2.0,3.0,44.0,1.0,9.0,60.0,7.0,0.0,77.0,77.0,13.0,1.0,150000.0,0.0,0.0,False,False,True,False,False,Minang
0291211,029121102,2.0,3.0,45.0,1.0,9.0,5.0,7.0,0.0,,77.0,13.0,1.0,0.0,0.0,0.0,False,False,True,False,False,Minang
0291211,029121104,3.0,1.0,16.0,1.0,9.0,3.0,2.0,1.0,6.0,77.0,13.0,1.0,0.0,500000.0,13.122365377402328,True,True,False,True,False,Minang
0291400,029140001,1.0,1.0,49.0,1.0,9.0,2.0,7.0,0.0,,77.0,13.0,1.0,3000000.0,0.0,0.0,False,True,False,False,False,Minang
0291400,029140002,2.0,3.0,56.0,1.0,9.0,60.0,2.0,0.0,,77.0,13.0,1.0,1000000.0,2500000.0,14.731801689838347,False,False,True,False,False,Minang
0291400,029140003,3.0,1.0,20.0,1.0,9.0,6.0,2.0,0.0,77.0,77.0,13.0,1.0,0.0,200000.0,12.206077645517674,False,True,False,False,False,Minang
0291600,029160001,6.0,1.0,78.0,1.0,9.0,2.0,98.0,0.0,,77.0,13.0,2.0,0.0,0.0,0.0,False,True,False,False,False,Minang
0291600,029160002,6.0,3.0,76.0,1.0,9.0,2.0,7.0,0.0,77.0,77.0,13.0,1.0,0.0,0.0,0.0,False,False,True,False,False,Minang
0291600,029160004,1.0,1.0,35.0,1.0,9.0,61.0,7.0,0.0,,77.0,13.0,1.0,500000.0,0.0,0.0,False,True,False,False,False,Minang
0291600,029164102,2.0,3.0,38.0,1.0,9.0,61.0,7.0,0.0,,77.0,13.0,1.0,200000.0,0.0,0.0,False,False,True,False,False,Minang
0291700,029170001,1.0,3.0,67.0,1.0,9.0,73.0,2.0,0.0,,77.0,13.0,1.0,0.0,0.0,0.0,False,False,True,False,False,Minang
0291700,029170002,3.0,3.0,45.0,1.0,9.0,6.0,7.0,0.0,,77.0,13.0,1.0,100000.0,0.0,0.0,False,False,True,False,False,Minang
0291700,029170003,3.0,1.0,42.0,1.0,9.0,5.0,7.0,0.0,,77.0,13.0,1.0,0.0,0.0,0.0,False,True,False,False,False,Minang
0291700,029170006,3.0,1.0,34.0,1.0,9.0,61.0,7.0,0.0,,77.0,13.0,2.0,300000.0,300000.0,12.611541086966117,False,True,False,False,False,Minang
0291700,029170007,3.0,3.0,33.0,1.0,9.0,61.0,7.0,0.0,,77.0,13.0,1.0,0.0,0.0,0.0,False,False,True,False,False,Minang
0291700,029170009,3.0,3.0,47.0,1.0,9.0,61.0,98.0,0.0,,77.0,13.0,1.0,0.0,0.0,0.0,False,False,True,False,False,Minang
0291700,029170010,10.0,1.0,22.0,1.0,9.0,61.0,7.0,0.0,,77.0,13.0,1.0,0.0,200000.0,12.206077645517674,False,True,False,False,False,Minang
0291700,029170011,10.0,3.0,20.0,1.0,9.0,60.0,1.0,1.0,77.0,71.0,13.0,1.0,0.0,0.0,0.0,True,False,True,False,True,Minang
0291700,029170012,10.0,1.0,19.0,1.0,9.0,5.0,7.0,0.0,77.0,77.0,13.0,1.0,0.0,1000000.0,13.815511557963774,False,True,False,False,False,Minang
0291700,029170013,10.0,1.0,20.0,1.0,9.0,15.0,7.0,0.0,71.0,71.0,14.0,1.0,200000.0,0.0,0.0,False,True,False,False,False,Minang
0291700,029170014,10.0,3.0,17.0,1.0,9.0,5.0,1.0,0.0,77.0,77.0,13.0,1.0,0.0,60000.0,11.002116507732016,False,False,True,False,False,Minang
0291731,029173104,1.0,1.0,48.0,1.0,9.0,5.0,1.0,0.0,,77.0,13.0,1.0,0.0,0.0,0.0,False,True,False,False,False,Minang
0291731,029173105,3.0,3.0,15.0,1.0,9.0,5.0,0.0,0.0,77.0,77.0,13.0,1.0,0.0,70000.0,11.156264806643742,False,False,True,False,False,Minang
0291741,029174101,1.0,1.0,54.0,1.0,9.0,6.0,7.0,0.0,,77.0,13.0,1.0,0.0,0.0,0.0,False,True,False,False,False,Minang
0291751,029175102,2.0,3.0,29.0,1.0,9.0,61.0,7.0,0.0,77.0,77.0,13.0,2.0,0.0,0.0,0.0,False,False,True,False,False,Minang
0291800,029180002,2.0,3.0,58.0,1.0,9.0,2.0,7.0,0.0,,77.0,13.0,1.0,500000.0,0.0,0.0,False,False,True,False,False,Minang
0291800,029180005,3.0,3.0,29.0,1.0,9.0,5.0,7.0,0.0,77.0,77.0,13.0,1.0,0.0,0.0,0.0,False,False,True,False,False,Minang
0291800,029180006,3.0,1.0,25.0,1.0,9.0,3.0,2.0,0.0,,77.0,13.0,1.0,500000.0,0.0,0.0,False,True,False,False,False,Minang
0291800,029180007,3.0,3.0,19.0,1.0,9.0,5.0,2.0,0.0,77.0,77.0,13.0,1.0,0.0,500000.0,13.122365377402328,False,False,True,False,False,Minang
0291851,029185102,2.0,3.0,23.0,1.0,9.0,6.0,2.0,1.0,6.0,77.0,13.0,1.0,200000.0,0.0,0.0,True,False,True,False,True,Minang
0292200,029220001,1.0,1.0,64.0,1.0,9.0,2.0,5.0,0.0,,77.0,13.0,1.0,0.0,0.0,0.0,False,True,False,False,False,Minang
0292200,029220002,2.0,3.0,60.0,1.0,9.0,2.0,5.0,0.0,,77.0,13.0,1.0,0.0,0.0,0.0,False,False,True,False,False,Minang
0292400,029240002,1.0,3.0,61.0,1.0,9.0,60.0,2.0,0.0,,77.0,13.0,1.0,500000.0,500000.0,13.122365377402328,False,False,True,False,False,Minang
0292400,029240003,3.0,3.0,30.0,1.0,9.0,61.0,7.0,0.0,,77.0,13.0,1.0,5000000.0,3000000.0,14.914123179965662,False,False,True,False,False,Minang
0292400,029240004,3.0,1.0,29.0,1.0,9.0,61.0,7.0,0.0,,4.0,14.0,1.0,3000000.0,0.0,0.0,False,True,False,False,False,Minang
0292441,029244102,2.0,3.0,29.0,1.0,9.0,61.0,7.0,1.0,77.0,4.0,14.0,1.0,5000000.0,0.0,0.0,True,False,True,False,True,Minang
0292600,029260004,1.0,1.0,26.0,1.0,9.0,3.0,7.0,0.0,,77.0,13.0,1.0,0.0,0.0,0.0,False,True,False,False,False,Minang
0292600,029260005,8.0,3.0,24.0,1.0,9.0,61.0,3.0,0.0,,71.0,13.0,1.0,50000.0,1020000.0,13.83531416565213,False,False,True,False,False,Minang
0292731,029270002,1.0,1.0,42.0,1.0,9.0,5.0,7.0,0.0,,77.0,13.0,1.0,0.0,2000000.0,14.508658238524095,False,True,False,False,False,Minang
0292731,029273102,2.0,3.0,36.0,1.0,9.0,6.0,7.0,0.0,,77.0,13.0,1.0,0.0,2000000.0,14.508658238524095,False,False,True,False,False,Minang
0292900,029290001,6.0,3.0,82.0,1.0,9.0,95.0,7.0,0.0,77.0,77.0,13.0,1.0,0.0,0.0,0.0,False,False,True,False,False,Minang
0292900,029290002,8.0,1.0,48.0,1.0,9.0,5.0,2.0,0.0,,77.0,13.0,1.0,500000.0,0.0,0.0,False,True,False,False,False,Minang
0292900,029290003,1.0,1.0,46.0,1.0,9.0,2.0,4.0,0.0,,77.0,13.0,1.0,0.0,6300000.0,15.656060350091908,False,True,False,False,False,Minang
0292900,029293102,9.0,3.0,36.0,1.0,9.0,3.0,7.0,0.0,,77.0,13.0,1.0,0.0,0.0,0.0,False,False,True,False,False,Minang
0300100,030010003,9.0,1.0,49.0,1.0,9.0,2.0,7.0,0.0,,7.0,13.0,2.0,10000.0,0.0,0.0,False,True,False,False,False,Minang
0300100,030010004,2.0,3.0,41.0,1.0,9.0,2.0,7.0,0.0,,7.0,13.0,2.0,0.0,0.0,0.0,False,False,True,False,False,Minang
0300100,030010005,1.0,1.0,51.0,1.0,9.0,2.0,5.0,0.0,,7.0,13.0,2.0,0.0,0.0,0.0,False,True,False,False,False,Minang
0300111,030011102,2.0,3.0,39.0,1.0,9.0,2.0,7.0,0.0,7.0,7.0,13.0,2.0,0.0,100000.0,11.51293546492023,False,False,True,False,False,Minang
0300111,030011103,3.0,1.0,18.0,1.0,9.0,3.0,2.0,0.0,7.0,7.0,13.0,2.0,100000.0,0.0,0.0,False,True,False,False,False,Minang
0300300,030030001,1.0,1.0,58.0,1.0,9.0,2.0,2.0,0.0,,7.0,13.0,2.0,0.0,0.0,0.0,False,True,False,False,False,Minang
0300300,030030002,2.0,3.0,53.0,1.0,9.0,3.0,7.0,0.0,,7.0,13.0,2.0,0.0,0.0,0.0,False,False,True,False,False,Minang
0300300,030030004,3.0,1.0,29.0,1.0,9.0,3.0,7.0,1.0,7.0,6.0,14.0,1.0,0.0,0.0,0.0,True,True,False,True,False,Minang
0300300,030030005,3.0,3.0,27.0,1.0,9.0,61.0,7.0,0.0,,73.0,31.0,1.0,1000000.0,0.0,0.0,False,False,True,False,False,Minang
0300300,030030007,3.0,3.0,22.0,1.0,9.0,60.0,7.0,0.0,,7.0,13.0,2.0,0.0,500000.0,13.122365377402328,False,False,True,False,False,Minang
0300300,030030009,3.0,3.0,19.0,1.0,9.0,61.0,0.0,0.0,7.0,7.0,13.0,2.0,0.0,500000.0,13.122365377402328,False,False,True,False,False,Minang
0300300,030030010,3.0,1.0,17.0,1.0,9.0,5.0,0.0,0.0,7.0,7.0,13.0,2.0,0.0,0.0,0.0,False,True,False,False,False,Minang
0300300,030030011,3.0,1.0,15.0,1.0,9.0,73.0,0.0,0.0,7.0,7.0,13.0,2.0,0.0,0.0,0.0,False,True,False,False,False,Minang
0300400,030040003,7.0,3.0,77.0,1.0,9.0,3.0,1.0,1.0,7.0,75.0,13.0,1.0,0.0,0.0,0.0,True,False,True,False,True,Minang
0300400,030040005,1.0,1.0,58.0,1.0,9.0,61.0,7.0,1.0,7.0,75.0,13.0,1.0,0.0,0.0,0.0,True,True,False,True,False,Minang
0300400,030040006,2.0,3.0,55.0,1.0,9.0,61.0,7.0,1.0,7.0,75.0,13.0,1.0,0.0,0.0,0.0,True,False,True,False,True,Minang
0300500,030050001,7.0,3.0,78.0,1.0,9.0,2.0,7.0,0.0,,71.0,32.0,1.0,,,,False,False,True,False,False,Minang
0300600,030060001,1.0,1.0,68.0,1.0,9.0,2.0,7.0,0.0,,7.0,13.0,2.0,0.0,0.0,0.0,False,True,False,False,False,Minang
0300600,030060002,2.0,3.0,62.0,1.0,9.0,2.0,7.0,0.0,,7.0,13.0,2.0,0.0,1000000.0,13.815511557963774,False,False,True,False,False,Minang
0300600,030060003,3.0,1.0,28.0,1.0,9.0,73.0,7.0,1.0,7.0,2.0,33.0,1.0,,,,True,True,False,True,False,Minang
0300600,030060004,10.0,1.0,19.0,1.0,9.0,5.0,7.0,1.0,5.0,7.0,13.0,2.0,0.0,0.0,0.0,True,True,False,True,False,Minang
0300700,030070003,2.0,3.0,43.0,1.0,9.0,3.0,7.0,0.0,,75.0,13.0,1.0,0.0,600000.0,13.304686600863562,False,False,True,False,False,Minang
0300700,030070004,1.0,1.0,49.0,1.0,9.0,2.0,7.0,0.0,,75.0,13.0,1.0,0.0,0.0,0.0,False,True,False,False,False,Minang
0300700,030070005,3.0,3.0,16.0,1.0,9.0,6.0,0.0,0.0,75.0,75.0,13.0,1.0,0.0,250000.0,12.429220196836384,False,False,True,False,False,Minang
0300831,030083103,2.0,3.0,64.0,1.0,9.0,60.0,7.0,0.0,,7.0,13.0,2.0,500000.0,0.0,0.0,False,False,True,False,False,Minang
0300900,030090002,1.0,3.0,59.0,1.0,9.0,73.0,7.0,0.0,,7.0,13.0,2.0,0.0,0.0,0.0,False,False,True,False,False,Minang
0301011,030100003,2.0,1.0,51.0,1.0,9.0,60.0,7.0,0.0,,10.0,35.0,1.0,300000.0,300000.0,12.611541086966117,False,True,False,False,False,Minang
0301011,030100005,1.0,3.0,47.0,1.0,9.0,6.0,7.0,0.0,,7.0,13.0,2.0,3000000.0,0.0,0.0,False,False,True,False,False,Minang
0301011,030100006,3.0,3.0,21.0,1.0,9.0,61.0,3.0,1.0,75.0,7.0,13.0,2.0,0.0,0.0,0.0,True,False,True,False,True,Minang
0301200,030120002,1.0,3.0,53.0,1.0,9.0,73.0,7.0,0.0,,7.0,13.0,2.0,0.0,3000000.0,14.914123179965662,False,False,True,False,False,Minang
0301200,030120003,3.0,1.0,27.0,1.0,9.0,61.0,3.0,0.0,,4.0,14.0,1.0,0.0,500000.0,13.122365377402328,False,True,False,False,False,Minang
0301200,030120005,3.0,1.0,22.0,1.0,9.0,60.0,2.0,0.0,,7.0,13.0,2.0,0.0,0.0,0.0,False,True,False,False,False,Minang
0301200,030120006,3.0,1.0,19.0,1.0,9.0,60.0,0.0,0.0,7.0,7.0,13.0,2.0,0.0,300000.0,12.611541086966117,False,True,False,False,False,Minang
0301300,030130003,2.0,3.0,44.0,1.0,9.0,73.0,7.0,0.0,,7.0,13.0,2.0,0.0,0.0,0.0,False,False,True,False,False,Minang
0301300,030130006,1.0,1.0,60.0,1.0,9.0,74.0,7.0,0.0,,7.0,13.0,2.0,0.0,20000.0,9.90353755128617,False,True,False,False,False,Minang
0301400,030140003,1.0,1.0,52.0,1.0,9.0,6.0,7.0,0.0,,7.0,13.0,2.0,0.0,0.0,0.0,False,True,False,False,False,Minang
0301400,030140004,3.0,1.0,24.0,1.0,9.0,6.0,7.0,0.0,7.0,7.0,13.0,2.0,0.0,0.0,0.0,False,True,False,False,False,Minang
0301400,030140005,3.0,3.0,19.0,1.0,9.0,73.0,7.0,0.0,7.0,7.0,13.0,2.0,0.0,0.0,0.0,False,False,True,False,False,Minang
0301600,030160001,5.0,1.0,49.0,1.0,9.0,3.0,1.0,0.0,,7.0,13.0,2.0,100000.0,300000.0,12.611541086966117,False,True,False,False,False,Minang
0301600,030160002,3.0,3.0,46.0,1.0,9.0,74.0,7.0,0.0,,7.0,13.0,2.0,0.0,0.0,0.0,False,False,True,False,False,Minang
0301600,030160003,10.0,1.0,22.0,1.0,9.0,5.0,2.0,0.0,,7.0,13.0,2.0,3000000.0,0.0,0.0,False,True,False,False,False,Minang
0301600,030160004,1.0,1.0,82.0,1.0,9.0,2.0,3.0,0.0,7.0,7.0,13.0,2.0,0.0,0.0,0.0,False,True,False,False,False,Minang
0301600,030160006,3.0,1.0,36.0,1.0,9.0,73.0,7.0,0.0,7.0,7.0,13.0,2.0,0.0,0.0,0.0,False,True,False,False,False,Minang
0301600,030160007,10.0,1.0,17.0,1.0,9.0,6.0,1.0,1.0,75.0,7.0,13.0,2.0,0.0,100000.0,11.51293546492023,True,True,False,True,False,Minang
0301651,030165102,2.0,3.0,31.0,1.0,9.0,5.0,7.0,0.0,7.0,7.0,13.0,2.0,0.0,0.0,0.0,False,False,True,False,False,Minang
0301700,030170002,7.0,3.0,70.0,1.0,9.0,2.0,7.0,0.0,,76.0,13.0,1.0,0.0,100000.0,11.51293546492023,False,False,True,False,False,Minang
0301700,030170003,9.0,1.0,44.0,1.0,9.0,5.0,7.0,0.0,,6.0,14.0,1.0,0.0,0.0,0.0,False,True,False,False,False,Minang
0301700,030170004,9.0,1.0,35.0,1.0,9.0,61.0,7.0,0.0,,75.0,13.0,1.0,1000000.0,0.0,0.0,False,True,False,False,False,Minang
0301731,030173102,2.0,3.0,42.0,1.0,9.0,5.0,7.0,0.0,,6.0,14.0,1.0,0.0,0.0,0.0,False,False,True,False,False,Minang
0301731,030173103,3.0,1.0,15.0,1.0,9.0,3.0,2.0,0.0,6.0,6.0,14.0,1.0,0.0,0.0,0.0,False,True,False,False,False,Minang
0301741,030174102,2.0,3.0,34.0,1.0,9.0,61.0,2.0,0.0,,75.0,13.0,1.0,0.0,0.0,0.0,False,False,True,False,False,Minang
0301800,030180003,9.0,1.0,47.0,1.0,9.0,3.0,0.0,0.0,,7.0,13.0,2.0,0.0,0.0,0.0,False,True,False,False,False,Minang
0301800,030180005,2.0,3.0,37.0,1.0,9.0,2.0,5.0,0.0,,7.0,13.0,2.0,0.0,0.0,0.0,False,False,True,False,False,Minang
0301800,030180007,1.0,1.0,40.0,1.0,9.0,74.0,0.0,0.0,,7.0,13.0,2.0,0.0,0.0,0.0,False,True,False,False,False,Minang
0301811,030181102,2.0,3.0,39.0,1.0,9.0,2.0,7.0,0.0,,7.0,13.0,2.0,0.0,0.0,0.0,False,False,True,False,False,Minang
0301811,030181103,3.0,1.0,18.0,1.0,9.0,5.0,7.0,0.0,7.0,7.0,13.0,2.0,0.0,0.0,0.0,False,True,False,False,False,Minang
0301900,030190004,2.0,3.0,33.0,1.0,9.0,61.0,1.0,0.0,,7.0,13.0,2.0,2000000.0,0.0,0.0,False,False,True,False,False,Minang
0301900,030190006,1.0,1.0,34.0,1.0,9.0,14.0,7.0,0.0,7.0,7.0,13.0,2.0,0.0,0.0,0.0,False,True,False,False,False,Minang
0302000,030200001,1.0,1.0,57.0,1.0,9.0,2.0,5.0,0.0,,7.0,13.0,2.0,0.0,0.0,0.0,False,True,False,False,False,Minang
0302000,030200002,2.0,3.0,48.0,1.0,9.0,73.0,7.0,0.0,,7.0,13.0,2.0,0.0,500000.0,13.122365377402328,False,False,True,False,False,Minang
0302000,030200003,3.0,1.0,22.0,1.0,9.0,5.0,2.0,0.0,,7.0,13.0,2.0,0.0,0.0,0.0,False,True,False,False,False,Minang
0302000,030200004,3.0,3.0,17.0,1.0,9.0,5.0,2.0,0.0,7.0,7.0,13.0,2.0,0.0,400000.0,12.899222326086994,False,False,True,False,False,Minang
0302100,030210003,1.0,3.0,60.0,1.0,9.0,2.0,4.0,0.0,,7.0,13.0,2.0,0.0,1000000.0,13.815511557963774,False,False,True,False,False,Minang
0302100,030210005,3.0,3.0,37.0,1.0,9.0,3.0,7.0,0.0,,7.0,13.0,2.0,0.0,0.0,0.0,False,False,True,False,False,Minang
0302100,030210006,3.0,1.0,26.0,1.0,9.0,74.0,7.0,0.0,,7.0,13.0,2.0,300000.0,0.0,0.0,False,True,False,False,False,Minang
0302100,030210007,3.0,3.0,23.0,1.0,9.0,5.0,7.0,0.0,,71.0,52.0,1.0,0.0,0.0,0.0,False,False,True,False,False,Minang
0302100,030210008,10.0,1.0,16.0,1.0,9.0,5.0,0.0,0.0,7.0,7.0,13.0,2.0,50000.0,0.0,0.0,False,True,False,False,False,Minang
0302100,030210009,3.0,3.0,31.0,1.0,9.0,3.0,1.0,0.0,,76.0,13.0,1.0,0.0,0.0,0.0,False,False,True,False,False,Minang
0302151,030215101,1.0,1.0,35.0,1.0,9.0,6.0,7.0,1.0,7.0,71.0,52.0,1.0,0.0,0.0,0.0,True,True,False,True,False,Minang
0302152,030215201,1.0,1.0,29.0,1.0,9.0,3.0,7.0,1.0,11.0,76.0,13.0,1.0,0.0,0.0,0.0,True,True,False,True,False,Minang
0302200,030220001,1.0,3.0,69.0,1.0,9.0,2.0,5.0,0.0,,7.0,13.0,2.0,0.0,0.0,0.0,False,False,True,False,False,Minang
0302400,030240007,2.0,3.0,31.0,1.0,9.0,5.0,7.0,0.0,7.0,7.0,13.0,1.0,0.0,750000.0,13.527829818844936,False,False,True,False,False,Minang
0302400,030240008,1.0,1.0,29.0,1.0,9.0,3.0,7.0,1.0,6.0,7.0,13.0,1.0,0.0,0.0,0.0,True,True,False,True,False,Minang
0302500,030250001,1.0,1.0,71.0,1.0,9.0,60.0,0.0,0.0,,7.0,13.0,2.0,300000.0,0.0,0.0,False,True,False,False,False,Minang
0302500,030250002,2.0,3.0,68.0,1.0,9.0,6.0,7.0,0.0,,7.0,13.0,2.0,0.0,0.0,0.0,False,False,True,False,False,Minang
0302500,030250003,3.0,1.0,42.0,1.0,9.0,6.0,7.0,0.0,,7.0,13.0,2.0,200000.0,0.0,0.0,False,True,False,False,False,Minang
0302500,030250004,3.0,1.0,40.0,1.0,9.0,5.0,7.0,0.0,,72.0,31.0,1.0,0.0,0.0,0.0,False,True,False,False,False,Minang
0302500,030250005,3.0,3.0,38.0,1.0,9.0,5.0,7.0,0.0,,7.0,13.0,2.0,0.0,0.0,0.0,False,False,True,False,False,Minang
0302500,030250006,5.0,1.0,35.0,1.0,9.0,60.0,7.0,0.0,,7.0,13.0,2.0,500000.0,0.0,0.0,False,True,False,False,False,Minang
0302600,030260001,1.0,1.0,56.0,1.0,9.0,2.0,5.0,0.0,,7.0,13.0,2.0,0.0,0.0,0.0,False,True,False,False,False,Minang
0302600,030260002,2.0,3.0,53.0,1.0,9.0,2.0,98.0,0.0,,7.0,13.0,2.0,0.0,0.0,0.0,False,False,True,False,False,Minang
0302600,030260003,3.0,1.0,27.0,1.0,9.0,5.0,0.0,1.0,7.0,12.0,35.0,1.0,0.0,0.0,0.0,True,True,False,True,False,Minang
0302600,030260004,9.0,1.0,51.0,1.0,9.0,6.0,7.0,0.0,7.0,7.0,13.0,2.0,0.0,0.0,0.0,False,True,False,False,False,Minang
0302600,030260006,3.0,1.0,19.0,1.0,9.0,73.0,7.0,1.0,7.0,71.0,51.0,1.0,150000.0,0.0,0.0,True,True,False,True,False,Minang
0302631,030263102,2.0,3.0,39.0,1.0,9.0,3.0,7.0,0.0,,7.0,13.0,2.0,1000000.0,0.0,0.0,False,False,True,False,False,Minang
0302631,030263103,3.0,1.0,15.0,1.0,9.0,6.0,0.0,1.0,75.0,7.0,13.0,2.0,0.0,60000.0,11.002116507732016,True,True,False,True,False,Minang
0302700,030270002,1.0,3.0,66.0,1.0,9.0,2.0,3.0,0.0,,7.0,13.0,2.0,0.0,0.0,0.0,False,False,True,False,False,Minang
0302800,030280002,1.0,3.0,60.0,1.0,9.0,2.0,7.0,0.0,,7.0,13.0,2.0,0.0,0.0,0.0,False,False,True,False,False,Minang
0302800,030280003,3.0,3.0,38.0,1.0,9.0,3.0,1.0,0.0,7.0,7.0,13.0,2.0,0.0,0.0,0.0,False,False,True,False,False,Minang
0302800,030280004,3.0,1.0,35.0,1.0,9.0,2.0,4.0,0.0,,7.0,13.0,2.0,400000.0,0.0,0.0,False,True,False,False,False,Minang
0302800,030280005,3.0,3.0,33.0,1.0,9.0,2.0,7.0,0.0,,7.0,13.0,2.0,100000.0,0.0,0.0,False,False,True,False,False,Minang
0302800,030280006,3.0,3.0,30.0,1.0,9.0,2.0,7.0,0.0,,7.0,13.0,2.0,0.0,0.0,0.0,False,False,True,False,False,Minang
0302800,030280007,3.0,1.0,27.0,1.0,9.0,2.0,5.0,0.0,,7.0,13.0,2.0,30000.0,0.0,0.0,False,True,False,False,False,Minang
0302831,030283104,1.0,1.0,35.0,1.0,9.0,2.0,7.0,0.0,,7.0,13.0,2.0,0.0,0.0,0.0,False,True,False,False,False,Minang
0302851,030285101,1.0,1.0,28.0,1.0,9.0,6.0,7.0,1.0,8.0,7.0,13.0,2.0,0.0,0.0,0.0,True,True,False,True,False,Minang
0302852,030285202,2.0,3.0,22.0,1.0,9.0,2.0,3.0,0.0,7.0,7.0,13.0,2.0,0.0,100000.0,11.51293546492023,False,False,True,False,False,Minang
0302900,030290001,6.0,3.0,79.0,1.0,9.0,95.0,7.0,0.0,,7.0,13.0,2.0,0.0,0.0,0.0,False,False,True,False,False,Minang
0302900,030290002,3.0,3.0,29.0,1.0,9.0,3.0,2.0,0.0,,7.0,13.0,2.0,0.0,100000.0,11.51293546492023,False,False,True,False,False,Minang
0302900,030290003,1.0,3.0,54.0,1.0,9.0,5.0,7.0,0.0,,7.0,13.0,2.0,1000000.0,3000000.0,14.914123179965662,False,False,True,False,False,Minang
0302951,030295101,1.0,1.0,48.0,1.0,9.0,14.0,4.0,0.0,7.0,7.0,13.0,2.0,0.0,0.0,0.0,False,True,False,False,False,Minang
0303000,030300003,1.0,3.0,61.0,1.0,9.0,5.0,1.0,0.0,,7.0,13.0,2.0,200000.0,300000.0,12.611541086966117,False,False,True,False,False,Minang
0310100,031010002,2.0,3.0,38.0,1.0,9.0,6.0,7.0,0.0,,7.0,13.0,2.0,0.0,0.0,0.0,False,False,True,False,False,Minang
0310100,031010003,1.0,1.0,43.0,1.0,9.0,61.0,3.0,0.0,7.0,7.0,13.0,2.0,0.0,0.0,0.0,False,True,False,False,False,Minang
0310200,031020002,1.0,3.0,55.0,1.0,9.0,6.0,7.0,0.0,,71.0,13.0,1.0,0.0,0.0,0.0,False,False,True,False,False,Minang
0310200,031020003,3.0,3.0,29.0,1.0,9.0,61.0,7.0,0.0,,71.0,13.0,1.0,0.0,500000.0,13.122365377402328,False,False,True,False,False,Minang
0310200,031020004,3.0,1.0,26.0,1.0,9.0,5.0,1.0,0.0,,71.0,13.0,1.0,0.0,1000000.0,13.815511557963774,False,True,False,False,False,Minang
0310200,031020005,3.0,1.0,21.0,1.0,9.0,61.0,3.0,1.0,7.0,71.0,13.0,1.0,0.0,1000000.0,13.815511557963774,True,True,False,True,False,Minang
0310200,031020007,13.0,1.0,36.0,1.0,9.0,6.0,7.0,0.0,,71.0,13.0,1.0,1000000.0,0.0,0.0,False,True,False,False,False,Minang
0310200,031020008,16.0,3.0,24.0,1.0,9.0,61.0,7.0,0.0,,8.0,13.0,2.0,0.0,0.0,0.0,False,False,True,False,False,Minang
0310300,031030002,1.0,3.0,55.0,1.0,9.0,2.0,7.0,0.0,,7.0,13.0,2.0,0.0,0.0,0.0,False,False,True,False,False,Minang
0310300,031030003,3.0,3.0,33.0,1.0,9.0,6.0,2.0,0.0,,7.0,13.0,2.0,0.0,0.0,0.0,False,False,True,False,False,Minang
0310300,031030004,3.0,3.0,32.0,1.0,9.0,5.0,7.0,0.0,,7.0,13.0,1.0,400000.0,0.0,0.0,False,False,True,False,False,Minang
0310300,031030005,3.0,3.0,27.0,1.0,9.0,5.0,7.0,0.0,,7.0,13.0,2.0,50000.0,0.0,0.0,False,False,True,False,False,Minang
0310300,031030008,5.0,1.0,42.0,1.0,9.0,5.0,7.0,0.0,,7.0,13.0,2.0,0.0,0.0,0.0,False,True,False,False,False,Minang
0310300,031030009,10.0,3.0,15.0,1.0,9.0,6.0,0.0,1.0,75.0,7.0,13.0,2.0,0.0,200000.0,12.206077645517674,True,False,True,False,True,Minang
0310300,031030010,5.0,1.0,40.0,1.0,9.0,5.0,7.0,1.0,75.0,7.0,13.0,1.0,0.0,0.0,0.0,True,True,False,True,False,Minang
0310300,031030012,5.0,1.0,31.0,1.0,9.0,74.0,98.0,1.0,76.0,7.0,13.0,2.0,0.0,0.0,0.0,True,True,False,True,False,Minang
0310331,031250003,19.0,1.0,43.0,1.0,9.0,6.0,7.0,0.0,,73.0,32.0,1.0,0.0,0.0,0.0,False,True,False,False,False,Minang
0310400,031040002,1.0,1.0,46.0,1.0,9.0,6.0,7.0,0.0,,14.0,32.0,2.0,0.0,0.0,0.0,False,True,False,False,False,Minang
0310400,031040004,3.0,1.0,16.0,1.0,9.0,5.0,1.0,0.0,14.0,14.0,32.0,2.0,0.0,1000000.0,13.815511557963774,False,True,False,False,False,Minang
0310500,031050002,5.0,3.0,70.0,1.0,9.0,2.0,7.0,0.0,,7.0,13.0,2.0,0.0,0.0,0.0,False,False,True,False,False,Minang
0310500,031050004,9.0,3.0,35.0,1.0,9.0,61.0,7.0,0.0,,12.0,13.0,1.0,2000000.0,0.0,0.0,False,False,True,False,False,Minang
0310500,031050006,2.0,3.0,37.0,1.0,9.0,14.0,7.0,0.0,7.0,7.0,13.0,2.0,300000.0,0.0,0.0,False,False,True,False,False,Minang
0310531,031053104,1.0,1.0,37.0,1.0,9.0,61.0,7.0,1.0,71.0,12.0,13.0,1.0,0.0,2000000.0,14.508658238524095,True,True,False,True,False,Minang
0310600,031060001,1.0,1.0,51.0,1.0,4.0,6.0,7.0,0.0,,75.0,13.0,1.0,700000.0,0.0,0.0,False,True,False,False,False,Batak
0310600,031060002,2.0,3.0,51.0,1.0,19.0,61.0,7.0,0.0,,75.0,13.0,1.0,0.0,0.0,0.0,False,False,True,False,False,Batak
0310600,031060003,3.0,1.0,19.0,1.0,4.0,60.0,1.0,0.0,75.0,75.0,13.0,1.0,0.0,0.0,0.0,False,True,False,False,False,Batak
0310600,031060004,3.0,3.0,17.0,1.0,4.0,5.0,2.0,1.0,7.0,75.0,13.0,1.0,0.0,0.0,0.0,True,False,True,False,True,Batak
0310700,031070001,2.0,3.0,45.0,1.0,9.0,73.0,7.0,0.0,,7.0,13.0,2.0,0.0,0.0,0.0,False,False,True,False,False,Minang
0310700,031070003,1.0,1.0,56.0,1.0,9.0,61.0,7.0,0.0,,7.0,13.0,2.0,0.0,5000000.0,15.424948670398354,False,True,False,False,False,Minang
0310800,031080003,2.0,3.0,32.0,1.0,9.0,6.0,7.0,1.0,7.0,8.0,13.0,1.0,0.0,0.0,0.0,True,False,True,False,True,Minang
0310800,031080004,1.0,1.0,33.0,1.0,9.0,6.0,7.0,0.0,8.0,8.0,13.0,1.0,0.0,0.0,0.0,False,True,False,False,False,Minang
0310831,031083102,1.0,3.0,40.0,1.0,9.0,5.0,7.0,0.0,,76.0,13.0,1.0,150000.0,0.0,0.0,False,False,True,False,False,Minang
0310900,031090005,1.0,3.0,65.0,1.0,9.0,2.0,0.0,0.0,,7.0,13.0,2.0,0.0,0.0,0.0,False,False,True,False,False,Minang
0311000,031100002,1.0,3.0,64.0,1.0,9.0,14.0,1.0,0.0,,7.0,13.0,2.0,0.0,0.0,0.0,False,False,True,False,False,Minang
0311200,031120003,2.0,3.0,37.0,1.0,9.0,60.0,7.0,0.0,,7.0,13.0,2.0,0.0,0.0,0.0,False,False,True,False,False,Minang
0311200,031120004,9.0,1.0,34.0,1.0,9.0,6.0,7.0,0.0,,7.0,13.0,1.0,400000.0,0.0,0.0,False,True,False,False,False,Minang
0311200,031120005,16.0,1.0,45.0,1.0,9.0,2.0,2.0,0.0,,7.0,13.0,2.0,0.0,0.0,0.0,False,True,False,False,False,Minang
0311200,031120006,16.0,1.0,42.0,1.0,9.0,2.0,4.0,0.0,,7.0,13.0,2.0,50000.0,0.0,0.0,False,True,False,False,False,Minang
0311200,031120007,1.0,1.0,41.0,1.0,9.0,3.0,0.0,1.0,5.0,7.0,13.0,2.0,300000.0,0.0,0.0,True,True,False,True,False,Minang
0311200,031120010,13.0,3.0,18.0,1.0,9.0,6.0,2.0,1.0,7.0,75.0,13.0,1.0,0.0,150000.0,11.918397239722838,True,False,True,False,True,Minang
0311232,031123202,2.0,3.0,40.0,1.0,9.0,3.0,0.0,0.0,,7.0,13.0,2.0,0.0,0.0,0.0,False,False,True,False,False,Minang
0311232,031123203,3.0,3.0,18.0,1.0,9.0,6.0,2.0,0.0,7.0,7.0,13.0,2.0,0.0,200000.0,12.206077645517674,False,False,True,False,False,Minang
0311232,031123204,3.0,1.0,15.0,1.0,9.0,3.0,2.0,0.0,7.0,7.0,13.0,2.0,0.0,1000000.0,13.815511557963774,False,True,False,False,False,Minang
0311233,031123302,2.0,3.0,36.0,1.0,9.0,2.0,7.0,0.0,,7.0,13.0,2.0,0.0,200000.0,12.206077645517674,False,False,True,False,False,Minang
0311241,031124102,2.0,3.0,33.0,1.0,9.0,6.0,7.0,0.0,,7.0,13.0,1.0,0.0,0.0,0.0,False,False,True,False,False,Minang
0311300,031130001,1.0,1.0,47.0,1.0,19.0,2.0,7.0,0.0,,7.0,13.0,1.0,500000.0,0.0,0.0,False,True,False,False,False,Minang
0311300,031130002,2.0,3.0,46.0,1.0,9.0,2.0,7.0,0.0,,7.0,13.0,1.0,1400000.0,500000.0,13.122365377402328,False,False,True,False,False,Minang
0311300,031130004,3.0,1.0,21.0,1.0,9.0,15.0,7.0,0.0,,8.0,14.0,1.0,500000.0,0.0,0.0,False,True,False,False,False,Minang
0311400,031140001,1.0,1.0,76.0,1.0,9.0,5.0,98.0,0.0,7.0,7.0,13.0,2.0,0.0,0.0,0.0,False,True,False,False,False,Minang
0311400,031140004,3.0,1.0,47.0,1.0,9.0,6.0,7.0,0.0,,75.0,13.0,1.0,0.0,0.0,0.0,False,True,False,False,False,Minang
0311441,031143102,2.0,3.0,43.0,1.0,9.0,5.0,7.0,0.0,,75.0,13.0,1.0,0.0,0.0,0.0,False,False,True,False,False,Minang
0311600,031160004,3.0,3.0,33.0,1.0,9.0,62.0,7.0,0.0,,7.0,13.0,2.0,0.0,0.0,0.0,False,False,True,False,False,Minang
0311900,031190003,1.0,3.0,50.0,1.0,9.0,5.0,7.0,0.0,,7.0,13.0,2.0,0.0,0.0,0.0,False,False,True,False,False,Minang
0311900,031190005,8.0,3.0,44.0,1.0,9.0,5.0,7.0,0.0,,71.0,14.0,1.0,0.0,0.0,0.0,False,False,True,False,False,Minang
0311900,031190006,8.0,3.0,42.0,1.0,9.0,5.0,7.0,1.0,7.0,75.0,12.0,1.0,0.0,0.0,0.0,True,False,True,False,True,Minang
0311900,031190008,3.0,3.0,21.0,1.0,9.0,61.0,0.0,0.0,,7.0,13.0,2.0,0.0,2000000.0,14.508658238524095,False,False,True,False,False,Minang
0311900,031190010,3.0,1.0,20.0,1.0,9.0,61.0,0.0,1.0,7.0,75.0,12.0,1.0,0.0,100000.0,11.51293546492023,True,True,False,True,False,Minang
0311900,031190011,3.0,1.0,19.0,1.0,9.0,5.0,7.0,0.0,75.0,75.0,12.0,1.0,0.0,0.0,0.0,False,True,False,False,False,Minang
0311900,031190012,13.0,1.0,17.0,1.0,9.0,5.0,2.0,0.0,7.0,7.0,13.0,2.0,0.0,1000000.0,13.815511557963774,False,True,False,False,False,Minang
0311900,031190013,9.0,1.0,45.0,1.0,4.0,5.0,7.0,0.0,,75.0,12.0,1.0,0.0,0.0,0.0,False,True,False,False,False,Minang
0311931,031193101,1.0,1.0,52.0,1.0,9.0,5.0,7.0,1.0,3.0,71.0,14.0,1.0,0.0,0.0,0.0,True,True,False,True,False,Minang
0311931,031193103,3.0,1.0,20.0,1.0,9.0,5.0,7.0,0.0,71.0,71.0,14.0,1.0,0.0,200000.0,12.206077645517674,False,True,False,False,False,Minang
0311931,031193104,3.0,1.0,16.0,1.0,9.0,6.0,1.0,0.0,71.0,71.0,14.0,1.0,0.0,0.0,0.0,False,True,False,False,False,Minang
0312100,031210002,1.0,1.0,37.0,1.0,9.0,60.0,7.0,0.0,,6.0,13.0,2.0,0.0,0.0,0.0,False,True,False,False,False,Minang
0312100,031210005,2.0,3.0,41.0,1.0,9.0,5.0,7.0,0.0,,6.0,13.0,2.0,500000.0,0.0,0.0,False,False,True,False,False,Minang
0312100,031210006,7.0,3.0,78.0,1.0,9.0,2.0,7.0,0.0,6.0,6.0,13.0,2.0,0.0,0.0,0.0,False,False,True,False,False,Minang
0312200,031220002,1.0,3.0,58.0,1.0,4.0,62.0,7.0,0.0,,7.0,13.0,2.0,5000000.0,0.0,0.0,False,False,True,False,False,Minang
0312200,031220003,3.0,3.0,29.0,1.0,9.0,62.0,7.0,0.0,,7.0,13.0,2.0,0.0,0.0,0.0,False,False,True,False,False,Minang
0312200,031220004,3.0,3.0,27.0,1.0,9.0,62.0,7.0,0.0,,7.0,13.0,2.0,500000.0,0.0,0.0,False,False,True,False,False,Minang
0312200,031220006,3.0,3.0,16.0,1.0,9.0,74.0,1.0,0.0,7.0,7.0,13.0,2.0,0.0,300000.0,12.611541086966117,False,False,True,False,False,Minang
0312200,031220012,5.0,1.0,29.0,1.0,9.0,61.0,7.0,0.0,7.0,7.0,13.0,2.0,1000000.0,0.0,0.0,False,True,False,False,False,Minang
0312200,031220013,17.0,3.0,18.0,1.0,4.0,5.0,7.0,1.0,16.0,7.0,13.0,2.0,0.0,0.0,0.0,True,False,True,False,True,Minang
0312300,031230002,6.0,3.0,83.0,1.0,9.0,2.0,7.0,0.0,7.0,7.0,13.0,2.0,0.0,0.0,0.0,False,False,True,False,False,Minang
0312300,031230003,1.0,1.0,44.0,1.0,9.0,6.0,2.0,0.0,7.0,7.0,13.0,2.0,0.0,0.0,0.0,False,True,False,False,False,Minang
0312300,031230005,14.0,1.0,44.0,1.0,9.0,5.0,7.0,0.0,,7.0,13.0,2.0,200000.0,500000.0,13.122365377402328,False,True,False,False,False,Minang
0312300,031230006,14.0,3.0,39.0,1.0,9.0,5.0,7.0,0.0,7.0,7.0,13.0,2.0,0.0,0.0,0.0,False,False,True,False,False,Minang
0312331,031233103,2.0,3.0,39.0,1.0,9.0,5.0,7.0,0.0,,7.0,13.0,2.0,0.0,0.0,0.0,False,False,True,False,False,Minang
0312351,031235101,1.0,1.0,40.0,1.0,9.0,6.0,7.0,0.0,7.0,7.0,13.0,2.0,0.0,0.0,0.0,False,True,False,False,False,Minang
0312400,031240001,12.0,1.0,64.0,1.0,9.0,98.0,98.0,0.0,,7.0,13.0,2.0,0.0,0.0,0.0,False,True,False,False,False,Minang
0312400,031240002,12.0,3.0,67.0,1.0,9.0,3.0,98.0,0.0,,7.0,13.0,2.0,0.0,0.0,0.0,False,False,True,False,False,Minang
0312400,031240004,2.0,3.0,36.0,1.0,9.0,61.0,0.0,0.0,,7.0,13.0,2.0,0.0,1000000.0,13.815511557963774,False,False,True,False,False,Minang
0312400,031240005,1.0,1.0,40.0,1.0,9.0,5.0,7.0,0.0,,7.0,13.0,2.0,0.0,0.0,0.0,False,True,False,False,False,Minang
0312500,031250004,9.0,3.0,41.0,1.0,9.0,5.0,7.0,0.0,,7.0,13.0,2.0,0.0,0.0,0.0,False,False,True,False,False,Minang
0312500,031250005,9.0,3.0,39.0,1.0,9.0,60.0,0.0,0.0,,71.0,13.0,1.0,1000000.0,5000000.0,15.424948670398354,False,False,True,False,False,Minang
0312500,031250006,2.0,3.0,37.0,1.0,9.0,6.0,7.0,0.0,,7.0,13.0,2.0,0.0,0.0,0.0,False,False,True,False,False,Minang
0312500,031250008,13.0,1.0,15.0,1.0,9.0,5.0,0.0,0.0,7.0,7.0,13.0,2.0,0.0,500000.0,13.122365377402328,False,True,False,False,False,Minang
0312500,031250011,1.0,1.0,36.0,1.0,9.0,6.0,7.0,0.0,7.0,7.0,13.0,2.0,0.0,0.0,0.0,False,True,False,False,False,Minang
0312511,031251104,1.0,1.0,42.0,1.0,9.0,61.0,6.0,0.0,71.0,71.0,13.0,1.0,,,,False,True,False,False,False,Minang
0312700,031270001,1.0,1.0,50.0,1.0,9.0,3.0,7.0,0.0,,7.0,13.0,2.0,0.0,0.0,0.0,False,True,False,False,False,Minang
0312700,031270002,2.0,3.0,51.0,1.0,9.0,2.0,4.0,0.0,,7.0,13.0,2.0,0.0,0.0,0.0,False,False,True,False,False,Minang
0312700,031270006,3.0,1.0,20.0,1.0,9.0,3.0,7.0,0.0,7.0,7.0,13.0,2.0,0.0,0.0,0.0,False,True,False,False,False,Minang
0312700,031270007,3.0,1.0,15.0,1.0,9.0,3.0,2.0,0.0,7.0,7.0,13.0,2.0,0.0,200000.0,12.206077645517674,False,True,False,False,False,Minang
0312800,031280002,1.0,3.0,59.0,1.0,9.0,6.0,7.0,0.0,,7.0,13.0,2.0,0.0,0.0,0.0,False,False,True,False,False,Minang
0312800,031280003,8.0,1.0,50.0,1.0,9.0,60.0,1.0,0.0,,7.0,13.0,2.0,0.0,0.0,0.0,False,True,False,False,False,Minang
0312800,031280004,3.0,1.0,27.0,1.0,9.0,6.0,7.0,0.0,,7.0,13.0,2.0,0.0,0.0,0.0,False,True,False,False,False,Minang
0312800,031280005,3.0,1.0,25.0,1.0,9.0,6.0,7.0,0.0,,7.0,13.0,2.0,1500000.0,0.0,0.0,False,True,False,False,False,Minang
0312800,031280006,3.0,1.0,19.0,1.0,9.0,61.0,1.0,1.0,75.0,7.0,13.0,2.0,0.0,500000.0,13.122365377402328,True,True,False,True,False,Minang
0312800,031280008,17.0,1.0,31.0,1.0,9.0,74.0,7.0,0.0,7.0,7.0,13.0,2.0,1000000.0,0.0,0.0,False,True,False,False,False,Minang
0312811,031281102,2.0,3.0,43.0,1.0,9.0,5.0,7.0,0.0,,7.0,13.0,2.0,0.0,200000.0,12.206077645517674,False,False,True,False,False,Minang
0312811,031281104,3.0,1.0,15.0,1.0,9.0,6.0,0.0,0.0,7.0,7.0,13.0,2.0,0.0,0.0,0.0,False,True,False,False,False,Minang
0312900,031290002,1.0,3.0,62.0,1.0,9.0,6.0,2.0,0.0,,7.0,13.0,2.0,0.0,0.0,0.0,False,False,True,False,False,Minang
0312900,031290003,3.0,3.0,39.0,1.0,9.0,61.0,7.0,0.0,,7.0,13.0,1.0,0.0,0.0,0.0,False,False,True,False,False,Minang
0312900,031290004,3.0,1.0,36.0,1.0,9.0,61.0,7.0,0.0,,7.0,13.0,1.0,1000000.0,0.0,0.0,False,True,False,False,False,Minang
0312900,031290005,3.0,3.0,33.0,1.0,9.0,5.0,7.0,0.0,,7.0,13.0,2.0,1000000.0,0.0,0.0,False,False,True,False,False,Minang
0312900,031290007,6.0,3.0,91.0,1.0,9.0,2.0,7.0,0.0,7.0,7.0,13.0,2.0,0.0,0.0,0.0,False,False,True,False,False,Minang
0312900,031290008,5.0,1.0,46.0,1.0,9.0,61.0,7.0,0.0,,7.0,13.0,1.0,0.0,0.0,0.0,False,True,False,False,False,Minang
0312900,031290009,10.0,3.0,15.0,1.0,9.0,5.0,0.0,0.0,7.0,7.0,13.0,1.0,0.0,650000.0,13.384729180332174,False,False,True,False,False,Minang
0312900,031290012,5.0,1.0,43.0,1.0,9.0,5.0,7.0,0.0,,7.0,13.0,2.0,0.0,0.0,0.0,False,True,False,False,False,Minang
0312951,031295102,3.0,3.0,33.0,1.0,9.0,60.0,7.0,0.0,7.0,7.0,13.0,1.0,2000000.0,0.0,0.0,False,False,True,False,False,Minang
0313000,031300003,1.0,1.0,49.0,1.0,9.0,5.0,7.0,0.0,,7.0,13.0,2.0,0.0,0.0,0.0,False,True,False,False,False,Minang
0313000,031300004,2.0,3.0,47.0,1.0,9.0,5.0,7.0,0.0,,7.0,13.0,2.0,2000000.0,0.0,0.0,False,False,True,False,False,Minang
0313000,031300005,3.0,3.0,25.0,1.0,9.0,61.0,7.0,0.0,,75.0,13.0,1.0,200000.0,0.0,0.0,False,False,True,False,False,Minang
0313000,031300006,3.0,3.0,23.0,1.0,9.0,61.0,7.0,0.0,,7.0,13.0,2.0,0.0,0.0,0.0,False,False,True,False,False,Minang
0313000,031300007,3.0,3.0,20.0,1.0,9.0,61.0,1.0,0.0,7.0,7.0,13.0,2.0,0.0,0.0,0.0,False,False,True,False,False,Minang
0313000,031300009,6.0,3.0,78.0,1.0,9.0,2.0,98.0,1.0,5.0,7.0,13.0,2.0,0.0,0.0,0.0,True,False,True,False,True,Minang
0313051,031305101,1.0,1.0,30.0,1.0,9.0,5.0,7.0,1.0,12.0,75.0,13.0,1.0,0.0,0.0,0.0,True,True,False,True,False,Minang
0320100,032010002,7.0,3.0,72.0,1.0,9.0,2.0,3.0,0.0,,7.0,13.0,2.0,0.0,500000.0,13.122365377402328,False,False,True,False,False,Minang
0320100,032010003,2.0,3.0,37.0,1.0,9.0,61.0,7.0,0.0,,75.0,13.0,1.0,3000000.0,0.0,0.0,False,False,True,False,False,Minang
0320100,032010006,1.0,1.0,47.0,1.0,9.0,61.0,7.0,0.0,,75.0,13.0,1.0,0.0,0.0,0.0,False,True,False,False,False,Minang
0320200,032020002,1.0,3.0,61.0,1.0,9.0,2.0,1.0,0.0,,7.0,13.0,2.0,0.0,0.0,0.0,False,False,True,False,False,Minang
0320200,032020003,3.0,3.0,37.0,1.0,9.0,72.0,7.0,0.0,,8.0,14.0,1.0,0.0,0.0,0.0,False,False,True,False,False,Minang
0320241,032024101,1.0,1.0,41.0,1.0,9.0,3.0,7.0,1.0,5.0,8.0,14.0,1.0,0.0,0.0,0.0,True,True,False,True,False,Minang
0320300,032030001,1.0,1.0,60.0,1.0,9.0,2.0,98.0,0.0,,7.0,13.0,2.0,350000.0,0.0,0.0,False,True,False,False,False,Minang
0320300,032030002,2.0,3.0,60.0,1.0,9.0,1.0,96.0,0.0,,7.0,13.0,2.0,0.0,0.0,0.0,False,False,True,False,False,Minang
0320300,032030004,3.0,3.0,37.0,1.0,9.0,5.0,7.0,0.0,,7.0,13.0,2.0,300000.0,0.0,0.0,False,False,True,False,False,Minang
0320300,032030006,3.0,1.0,30.0,1.0,9.0,73.0,2.0,0.0,,7.0,13.0,2.0,0.0,0.0,0.0,False,True,False,False,False,Minang
0320300,032030008,10.0,3.0,17.0,1.0,9.0,3.0,1.0,1.0,75.0,7.0,13.0,2.0,0.0,200000.0,12.206077645517674,True,False,True,False,True,Minang
0320300,032030009,10.0,1.0,15.0,1.0,9.0,73.0,2.0,0.0,7.0,7.0,13.0,2.0,0.0,1000000.0,13.815511557963774,False,True,False,False,False,Minang
0320300,032033101,5.0,1.0,37.0,1.0,9.0,6.0,7.0,0.0,,7.0,13.0,2.0,0.0,0.0,0.0,False,True,False,False,False,Minang
0320341,032034102,1.0,3.0,37.0,1.0,9.0,5.0,7.0,0.0,,7.0,13.0,1.0,0.0,1500000.0,14.220976332738882,False,False,True,False,False,Minang
0320342,032034202,2.0,3.0,28.0,1.0,9.0,6.0,7.0,0.0,,7.0,13.0,2.0,0.0,0.0,0.0,False,False,True,False,False,Minang
0320400,032040001,1.0,1.0,46.0,1.0,9.0,98.0,98.0,0.0,,7.0,13.0,2.0,200000.0,500000.0,13.122365377402328,False,True,False,False,False,Minang
0320400,032040002,2.0,3.0,44.0,1.0,9.0,98.0,98.0,0.0,,7.0,13.0,2.0,200000.0,0.0,0.0,False,False,True,False,False,Minang
0320400,032040003,3.0,1.0,23.0,1.0,9.0,3.0,2.0,0.0,,7.0,13.0,2.0,0.0,500000.0,13.122365377402328,False,True,False,False,False,Minang
0320400,032040004,3.0,1.0,20.0,1.0,9.0,6.0,7.0,0.0,7.0,7.0,13.0,2.0,2000000.0,250000.0,12.429220196836384,False,True,False,False,False,Minang
0320400,032040005,3.0,3.0,15.0,1.0,9.0,3.0,2.0,0.0,7.0,7.0,13.0,2.0,0.0,200000.0,12.206077645517674,False,False,True,False,False,Minang
0320500,032050002,7.0,3.0,69.0,1.0,9.0,2.0,98.0,0.0,,7.0,13.0,2.0,0.0,0.0,0.0,False,False,True,False,False,Minang
0320500,032050003,2.0,3.0,48.0,1.0,9.0,2.0,2.0,0.0,,7.0,13.0,2.0,0.0,0.0,0.0,False,False,True,False,False,Minang
0320500,032050005,9.0,3.0,35.0,1.0,9.0,6.0,7.0,0.0,,73.0,14.0,1.0,0.0,0.0,0.0,False,False,True,False,False,Minang
0320500,032050006,9.0,3.0,34.0,1.0,9.0,6.0,7.0,0.0,,73.0,14.0,1.0,200000.0,0.0,0.0,False,False,True,False,False,Minang
0320500,032050007,1.0,1.0,54.0,1.0,9.0,2.0,4.0,0.0,,7.0,13.0,2.0,0.0,0.0,0.0,False,True,False,False,False,Minang
0320500,032050010,3.0,1.0,28.0,1.0,9.0,6.0,7.0,1.0,7.0,77.0,13.0,1.0,0.0,0.0,0.0,True,True,False,True,False,Minang
0320500,032050011,3.0,3.0,21.0,1.0,9.0,2.0,4.0,0.0,7.0,7.0,13.0,2.0,0.0,0.0,0.0,False,False,True,False,False,Minang
0320500,032050012,3.0,1.0,17.0,1.0,9.0,73.0,2.0,1.0,73.0,7.0,13.0,2.0,0.0,0.0,0.0,True,True,False,True,False,Minang
0320500,032050016,5.0,1.0,35.0,1.0,9.0,6.0,7.0,1.0,71.0,7.0,13.0,2.0,100000.0,0.0,0.0,True,True,False,True,False,Minang
0320543,032054301,1.0,1.0,39.0,1.0,9.0,3.0,1.0,1.0,9.0,73.0,14.0,1.0,0.0,0.0,0.0,True,True,False,True,False,Minang
0320544,032054404,2.0,3.0,26.0,1.0,9.0,6.0,7.0,1.0,71.0,77.0,13.0,1.0,0.0,0.0,0.0,True,False,True,False,True,Minang
0320600,032060001,1.0,1.0,49.0,1.0,9.0,73.0,7.0,0.0,,7.0,13.0,2.0,200000.0,0.0,0.0,False,True,False,False,False,Minang
0320600,032060002,2.0,3.0,44.0,1.0,9.0,3.0,7.0,0.0,,7.0,13.0,2.0,0.0,0.0,0.0,False,False,True,False,False,Minang
0320600,032060003,3.0,1.0,21.0,1.0,9.0,61.0,2.0,1.0,7.0,71.0,13.0,1.0,0.0,300000.0,12.611541086966117,True,True,False,True,False,Minang
0320600,032060004,7.0,3.0,66.0,1.0,9.0,2.0,1.0,0.0,,7.0,13.0,2.0,0.0,0.0,0.0,False,False,True,False,False,Minang
0320600,032060007,3.0,3.0,18.0,1.0,9.0,61.0,0.0,1.0,7.0,71.0,13.0,1.0,0.0,500000.0,13.122365377402328,True,False,True,False,True,Minang
0320700,032070001,1.0,1.0,76.0,1.0,9.0,6.0,7.0,0.0,,7.0,13.0,2.0,0.0,0.0,0.0,False,True,False,False,False,Minang
0320700,032070005,3.0,1.0,32.0,1.0,9.0,60.0,7.0,0.0,,73.0,14.0,1.0,200000.0,0.0,0.0,False,True,False,False,False,Minang
0320800,032080001,1.0,1.0,74.0,1.0,9.0,2.0,7.0,0.0,,7.0,13.0,2.0,500000.0,0.0,0.0,False,True,False,False,False,Minang
0320800,032080002,2.0,3.0,74.0,1.0,9.0,2.0,7.0,0.0,7.0,7.0,13.0,2.0,0.0,0.0,0.0,False,False,True,False,False,Minang
0320800,032080003,3.0,3.0,45.0,1.0,9.0,5.0,7.0,0.0,,7.0,13.0,2.0,0.0,0.0,0.0,False,False,True,False,False,Minang
0320800,032080005,3.0,3.0,30.0,1.0,9.0,61.0,7.0,0.0,,7.0,13.0,2.0,3000000.0,0.0,0.0,False,False,True,False,False,Minang
0320800,032080010,10.0,3.0,17.0,1.0,9.0,5.0,2.0,0.0,7.0,7.0,13.0,2.0,0.0,0.0,0.0,False,False,True,False,False,Minang
0320900,032090002,5.0,3.0,63.0,1.0,9.0,2.0,0.0,0.0,,7.0,13.0,2.0,0.0,0.0,0.0,False,False,True,False,False,Minang
0320900,032090003,9.0,1.0,41.0,1.0,9.0,6.0,7.0,1.0,7.0,73.0,14.0,1.0,0.0,0.0,0.0,True,True,False,True,False,Minang
0320900,032090004,2.0,3.0,38.0,1.0,9.0,6.0,7.0,0.0,,7.0,13.0,2.0,0.0,0.0,0.0,False,False,True,False,False,Minang
0320900,032090005,9.0,1.0,34.0,1.0,9.0,6.0,7.0,0.0,,73.0,14.0,1.0,0.0,0.0,0.0,False,True,False,False,False,Minang
0320900,032093201,1.0,1.0,45.0,1.0,9.0,2.0,2.0,1.0,73.0,7.0,13.0,2.0,0.0,0.0,0.0,True,True,False,True,False,Minang
0320931,032093104,2.0,3.0,38.0,1.0,9.0,5.0,7.0,0.0,,73.0,14.0,1.0,300000.0,0.0,0.0,False,False,True,False,False,Minang
0320941,032094102,2.0,3.0,34.0,1.0,9.0,60.0,7.0,1.0,71.0,73.0,14.0,1.0,0.0,0.0,0.0,True,False,True,False,True,Minang
0321100,032110001,1.0,3.0,63.0,1.0,9.0,2.0,3.0,0.0,,8.0,14.0,1.0,100000.0,200000.0,12.206077645517674,False,False,True,False,False,Minang
0321100,032110002,3.0,3.0,38.0,1.0,9.0,2.0,7.0,0.0,,8.0,14.0,1.0,300000.0,0.0,0.0,False,False,True,False,False,Minang
0321100,032110003,3.0,1.0,33.0,1.0,9.0,2.0,5.0,0.0,,8.0,14.0,1.0,0.0,0.0,0.0,False,True,False,False,False,Minang
0321100,032110004,3.0,1.0,32.0,1.0,9.0,6.0,2.0,0.0,8.0,8.0,14.0,1.0,0.0,0.0,0.0,False,True,False,False,False,Minang
0321100,032110005,3.0,3.0,29.0,1.0,9.0,3.0,7.0,0.0,,8.0,14.0,1.0,0.0,0.0,0.0,False,False,True,False,False,Minang
0321100,032110006,3.0,3.0,28.0,1.0,9.0,2.0,7.0,1.0,7.0,8.0,14.0,1.0,500000.0,0.0,0.0,True,False,True,False,True,Minang
0321100,032110007,3.0,3.0,18.0,1.0,9.0,5.0,2.0,0.0,8.0,8.0,14.0,1.0,100000.0,400000.0,12.899222326086994,False,False,True,False,False,Minang
0321142,032114202,2.0,3.0,32.0,1.0,9.0,2.0,7.0,0.0,,8.0,14.0,1.0,0.0,0.0,0.0,False,False,True,False,False,Minang
0321143,032114301,1.0,1.0,37.0,1.0,9.0,6.0,7.0,1.0,76.0,8.0,14.0,1.0,0.0,0.0,0.0,True,True,False,True,False,Minang
0321151,032115102,2.0,3.0,30.0,1.0,9.0,60.0,7.0,1.0,5.0,8.0,14.0,1.0,200000.0,300000.0,12.611541086966117,True,False,True,False,True,Minang
0321200,032120001,7.0,1.0,81.0,1.0,9.0,2.0,7.0,0.0,,7.0,13.0,2.0,0.0,0.0,0.0,False,True,False,False,False,Minang
0321200,032120002,7.0,3.0,74.0,1.0,9.0,2.0,7.0,0.0,,7.0,13.0,2.0,0.0,500000.0,13.122365377402328,False,False,True,False,False,Minang
0321200,032120004,2.0,3.0,53.0,1.0,9.0,2.0,7.0,0.0,,7.0,13.0,2.0,0.0,7200000.0,15.789591722875162,False,False,True,False,False,Minang
0321200,032120005,4.0,3.0,33.0,1.0,9.0,5.0,7.0,0.0,,4.0,14.0,1.0,0.0,0.0,0.0,False,False,True,False,False,Minang
0321200,032120006,4.0,3.0,32.0,1.0,9.0,2.0,7.0,0.0,,8.0,13.0,2.0,0.0,0.0,0.0,False,False,True,False,False,Minang
0321200,032121205,3.0,1.0,17.0,1.0,9.0,6.0,0.0,0.0,7.0,7.0,13.0,2.0,400000.0,5000000.0,15.424948670398354,False,True,False,False,False,Minang
0321212,032121206,1.0,1.0,35.0,1.0,9.0,2.0,3.0,0.0,,8.0,13.0,2.0,0.0,0.0,0.0,False,True,False,False,False,Minang
0321212,032121207,3.0,1.0,15.0,1.0,9.0,2.0,4.0,0.0,8.0,8.0,13.0,2.0,0.0,0.0,0.0,False,True,False,False,False,Minang
0321300,032130001,6.0,3.0,76.0,1.0,9.0,2.0,98.0,0.0,7.0,7.0,13.0,2.0,0.0,0.0,0.0,False,False,True,False,False,Minang
0321300,032130004,3.0,3.0,29.0,1.0,9.0,60.0,7.0,0.0,,1.0,32.0,1.0,0.0,0.0,0.0,False,False,True,False,False,Minang
0321300,032130005,3.0,1.0,23.0,1.0,9.0,60.0,2.0,0.0,,71.0,13.0,1.0,0.0,1500000.0,14.220976332738882,False,True,False,False,False,Minang
0321300,032130008,3.0,3.0,16.0,1.0,9.0,5.0,0.0,0.0,7.0,7.0,13.0,2.0,0.0,1000000.0,13.815511557963774,False,False,True,False,False,Minang
0321300,032134101,6.0,1.0,82.0,1.0,9.0,2.0,98.0,1.0,98.0,7.0,13.0,2.0,0.0,0.0,0.0,True,True,False,True,False,Minang
0321400,032140003,2.0,3.0,37.0,1.0,9.0,6.0,7.0,0.0,,8.0,14.0,1.0,2000000.0,0.0,0.0,False,False,True,False,False,Minang
0321400,032140004,9.0,3.0,33.0,1.0,9.0,5.0,7.0,0.0,,8.0,14.0,1.0,500000.0,0.0,0.0,False,False,True,False,False,Minang
0321400,032140005,9.0,1.0,30.0,1.0,9.0,60.0,7.0,0.0,,8.0,14.0,1.0,0.0,0.0,0.0,False,True,False,False,False,Minang
0321400,032140006,9.0,3.0,28.0,1.0,9.0,5.0,7.0,0.0,,8.0,14.0,1.0,1200000.0,0.0,0.0,False,False,True,False,False,Minang
0321400,032143106,1.0,1.0,38.0,1.0,9.0,6.0,7.0,0.0,,8.0,14.0,1.0,0.0,0.0,0.0,False,True,False,False,False,Minang
0321400,032143109,3.0,3.0,15.0,1.0,9.0,3.0,3.0,1.0,7.0,8.0,14.0,1.0,0.0,0.0,0.0,True,False,True,False,True,Minang
0321400,032140011,13.0,1.0,15.0,1.0,9.0,3.0,7.0,1.0,7.0,8.0,14.0,1.0,0.0,1000000.0,13.815511557963774,True,True,False,True,False,Minang
0321442,032144202,2.0,3.0,29.0,1.0,9.0,60.0,7.0,0.0,,8.0,14.0,1.0,300000.0,200000.0,12.206077645517674,False,False,True,False,False,Minang
0321500,032150003,1.0,1.0,49.0,1.0,9.0,60.0,7.0,0.0,,75.0,13.0,1.0,0.0,0.0,0.0,False,True,False,False,False,Minang
0321600,032160001,1.0,1.0,72.0,1.0,9.0,2.0,2.0,0.0,,7.0,13.0,2.0,0.0,0.0,0.0,False,True,False,False,False,Minang
0321600,032160003,3.0,3.0,48.0,1.0,9.0,5.0,7.0,0.0,,7.0,13.0,2.0,0.0,0.0,0.0,False,False,True,False,False,Minang
0321600,032160004,3.0,1.0,38.0,1.0,9.0,6.0,7.0,0.0,7.0,7.0,13.0,2.0,0.0,0.0,0.0,False,True,False,False,False,Minang
0321600,032160009,10.0,1.0,17.0,1.0,9.0,5.0,1.0,0.0,7.0,7.0,13.0,2.0,0.0,0.0,0.0,False,True,False,False,False,Minang
0321651,032165102,2.0,3.0,27.0,1.0,9.0,5.0,7.0,0.0,7.0,7.0,13.0,2.0,0.0,0.0,0.0,False,False,True,False,False,Minang
0321731,032170004,3.0,1.0,19.0,1.0,9.0,61.0,0.0,1.0,74.0,4.0,34.0,1.0,0.0,1300000.0,14.077875591662238,True,True,False,True,False,Minang
0321731,032173103,2.0,3.0,49.0,1.0,9.0,62.0,7.0,1.0,7.0,74.0,13.0,1.0,0.0,0.0,0.0,True,False,True,False,True,Minang
0321731,032170001,7.0,1.0,74.0,1.0,9.0,6.0,7.0,0.0,,74.0,13.0,1.0,300000.0,3000000.0,14.914123179965662,False,True,False,False,False,Minang
0321731,032170002,7.0,3.0,70.0,1.0,9.0,2.0,7.0,0.0,,74.0,13.0,1.0,0.0,0.0,0.0,False,False,True,False,False,Minang
0321800,032180001,1.0,3.0,68.0,1.0,9.0,2.0,5.0,0.0,,7.0,13.0,2.0,0.0,0.0,0.0,False,False,True,False,False,Minang
0321900,032190001,1.0,1.0,55.0,1.0,9.0,74.0,7.0,0.0,,7.0,13.0,2.0,0.0,6000000.0,15.607270193858982,False,True,False,False,False,Minang
0321900,032190002,2.0,3.0,54.0,1.0,9.0,61.0,7.0,0.0,,7.0,13.0,2.0,0.0,0.0,0.0,False,False,True,False,False,Minang
0321900,032190003,3.0,1.0,31.0,1.0,9.0,61.0,2.0,1.0,7.0,76.0,13.0,1.0,0.0,0.0,0.0,True,True,False,True,False,Minang
0321900,032190005,9.0,3.0,64.0,1.0,9.0,2.0,3.0,0.0,7.0,7.0,13.0,2.0,0.0,0.0,0.0,False,False,True,False,False,Minang
0321900,032190006,7.0,1.0,75.0,1.0,9.0,2.0,7.0,0.0,7.0,7.0,13.0,2.0,0.0,0.0,0.0,False,True,False,False,False,Minang
0321951,032195102,2.0,3.0,30.0,1.0,9.0,61.0,7.0,1.0,5.0,76.0,13.0,1.0,200000.0,0.0,0.0,True,False,True,False,True,Minang
0322000,032200001,12.0,1.0,64.0,1.0,9.0,2.0,98.0,0.0,,7.0,13.0,2.0,0.0,0.0,0.0,False,True,False,False,False,Minang
0322000,032200002,12.0,3.0,56.0,1.0,9.0,2.0,2.0,0.0,,7.0,13.0,2.0,0.0,0.0,0.0,False,False,True,False,False,Minang
0322000,032200006,14.0,1.0,29.0,1.0,9.0,98.0,98.0,0.0,7.0,7.0,13.0,2.0,0.0,0.0,0.0,False,True,False,False,False,Minang
0322000,032200007,14.0,3.0,26.0,1.0,9.0,2.0,7.0,0.0,,7.0,13.0,2.0,0.0,0.0,0.0,False,False,True,False,False,Minang
0322000,032200008,14.0,1.0,24.0,1.0,9.0,6.0,7.0,0.0,,75.0,13.0,1.0,0.0,0.0,0.0,False,True,False,False,False,Minang
0322000,032200010,6.0,3.0,72.0,1.0,9.0,2.0,2.0,0.0,,7.0,13.0,2.0,0.0,0.0,0.0,False,False,True,False,False,Minang
0322000,032200011,1.0,3.0,43.0,1.0,9.0,5.0,7.0,0.0,7.0,7.0,13.0,2.0,0.0,0.0,0.0,False,False,True,False,False,Minang
0322000,032200013,3.0,1.0,20.0,1.0,9.0,3.0,2.0,1.0,7.0,9.0,14.0,2.0,0.0,0.0,0.0,True,True,False,True,False,Minang
0322000,032200014,3.0,3.0,17.0,1.0,9.0,6.0,1.0,0.0,7.0,7.0,13.0,2.0,0.0,0.0,0.0,False,False,True,False,False,Minang
0322011,032201109,3.0,1.0,18.0,1.0,9.0,6.0,2.0,0.0,7.0,7.0,13.0,2.0,0.0,0.0,0.0,False,True,False,False,False,Minang
0322011,032201110,3.0,3.0,16.0,1.0,9.0,6.0,0.0,0.0,7.0,7.0,13.0,2.0,0.0,0.0,0.0,False,False,True,False,False,Minang
0322051,032205102,2.0,3.0,30.0,1.0,9.0,61.0,7.0,0.0,7.0,7.0,13.0,2.0,100000.0,0.0,0.0,False,False,True,False,False,Minang
0322052,032205205,3.0,3.0,22.0,1.0,9.0,6.0,7.0,0.0,75.0,75.0,13.0,1.0,300000.0,100000.0,11.51293546492023,False,False,True,False,False,Minang
0322200,032220001,1.0,3.0,78.0,1.0,9.0,2.0,2.0,0.0,,7.0,13.0,2.0,0.0,0.0,0.0,False,False,True,False,False,Minang
0322441,032240001,1.0,3.0,59.0,1.0,9.0,2.0,1.0,0.0,,7.0,13.0,2.0,0.0,0.0,0.0,False,False,True,False,False,Minang
0322441,032240005,3.0,3.0,20.0,1.0,9.0,6.0,7.0,1.0,7.0,75.0,13.0,1.0,0.0,300000.0,12.611541086966117,True,False,True,False,True,Minang
0322531,032250001,1.0,1.0,54.0,1.0,9.0,2.0,2.0,0.0,,7.0,13.0,2.0,0.0,0.0,0.0,False,True,False,False,False,Minang
0322531,032250002,2.0,3.0,52.0,1.0,9.0,2.0,4.0,0.0,,7.0,13.0,2.0,0.0,1000000.0,13.815511557963774,False,False,True,False,False,Minang
0322531,032250003,3.0,3.0,28.0,1.0,9.0,61.0,0.0,0.0,,7.0,13.0,2.0,0.0,0.0,0.0,False,False,True,False,False,Minang
0322531,032250005,7.0,3.0,83.0,1.0,9.0,1.0,96.0,0.0,7.0,7.0,13.0,2.0,0.0,0.0,0.0,False,False,True,False,False,Minang
0322541,032254102,1.0,3.0,37.0,1.0,9.0,74.0,7.0,0.0,,73.0,14.0,1.0,500000.0,0.0,0.0,False,False,True,False,False,Minang
0322700,032270001,1.0,3.0,69.0,1.0,9.0,1.0,96.0,0.0,,7.0,13.0,2.0,0.0,0.0,0.0,False,False,True,False,False,Minang
0322700,032270002,3.0,3.0,37.0,1.0,9.0,5.0,7.0,0.0,,73.0,14.0,1.0,1000000.0,0.0,0.0,False,False,True,False,False,Minang
0322700,032270003,3.0,1.0,33.0,1.0,9.0,6.0,7.0,0.0,,71.0,14.0,1.0,1000000.0,2000000.0,14.508658238524095,False,True,False,False,False,Minang
0322700,032270004,3.0,1.0,28.0,1.0,9.0,74.0,7.0,0.0,,8.0,13.0,2.0,1000000.0,1000000.0,13.815511557963774,False,True,False,False,False,Minang
0322741,032274101,1.0,1.0,40.0,1.0,9.0,5.0,7.0,0.0,,73.0,14.0,1.0,0.0,0.0,0.0,False,True,False,False,False,Minang
0322742,032274202,2.0,3.0,29.0,1.0,9.0,5.0,7.0,1.0,7.0,71.0,14.0,1.0,0.0,0.0,0.0,True,False,True,False,True,Minang
0322751,032275102,2.0,3.0,27.0,1.0,9.0,5.0,7.0,0.0,8.0,8.0,13.0,2.0,0.0,0.0,0.0,False,False,True,False,False,Minang
0322800,032280001,7.0,1.0,57.0,1.0,9.0,3.0,7.0,0.0,,7.0,13.0,2.0,0.0,0.0,0.0,False,True,False,False,False,Minang
0322800,032280004,2.0,3.0,36.0,1.0,9.0,5.0,2.0,0.0,,7.0,13.0,2.0,0.0,0.0,0.0,False,False,True,False,False,Minang
0322800,032280005,9.0,3.0,32.0,1.0,9.0,60.0,7.0,0.0,,76.0,32.0,1.0,1000000.0,0.0,0.0,False,False,True,False,False,Minang
0322800,032280006,1.0,1.0,37.0,1.0,9.0,2.0,3.0,0.0,,7.0,13.0,2.0,300000.0,0.0,0.0,False,True,False,False,False,Minang
0322800,032280007,3.0,1.0,15.0,1.0,9.0,3.0,2.0,0.0,7.0,7.0,13.0,2.0,200000.0,100000.0,11.51293546492023,False,True,False,False,False,Minang
0322811,032281102,2.0,3.0,44.0,1.0,9.0,74.0,7.0,0.0,,7.0,13.0,2.0,0.0,0.0,0.0,False,False,True,False,False,Minang
0322811,032281103,3.0,3.0,24.0,1.0,9.0,6.0,7.0,0.0,,15.0,32.0,1.0,0.0,0.0,0.0,False,False,True,False,False,Minang
0322811,032281104,3.0,3.0,19.0,1.0,9.0,6.0,2.0,1.0,8.0,7.0,13.0,2.0,0.0,0.0,0.0,True,False,True,False,True,Minang
0322941,032294101,1.0,1.0,44.0,1.0,9.0,6.0,7.0,0.0,,8.0,14.0,1.0,0.0,0.0,0.0,False,True,False,False,False,Minang
0322941,032290003,2.0,3.0,41.0,1.0,9.0,3.0,7.0,0.0,,8.0,14.0,1.0,0.0,0.0,0.0,False,False,True,False,False,Minang
0322941,032294103,3.0,1.0,17.0,1.0,9.0,5.0,2.0,0.0,8.0,8.0,14.0,1.0,0.0,0.0,0.0,False,True,False,False,False,Minang
0322941,032290008,9.0,1.0,28.0,1.0,9.0,6.0,7.0,0.0,,6.0,14.0,1.0,250000.0,0.0,0.0,False,True,False,False,False,Minang
0322942,032294201,1.0,1.0,39.0,1.0,9.0,6.0,7.0,0.0,,75.0,13.0,1.0,2000000.0,0.0,0.0,False,True,False,False,False,Minang
0322942,032290006,2.0,3.0,32.0,1.0,9.0,6.0,7.0,0.0,,75.0,13.0,1.0,0.0,0.0,0.0,False,False,True,False,False,Minang
0322950,032295002,2.0,3.0,29.0,1.0,9.0,61.0,7.0,1.0,8.0,6.0,14.0,1.0,0.0,0.0,0.0,True,False,True,False,True,Minang
0323000,032300002,5.0,3.0,64.0,1.0,9.0,2.0,2.0,0.0,,7.0,13.0,2.0,0.0,0.0,0.0,False,False,True,False,False,Minang
0323000,032300004,9.0,3.0,32.0,1.0,9.0,3.0,7.0,1.0,7.0,73.0,14.0,1.0,0.0,0.0,0.0,True,False,True,False,True,Minang
0323000,032300005,9.0,1.0,29.0,1.0,9.0,6.0,7.0,0.0,,7.0,13.0,2.0,150000.0,0.0,0.0,False,True,False,False,False,Minang
0323000,032300006,2.0,3.0,29.0,1.0,9.0,2.0,4.0,0.0,,7.0,13.0,2.0,200000.0,0.0,0.0,False,False,True,False,False,Minang
0323000,032300007,9.0,1.0,28.0,1.0,9.0,6.0,7.0,1.0,7.0,6.0,14.0,1.0,500000.0,0.0,0.0,True,True,False,True,False,Minang
0323042,032304202,2.0,3.0,31.0,1.0,9.0,60.0,7.0,0.0,,7.0,13.0,2.0,0.0,0.0,0.0,False,False,True,False,False,Minang
0323051,032305101,1.0,1.0,42.0,1.0,9.0,5.0,7.0,0.0,73.0,73.0,14.0,1.0,0.0,0.0,0.0,False,True,False,False,False,Minang
0323052,032305202,2.0,3.0,27.0,1.0,9.0,60.0,7.0,1.0,5.0,6.0,14.0,1.0,0.0,0.0,0.0,True,False,True,False,True,Minang
0330100,033010003,8.0,1.0,33.0,1.0,9.0,3.0,7.0,0.0,,71.0,13.0,1.0,100000.0,0.0,0.0,False,True,False,False,False,Minang
0330100,033010005,8.0,1.0,24.0,1.0,9.0,3.0,7.0,0.0,71.0,71.0,13.0,1.0,0.0,0.0,0.0,False,True,False,False,False,Minang
0330100,033010009,9.0,3.0,24.0,1.0,9.0,6.0,7.0,1.0,7.0,71.0,13.0,1.0,0.0,0.0,0.0,True,False,True,False,True,Minang
0330141,033014103,2.0,3.0,30.0,1.0,9.0,5.0,7.0,1.0,2.0,71.0,13.0,1.0,0.0,1000000.0,13.815511557963774,True,False,True,False,True,Minang
0330300,033030001,1.0,1.0,75.0,1.0,9.0,2.0,3.0,0.0,,71.0,13.0,1.0,0.0,100000.0,11.51293546492023,False,True,False,False,False,Minang
0330300,033030003,3.0,1.0,34.0,1.0,9.0,3.0,7.0,0.0,,71.0,13.0,1.0,0.0,0.0,0.0,False,True,False,False,False,Minang
0330300,033030004,3.0,1.0,29.0,1.0,9.0,3.0,7.0,0.0,,71.0,13.0,1.0,0.0,0.0,0.0,False,True,False,False,False,Minang
0330300,033030006,3.0,1.0,32.0,1.0,9.0,6.0,0.0,0.0,,71.0,13.0,1.0,0.0,250000.0,12.429220196836384,False,True,False,False,False,Minang
0330311,033031102,2.0,3.0,44.0,1.0,9.0,3.0,2.0,0.0,,71.0,13.0,1.0,600000.0,0.0,0.0,False,False,True,False,False,Minang
0330311,033031103,3.0,1.0,19.0,1.0,9.0,6.0,2.0,0.0,71.0,71.0,13.0,1.0,0.0,0.0,0.0,False,True,False,False,False,Minang
0330311,033031104,3.0,1.0,16.0,1.0,9.0,3.0,7.0,0.0,71.0,71.0,13.0,1.0,0.0,0.0,0.0,False,True,False,False,False,Minang
0330600,033060001,5.0,1.0,50.0,1.0,9.0,2.0,7.0,0.0,,71.0,13.0,1.0,1200000.0,0.0,0.0,False,True,False,False,False,Minang
0330600,033060003,10.0,1.0,27.0,1.0,9.0,5.0,7.0,0.0,,71.0,13.0,1.0,2000000.0,700000.0,13.45883704259595,False,True,False,False,False,Minang
0330600,033060006,1.0,3.0,76.0,1.0,9.0,2.0,7.0,0.0,,71.0,13.0,1.0,0.0,0.0,0.0,False,False,True,False,False,Minang
0330600,033060008,3.0,3.0,44.0,1.0,9.0,6.0,7.0,0.0,,71.0,13.0,1.0,0.0,0.0,0.0,False,False,True,False,False,Minang
0330600,033060009,10.0,1.0,31.0,1.0,9.0,3.0,7.0,0.0,71.0,71.0,14.0,1.0,0.0,0.0,0.0,False,True,False,False,False,Minang
0330600,033060010,10.0,1.0,31.0,1.0,9.0,3.0,7.0,0.0,,71.0,13.0,1.0,0.0,0.0,0.0,False,True,False,False,False,Minang
0330600,033060011,5.0,1.0,41.0,1.0,2.0,98.0,98.0,1.0,72.0,71.0,13.0,1.0,0.0,0.0,0.0,True,True,False,True,False,Minang
0330600,033060013,10.0,1.0,17.0,1.0,9.0,5.0,1.0,0.0,71.0,71.0,13.0,1.0,0.0,0.0,0.0,False,True,False,False,False,Minang
0330600,033060014,3.0,3.0,52.0,1.0,9.0,2.0,7.0,0.0,71.0,71.0,13.0,1.0,0.0,0.0,0.0,False,False,True,False,False,Minang
0330611,033061105,3.0,3.0,20.0,1.0,9.0,60.0,1.0,0.0,71.0,71.0,13.0,1.0,300000.0,3500000.0,15.068273812173889,False,False,True,False,False,Minang
0330651,033065102,2.0,3.0,23.0,1.0,9.0,5.0,7.0,1.0,6.0,71.0,13.0,1.0,200000.0,0.0,0.0,True,False,True,False,True,Minang
0330652,033065202,2.0,3.0,25.0,1.0,9.0,5.0,7.0,1.0,7.0,71.0,14.0,1.0,0.0,0.0,0.0,True,False,True,False,True,Minang
0330700,033070001,1.0,1.0,54.0,1.0,9.0,2.0,2.0,0.0,,71.0,13.0,1.0,0.0,0.0,0.0,False,True,False,False,False,Minang
0330700,033070002,2.0,3.0,50.0,1.0,9.0,3.0,7.0,0.0,,71.0,13.0,1.0,0.0,0.0,0.0,False,False,True,False,False,Minang
0330700,033070003,3.0,1.0,27.0,1.0,9.0,6.0,7.0,0.0,,71.0,13.0,1.0,200000.0,100000.0,11.51293546492023,False,True,False,False,False,Minang
0330700,033070004,3.0,1.0,25.0,1.0,9.0,6.0,0.0,0.0,,71.0,13.0,1.0,1500000.0,0.0,0.0,False,True,False,False,False,Minang
0330800,033080002,9.0,1.0,42.0,1.0,9.0,3.0,0.0,0.0,,71.0,13.0,1.0,0.0,0.0,0.0,False,True,False,False,False,Minang
0330800,033080003,2.0,3.0,40.0,1.0,9.0,5.0,7.0,0.0,,71.0,13.0,1.0,0.0,0.0,0.0,False,False,True,False,False,Minang
0330800,033080004,9.0,1.0,36.0,1.0,9.0,2.0,1.0,0.0,,71.0,13.0,1.0,1000000.0,0.0,0.0,False,True,False,False,False,Minang
0330800,033080005,9.0,1.0,34.0,1.0,9.0,3.0,7.0,0.0,,71.0,13.0,1.0,0.0,0.0,0.0,False,True,False,False,False,Minang
0330800,033080008,1.0,1.0,42.0,1.0,9.0,3.0,1.0,0.0,,71.0,13.0,1.0,0.0,0.0,0.0,False,True,False,False,False,Minang
0330800,033080011,9.0,3.0,30.0,1.0,9.0,61.0,7.0,0.0,,71.0,13.0,1.0,0.0,0.0,0.0,False,False,True,False,False,Minang
0330900,033090001,1.0,1.0,56.0,1.0,9.0,2.0,4.0,0.0,,71.0,13.0,1.0,0.0,0.0,0.0,False,True,False,False,False,Minang
0330900,033090002,2.0,3.0,56.0,1.0,9.0,2.0,4.0,0.0,,71.0,13.0,1.0,0.0,0.0,0.0,False,False,True,False,False,Minang
0330900,033090003,3.0,3.0,27.0,1.0,9.0,61.0,7.0,0.0,,71.0,13.0,1.0,1000000.0,0.0,0.0,False,False,True,False,False,Minang
0330900,033090004,3.0,1.0,24.0,1.0,9.0,3.0,2.0,0.0,,71.0,13.0,1.0,0.0,0.0,0.0,False,True,False,False,False,Minang
0330900,033090007,3.0,3.0,16.0,1.0,9.0,5.0,1.0,0.0,71.0,71.0,13.0,1.0,0.0,0.0,0.0,False,False,True,False,False,Minang
0330900,033090009,5.0,1.0,30.0,1.0,9.0,6.0,7.0,0.0,71.0,71.0,13.0,1.0,0.0,0.0,0.0,False,True,False,False,False,Minang
0330941,033094102,1.0,3.0,35.0,1.0,9.0,73.0,0.0,0.0,,71.0,13.0,1.0,0.0,0.0,0.0,False,False,True,False,False,Minang
0331100,033110001,1.0,1.0,61.0,1.0,9.0,6.0,7.0,0.0,,71.0,13.0,1.0,0.0,0.0,0.0,False,True,False,False,False,Minang
0331100,033110002,2.0,3.0,59.0,1.0,9.0,2.0,7.0,0.0,,71.0,13.0,1.0,0.0,0.0,0.0,False,False,True,False,False,Minang
0331100,033110003,3.0,3.0,43.0,1.0,9.0,5.0,1.0,0.0,,71.0,13.0,1.0,400000.0,0.0,0.0,False,False,True,False,False,Minang
0331100,033110004,3.0,3.0,35.0,1.0,9.0,60.0,7.0,0.0,,71.0,13.0,1.0,0.0,0.0,0.0,False,False,True,False,False,Minang
0331100,033110005,3.0,1.0,30.0,1.0,9.0,5.0,7.0,0.0,,71.0,13.0,1.0,0.0,0.0,0.0,False,True,False,False,False,Minang
0331100,033111103,10.0,1.0,19.0,1.0,9.0,6.0,7.0,0.0,71.0,71.0,13.0,1.0,2000000.0,0.0,0.0,False,True,False,False,False,Minang
0331141,033111101,1.0,1.0,44.0,1.0,9.0,3.0,7.0,0.0,,71.0,13.0,1.0,0.0,0.0,0.0,False,True,False,False,False,Minang
0331200,033120002,1.0,3.0,59.0,1.0,9.0,3.0,7.0,0.0,,71.0,13.0,1.0,0.0,0.0,0.0,False,False,True,False,False,Minang
0331200,033120003,3.0,1.0,34.0,1.0,9.0,6.0,7.0,0.0,,71.0,13.0,1.0,0.0,0.0,0.0,False,True,False,False,False,Minang
0331200,033120005,3.0,3.0,28.0,1.0,9.0,5.0,7.0,0.0,,71.0,13.0,1.0,0.0,0.0,0.0,False,False,True,False,False,Minang
0331200,033120006,3.0,1.0,25.0,1.0,9.0,6.0,7.0,0.0,,71.0,13.0,1.0,0.0,500000.0,13.122365377402328,False,True,False,False,False,Minang
0331200,033120013,5.0,1.0,27.0,1.0,9.0,5.0,7.0,0.0,71.0,71.0,13.0,1.0,0.0,0.0,0.0,False,True,False,False,False,Minang
0331241,033124102,2.0,3.0,31.0,1.0,9.0,6.0,7.0,0.0,,71.0,13.0,1.0,0.0,0.0,0.0,False,False,True,False,False,Minang
0331400,033140001,1.0,1.0,60.0,1.0,19.0,3.0,7.0,0.0,,71.0,13.0,1.0,0.0,0.0,0.0,False,True,False,False,False,Minang
0331400,033140002,3.0,3.0,35.0,1.0,9.0,6.0,7.0,0.0,,7.0,13.0,2.0,0.0,0.0,0.0,False,False,True,False,False,Minang
0331400,033140004,3.0,1.0,31.0,1.0,9.0,3.0,7.0,0.0,71.0,71.0,13.0,1.0,400000.0,0.0,0.0,False,True,False,False,False,Minang
0331400,033140006,3.0,3.0,27.0,1.0,9.0,6.0,2.0,0.0,,75.0,13.0,1.0,0.0,0.0,0.0,False,False,True,False,False,Minang
0331400,033140007,2.0,3.0,55.0,1.0,9.0,2.0,5.0,0.0,,71.0,13.0,1.0,0.0,0.0,0.0,False,False,True,False,False,Minang
0331400,033140009,3.0,1.0,18.0,1.0,9.0,6.0,7.0,0.0,71.0,71.0,13.0,1.0,0.0,0.0,0.0,False,True,False,False,False,Minang
0331400,033140010,3.0,3.0,15.0,1.0,9.0,6.0,0.0,0.0,71.0,71.0,13.0,1.0,0.0,0.0,0.0,False,False,True,False,False,Minang
0331441,033144101,1.0,1.0,40.0,1.0,9.0,5.0,7.0,0.0,,7.0,13.0,2.0,0.0,0.0,0.0,False,True,False,False,False,Minang
0331442,033144202,1.0,1.0,46.0,1.0,9.0,5.0,7.0,0.0,75.0,75.0,13.0,1.0,0.0,0.0,0.0,False,True,False,False,False,Minang
0331500,033150002,1.0,1.0,52.0,1.0,9.0,3.0,7.0,0.0,,71.0,13.0,1.0,0.0,0.0,0.0,False,True,False,False,False,Minang
0331500,033150003,2.0,3.0,52.0,1.0,9.0,3.0,7.0,0.0,,71.0,13.0,1.0,500000.0,0.0,0.0,False,False,True,False,False,Minang
0331500,033150004,3.0,1.0,24.0,1.0,9.0,6.0,7.0,0.0,,71.0,13.0,1.0,0.0,0.0,0.0,False,True,False,False,False,Minang
0331500,033150005,3.0,3.0,21.0,1.0,9.0,5.0,7.0,0.0,71.0,71.0,13.0,1.0,0.0,0.0,0.0,False,False,True,False,False,Minang
0331500,033150006,3.0,3.0,17.0,1.0,9.0,6.0,7.0,0.0,71.0,71.0,13.0,1.0,0.0,0.0,0.0,False,False,True,False,False,Minang
0331600,033160001,1.0,1.0,72.0,1.0,9.0,6.0,7.0,0.0,,71.0,13.0,1.0,0.0,7000000.0,15.76142084987672,False,True,False,False,False,Minang
0331600,033160002,2.0,3.0,64.0,1.0,9.0,3.0,7.0,0.0,,71.0,13.0,1.0,0.0,0.0,0.0,False,False,True,False,False,Minang
0331600,033160003,3.0,1.0,44.0,1.0,9.0,6.0,7.0,0.0,71.0,71.0,13.0,1.0,200000.0,0.0,0.0,False,True,False,False,False,Minang
0331600,033160004,3.0,1.0,43.0,1.0,9.0,6.0,7.0,0.0,71.0,71.0,13.0,1.0,,,,False,True,False,False,False,Minang
0331600,033160006,3.0,3.0,40.0,1.0,9.0,6.0,7.0,0.0,,71.0,13.0,1.0,0.0,0.0,0.0,False,False,True,False,False,Minang
0331600,033160011,10.0,1.0,15.0,1.0,9.0,3.0,2.0,0.0,71.0,71.0,13.0,1.0,0.0,530000.0,13.180634172318978,False,True,False,False,False,Minang
0331651,033165102,3.0,3.0,32.0,1.0,9.0,5.0,7.0,0.0,71.0,71.0,13.0,1.0,150000.0,0.0,0.0,False,False,True,False,False,Minang
0331652,033165202,2.0,3.0,42.0,1.0,1.0,6.0,7.0,0.0,71.0,71.0,13.0,1.0,,,,False,False,True,False,False,Minang
0331700,033170001,1.0,1.0,52.0,1.0,9.0,2.0,98.0,1.0,2.0,71.0,13.0,1.0,0.0,0.0,0.0,True,True,False,True,False,Minang
0331700,033170002,2.0,3.0,50.0,1.0,9.0,2.0,3.0,0.0,,71.0,13.0,1.0,0.0,500000.0,13.122365377402328,False,False,True,False,False,Minang
0331700,033170003,3.0,3.0,24.0,1.0,9.0,6.0,7.0,0.0,,71.0,13.0,1.0,0.0,0.0,0.0,False,False,True,False,False,Minang
0331700,033170004,3.0,3.0,33.0,1.0,9.0,6.0,7.0,0.0,,71.0,13.0,1.0,0.0,0.0,0.0,False,False,True,False,False,Minang
0331700,033170006,3.0,1.0,31.0,1.0,9.0,15.0,7.0,0.0,71.0,71.0,13.0,1.0,,,,False,True,False,False,False,Minang
0331700,033170008,5.0,1.0,33.0,1.0,9.0,5.0,7.0,0.0,71.0,71.0,13.0,1.0,0.0,0.0,0.0,False,True,False,False,False,Minang
0331800,033180003,1.0,1.0,51.0,1.0,19.0,2.0,2.0,0.0,,71.0,13.0,1.0,0.0,0.0,0.0,False,True,False,False,False,Minang
0331800,033180006,2.0,3.0,47.0,1.0,9.0,3.0,7.0,0.0,,71.0,13.0,1.0,0.0,0.0,0.0,False,False,True,False,False,Minang
0331800,033180007,3.0,1.0,17.0,1.0,9.0,6.0,2.0,0.0,71.0,71.0,13.0,1.0,0.0,20000.0,9.90353755128617,False,True,False,False,False,Minang
0331911,033190003,2.0,3.0,40.0,1.0,9.0,3.0,7.0,0.0,,71.0,13.0,1.0,0.0,0.0,0.0,False,False,True,False,False,Minang
0331911,033190005,1.0,1.0,42.0,1.0,9.0,3.0,7.0,0.0,,71.0,13.0,1.0,0.0,0.0,0.0,False,True,False,False,False,Minang
0331911,033190006,3.0,3.0,21.0,1.0,9.0,61.0,3.0,0.0,71.0,71.0,13.0,1.0,0.0,0.0,0.0,False,False,True,False,False,Minang
0331911,033191104,3.0,3.0,15.0,1.0,9.0,6.0,0.0,0.0,71.0,71.0,13.0,1.0,0.0,120000.0,11.695255355062796,False,False,True,False,False,Minang
0332000,033200001,1.0,1.0,53.0,1.0,9.0,61.0,5.0,0.0,,71.0,13.0,1.0,0.0,0.0,0.0,False,True,False,False,False,Minang
0332000,033200002,2.0,3.0,49.0,1.0,9.0,5.0,0.0,0.0,,71.0,13.0,1.0,0.0,0.0,0.0,False,False,True,False,False,Minang
0332000,033200003,3.0,3.0,25.0,1.0,9.0,61.0,1.0,0.0,,71.0,13.0,1.0,0.0,500000.0,13.122365377402328,False,False,True,False,False,Minang
0332000,033200004,3.0,1.0,21.0,1.0,9.0,5.0,7.0,0.0,,71.0,13.0,1.0,0.0,0.0,0.0,False,True,False,False,False,Minang
0332100,033210001,7.0,1.0,63.0,1.0,9.0,2.0,7.0,0.0,,71.0,13.0,1.0,0.0,0.0,0.0,False,True,False,False,False,Minang
0332100,033210002,7.0,3.0,56.0,1.0,9.0,2.0,7.0,0.0,,71.0,13.0,1.0,0.0,0.0,0.0,False,False,True,False,False,Minang
0332100,033210003,9.0,1.0,36.0,1.0,9.0,3.0,1.0,0.0,,71.0,13.0,1.0,0.0,0.0,0.0,False,True,False,False,False,Minang
0332100,033210005,2.0,3.0,28.0,1.0,9.0,6.0,7.0,0.0,,71.0,13.0,1.0,200000.0,0.0,0.0,False,False,True,False,False,Minang
0332100,033210007,1.0,1.0,32.0,1.0,9.0,3.0,0.0,0.0,,71.0,13.0,1.0,0.0,0.0,0.0,False,True,False,False,False,Minang
0332142,033214202,2.0,3.0,34.0,1.0,9.0,6.0,7.0,0.0,,71.0,13.0,1.0,0.0,0.0,0.0,False,False,True,False,False,Minang
0332200,033220001,1.0,1.0,62.0,1.0,9.0,3.0,7.0,0.0,,71.0,13.0,1.0,0.0,0.0,0.0,False,True,False,False,False,Minang
0332200,033220002,2.0,3.0,59.0,1.0,9.0,2.0,7.0,0.0,,71.0,13.0,1.0,0.0,0.0,0.0,False,False,True,False,False,Minang
0332200,033220003,3.0,1.0,33.0,1.0,9.0,6.0,7.0,0.0,,71.0,13.0,1.0,100000.0,0.0,0.0,False,True,False,False,False,Minang
0332200,033220004,3.0,3.0,31.0,1.0,9.0,5.0,7.0,0.0,,71.0,13.0,1.0,2000000.0,1500000.0,14.220976332738882,False,False,True,False,False,Minang
0332200,033220005,3.0,3.0,28.0,1.0,9.0,5.0,7.0,0.0,,71.0,13.0,1.0,0.0,0.0,0.0,False,False,True,False,False,Minang
0332200,033220006,3.0,1.0,21.0,1.0,9.0,6.0,7.0,0.0,,71.0,13.0,1.0,400000.0,0.0,0.0,False,True,False,False,False,Minang
0332200,033220009,5.0,1.0,34.0,1.0,9.0,5.0,7.0,0.0,71.0,71.0,13.0,1.0,0.0,0.0,0.0,False,True,False,False,False,Minang
0332200,033220011,5.0,3.0,27.0,1.0,9.0,5.0,7.0,0.0,71.0,71.0,13.0,1.0,0.0,0.0,0.0,False,False,True,False,False,Minang
0332300,033230002,1.0,3.0,60.0,1.0,9.0,3.0,2.0,0.0,,71.0,13.0,1.0,200000.0,0.0,0.0,False,False,True,False,False,Minang
0332300,033230003,3.0,1.0,41.0,1.0,9.0,6.0,7.0,1.0,71.0,7.0,13.0,1.0,0.0,0.0,0.0,True,True,False,True,False,Minang
0332300,033230005,3.0,1.0,35.0,1.0,9.0,6.0,7.0,0.0,,6.0,13.0,2.0,0.0,0.0,0.0,False,True,False,False,False,Minang
0332300,033230006,3.0,3.0,31.0,1.0,9.0,60.0,7.0,0.0,,71.0,13.0,1.0,0.0,0.0,0.0,False,False,True,False,False,Minang
0332300,033230007,3.0,1.0,29.0,1.0,9.0,6.0,7.0,0.0,,77.0,13.0,1.0,3000000.0,0.0,0.0,False,True,False,False,False,Minang
0332300,033230008,6.0,3.0,81.0,1.0,9.0,2.0,98.0,1.0,2.0,71.0,13.0,1.0,0.0,0.0,0.0,True,False,True,False,True,Minang
0332300,033230009,5.0,3.0,40.0,1.0,9.0,61.0,7.0,0.0,,7.0,13.0,1.0,2000000.0,0.0,0.0,False,False,True,False,False,Minang
0332300,033230015,5.0,1.0,32.0,1.0,9.0,6.0,7.0,0.0,71.0,71.0,13.0,1.0,1000000.0,0.0,0.0,False,True,False,False,False,Minang
0332341,033234102,2.0,3.0,34.0,1.0,9.0,60.0,7.0,0.0,6.0,6.0,13.0,2.0,200000.0,0.0,0.0,False,False,True,False,False,Minang
0332352,033235202,2.0,3.0,33.0,1.0,9.0,61.0,1.0,1.0,71.0,77.0,13.0,1.0,500000.0,0.0,0.0,True,False,True,False,True,Minang
0332500,033250003,9.0,1.0,46.0,1.0,9.0,2.0,98.0,0.0,,71.0,13.0,1.0,0.0,0.0,0.0,False,True,False,False,False,Minang
0332500,033250004,9.0,3.0,44.0,1.0,9.0,2.0,7.0,0.0,,71.0,13.0,1.0,80000.0,0.0,0.0,False,False,True,False,False,Minang
0332500,033250005,9.0,1.0,42.0,1.0,9.0,3.0,7.0,0.0,,71.0,13.0,1.0,0.0,1000000.0,13.815511557963774,False,True,False,False,False,Minang
0332500,033250007,9.0,3.0,38.0,1.0,9.0,2.0,7.0,0.0,,71.0,13.0,1.0,0.0,0.0,0.0,False,False,True,False,False,Minang
0332500,033250008,2.0,3.0,34.0,1.0,9.0,6.0,7.0,0.0,,71.0,13.0,1.0,0.0,0.0,0.0,False,False,True,False,False,Minang
0332500,033250009,9.0,1.0,46.0,1.0,9.0,98.0,98.0,0.0,,71.0,13.0,1.0,0.0,0.0,0.0,False,True,False,False,False,Minang
0332500,033250010,13.0,1.0,23.0,1.0,9.0,6.0,2.0,0.0,,71.0,13.0,1.0,0.0,0.0,0.0,False,True,False,False,False,Minang
0332500,033250011,1.0,1.0,34.0,1.0,9.0,3.0,7.0,0.0,,71.0,13.0,1.0,0.0,0.0,0.0,False,True,False,False,False,Minang
0332500,033250015,16.0,1.0,42.0,1.0,9.0,98.0,98.0,0.0,71.0,71.0,13.0,1.0,0.0,2000000.0,14.508658238524095,False,True,False,False,False,Minang
0332511,033251105,3.0,1.0,18.0,1.0,9.0,5.0,7.0,0.0,71.0,71.0,13.0,1.0,150000.0,100000.0,11.51293546492023,False,True,False,False,False,Minang
0332511,033251106,3.0,1.0,16.0,1.0,9.0,6.0,0.0,0.0,71.0,71.0,13.0,1.0,0.0,0.0,0.0,False,True,False,False,False,Minang
0332541,033254102,2.0,3.0,44.0,1.0,9.0,2.0,7.0,0.0,,71.0,13.0,1.0,0.0,0.0,0.0,False,False,True,False,False,Minang
0332542,033254202,1.0,3.0,39.0,1.0,9.0,3.0,2.0,0.0,,2.0,13.0,1.0,0.0,0.0,0.0,False,False,True,False,False,Minang
0332542,033254203,3.0,1.0,16.0,1.0,9.0,6.0,1.0,1.0,71.0,2.0,13.0,1.0,0.0,2150000.0,14.580978865220017,True,True,False,True,False,Minang
0332600,033260002,1.0,3.0,63.0,1.0,9.0,2.0,0.0,0.0,,71.0,13.0,1.0,0.0,0.0,0.0,False,False,True,False,False,Minang
0332600,033260004,3.0,1.0,36.0,1.0,9.0,5.0,7.0,0.0,71.0,71.0,13.0,1.0,300000.0,0.0,0.0,False,True,False,False,False,Minang
0332600,033260005,3.0,3.0,33.0,1.0,9.0,5.0,7.0,0.0,,71.0,13.0,1.0,0.0,750000.0,13.527829818844936,False,False,True,False,False,Minang
0332600,033260006,5.0,1.0,38.0,1.0,9.0,2.0,7.0,1.0,75.0,71.0,13.0,1.0,200000.0,0.0,0.0,True,True,False,True,False,Minang
0332631,033263102,2.0,3.0,34.0,1.0,9.0,3.0,7.0,0.0,,71.0,13.0,1.0,0.0,1000000.0,13.815511557963774,False,False,True,False,False,Minang
0332700,033270001,1.0,1.0,71.0,1.0,9.0,2.0,7.0,0.0,,71.0,13.0,1.0,0.0,0.0,0.0,False,True,False,False,False,Minang
0332700,033270003,3.0,3.0,47.0,1.0,9.0,2.0,7.0,0.0,,71.0,13.0,1.0,0.0,0.0,0.0,False,False,True,False,False,Minang
0332700,033270004,3.0,3.0,38.0,1.0,9.0,5.0,7.0,0.0,,4.0,14.0,1.0,0.0,0.0,0.0,False,False,True,False,False,Minang
0332700,033270005,3.0,3.0,32.0,1.0,9.0,5.0,7.0,0.0,,2.0,32.0,1.0,0.0,0.0,0.0,False,False,True,False,False,Minang
0332700,033270006,5.0,1.0,50.0,1.0,9.0,2.0,7.0,0.0,,71.0,13.0,1.0,0.0,0.0,0.0,False,True,False,False,False,Minang
0332700,033270007,11.0,3.0,21.0,1.0,9.0,61.0,3.0,0.0,71.0,71.0,13.0,1.0,0.0,0.0,0.0,False,False,True,False,False,Minang
0332700,033270008,7.0,1.0,36.0,1.0,9.0,98.0,98.0,0.0,4.0,4.0,14.0,1.0,0.0,0.0,0.0,False,True,False,False,False,Minang
0332711,033271104,3.0,1.0,15.0,1.0,9.0,5.0,0.0,0.0,71.0,71.0,13.0,1.0,0.0,0.0,0.0,False,True,False,False,False,Minang
0332741,033274101,1.0,1.0,44.0,1.0,1.0,6.0,1.0,0.0,,2.0,32.0,1.0,200000.0,0.0,0.0,False,True,False,False,False,Java
0332800,033280002,7.0,3.0,50.0,1.0,9.0,3.0,1.0,0.0,,71.0,13.0,1.0,0.0,0.0,0.0,False,False,True,False,False,Minang
0332800,033280003,9.0,1.0,29.0,1.0,9.0,2.0,3.0,0.0,,71.0,13.0,1.0,700000.0,0.0,0.0,False,True,False,False,False,Minang
0332800,033280004,9.0,1.0,28.0,1.0,9.0,2.0,4.0,0.0,71.0,71.0,13.0,1.0,0.0,0.0,0.0,False,True,False,False,False,Minang
0332800,033280005,9.0,3.0,25.0,1.0,9.0,3.0,1.0,0.0,,71.0,13.0,1.0,100000.0,0.0,0.0,False,False,True,False,False,Minang
0332800,033300009,9.0,3.0,33.0,1.0,9.0,5.0,7.0,0.0,,71.0,13.0,1.0,0.0,0.0,0.0,False,False,True,False,False,Minang
0332841,033284102,2.0,3.0,28.0,1.0,9.0,3.0,2.0,1.0,2.0,71.0,13.0,1.0,0.0,0.0,0.0,True,False,True,False,True,Minang
0332851,033285102,2.0,3.0,31.0,1.0,9.0,3.0,7.0,0.0,71.0,71.0,13.0,1.0,0.0,0.0,0.0,False,False,True,False,False,Minang
0332900,033290002,1.0,3.0,64.0,1.0,9.0,1.0,96.0,0.0,,71.0,13.0,1.0,0.0,0.0,0.0,False,False,True,False,False,Minang
0332900,033290003,3.0,1.0,42.0,1.0,9.0,2.0,4.0,0.0,,71.0,13.0,1.0,0.0,0.0,0.0,False,True,False,False,False,Minang
0332900,033290006,3.0,3.0,36.0,1.0,9.0,2.0,7.0,0.0,,71.0,13.0,1.0,0.0,0.0,0.0,False,False,True,False,False,Minang
0332900,033290007,3.0,1.0,32.0,1.0,9.0,2.0,4.0,0.0,,71.0,13.0,1.0,0.0,700000.0,13.45883704259595,False,True,False,False,False,Minang
0332900,033290009,3.0,3.0,28.0,1.0,9.0,2.0,4.0,0.0,,11.0,13.0,1.0,200000.0,240000.0,12.388398368982116,False,False,True,False,False,Minang
0332942,033294201,1.0,1.0,32.0,1.0,9.0,74.0,1.0,0.0,,11.0,13.0,1.0,0.0,0.0,0.0,False,True,False,False,False,Minang
0332951,033295102,2.0,3.0,31.0,1.0,9.0,5.0,7.0,0.0,11.0,11.0,13.0,1.0,0.0,0.0,0.0,False,False,True,False,False,Minang
0333000,033300003,9.0,3.0,42.0,1.0,9.0,6.0,7.0,0.0,,71.0,13.0,1.0,0.0,650000.0,13.384729180332174,False,False,True,False,False,Minang
0333000,033300005,2.0,3.0,38.0,1.0,9.0,6.0,7.0,0.0,,71.0,13.0,1.0,0.0,200000.0,12.206077645517674,False,False,True,False,False,Minang
0333000,033300006,9.0,3.0,36.0,1.0,9.0,6.0,7.0,0.0,,4.0,14.0,1.0,0.0,0.0,0.0,False,False,True,False,False,Minang
0333000,033300007,9.0,1.0,53.0,1.0,9.0,2.0,1.0,0.0,,71.0,13.0,1.0,150000.0,0.0,0.0,False,True,False,False,False,Minang
0333000,033300008,16.0,1.0,45.0,1.0,6.0,2.0,98.0,0.0,,71.0,13.0,1.0,0.0,500000.0,13.122365377402328,False,True,False,False,False,Minang
0333000,033300010,13.0,3.0,21.0,1.0,9.0,6.0,7.0,0.0,71.0,71.0,13.0,1.0,50000.0,0.0,0.0,False,False,True,False,False,Minang
0333000,033303102,1.0,1.0,39.0,1.0,9.0,6.0,1.0,0.0,,71.0,13.0,1.0,0.0,3000000.0,14.914123179965662,False,True,False,False,False,Minang
0333000,033303103,3.0,3.0,15.0,1.0,9.0,5.0,0.0,0.0,71.0,71.0,13.0,1.0,0.0,0.0,0.0,False,False,True,False,False,Minang
0333011,033301104,3.0,3.0,16.0,1.0,9.0,6.0,2.0,0.0,71.0,71.0,13.0,1.0,0.0,0.0,0.0,False,False,True,False,False,Minang
0333012,033301202,2.0,3.0,44.0,1.0,13.0,2.0,7.0,0.0,,71.0,13.0,1.0,0.0,0.0,0.0,False,False,True,False,False,Minang
0333012,033301203,3.0,1.0,17.0,1.0,9.0,6.0,1.0,0.0,71.0,71.0,13.0,1.0,0.0,0.0,0.0,False,True,False,False,False,Minang
0333042,033304201,1.0,1.0,38.0,1.0,9.0,5.0,7.0,1.0,7.0,4.0,14.0,1.0,0.0,0.0,0.0,True,True,False,True,False,Minang
0333043,033304304,1.0,1.0,38.0,1.0,9.0,3.0,7.0,1.0,2.0,71.0,13.0,1.0,0.0,0.0,0.0,True,True,False,True,False,Batak
0340300,034030001,1.0,1.0,67.0,1.0,1.0,3.0,7.0,0.0,71.0,71.0,13.0,1.0,0.0,0.0,0.0,False,True,False,False,False,Minang
0340300,034030002,2.0,3.0,57.0,1.0,9.0,4.0,7.0,0.0,,71.0,13.0,1.0,0.0,500000.0,13.122365377402328,False,False,True,False,False,Minang
0340300,034030003,12.0,1.0,38.0,1.0,9.0,3.0,7.0,0.0,,71.0,13.0,1.0,0.0,500000.0,13.122365377402328,False,True,False,False,False,Minang
0340300,034030005,3.0,1.0,35.0,1.0,9.0,3.0,7.0,0.0,71.0,71.0,13.0,1.0,100000.0,0.0,0.0,False,True,False,False,False,Minang
0340300,034030006,3.0,3.0,34.0,1.0,9.0,3.0,7.0,0.0,,71.0,13.0,1.0,0.0,0.0,0.0,False,False,True,False,False,Minang
0340300,034030007,3.0,3.0,30.0,1.0,9.0,5.0,7.0,0.0,,71.0,13.0,1.0,0.0,1500000.0,14.220976332738882,False,False,True,False,False,Minang
0340300,034030008,3.0,3.0,28.0,1.0,9.0,3.0,7.0,1.0,98.0,71.0,13.0,1.0,0.0,0.0,0.0,True,False,True,False,True,Minang
0340300,034030009,3.0,3.0,26.0,1.0,9.0,5.0,1.0,0.0,71.0,71.0,13.0,1.0,150000.0,0.0,0.0,False,False,True,False,False,Minang
0340300,034030010,3.0,1.0,24.0,1.0,9.0,5.0,1.0,0.0,,71.0,13.0,1.0,0.0,0.0,0.0,False,True,False,False,False,Minang
0340300,034030015,5.0,1.0,32.0,1.0,9.0,5.0,7.0,0.0,71.0,71.0,13.0,1.0,0.0,500000.0,13.122365377402328,False,True,False,False,False,Minang
0340331,034033102,1.0,1.0,36.0,1.0,6.0,5.0,7.0,0.0,,71.0,13.0,1.0,3000000.0,2000000.0,14.508658238524095,False,True,False,False,False,Minang
0340341,034034102,2.0,3.0,36.0,1.0,9.0,5.0,7.0,0.0,,71.0,13.0,1.0,1500000.0,0.0,0.0,False,False,True,False,False,Minang
0340341,034034103,3.0,3.0,15.0,1.0,9.0,5.0,0.0,0.0,71.0,71.0,13.0,1.0,0.0,100000.0,11.51293546492023,False,False,True,False,False,Minang
0340351,034035102,2.0,3.0,34.0,1.0,9.0,60.0,0.0,1.0,5.0,71.0,13.0,1.0,0.0,0.0,0.0,True,False,True,False,True,Minang
0340353,034035302,1.0,1.0,46.0,1.0,9.0,61.0,3.0,0.0,71.0,71.0,13.0,1.0,0.0,0.0,0.0,False,True,False,False,False,Minang
0340354,034035402,1.0,1.0,35.0,1.0,9.0,5.0,7.0,0.0,71.0,71.0,13.0,1.0,0.0,0.0,0.0,False,True,False,False,False,Minang
0340355,034035502,2.0,3.0,32.0,1.0,9.0,61.0,7.0,1.0,3.0,71.0,13.0,1.0,0.0,0.0,0.0,True,False,True,False,True,Minang
0340400,034040002,1.0,3.0,62.0,1.0,9.0,3.0,7.0,0.0,,71.0,13.0,1.0,0.0,0.0,0.0,False,False,True,False,False,Minang
0340400,034040005,3.0,3.0,32.0,1.0,9.0,5.0,7.0,0.0,,71.0,13.0,1.0,0.0,0.0,0.0,False,False,True,False,False,Minang
0340400,034040006,3.0,3.0,29.0,1.0,9.0,5.0,7.0,0.0,,71.0,13.0,1.0,0.0,900000.0,13.71015115341694,False,False,True,False,False,Minang
0340400,034040007,3.0,1.0,27.0,1.0,9.0,5.0,7.0,0.0,,71.0,13.0,1.0,0.0,100000.0,11.51293546492023,False,True,False,False,False,Minang
0340400,034040008,3.0,1.0,25.0,1.0,9.0,5.0,7.0,0.0,,71.0,13.0,1.0,500000.0,0.0,0.0,False,True,False,False,False,Minang
0340400,034040015,5.0,1.0,30.0,1.0,9.0,6.0,7.0,0.0,71.0,71.0,13.0,1.0,0.0,0.0,0.0,False,True,False,False,False,Minang
0340441,034044101,1.0,1.0,34.0,1.0,9.0,74.0,7.0,0.0,,71.0,13.0,1.0,0.0,0.0,0.0,False,True,False,False,False,Minang
0340451,034045102,2.0,3.0,27.0,1.0,9.0,60.0,2.0,0.0,71.0,71.0,13.0,1.0,0.0,0.0,0.0,False,False,True,False,False,Minang
0340800,034080002,1.0,3.0,65.0,1.0,9.0,2.0,4.0,0.0,,71.0,13.0,1.0,1000000.0,0.0,0.0,False,False,True,False,False,Minang
0340800,034080005,3.0,1.0,32.0,1.0,9.0,5.0,7.0,0.0,,75.0,31.0,1.0,0.0,0.0,0.0,False,True,False,False,False,Minang
0340800,034080006,5.0,3.0,42.0,1.0,4.0,74.0,98.0,0.0,,71.0,13.0,1.0,0.0,500000.0,13.122365377402328,False,False,True,False,False,Minang
0340800,034080009,10.0,3.0,29.0,1.0,9.0,5.0,7.0,0.0,,5.0,14.0,1.0,100000.0,100000.0,11.51293546492023,False,False,True,False,False,Minang
0340800,034080010,10.0,3.0,28.0,1.0,9.0,5.0,7.0,0.0,,71.0,13.0,1.0,0.0,0.0,0.0,False,False,True,False,False,Minang
0340800,034080011,10.0,3.0,24.0,1.0,9.0,61.0,7.0,0.0,,71.0,13.0,1.0,0.0,0.0,0.0,False,False,True,False,False,Minang
0340800,034080012,10.0,1.0,23.0,1.0,9.0,5.0,7.0,0.0,,71.0,13.0,1.0,0.0,1000000.0,13.815511557963774,False,True,False,False,False,Minang
0340800,034080013,10.0,3.0,18.0,1.0,9.0,61.0,1.0,0.0,71.0,71.0,13.0,1.0,0.0,550000.0,13.21767537538882,False,False,True,False,False,Minang
0340800,034080016,16.0,1.0,28.0,1.0,9.0,5.0,7.0,0.0,71.0,71.0,13.0,1.0,0.0,0.0,0.0,False,True,False,False,False,Minang
0340851,034085101,1.0,1.0,30.0,1.0,9.0,5.0,7.0,1.0,71.0,5.0,14.0,1.0,2000000.0,0.0,0.0,True,True,False,True,False,Minang
0340951,034095102,2.0,3.0,24.0,1.0,9.0,5.0,7.0,1.0,2.0,71.0,13.0,1.0,1200000.0,0.0,0.0,True,False,True,False,True,Minang
0341000,034100004,1.0,1.0,44.0,1.0,9.0,2.0,4.0,0.0,,71.0,13.0,1.0,0.0,0.0,0.0,False,True,False,False,False,Minang
0341000,034100005,8.0,3.0,42.0,1.0,9.0,2.0,7.0,0.0,,71.0,13.0,1.0,0.0,0.0,0.0,False,False,True,False,False,Minang
0341000,034100006,8.0,3.0,39.0,1.0,9.0,2.0,7.0,0.0,,71.0,13.0,1.0,0.0,0.0,0.0,False,False,True,False,False,Minang
0341000,034100007,8.0,3.0,33.0,1.0,9.0,5.0,7.0,0.0,,71.0,13.0,1.0,0.0,0.0,0.0,False,False,True,False,False,Minang
0341000,034100008,9.0,1.0,47.0,1.0,9.0,5.0,7.0,0.0,,71.0,13.0,1.0,0.0,0.0,0.0,False,True,False,False,False,Minang
0341000,034100009,13.0,1.0,18.0,1.0,9.0,6.0,7.0,0.0,71.0,71.0,13.0,1.0,0.0,0.0,0.0,False,True,False,False,False,Minang
0341000,034100010,13.0,1.0,15.0,1.0,9.0,6.0,0.0,0.0,71.0,71.0,13.0,1.0,0.0,200000.0,12.206077645517674,False,True,False,False,False,Minang
0341042,034104201,1.0,1.0,34.0,1.0,9.0,6.0,7.0,0.0,,71.0,13.0,1.0,1500000.0,0.0,0.0,False,True,False,False,False,Minang
0341051,034105101,1.0,1.0,34.0,1.0,9.0,2.0,2.0,1.0,2.0,71.0,13.0,1.0,300000.0,0.0,0.0,True,True,False,True,False,Minang
0341100,034110002,1.0,3.0,71.0,1.0,9.0,60.0,7.0,0.0,,71.0,13.0,1.0,2000000.0,0.0,0.0,False,False,True,False,False,Minang
0341100,034110003,3.0,3.0,49.0,1.0,9.0,61.0,7.0,1.0,71.0,6.0,13.0,2.0,0.0,0.0,0.0,True,False,True,False,True,Minang
0341100,034110004,3.0,3.0,45.0,1.0,9.0,60.0,7.0,0.0,,71.0,13.0,1.0,0.0,0.0,0.0,False,False,True,False,False,Minang
0341100,034110005,3.0,3.0,42.0,1.0,9.0,62.0,7.0,1.0,71.0,4.0,13.0,1.0,0.0,0.0,0.0,True,False,True,False,True,Minang
0341100,034110007,5.0,1.0,52.0,1.0,9.0,61.0,7.0,0.0,,6.0,13.0,2.0,1500000.0,0.0,0.0,False,True,False,False,False,Minang
0341100,034110008,5.0,1.0,47.0,1.0,9.0,61.0,7.0,0.0,,71.0,13.0,1.0,0.0,0.0,0.0,False,True,False,False,False,Minang
0341100,034110010,10.0,1.0,26.0,1.0,9.0,61.0,5.0,0.0,,71.0,13.0,1.0,5000000.0,0.0,0.0,False,True,False,False,False,Minang
0341100,034110011,10.0,3.0,25.0,1.0,9.0,61.0,7.0,0.0,,6.0,13.0,2.0,0.0,200000.0,12.206077645517674,False,False,True,False,False,Minang
0341100,034110013,10.0,1.0,22.0,1.0,9.0,61.0,1.0,0.0,,6.0,13.0,2.0,0.0,100000.0,11.51293546492023,False,True,False,False,False,Minang
0341100,034110014,10.0,1.0,20.0,1.0,9.0,5.0,7.0,0.0,71.0,71.0,13.0,1.0,1000000.0,1000000.0,13.815511557963774,False,True,False,False,False,Minang
0341100,034110015,10.0,3.0,18.0,1.0,9.0,6.0,7.0,0.0,71.0,71.0,13.0,1.0,0.0,0.0,0.0,False,False,True,False,False,Minang
0341142,034114201,1.0,1.0,48.0,1.0,9.0,62.0,7.0,1.0,11.0,4.0,13.0,1.0,300000.0,0.0,0.0,True,True,False,True,False,Minang
0341142,034114203,3.0,3.0,16.0,1.0,9.0,5.0,1.0,1.0,7.0,4.0,13.0,1.0,0.0,200000.0,12.206077645517674,True,False,True,False,True,Minang
0341300,034130001,1.0,1.0,51.0,1.0,9.0,2.0,7.0,0.0,,71.0,13.0,1.0,0.0,0.0,0.0,False,True,False,False,False,Minang
0341300,034130002,2.0,3.0,50.0,1.0,9.0,2.0,7.0,0.0,,71.0,13.0,1.0,0.0,0.0,0.0,False,False,True,False,False,Minang
0341300,034130003,3.0,1.0,25.0,1.0,9.0,6.0,7.0,0.0,,71.0,13.0,1.0,0.0,50000.0,10.819798284210286,False,True,False,False,False,Minang
0341300,034130005,7.0,3.0,73.0,1.0,9.0,2.0,7.0,0.0,,71.0,13.0,1.0,0.0,0.0,0.0,False,False,True,False,False,Minang
0341300,034130006,9.0,1.0,47.0,1.0,9.0,3.0,0.0,0.0,,71.0,13.0,1.0,200000.0,100000.0,11.51293546492023,False,True,False,False,False,Minang
0341300,034130008,9.0,3.0,42.0,1.0,9.0,5.0,7.0,0.0,,71.0,13.0,1.0,0.0,0.0,0.0,False,False,True,False,False,Minang
0341300,034130010,3.0,1.0,20.0,1.0,9.0,5.0,7.0,0.0,71.0,71.0,13.0,1.0,500000.0,0.0,0.0,False,True,False,False,False,Minang
0341300,034130011,3.0,3.0,19.0,1.0,9.0,5.0,7.0,0.0,71.0,71.0,13.0,1.0,0.0,0.0,0.0,False,False,True,False,False,Minang
0341300,034130012,9.0,1.0,44.0,1.0,9.0,2.0,7.0,0.0,,71.0,13.0,1.0,0.0,0.0,0.0,False,True,False,False,False,Minang
0341300,034130013,13.0,3.0,18.0,1.0,9.0,5.0,7.0,0.0,71.0,71.0,13.0,1.0,0.0,377000.0,12.840003118946523,False,False,True,False,False,Minang
0341300,034130014,13.0,3.0,15.0,1.0,9.0,74.0,0.0,0.0,71.0,71.0,13.0,1.0,50000.0,0.0,0.0,False,False,True,False,False,Minang
0341300,034130015,9.0,3.0,39.0,1.0,9.0,5.0,0.0,0.0,,71.0,13.0,1.0,0.0,0.0,0.0,False,False,True,False,False,Minang
0341500,034150002,7.0,3.0,68.0,1.0,9.0,2.0,7.0,1.0,71.0,7.0,13.0,2.0,35000.0,1050000.0,13.864301674514206,True,False,True,False,True,Minang
0341500,034150003,2.0,3.0,46.0,1.0,9.0,61.0,7.0,0.0,,7.0,13.0,2.0,0.0,0.0,0.0,False,False,True,False,False,Minang
0341500,034150004,9.0,3.0,45.0,1.0,9.0,6.0,7.0,0.0,71.0,71.0,13.0,1.0,0.0,700000.0,13.45883704259595,False,False,True,False,False,Minang
0341500,034150007,9.0,1.0,40.0,1.0,9.0,3.0,7.0,0.0,,71.0,13.0,1.0,500000.0,0.0,0.0,False,True,False,False,False,Minang
0341500,034150009,9.0,1.0,46.0,1.0,9.0,2.0,1.0,0.0,71.0,71.0,13.0,1.0,0.0,0.0,0.0,False,True,False,False,False,Minang
0341500,034150010,13.0,3.0,20.0,1.0,9.0,74.0,7.0,0.0,71.0,71.0,13.0,1.0,500000.0,1000000.0,13.815511557963774,False,False,True,False,False,Minang
0341500,034150011,13.0,3.0,17.0,1.0,9.0,6.0,2.0,0.0,71.0,71.0,13.0,1.0,0.0,200000.0,12.206077645517674,False,False,True,False,False,Minang
0341500,034150012,1.0,1.0,47.0,1.0,9.0,5.0,7.0,0.0,,7.0,13.0,2.0,400000.0,0.0,0.0,False,True,False,False,False,Minang
0341500,034150013,3.0,1.0,16.0,1.0,9.0,5.0,1.0,1.0,71.0,7.0,13.0,2.0,500000.0,105000.0,11.561725152903833,True,True,False,True,False,Minang
0341541,034154102,2.0,3.0,36.0,1.0,9.0,6.0,7.0,0.0,,71.0,13.0,1.0,400000.0,0.0,0.0,False,False,True,False,False,Minang
0341632,034163202,2.0,3.0,38.0,1.0,9.0,2.0,5.0,0.0,,71.0,13.0,1.0,0.0,500000.0,13.122365377402328,False,False,True,False,False,Minang
0341641,034164102,2.0,3.0,35.0,1.0,9.0,3.0,7.0,0.0,,71.0,13.0,1.0,5000000.0,0.0,0.0,False,False,True,False,False,Minang
0341900,034190002,1.0,3.0,60.0,1.0,9.0,2.0,5.0,0.0,71.0,71.0,13.0,1.0,0.0,1000000.0,13.815511557963774,False,False,True,False,False,Minang
0341900,034190003,3.0,3.0,39.0,1.0,9.0,2.0,7.0,0.0,,76.0,13.0,1.0,0.0,500000.0,13.122365377402328,False,False,True,False,False,Minang
0341900,034190004,3.0,3.0,33.0,1.0,9.0,2.0,7.0,0.0,,71.0,13.0,1.0,0.0,0.0,0.0,False,False,True,False,False,Minang
0341900,034190006,3.0,1.0,23.0,1.0,9.0,3.0,1.0,0.0,,71.0,13.0,1.0,0.0,100000.0,11.51293546492023,False,True,False,False,False,Minang
0341900,034190008,5.0,1.0,43.0,1.0,9.0,3.0,98.0,0.0,,76.0,13.0,1.0,0.0,0.0,0.0,False,True,False,False,False,Minang
0341900,034190009,5.0,1.0,37.0,1.0,9.0,2.0,7.0,0.0,,71.0,13.0,1.0,0.0,0.0,0.0,False,True,False,False,False,Minang
0342000,034200002,2.0,3.0,54.0,1.0,9.0,2.0,7.0,0.0,,71.0,13.0,1.0,5000000.0,0.0,0.0,False,False,True,False,False,Minang
0342000,034200004,3.0,3.0,34.0,1.0,9.0,5.0,7.0,0.0,,71.0,13.0,1.0,0.0,0.0,0.0,False,False,True,False,False,Minang
0342000,034200006,3.0,3.0,30.0,1.0,9.0,6.0,7.0,0.0,,71.0,13.0,1.0,1000000.0,0.0,0.0,False,False,True,False,False,Minang
0342000,034200007,3.0,1.0,28.0,1.0,9.0,6.0,7.0,0.0,,71.0,13.0,1.0,500000.0,0.0,0.0,False,True,False,False,False,Minang
0342000,034070001,7.0,3.0,85.0,1.0,9.0,2.0,7.0,0.0,71.0,71.0,13.0,1.0,0.0,0.0,0.0,False,False,True,False,False,Minang
0342041,034204102,2.0,3.0,29.0,1.0,9.0,6.0,7.0,0.0,,71.0,13.0,1.0,0.0,0.0,0.0,False,False,True,False,False,Minang
0350100,035010002,1.0,3.0,50.0,1.0,9.0,3.0,1.0,0.0,,71.0,13.0,1.0,0.0,0.0,0.0,False,False,True,False,False,Minang
0350100,035010004,3.0,3.0,23.0,1.0,9.0,5.0,7.0,0.0,,73.0,32.0,1.0,3000000.0,6000000.0,15.607270193858982,False,False,True,False,False,Minang
0350100,035010005,3.0,1.0,23.0,1.0,9.0,5.0,7.0,0.0,,71.0,13.0,1.0,0.0,0.0,0.0,False,True,False,False,False,Minang
0350331,035033102,1.0,3.0,40.0,1.0,9.0,2.0,7.0,0.0,,71.0,13.0,1.0,500000.0,6000000.0,15.607270193858982,False,False,True,False,False,Minang
0350331,035033103,3.0,3.0,19.0,1.0,9.0,5.0,7.0,0.0,71.0,71.0,13.0,1.0,0.0,500000.0,13.122365377402328,False,False,True,False,False,Minang
0350331,035033104,3.0,1.0,18.0,1.0,9.0,6.0,1.0,0.0,71.0,71.0,13.0,1.0,0.0,600000.0,13.304686600863562,False,True,False,False,False,Minang
0350400,035040001,1.0,1.0,67.0,1.0,9.0,2.0,7.0,0.0,,71.0,13.0,1.0,0.0,0.0,0.0,False,True,False,False,False,Minang
0350400,035040002,2.0,3.0,64.0,1.0,9.0,2.0,5.0,0.0,,71.0,13.0,1.0,0.0,0.0,0.0,False,False,True,False,False,Minang
0350400,035040003,3.0,3.0,43.0,1.0,9.0,3.0,7.0,0.0,,71.0,13.0,1.0,500000.0,5000000.0,15.424948670398354,False,False,True,False,False,Minang
0350400,035040006,3.0,3.0,35.0,1.0,9.0,5.0,7.0,0.0,,71.0,13.0,1.0,0.0,0.0,0.0,False,False,True,False,False,Minang
0350400,035040007,3.0,1.0,32.0,1.0,9.0,6.0,7.0,0.0,,71.0,13.0,1.0,100000.0,0.0,0.0,False,True,False,False,False,Minang
0350400,035040008,3.0,3.0,23.0,1.0,9.0,61.0,2.0,0.0,,71.0,13.0,1.0,0.0,0.0,0.0,False,False,True,False,False,Minang
0350500,035050002,1.0,3.0,47.0,1.0,9.0,2.0,7.0,0.0,,71.0,13.0,1.0,0.0,0.0,0.0,False,False,True,False,False,Minang
0350500,035050003,3.0,3.0,26.0,1.0,9.0,5.0,7.0,0.0,,71.0,13.0,1.0,200000.0,5000000.0,15.424948670398354,False,False,True,False,False,Minang
0350500,035050004,3.0,1.0,22.0,1.0,9.0,3.0,2.0,0.0,,71.0,13.0,1.0,0.0,0.0,0.0,False,True,False,False,False,Minang
0350500,035050005,3.0,3.0,21.0,1.0,9.0,5.0,7.0,0.0,71.0,71.0,13.0,1.0,0.0,0.0,0.0,False,False,True,False,False,Minang
0350500,035050009,5.0,1.0,25.0,1.0,9.0,5.0,7.0,0.0,71.0,71.0,13.0,1.0,0.0,0.0,0.0,False,True,False,False,False,Minang
0350600,035060002,1.0,3.0,50.0,1.0,9.0,2.0,98.0,0.0,,71.0,13.0,1.0,0.0,0.0,0.0,False,False,True,False,False,Minang
0350600,035060005,13.0,3.0,25.0,1.0,9.0,62.0,7.0,0.0,,71.0,13.0,1.0,0.0,0.0,0.0,False,False,True,False,False,Minang
0350600,035060006,13.0,3.0,28.0,1.0,9.0,60.0,0.0,0.0,,71.0,13.0,1.0,2000000.0,0.0,0.0,False,False,True,False,False,Minang
0350700,035070001,1.0,1.0,55.0,1.0,9.0,3.0,7.0,0.0,,71.0,13.0,1.0,500000.0,0.0,0.0,False,True,False,False,False,Minang
0350700,035070003,3.0,3.0,33.0,1.0,9.0,3.0,7.0,0.0,,71.0,13.0,1.0,0.0,0.0,0.0,False,False,True,False,False,Minang
0350700,035070007,3.0,3.0,18.0,1.0,9.0,2.0,2.0,0.0,71.0,71.0,13.0,1.0,0.0,100000.0,11.51293546492023,False,False,True,False,False,Minang
0350700,035070009,5.0,1.0,36.0,1.0,9.0,5.0,7.0,0.0,,71.0,13.0,1.0,0.0,0.0,0.0,False,True,False,False,False,Minang
0350800,035080002,7.0,3.0,74.0,1.0,9.0,1.0,96.0,0.0,,71.0,13.0,1.0,50000.0,0.0,0.0,False,False,True,False,False,Minang
0350800,035080003,9.0,1.0,44.0,1.0,9.0,6.0,7.0,0.0,,71.0,13.0,1.0,0.0,0.0,0.0,False,True,False,False,False,Minang
0350800,035080005,2.0,3.0,40.0,1.0,9.0,6.0,7.0,0.0,71.0,71.0,13.0,1.0,0.0,0.0,0.0,False,False,True,False,False,Minang
0350800,035080007,9.0,1.0,35.0,1.0,9.0,74.0,1.0,0.0,71.0,71.0,13.0,1.0,200000.0,100000.0,11.51293546492023,False,True,False,False,False,Minang
0350800,035080009,9.0,3.0,30.0,1.0,9.0,6.0,7.0,0.0,71.0,71.0,13.0,1.0,300000.0,0.0,0.0,False,False,True,False,False,Minang
0350800,035080011,16.0,3.0,18.0,1.0,9.0,5.0,7.0,0.0,71.0,71.0,13.0,1.0,0.0,0.0,0.0,False,False,True,False,False,Minang
0350800,035080012,4.0,3.0,16.0,1.0,9.0,5.0,1.0,0.0,71.0,71.0,13.0,1.0,0.0,250000.0,12.429220196836384,False,False,True,False,False,Minang
0350800,035080013,1.0,1.0,57.0,1.0,9.0,5.0,7.0,0.0,71.0,71.0,13.0,1.0,0.0,0.0,0.0,False,True,False,False,False,Minang
0350831,035083102,2.0,3.0,43.0,1.0,9.0,6.0,7.0,0.0,,71.0,13.0,1.0,0.0,0.0,0.0,False,False,True,False,False,Minang
0350831,035083103,3.0,3.0,17.0,1.0,9.0,61.0,0.0,0.0,71.0,71.0,13.0,1.0,0.0,500000.0,13.122365377402328,False,False,True,False,False,Minang
0350841,035084102,2.0,3.0,31.0,1.0,9.0,5.0,7.0,0.0,,71.0,13.0,1.0,0.0,0.0,0.0,False,False,True,False,False,Minang
0350842,035084201,1.0,1.0,36.0,1.0,9.0,6.0,7.0,0.0,,71.0,13.0,1.0,500000.0,0.0,0.0,False,True,False,False,False,Minang
0350900,035090001,1.0,1.0,58.0,1.0,9.0,2.0,7.0,0.0,,71.0,13.0,1.0,0.0,0.0,0.0,False,True,False,False,False,Minang
0350900,035090002,2.0,3.0,51.0,1.0,9.0,2.0,7.0,0.0,,71.0,13.0,1.0,0.0,0.0,0.0,False,False,True,False,False,Minang
0350900,035090003,3.0,1.0,32.0,1.0,9.0,6.0,7.0,1.0,71.0,77.0,13.0,2.0,0.0,0.0,0.0,True,True,False,True,False,Minang
0350900,035090004,3.0,3.0,29.0,1.0,9.0,6.0,7.0,0.0,,71.0,13.0,1.0,500000.0,0.0,0.0,False,False,True,False,False,Minang
0350900,035090005,3.0,1.0,26.0,1.0,9.0,5.0,0.0,0.0,,71.0,13.0,1.0,0.0,0.0,0.0,False,True,False,False,False,Minang
0350900,035090006,3.0,3.0,22.0,1.0,9.0,5.0,7.0,0.0,,71.0,13.0,1.0,0.0,0.0,0.0,False,False,True,False,False,Minang
0350900,035090007,3.0,3.0,21.0,1.0,9.0,6.0,7.0,0.0,71.0,71.0,13.0,1.0,0.0,0.0,0.0,False,False,True,False,False,Minang
0350900,035090008,7.0,3.0,81.0,1.0,9.0,2.0,3.0,0.0,71.0,71.0,13.0,1.0,0.0,0.0,0.0,False,False,True,False,False,Minang
0350900,035090009,9.0,1.0,38.0,1.0,9.0,5.0,0.0,0.0,,3.0,13.0,2.0,300000.0,0.0,0.0,False,True,False,False,False,Minang
0350900,035090015,5.0,1.0,30.0,1.0,9.0,98.0,98.0,0.0,71.0,71.0,13.0,1.0,0.0,300000.0,12.611541086966117,False,True,False,False,False,Minang
0350951,035095102,2.0,3.0,30.0,1.0,9.0,3.0,7.0,0.0,77.0,77.0,13.0,2.0,0.0,0.0,0.0,False,False,True,False,False,Minang
0351000,035100008,1.0,1.0,75.0,1.0,9.0,61.0,7.0,0.0,,71.0,13.0,1.0,5000000.0,0.0,0.0,False,True,False,False,False,Minang
0351000,035100010,3.0,3.0,43.0,1.0,9.0,60.0,7.0,1.0,1.0,71.0,13.0,1.0,2000000.0,0.0,0.0,True,False,True,False,True,Minang
0351000,035100013,10.0,3.0,16.0,1.0,9.0,5.0,2.0,0.0,71.0,71.0,13.0,1.0,0.0,6050000.0,15.615568995296266,False,False,True,False,False,Minang
0351000,035100014,3.0,1.0,30.0,1.0,9.0,61.0,7.0,0.0,71.0,71.0,13.0,1.0,0.0,0.0,0.0,False,True,False,False,False,Minang
0351000,035100015,5.0,1.0,42.0,1.0,9.0,5.0,7.0,0.0,71.0,71.0,13.0,1.0,0.0,0.0,0.0,False,True,False,False,False,Minang
0351200,035120001,1.0,1.0,49.0,1.0,9.0,60.0,7.0,0.0,,71.0,13.0,1.0,1000000.0,0.0,0.0,False,True,False,False,False,Minang
0351200,035120002,2.0,3.0,48.0,1.0,9.0,6.0,7.0,0.0,,71.0,13.0,1.0,100000.0,0.0,0.0,False,False,True,False,False,Minang
0351200,035120003,3.0,3.0,27.0,1.0,9.0,60.0,7.0,0.0,,71.0,13.0,1.0,0.0,0.0,0.0,False,False,True,False,False,Minang
0351200,035120004,3.0,3.0,24.0,1.0,9.0,60.0,7.0,0.0,,71.0,13.0,1.0,0.0,100000.0,11.51293546492023,False,False,True,False,False,Minang
0351300,035130002,2.0,3.0,61.0,1.0,10.0,60.0,7.0,0.0,,71.0,13.0,1.0,300000.0,0.0,0.0,False,False,True,False,False,Minang
0351300,035130003,4.0,3.0,34.0,1.0,9.0,61.0,7.0,0.0,,10.0,13.0,1.0,0.0,0.0,0.0,False,False,True,False,False,Minang
0351300,035130004,4.0,1.0,32.0,1.0,9.0,62.0,7.0,0.0,,71.0,13.0,1.0,0.0,0.0,0.0,False,True,False,False,False,Minang
0351300,035130005,4.0,3.0,30.0,1.0,9.0,60.0,7.0,0.0,,71.0,13.0,1.0,0.0,0.0,0.0,False,False,True,False,False,Minang
0351300,035130006,4.0,3.0,26.0,1.0,9.0,62.0,0.0,0.0,,76.0,32.0,1.0,3600000.0,0.0,0.0,False,False,True,False,False,Minang
0351300,035130007,5.0,1.0,37.0,1.0,9.0,6.0,7.0,0.0,,10.0,13.0,1.0,240000.0,0.0,0.0,False,True,False,False,False,Minang
0351300,035130011,5.0,1.0,41.0,1.0,9.0,5.0,7.0,1.0,77.0,71.0,13.0,1.0,0.0,0.0,0.0,True,True,False,True,False,Minang
0351300,035130012,1.0,1.0,62.0,1.0,9.0,6.0,7.0,1.0,12.0,71.0,13.0,1.0,0.0,0.0,0.0,True,True,False,True,False,Minang
0351352,035135202,2.0,3.0,33.0,1.0,9.0,63.0,7.0,0.0,71.0,71.0,13.0,1.0,,,,False,False,True,False,False,Minang
0351500,035150001,1.0,1.0,57.0,1.0,9.0,61.0,0.0,0.0,,71.0,13.0,1.0,200000.0,0.0,0.0,False,True,False,False,False,Minang
0351500,035150002,2.0,3.0,53.0,1.0,9.0,60.0,7.0,0.0,,71.0,13.0,1.0,0.0,0.0,0.0,False,False,True,False,False,Minang
0351500,035150003,3.0,3.0,30.0,1.0,9.0,60.0,2.0,0.0,,71.0,19.0,1.0,0.0,0.0,0.0,False,False,True,False,False,Minang
0351500,035150005,3.0,1.0,24.0,1.0,9.0,61.0,7.0,0.0,,71.0,13.0,1.0,0.0,100000.0,11.51293546492023,False,True,False,False,False,Minang
0351551,035155101,1.0,1.0,32.0,1.0,9.0,61.0,7.0,0.0,71.0,71.0,19.0,1.0,0.0,4000000.0,15.201805169084134,False,True,False,False,False,Minang
0351600,035160001,2.0,3.0,57.0,1.0,9.0,61.0,7.0,1.0,75.0,71.0,13.0,1.0,0.0,0.0,0.0,True,False,True,False,True,Minang
0351600,035160002,3.0,1.0,31.0,1.0,9.0,61.0,7.0,0.0,,71.0,13.0,1.0,0.0,0.0,0.0,False,True,False,False,False,Minang
0351600,035160003,3.0,3.0,28.0,1.0,9.0,61.0,7.0,0.0,,71.0,13.0,1.0,0.0,0.0,0.0,False,False,True,False,False,Minang
0351600,035160004,3.0,3.0,22.0,1.0,9.0,61.0,3.0,0.0,,71.0,13.0,1.0,0.0,0.0,0.0,False,False,True,False,False,Minang
0351600,035160011,5.0,1.0,28.0,1.0,2.0,61.0,7.0,1.0,73.0,71.0,13.0,1.0,0.0,0.0,0.0,True,True,False,True,False,Minang
0351651,035165104,3.0,3.0,31.0,1.0,9.0,61.0,7.0,0.0,71.0,71.0,13.0,1.0,200000.0,0.0,0.0,False,False,True,False,False,Minang
0351900,035190001,1.0,1.0,70.0,1.0,9.0,2.0,98.0,0.0,71.0,71.0,13.0,1.0,0.0,0.0,0.0,False,True,False,False,False,Minang
0351900,035190002,2.0,3.0,62.0,1.0,9.0,5.0,7.0,0.0,,71.0,13.0,1.0,0.0,0.0,0.0,False,False,True,False,False,Minang
0351900,035190006,3.0,3.0,30.0,1.0,9.0,5.0,7.0,0.0,71.0,71.0,13.0,1.0,0.0,0.0,0.0,False,False,True,False,False,Minang
0351900,035190009,5.0,1.0,31.0,1.0,9.0,6.0,7.0,1.0,3.0,71.0,13.0,1.0,0.0,4000000.0,15.201805169084134,True,True,False,True,False,Minang
0352000,035200002,7.0,3.0,58.0,1.0,9.0,3.0,2.0,0.0,,71.0,13.0,1.0,100000.0,0.0,0.0,False,False,True,False,False,Minang
0352000,035200003,2.0,3.0,38.0,1.0,9.0,5.0,7.0,0.0,,71.0,13.0,1.0,0.0,0.0,0.0,False,False,True,False,False,Minang
0352000,035200005,9.0,3.0,30.0,1.0,9.0,60.0,7.0,0.0,,11.0,13.0,2.0,0.0,0.0,0.0,False,False,True,False,False,Minang
0352000,035200007,9.0,3.0,40.0,1.0,9.0,74.0,7.0,0.0,,71.0,13.0,1.0,0.0,0.0,0.0,False,False,True,False,False,Minang
0352000,035200008,9.0,3.0,34.0,1.0,9.0,61.0,7.0,0.0,,71.0,13.0,1.0,0.0,0.0,0.0,False,False,True,False,False,Minang
0352000,035200009,9.0,1.0,45.0,1.0,9.0,6.0,7.0,0.0,,71.0,13.0,1.0,0.0,0.0,0.0,False,True,False,False,False,Minang
0352000,035200010,1.0,1.0,41.0,1.0,9.0,5.0,7.0,0.0,,71.0,13.0,1.0,0.0,0.0,0.0,False,True,False,False,False,Minang
0352041,035204105,5.0,1.0,34.0,1.0,9.0,6.0,7.0,0.0,71.0,71.0,13.0,1.0,0.0,0.0,0.0,False,True,False,False,False,Minang
0352042,035204202,2.0,3.0,37.0,1.0,9.0,60.0,7.0,0.0,,71.0,13.0,1.0,1000000.0,0.0,0.0,False,False,True,False,False,Minang
0354100,035410002,1.0,3.0,61.0,1.0,9.0,1.0,96.0,0.0,,71.0,13.0,1.0,0.0,0.0,0.0,False,False,True,False,False,Minang
0354100,035410003,3.0,1.0,31.0,1.0,9.0,61.0,98.0,0.0,,4.0,13.0,2.0,2000000.0,1000000.0,13.815511557963774,False,True,False,False,False,Minang
0354100,035410004,3.0,1.0,30.0,1.0,9.0,2.0,7.0,0.0,71.0,71.0,13.0,1.0,0.0,0.0,0.0,False,True,False,False,False,Minang
0354100,035410007,3.0,3.0,41.0,1.0,9.0,5.0,7.0,0.0,,71.0,13.0,1.0,0.0,0.0,0.0,False,False,True,False,False,Minang
0354100,035410008,5.0,1.0,41.0,1.0,9.0,3.0,7.0,0.0,,71.0,13.0,1.0,0.0,0.0,0.0,False,True,False,False,False,Minang
0354100,035410009,10.0,3.0,18.0,1.0,9.0,5.0,2.0,0.0,71.0,71.0,13.0,1.0,0.0,0.0,0.0,False,False,True,False,False,Minang
0354100,035410010,10.0,3.0,16.0,1.0,9.0,3.0,2.0,0.0,71.0,71.0,13.0,1.0,0.0,600000.0,13.304686600863562,False,False,True,False,False,Minang
0354152,035415202,2.0,3.0,29.0,1.0,9.0,6.0,7.0,0.0,71.0,71.0,13.0,1.0,0.0,1000000.0,13.815511557963774,False,False,True,False,False,Minang
0354300,035430002,7.0,3.0,64.0,1.0,9.0,2.0,7.0,0.0,,71.0,13.0,1.0,0.0,0.0,0.0,False,False,True,False,False,Minang
0354300,035430003,9.0,1.0,27.0,1.0,9.0,5.0,7.0,0.0,,71.0,13.0,1.0,0.0,0.0,0.0,False,True,False,False,False,Minang
0354300,035430004,9.0,1.0,24.0,1.0,9.0,5.0,7.0,0.0,,71.0,13.0,1.0,0.0,0.0,0.0,False,True,False,False,False,Minang
0354300,035430005,9.0,1.0,22.0,1.0,9.0,5.0,7.0,0.0,,71.0,13.0,1.0,0.0,400000.0,12.899222326086994,False,True,False,False,False,Minang
0354300,035430006,9.0,1.0,44.0,1.0,9.0,5.0,7.0,0.0,,71.0,13.0,1.0,0.0,0.0,0.0,False,True,False,False,False,Minang
0354300,035430007,2.0,3.0,41.0,1.0,9.0,5.0,7.0,0.0,,71.0,13.0,1.0,0.0,0.0,0.0,False,False,True,False,False,Minang
0354300,035430008,9.0,1.0,40.0,1.0,9.0,5.0,7.0,0.0,,71.0,13.0,1.0,50000.0,0.0,0.0,False,True,False,False,False,Minang
0354300,035430009,9.0,1.0,37.0,1.0,9.0,6.0,7.0,0.0,,71.0,13.0,1.0,0.0,0.0,0.0,False,True,False,False,False,Minang
0354300,035430010,9.0,1.0,33.0,1.0,9.0,6.0,7.0,0.0,,71.0,13.0,1.0,200000.0,300000.0,12.611541086966117,False,True,False,False,False,Minang
0354300,035430013,1.0,1.0,44.0,1.0,9.0,6.0,7.0,0.0,,71.0,13.0,1.0,0.0,0.0,0.0,False,True,False,False,False,Minang
0354331,035433102,2.0,3.0,43.0,1.0,4.0,5.0,7.0,0.0,,71.0,13.0,1.0,500000.0,0.0,0.0,False,False,True,False,False,Minang
0354331,035433103,3.0,1.0,17.0,1.0,9.0,6.0,0.0,0.0,71.0,71.0,13.0,1.0,0.0,500000.0,13.122365377402328,False,True,False,False,False,Minang
0354331,035433104,3.0,1.0,15.0,1.0,9.0,73.0,2.0,0.0,71.0,71.0,13.0,1.0,0.0,650000.0,13.384729180332174,False,True,False,False,False,Minang
0354332,035433202,2.0,3.0,41.0,1.0,4.0,5.0,1.0,0.0,,71.0,13.0,1.0,0.0,0.0,0.0,False,False,True,False,False,Minang
0354341,035434102,2.0,3.0,34.0,1.0,9.0,6.0,7.0,0.0,,71.0,13.0,1.0,100000.0,0.0,0.0,False,False,True,False,False,Minang
0354351,035435102,2.0,3.0,28.0,1.0,9.0,5.0,7.0,0.0,71.0,71.0,13.0,1.0,0.0,0.0,0.0,False,False,True,False,False,Minang
0354400,035440001,7.0,1.0,64.0,1.0,9.0,2.0,5.0,0.0,,71.0,13.0,1.0,0.0,0.0,0.0,False,True,False,False,False,Minang
0354400,035440002,7.0,3.0,58.0,1.0,9.0,2.0,1.0,0.0,,71.0,13.0,1.0,0.0,0.0,0.0,False,False,True,False,False,Minang
0354400,035440003,9.0,1.0,38.0,1.0,9.0,61.0,7.0,0.0,,71.0,13.0,1.0,0.0,0.0,0.0,False,True,False,False,False,Minang
0354400,035440004,2.0,3.0,36.0,1.0,9.0,60.0,7.0,0.0,,71.0,13.0,1.0,0.0,0.0,0.0,False,False,True,False,False,Minang
0354400,035440005,9.0,1.0,33.0,1.0,9.0,6.0,7.0,0.0,,3.0,13.0,2.0,,,,False,True,False,False,False,Minang
0354400,035440006,9.0,3.0,31.0,1.0,9.0,5.0,7.0,0.0,,71.0,13.0,1.0,0.0,0.0,0.0,False,False,True,False,False,Minang
0354400,035440007,9.0,3.0,28.0,1.0,9.0,60.0,7.0,0.0,,71.0,13.0,1.0,200000.0,0.0,0.0,False,False,True,False,False,Minang
0354400,035440008,9.0,1.0,19.0,1.0,9.0,5.0,7.0,0.0,71.0,71.0,13.0,1.0,0.0,0.0,0.0,False,True,False,False,False,Minang
0354400,035444201,1.0,1.0,41.0,1.0,9.0,6.0,7.0,0.0,,71.0,13.0,1.0,100000.0,0.0,0.0,False,True,False,False,False,Minang
0354400,035440013,17.0,1.0,20.0,1.0,9.0,61.0,2.0,1.0,4.0,71.0,13.0,1.0,200000.0,1200000.0,13.997832948091215,True,True,False,True,False,Minang
0354441,035444102,2.0,3.0,38.0,1.0,9.0,5.0,7.0,0.0,,71.0,13.0,1.0,500000.0,0.0,0.0,False,False,True,False,False,Minang
0354443,035444301,1.0,1.0,40.0,1.0,9.0,5.0,7.0,0.0,,71.0,13.0,1.0,0.0,0.0,0.0,False,True,False,False,False,Minang
0354452,035445201,1.0,1.0,29.0,1.0,9.0,3.0,7.0,0.0,71.0,71.0,13.0,1.0,0.0,0.0,0.0,False,True,False,False,False,Minang
0354500,035450001,1.0,1.0,56.0,1.0,9.0,6.0,1.0,0.0,,71.0,13.0,1.0,0.0,0.0,0.0,False,True,False,False,False,Minang
0354500,035450002,2.0,3.0,55.0,1.0,9.0,3.0,2.0,0.0,,71.0,13.0,1.0,0.0,0.0,0.0,False,False,True,False,False,Minang
0354500,035450005,3.0,1.0,22.0,1.0,9.0,14.0,7.0,0.0,,71.0,13.0,1.0,200000.0,0.0,0.0,False,True,False,False,False,Minang
0354500,035450006,4.0,3.0,37.0,1.0,9.0,6.0,7.0,0.0,,71.0,13.0,1.0,0.0,3600000.0,15.096444681204078,False,False,True,False,False,Minang
0354500,035450008,10.0,1.0,15.0,1.0,9.0,5.0,0.0,0.0,71.0,71.0,13.0,1.0,0.0,2000000.0,14.508658238524095,False,True,False,False,False,Minang
0354500,035450009,5.0,1.0,38.0,1.0,9.0,6.0,7.0,0.0,71.0,71.0,13.0,1.0,0.0,0.0,0.0,False,True,False,False,False,Minang
0360100,036010005,2.0,3.0,26.0,1.0,9.0,3.0,7.0,0.0,,74.0,13.0,1.0,0.0,500000.0,13.122365377402328,False,False,True,False,False,Minang
0360100,036010006,9.0,1.0,20.0,1.0,9.0,6.0,7.0,0.0,74.0,74.0,13.0,1.0,400000.0,200000.0,12.206077645517674,False,True,False,False,False,Minang
0360100,036010010,1.0,1.0,40.0,1.0,9.0,3.0,7.0,0.0,74.0,74.0,13.0,1.0,0.0,0.0,0.0,False,True,False,False,False,Minang
0360200,036020001,1.0,1.0,54.0,1.0,9.0,3.0,1.0,0.0,,74.0,13.0,1.0,0.0,0.0,0.0,False,True,False,False,False,Minang
0360200,036020002,2.0,3.0,42.0,1.0,9.0,3.0,7.0,0.0,,74.0,13.0,1.0,0.0,0.0,0.0,False,False,True,False,False,Minang
0360200,036020003,3.0,3.0,23.0,1.0,9.0,61.0,3.0,0.0,,11.0,32.0,1.0,0.0,0.0,0.0,False,False,True,False,False,Minang
0360200,036020004,3.0,1.0,22.0,1.0,9.0,3.0,1.0,0.0,,74.0,13.0,1.0,0.0,0.0,0.0,False,True,False,False,False,Minang
0360200,036020005,7.0,3.0,74.0,1.0,9.0,1.0,96.0,0.0,,74.0,13.0,1.0,50000.0,0.0,0.0,False,False,True,False,False,Minang
0360200,036020006,9.0,1.0,47.0,1.0,9.0,5.0,7.0,0.0,,74.0,13.0,1.0,0.0,0.0,0.0,False,True,False,False,False,Minang
0360231,036023102,2.0,3.0,46.0,1.0,9.0,3.0,7.0,0.0,,74.0,13.0,1.0,500000.0,0.0,0.0,False,False,True,False,False,Minang
0360231,036023103,3.0,3.0,16.0,1.0,9.0,5.0,1.0,1.0,75.0,74.0,13.0,1.0,0.0,0.0,0.0,True,False,True,False,True,Minang
0360231,036023104,3.0,1.0,15.0,1.0,9.0,3.0,2.0,1.0,5.0,74.0,13.0,1.0,0.0,100000.0,11.51293546492023,True,True,False,True,False,Minang
0360300,036030002,3.0,1.0,38.0,1.0,9.0,60.0,7.0,0.0,,71.0,13.0,1.0,200000.0,0.0,0.0,False,True,False,False,False,Minang
0360300,036030005,3.0,3.0,33.0,1.0,9.0,61.0,7.0,0.0,,74.0,13.0,1.0,0.0,0.0,0.0,False,False,True,False,False,Minang
0360300,036030006,13.0,3.0,30.0,1.0,9.0,6.0,7.0,0.0,,5.0,13.0,2.0,0.0,0.0,0.0,False,False,True,False,False,Minang
0360300,036030007,1.0,1.0,65.0,1.0,9.0,6.0,7.0,0.0,74.0,74.0,13.0,1.0,0.0,0.0,0.0,False,True,False,False,False,Minang
0360300,036030008,2.0,3.0,63.0,1.0,9.0,3.0,7.0,0.0,,74.0,13.0,1.0,700000.0,0.0,0.0,False,False,True,False,False,Minang
0360341,036034101,1.0,1.0,38.0,1.0,9.0,61.0,7.0,0.0,,8.0,14.0,1.0,500000.0,0.0,0.0,False,True,False,False,False,Minang
0360351,036035102,2.0,3.0,37.0,1.0,9.0,61.0,0.0,1.0,12.0,71.0,13.0,1.0,200000.0,5000000.0,15.424948670398354,True,False,True,False,True,Minang
0360352,036035201,1.0,1.0,34.0,1.0,9.0,60.0,7.0,1.0,71.0,74.0,13.0,1.0,0.0,0.0,0.0,True,True,False,True,False,Minang
0360400,036040002,8.0,1.0,34.0,1.0,9.0,6.0,7.0,0.0,,5.0,13.0,2.0,0.0,0.0,0.0,False,True,False,False,False,Minang
0360400,036040003,1.0,3.0,32.0,1.0,9.0,6.0,7.0,0.0,,74.0,13.0,1.0,0.0,0.0,0.0,False,False,True,False,False,Minang
0360400,036040004,8.0,1.0,31.0,1.0,9.0,6.0,7.0,0.0,,74.0,13.0,1.0,300000.0,0.0,0.0,False,True,False,False,False,Minang
0360441,036044102,2.0,3.0,33.0,1.0,9.0,6.0,7.0,0.0,,5.0,13.0,2.0,0.0,0.0,0.0,False,False,True,False,False,Minang
0360451,036045102,2.0,3.0,30.0,1.0,9.0,5.0,7.0,1.0,5.0,74.0,13.0,1.0,0.0,0.0,0.0,True,False,True,False,True,Minang
0360500,036050001,1.0,1.0,66.0,1.0,6.0,6.0,7.0,0.0,,74.0,13.0,1.0,0.0,0.0,0.0,False,True,False,False,False,Minang
0360500,036050002,2.0,3.0,53.0,1.0,9.0,61.0,1.0,0.0,,74.0,13.0,1.0,0.0,0.0,0.0,False,False,True,False,False,Minang
0360500,036050004,3.0,1.0,26.0,1.0,9.0,61.0,7.0,0.0,,8.0,14.0,1.0,0.0,3000000.0,14.914123179965662,False,True,False,False,False,Minang
0360500,036050005,3.0,1.0,23.0,1.0,9.0,61.0,3.0,0.0,,71.0,13.0,1.0,0.0,200000.0,12.206077645517674,False,True,False,False,False,Minang
0360500,036050006,3.0,1.0,19.0,1.0,9.0,61.0,1.0,0.0,74.0,74.0,13.0,1.0,0.0,500000.0,13.122365377402328,False,True,False,False,False,Minang
0360600,036060002,1.0,3.0,62.0,1.0,9.0,61.0,1.0,0.0,,74.0,13.0,1.0,0.0,1000000.0,13.815511557963774,False,False,True,False,False,Minang
0360800,036080001,1.0,1.0,52.0,1.0,4.0,6.0,1.0,0.0,,74.0,13.0,1.0,0.0,0.0,0.0,False,True,False,False,False,Minang
0360800,036080002,2.0,3.0,52.0,1.0,9.0,61.0,0.0,0.0,,74.0,13.0,1.0,200000.0,0.0,0.0,False,False,True,False,False,Minang
0360800,036080003,3.0,3.0,26.0,1.0,9.0,5.0,7.0,0.0,,74.0,13.0,1.0,250000.0,0.0,0.0,False,False,True,False,False,Minang
0360800,036080004,3.0,1.0,20.0,1.0,9.0,6.0,1.0,0.0,74.0,74.0,13.0,1.0,0.0,500000.0,13.122365377402328,False,True,False,False,False,Minang
0360851,036085101,1.0,1.0,29.0,1.0,9.0,6.0,1.0,1.0,3.0,74.0,13.0,1.0,0.0,0.0,0.0,True,True,False,True,False,Minang
0360900,036090003,2.0,3.0,45.0,1.0,9.0,5.0,7.0,0.0,,74.0,13.0,1.0,0.0,0.0,0.0,False,False,True,False,False,Minang
0360900,036090004,1.0,1.0,46.0,1.0,9.0,2.0,7.0,0.0,,74.0,13.0,1.0,0.0,0.0,0.0,False,True,False,False,False,Minang
0360900,036090005,13.0,1.0,30.0,1.0,9.0,6.0,7.0,1.0,75.0,12.0,13.0,2.0,0.0,0.0,0.0,True,True,False,True,False,Minang
0360900,036090006,3.0,3.0,20.0,1.0,9.0,5.0,7.0,0.0,74.0,74.0,13.0,1.0,0.0,0.0,0.0,False,False,True,False,False,Minang
0360900,036090007,3.0,1.0,17.0,1.0,9.0,6.0,2.0,0.0,74.0,74.0,13.0,1.0,0.0,0.0,0.0,False,True,False,False,False,Minang
0360951,036095102,2.0,3.0,28.0,1.0,9.0,5.0,7.0,1.0,8.0,12.0,13.0,2.0,100000.0,0.0,0.0,True,False,True,False,True,Minang
0361000,036100006,2.0,3.0,40.0,1.0,9.0,60.0,7.0,0.0,,74.0,13.0,1.0,500000.0,1000000.0,13.815511557963774,False,False,True,False,False,Minang
0361000,036100007,16.0,1.0,34.0,1.0,9.0,61.0,98.0,0.0,,11.0,13.0,2.0,1200000.0,0.0,0.0,False,True,False,False,False,Minang
0361000,036100008,16.0,3.0,33.0,1.0,9.0,5.0,7.0,0.0,,74.0,13.0,1.0,0.0,6000000.0,15.607270193858982,False,False,True,False,False,Minang
0361000,036100009,16.0,3.0,28.0,1.0,9.0,61.0,7.0,0.0,,74.0,13.0,1.0,500000.0,0.0,0.0,False,False,True,False,False,Minang
0361000,036100010,16.0,3.0,24.0,1.0,9.0,61.0,7.0,0.0,,74.0,13.0,1.0,0.0,200000.0,12.206077645517674,False,False,True,False,False,Minang
0361000,036100011,16.0,1.0,59.0,1.0,9.0,61.0,98.0,0.0,,74.0,13.0,1.0,3000000.0,300000.0,12.611541086966117,False,True,False,False,False,Minang
0361011,036101104,1.0,1.0,44.0,1.0,9.0,62.0,7.0,1.0,74.0,71.0,13.0,1.0,2000000.0,0.0,0.0,True,True,False,True,False,Minang
0361042,036104202,2.0,3.0,31.0,1.0,9.0,60.0,1.0,0.0,,11.0,13.0,2.0,1000000.0,0.0,0.0,False,False,True,False,False,Minang
0361100,036110001,1.0,1.0,66.0,1.0,9.0,2.0,7.0,1.0,2.0,74.0,13.0,1.0,0.0,0.0,0.0,True,True,False,True,False,Minang
0361100,036110002,2.0,3.0,66.0,1.0,9.0,2.0,7.0,0.0,,74.0,13.0,1.0,0.0,0.0,0.0,False,False,True,False,False,Minang
0361100,036110003,3.0,3.0,44.0,1.0,9.0,3.0,7.0,0.0,,74.0,13.0,1.0,0.0,0.0,0.0,False,False,True,False,False,Minang
0361100,036110004,3.0,3.0,40.0,1.0,9.0,3.0,2.0,0.0,,74.0,13.0,1.0,0.0,0.0,0.0,False,False,True,False,False,Minang
0361100,036110005,3.0,1.0,38.0,1.0,9.0,6.0,7.0,1.0,74.0,71.0,14.0,1.0,0.0,0.0,0.0,True,True,False,True,False,Minang
0361100,036110006,16.0,3.0,51.0,1.0,9.0,5.0,7.0,0.0,,71.0,18.0,1.0,1000000.0,0.0,0.0,False,False,True,False,False,Minang
0361100,036110008,12.0,1.0,79.0,1.0,9.0,6.0,7.0,0.0,74.0,74.0,13.0,1.0,250000.0,650000.0,13.384729180332174,False,True,False,False,False,Minang
0361100,036110012,5.0,1.0,42.0,1.0,9.0,98.0,98.0,0.0,,74.0,13.0,1.0,0.0,0.0,0.0,False,True,False,False,False,Minang
0361111,036111104,3.0,1.0,20.0,1.0,9.0,5.0,7.0,1.0,10.0,71.0,18.0,1.0,0.0,0.0,0.0,True,True,False,True,False,Minang
0361111,036111105,3.0,1.0,17.0,1.0,9.0,5.0,7.0,0.0,71.0,71.0,18.0,1.0,0.0,200000.0,12.206077645517674,False,True,False,False,False,Minang
0361131,036113103,3.0,3.0,17.0,1.0,9.0,5.0,1.0,0.0,74.0,74.0,13.0,1.0,0.0,100000.0,11.51293546492023,False,False,True,False,False,Minang
0361132,036113202,2.0,3.0,36.0,1.0,9.0,5.0,7.0,0.0,,71.0,14.0,1.0,1000000.0,0.0,0.0,False,False,True,False,False,Minang
0361133,036113305,3.0,1.0,16.0,1.0,9.0,6.0,0.0,0.0,74.0,74.0,13.0,1.0,0.0,500000.0,13.122365377402328,False,True,False,False,False,Minang
0361200,036120001,1.0,1.0,62.0,1.0,9.0,6.0,7.0,0.0,,74.0,13.0,1.0,200000.0,300000.0,12.611541086966117,False,True,False,False,False,Minang
0361200,036120002,2.0,3.0,54.0,1.0,9.0,2.0,1.0,0.0,,74.0,13.0,1.0,0.0,0.0,0.0,False,False,True,False,False,Minang
0361200,036120003,3.0,1.0,30.0,1.0,9.0,61.0,7.0,0.0,,71.0,21.0,1.0,0.0,0.0,0.0,False,True,False,False,False,Minang
0361200,036120006,9.0,1.0,39.0,1.0,9.0,6.0,7.0,0.0,,74.0,13.0,1.0,500000.0,0.0,0.0,False,True,False,False,False,Minang
0361251,036125102,2.0,3.0,29.0,1.0,9.0,6.0,7.0,1.0,98.0,71.0,21.0,1.0,0.0,0.0,0.0,True,False,True,False,True,Minang
0361300,036130001,1.0,1.0,49.0,1.0,9.0,5.0,7.0,0.0,,74.0,13.0,1.0,500000.0,0.0,0.0,False,True,False,False,False,Minang
0361300,036130002,2.0,3.0,44.0,1.0,9.0,6.0,7.0,0.0,,74.0,13.0,1.0,50000.0,0.0,0.0,False,False,True,False,False,Minang
0361300,036130003,3.0,1.0,20.0,1.0,9.0,61.0,1.0,1.0,74.0,71.0,14.0,1.0,0.0,200000.0,12.206077645517674,True,True,False,True,False,Minang
0361300,036130004,3.0,1.0,17.0,1.0,9.0,5.0,1.0,0.0,74.0,74.0,13.0,1.0,0.0,100000.0,11.51293546492023,False,True,False,False,False,Minang
0361400,036140001,1.0,1.0,57.0,1.0,9.0,61.0,7.0,0.0,,74.0,13.0,1.0,100000.0,0.0,0.0,False,True,False,False,False,Minang
0361400,036140002,2.0,3.0,51.0,1.0,9.0,6.0,7.0,0.0,,74.0,13.0,1.0,0.0,0.0,0.0,False,False,True,False,False,Minang
0361400,036140003,3.0,1.0,27.0,1.0,9.0,61.0,7.0,0.0,,74.0,31.0,1.0,500000.0,0.0,0.0,False,True,False,False,False,Minang
0361400,036140004,3.0,3.0,25.0,1.0,9.0,61.0,7.0,0.0,,74.0,13.0,1.0,0.0,0.0,0.0,False,False,True,False,False,Minang
0361400,036140006,3.0,1.0,19.0,1.0,9.0,61.0,1.0,1.0,74.0,71.0,13.0,1.0,0.0,100000.0,11.51293546492023,True,True,False,True,False,Minang
0361400,036140008,3.0,3.0,15.0,1.0,9.0,73.0,2.0,0.0,74.0,74.0,13.0,1.0,0.0,50000.0,10.819798284210286,False,False,True,False,False,Minang
0361441,036144102,2.0,3.0,26.0,1.0,9.0,62.0,7.0,0.0,74.0,74.0,31.0,1.0,0.0,9000000.0,16.012735246411598,False,False,True,False,False,Minang
0361700,036170001,1.0,1.0,73.0,1.0,9.0,60.0,7.0,0.0,,74.0,13.0,1.0,0.0,0.0,0.0,False,True,False,False,False,Minang
0361700,036170002,2.0,3.0,63.0,1.0,9.0,6.0,7.0,0.0,,74.0,13.0,1.0,0.0,0.0,0.0,False,False,True,False,False,Minang
0361800,036180002,1.0,3.0,87.0,1.0,9.0,98.0,98.0,0.0,74.0,74.0,13.0,1.0,0.0,0.0,0.0,False,False,True,False,False,Minang
0361800,036180003,3.0,3.0,57.0,1.0,9.0,2.0,7.0,0.0,,74.0,13.0,1.0,0.0,0.0,0.0,False,False,True,False,False,Minang
0361900,036190001,1.0,1.0,55.0,1.0,9.0,2.0,3.0,0.0,,5.0,13.0,2.0,0.0,100000.0,11.51293546492023,False,True,False,False,False,Minang
0361900,036190002,2.0,3.0,54.0,1.0,9.0,2.0,1.0,0.0,,5.0,13.0,2.0,0.0,0.0,0.0,False,False,True,False,False,Minang
0361900,036190003,3.0,3.0,24.0,1.0,9.0,2.0,7.0,0.0,,71.0,15.0,1.0,0.0,0.0,0.0,False,False,True,False,False,Minang
0361900,036190004,3.0,1.0,23.0,1.0,9.0,2.0,98.0,0.0,,5.0,13.0,2.0,0.0,200000.0,12.206077645517674,False,True,False,False,False,Minang
0361900,036190005,3.0,3.0,21.0,1.0,9.0,2.0,5.0,1.0,74.0,5.0,13.0,2.0,0.0,0.0,0.0,True,False,True,False,True,Minang
0361900,036190007,3.0,1.0,19.0,1.0,9.0,2.0,5.0,1.0,5.0,71.0,15.0,1.0,300000.0,200000.0,12.206077645517674,True,True,False,True,False,Minang
0361951,036195101,1.0,1.0,32.0,1.0,9.0,3.0,7.0,1.0,5.0,71.0,15.0,1.0,0.0,0.0,0.0,True,True,False,True,False,Minang
0361952,036195201,1.0,1.0,31.0,1.0,9.0,3.0,7.0,0.0,5.0,5.0,13.0,2.0,0.0,0.0,0.0,False,True,False,False,False,Minang
0362000,036200001,1.0,1.0,63.0,1.0,9.0,2.0,7.0,0.0,,74.0,13.0,1.0,500000.0,0.0,0.0,False,True,False,False,False,Minang
0362000,036200002,2.0,3.0,58.0,1.0,9.0,2.0,5.0,0.0,,74.0,13.0,1.0,0.0,5000000.0,15.424948670398354,False,False,True,False,False,Minang
0362000,036200004,3.0,3.0,33.0,1.0,9.0,2.0,5.0,0.0,,74.0,13.0,1.0,2500000.0,500000.0,13.122365377402328,False,False,True,False,False,Minang
0362000,036200005,3.0,3.0,31.0,1.0,9.0,15.0,7.0,0.0,,74.0,13.0,1.0,0.0,0.0,0.0,False,False,True,False,False,Minang
0362000,036200007,7.0,3.0,77.0,1.0,9.0,2.0,98.0,0.0,,74.0,13.0,1.0,0.0,1000000.0,13.815511557963774,False,False,True,False,False,Minang
0362031,036203102,1.0,1.0,45.0,1.0,9.0,5.0,7.0,0.0,,74.0,13.0,1.0,0.0,0.0,0.0,False,True,False,False,False,Minang
0362031,036203103,3.0,1.0,15.0,1.0,9.0,3.0,1.0,0.0,74.0,74.0,13.0,1.0,0.0,1000000.0,13.815511557963774,False,True,False,False,False,Minang
0362031,036203104,3.0,1.0,15.0,1.0,9.0,3.0,0.0,0.0,74.0,74.0,13.0,1.0,100000.0,550000.0,13.21767537538882,False,True,False,False,False,Minang
0370100,037010001,7.0,3.0,73.0,1.0,9.0,2.0,98.0,0.0,74.0,74.0,13.0,1.0,0.0,0.0,0.0,False,False,True,False,False,Minang
0370100,037010002,2.0,3.0,47.0,1.0,9.0,5.0,7.0,0.0,,74.0,13.0,1.0,0.0,0.0,0.0,False,False,True,False,False,Minang
0370100,037010003,1.0,1.0,49.0,1.0,9.0,5.0,2.0,0.0,,74.0,13.0,1.0,0.0,0.0,0.0,False,True,False,False,False,Minang
0370100,037010006,3.0,3.0,17.0,1.0,9.0,6.0,2.0,0.0,74.0,74.0,13.0,1.0,0.0,200000.0,12.206077645517674,False,False,True,False,False,Minang
0370200,037020001,7.0,1.0,55.0,1.0,9.0,2.0,7.0,0.0,,5.0,13.0,2.0,0.0,0.0,0.0,False,True,False,False,False,Minang
0370200,037020003,9.0,3.0,31.0,1.0,9.0,60.0,7.0,0.0,,71.0,14.0,1.0,1000000.0,0.0,0.0,False,False,True,False,False,Minang
0370200,037020004,9.0,1.0,29.0,1.0,9.0,6.0,7.0,0.0,,71.0,14.0,1.0,300000.0,0.0,0.0,False,True,False,False,False,Minang
0370200,037020005,2.0,3.0,27.0,1.0,9.0,61.0,7.0,0.0,,74.0,13.0,1.0,5000000.0,0.0,0.0,False,False,True,False,False,Minang
0370200,037020006,9.0,1.0,22.0,1.0,9.0,61.0,3.0,0.0,,71.0,13.0,1.0,0.0,0.0,0.0,False,True,False,False,False,Minang
0370200,037020009,1.0,1.0,36.0,1.0,9.0,5.0,7.0,0.0,74.0,74.0,13.0,1.0,0.0,0.0,0.0,False,True,False,False,False,Minang
0370241,037024102,2.0,3.0,54.0,1.0,9.0,2.0,4.0,0.0,,5.0,13.0,2.0,0.0,0.0,0.0,False,False,True,False,False,Minang
0370300,037030001,1.0,1.0,62.0,1.0,9.0,61.0,7.0,0.0,,74.0,13.0,1.0,0.0,0.0,0.0,False,True,False,False,False,Minang
0370300,037030002,2.0,3.0,60.0,1.0,9.0,61.0,7.0,0.0,,74.0,13.0,1.0,2000000.0,0.0,0.0,False,False,True,False,False,Minang
0370300,037030003,3.0,1.0,27.0,1.0,9.0,62.0,7.0,0.0,,75.0,12.0,1.0,0.0,0.0,0.0,False,True,False,False,False,Minang
0370300,037030004,3.0,3.0,24.0,1.0,9.0,62.0,2.0,0.0,,74.0,13.0,1.0,0.0,0.0,0.0,False,False,True,False,False,Minang
0370300,037030006,16.0,1.0,35.0,1.0,9.0,3.0,98.0,0.0,,71.0,13.0,1.0,100000.0,1000000.0,13.815511557963774,False,True,False,False,False,Minang
0370343,037034302,2.0,3.0,37.0,1.0,9.0,60.0,7.0,1.0,6.0,71.0,13.0,1.0,50000.0,1000000.0,13.815511557963774,True,False,True,False,True,Minang
0370641,037060003,1.0,3.0,31.0,1.0,9.0,6.0,7.0,0.0,,11.0,13.0,1.0,300000.0,0.0,0.0,False,False,True,False,False,Minang
0370642,037060002,2.0,3.0,35.0,1.0,9.0,5.0,7.0,0.0,,74.0,13.0,1.0,300000.0,0.0,0.0,False,False,True,False,False,Minang
0370700,037070003,6.0,3.0,72.0,1.0,9.0,6.0,7.0,0.0,74.0,74.0,13.0,1.0,0.0,0.0,0.0,False,False,True,False,False,Minang
0370700,037070004,17.0,1.0,50.0,1.0,9.0,2.0,98.0,0.0,74.0,74.0,13.0,2.0,0.0,0.0,0.0,False,True,False,False,False,Minang
0370700,037070006,1.0,3.0,44.0,1.0,9.0,5.0,7.0,0.0,,74.0,13.0,1.0,1000000.0,2000000.0,14.508658238524095,False,False,True,False,False,Minang
0370700,037070009,3.0,3.0,21.0,1.0,9.0,6.0,7.0,0.0,74.0,74.0,13.0,1.0,500000.0,3500000.0,15.068273812173889,False,False,True,False,False,Minang
0370700,037070010,3.0,3.0,18.0,1.0,9.0,5.0,2.0,0.0,74.0,74.0,13.0,1.0,0.0,0.0,0.0,False,False,True,False,False,Minang
0370700,037070011,3.0,1.0,16.0,1.0,9.0,5.0,0.0,0.0,74.0,74.0,13.0,1.0,0.0,5000000.0,15.424948670398354,False,True,False,False,False,Minang
0370751,037075102,2.0,3.0,24.0,1.0,9.0,3.0,7.0,1.0,7.0,74.0,13.0,2.0,0.0,0.0,0.0,True,False,True,False,True,Minang
0370800,037080001,1.0,1.0,64.0,1.0,9.0,4.0,2.0,0.0,,74.0,13.0,1.0,0.0,0.0,0.0,False,True,False,False,False,Minang
0370800,037080002,2.0,3.0,57.0,1.0,2.0,4.0,7.0,0.0,,74.0,13.0,1.0,500000.0,0.0,0.0,False,False,True,False,False,Minang
0370800,037080004,3.0,3.0,32.0,1.0,9.0,61.0,3.0,0.0,,74.0,13.0,1.0,500000.0,2000000.0,14.508658238524095,False,False,True,False,False,Minang
0370800,037080005,3.0,3.0,28.0,1.0,9.0,61.0,7.0,0.0,,74.0,13.0,1.0,500000.0,0.0,0.0,False,False,True,False,False,Minang
0370800,037080006,3.0,1.0,25.0,1.0,9.0,61.0,3.0,0.0,,71.0,31.0,1.0,0.0,500000.0,13.122365377402328,False,True,False,False,False,Minang
0370841,037084101,1.0,1.0,39.0,1.0,9.0,5.0,7.0,0.0,,74.0,13.0,1.0,300000.0,0.0,0.0,False,True,False,False,False,Minang
0370900,037090001,1.0,1.0,55.0,1.0,9.0,73.0,2.0,0.0,,74.0,13.0,1.0,0.0,2000000.0,14.508658238524095,False,True,False,False,False,Minang
0370900,037090002,2.0,3.0,52.0,1.0,9.0,60.0,7.0,0.0,,74.0,13.0,1.0,0.0,5000000.0,15.424948670398354,False,False,True,False,False,Minang
0370900,037090003,3.0,3.0,28.0,1.0,9.0,61.0,7.0,0.0,,71.0,13.0,1.0,0.0,6000000.0,15.607270193858982,False,False,True,False,False,Minang
0370900,037090005,3.0,3.0,22.0,1.0,9.0,61.0,3.0,0.0,,74.0,13.0,1.0,0.0,300000.0,12.611541086966117,False,False,True,False,False,Minang
0370941,037094102,1.0,1.0,30.0,1.0,9.0,6.0,7.0,0.0,71.0,71.0,13.0,1.0,0.0,0.0,0.0,False,True,False,False,False,Minang
0371000,037100001,6.0,3.0,79.0,1.0,9.0,3.0,7.0,1.0,5.0,74.0,13.0,1.0,0.0,0.0,0.0,True,False,True,False,True,Minang
0371000,037100002,8.0,1.0,50.0,1.0,9.0,61.0,7.0,1.0,74.0,71.0,21.0,1.0,0.0,0.0,0.0,True,True,False,True,False,Minang
0371000,037100003,1.0,1.0,45.0,1.0,9.0,61.0,7.0,0.0,,74.0,13.0,1.0,0.0,0.0,0.0,False,True,False,False,False,Minang
0371000,037100004,9.0,3.0,46.0,1.0,9.0,61.0,7.0,0.0,,71.0,21.0,1.0,5000000.0,0.0,0.0,False,False,True,False,False,Minang
0371000,037100005,13.0,3.0,19.0,1.0,9.0,61.0,0.0,1.0,74.0,4.0,34.0,1.0,0.0,2500000.0,14.731801689838347,True,False,True,False,True,Minang
0371000,037100006,13.0,1.0,17.0,1.0,9.0,5.0,2.0,1.0,74.0,2.0,34.0,1.0,0.0,100000.0,11.51293546492023,True,True,False,True,False,Minang
0371000,037100009,2.0,3.0,45.0,1.0,9.0,62.0,7.0,0.0,,74.0,13.0,1.0,0.0,0.0,0.0,False,False,True,False,False,Minang
0371100,037110001,1.0,1.0,56.0,1.0,1.0,2.0,4.0,0.0,,74.0,13.0,1.0,3600000.0,0.0,0.0,False,True,False,False,False,Java
0371100,037110002,2.0,3.0,56.0,1.0,1.0,2.0,2.0,0.0,,74.0,13.0,1.0,0.0,0.0,0.0,False,False,True,False,False,Java
0371100,037110003,3.0,3.0,35.0,1.0,1.0,6.0,7.0,0.0,,74.0,13.0,1.0,1000000.0,8500000.0,15.955576839107596,False,False,True,False,False,Java
0371100,037110004,3.0,3.0,33.0,1.0,1.0,6.0,7.0,0.0,,7.0,13.0,2.0,200000.0,0.0,0.0,False,False,True,False,False,Java
0371131,037113102,8.0,1.0,40.0,1.0,1.0,3.0,7.0,1.0,29.0,74.0,13.0,1.0,0.0,1500000.0,14.220976332738882,True,True,False,True,False,Java
0371131,037113103,13.0,1.0,15.0,1.0,1.0,5.0,0.0,1.0,29.0,74.0,13.0,1.0,0.0,3620000.0,15.10198486004501,True,True,False,True,False,Java
0371141,037114101,1.0,1.0,34.0,1.0,9.0,2.0,4.0,0.0,,7.0,13.0,2.0,0.0,300000.0,12.611541086966117,False,True,False,False,False,Minang
0371231,037123106,3.0,1.0,15.0,1.0,9.0,3.0,2.0,1.0,74.0,5.0,13.0,2.0,0.0,100000.0,11.51293546492023,True,True,False,True,False,Minang
0371241,037124102,2.0,3.0,32.0,1.0,9.0,5.0,7.0,0.0,,5.0,13.0,2.0,0.0,0.0,0.0,False,False,True,False,False,Minang
0371700,037170001,1.0,1.0,59.0,1.0,9.0,5.0,7.0,0.0,74.0,74.0,13.0,1.0,0.0,0.0,0.0,False,True,False,False,False,Java
0371700,037170002,2.0,3.0,58.0,1.0,1.0,4.0,2.0,0.0,,74.0,13.0,1.0,0.0,500000.0,13.122365377402328,False,False,True,False,False,Java
0371700,037170003,3.0,3.0,32.0,1.0,1.0,5.0,7.0,0.0,,11.0,13.0,1.0,3500000.0,0.0,0.0,False,False,True,False,False,Java
0371741,037174101,1.0,1.0,36.0,1.0,9.0,5.0,7.0,1.0,10.0,11.0,13.0,1.0,0.0,0.0,0.0,True,True,False,True,False,Minang
0371800,037180001,1.0,1.0,54.0,1.0,9.0,5.0,7.0,0.0,,74.0,13.0,1.0,0.0,1200000.0,13.997832948091215,False,True,False,False,False,Minang
0371800,037180002,2.0,3.0,53.0,1.0,9.0,60.0,7.0,0.0,,74.0,13.0,1.0,200000.0,200000.0,12.206077645517674,False,False,True,False,False,Minang
0371800,037180003,3.0,1.0,29.0,1.0,9.0,6.0,7.0,0.0,,74.0,13.0,1.0,0.0,0.0,0.0,False,True,False,False,False,Minang
0371800,037180004,3.0,1.0,27.0,1.0,9.0,3.0,7.0,0.0,,74.0,13.0,1.0,0.0,0.0,0.0,False,True,False,False,False,Minang
0371800,037180005,3.0,3.0,25.0,1.0,9.0,6.0,7.0,0.0,,74.0,13.0,1.0,0.0,0.0,0.0,False,False,True,False,False,Minang
0371851,037185102,2.0,3.0,28.0,1.0,9.0,61.0,7.0,0.0,74.0,74.0,13.0,1.0,0.0,0.0,0.0,False,False,True,False,False,Minang
0371852,037185202,2.0,3.0,24.0,1.0,9.0,6.0,1.0,0.0,74.0,74.0,13.0,1.0,0.0,0.0,0.0,False,False,True,False,False,Minang
0371900,037190001,7.0,3.0,57.0,1.0,9.0,2.0,2.0,0.0,,74.0,13.0,1.0,0.0,0.0,0.0,False,False,True,False,False,Minang
0371900,037190002,9.0,1.0,42.0,1.0,9.0,2.0,2.0,1.0,74.0,5.0,13.0,2.0,0.0,0.0,0.0,True,True,False,True,False,Minang
0371900,037190005,9.0,1.0,30.0,1.0,9.0,2.0,4.0,0.0,,74.0,13.0,1.0,0.0,0.0,0.0,False,True,False,False,False,Minang
0371900,037190006,9.0,3.0,28.0,1.0,9.0,12.0,7.0,0.0,,74.0,13.0,1.0,1000000.0,0.0,0.0,False,False,True,False,False,Minang
0371900,037190007,2.0,3.0,22.0,1.0,9.0,6.0,7.0,0.0,74.0,74.0,13.0,1.0,100000.0,0.0,0.0,False,False,True,False,False,Minang
0371900,037190009,9.0,1.0,15.0,1.0,9.0,2.0,2.0,0.0,74.0,74.0,13.0,1.0,0.0,0.0,0.0,False,True,False,False,False,Minang
0371931,037193105,2.0,3.0,38.0,1.0,9.0,6.0,7.0,0.0,,5.0,13.0,2.0,0.0,200000.0,12.206077645517674,False,False,True,False,False,Minang
0371931,037193106,3.0,3.0,17.0,1.0,9.0,6.0,1.0,0.0,5.0,5.0,13.0,2.0,0.0,200000.0,12.206077645517674,False,False,True,False,False,Minang
0371931,037193107,3.0,1.0,15.0,1.0,9.0,73.0,0.0,0.0,5.0,5.0,13.0,2.0,0.0,100000.0,11.51293546492023,False,True,False,False,False,Minang
0372000,037200001,1.0,1.0,67.0,1.0,9.0,4.0,1.0,0.0,,74.0,13.0,1.0,0.0,0.0,0.0,False,True,False,False,False,Minang
0372000,037200006,3.0,1.0,21.0,1.0,9.0,61.0,0.0,0.0,74.0,74.0,13.0,1.0,0.0,4000000.0,15.201805169084134,False,True,False,False,False,Minang
0372000,037200007,3.0,3.0,18.0,1.0,9.0,61.0,1.0,1.0,74.0,73.0,35.0,1.0,0.0,0.0,0.0,True,False,True,False,True,Minang
0380100,038010003,9.0,1.0,45.0,1.0,9.0,6.0,7.0,0.0,,75.0,13.0,1.0,100000.0,0.0,0.0,False,True,False,False,False,Minang
0380100,038010004,9.0,3.0,43.0,1.0,9.0,5.0,7.0,0.0,,8.0,13.0,2.0,20000.0,0.0,0.0,False,False,True,False,False,Minang
0380100,038010006,2.0,3.0,35.0,1.0,9.0,15.0,7.0,0.0,,75.0,13.0,1.0,0.0,0.0,0.0,False,False,True,False,False,Minang
0380100,038010007,9.0,3.0,20.0,1.0,9.0,5.0,1.0,1.0,75.0,76.0,13.0,2.0,0.0,0.0,0.0,True,False,True,False,True,Minang
0380100,038010008,1.0,1.0,40.0,1.0,9.0,6.0,7.0,0.0,,75.0,13.0,1.0,0.0,0.0,0.0,False,True,False,False,False,Minang
0380131,038013102,2.0,3.0,43.0,1.0,9.0,3.0,7.0,0.0,,75.0,13.0,1.0,0.0,0.0,0.0,False,False,True,False,False,Minang
0380141,038014104,1.0,1.0,22.0,1.0,9.0,3.0,7.0,1.0,10.0,76.0,13.0,2.0,0.0,0.0,0.0,True,True,False,True,False,Minang
0380142,038014201,1.0,1.0,35.0,1.0,9.0,3.0,7.0,0.0,,8.0,13.0,2.0,100000.0,0.0,0.0,False,True,False,False,False,Minang
0380231,038020003,2.0,3.0,44.0,1.0,9.0,6.0,7.0,0.0,,75.0,13.0,1.0,0.0,0.0,0.0,False,False,True,False,False,Minang
0380231,038023102,1.0,1.0,49.0,1.0,9.0,61.0,7.0,0.0,,75.0,13.0,1.0,0.0,200000.0,12.206077645517674,False,True,False,False,False,Minang
0380300,038030001,1.0,1.0,61.0,1.0,9.0,6.0,7.0,0.0,,75.0,13.0,1.0,0.0,0.0,0.0,False,True,False,False,False,Minang
0380300,038030002,2.0,3.0,61.0,1.0,9.0,6.0,7.0,0.0,,75.0,13.0,1.0,0.0,0.0,0.0,False,False,True,False,False,Minang
0380300,038030003,3.0,1.0,35.0,1.0,9.0,61.0,7.0,0.0,,9.0,13.0,1.0,0.0,0.0,0.0,False,True,False,False,False,Minang
0380300,038030005,3.0,3.0,27.0,1.0,9.0,61.0,7.0,0.0,,9.0,13.0,1.0,500000.0,500000.0,13.122365377402328,False,False,True,False,False,Minang
0380300,038030006,3.0,3.0,25.0,1.0,9.0,61.0,7.0,0.0,,75.0,13.0,1.0,0.0,0.0,0.0,False,False,True,False,False,Minang
0380341,038034102,2.0,3.0,33.0,1.0,9.0,61.0,7.0,0.0,,9.0,13.0,1.0,500000.0,0.0,0.0,False,False,True,False,False,Minang
0380342,038034203,1.0,1.0,29.0,1.0,9.0,61.0,7.0,1.0,75.0,9.0,13.0,1.0,0.0,0.0,0.0,True,True,False,True,False,Minang
0380400,038040003,1.0,1.0,45.0,1.0,1.0,6.0,7.0,0.0,,75.0,13.0,1.0,0.0,0.0,0.0,False,True,False,False,False,Minang
0380400,038040005,2.0,3.0,38.0,1.0,9.0,3.0,1.0,0.0,,75.0,13.0,1.0,0.0,0.0,0.0,False,False,True,False,False,Minang
0380400,038040006,3.0,3.0,20.0,1.0,9.0,6.0,1.0,1.0,11.0,75.0,13.0,1.0,0.0,0.0,0.0,True,False,True,False,True,Minang
0380400,038040007,3.0,1.0,17.0,1.0,9.0,3.0,2.0,0.0,75.0,75.0,13.0,1.0,0.0,500000.0,13.122365377402328,False,True,False,False,False,Minang
0380400,038040011,17.0,1.0,32.0,3.0,4.0,6.0,7.0,1.0,6.0,75.0,13.0,1.0,0.0,0.0,0.0,True,True,False,True,False,Minang
0380500,038050001,1.0,1.0,79.0,1.0,1.0,5.0,7.0,1.0,10.0,75.0,13.0,1.0,0.0,0.0,0.0,True,True,False,True,False,Minang
0380500,038050002,2.0,3.0,75.0,1.0,9.0,3.0,7.0,0.0,,75.0,13.0,1.0,2500000.0,100000.0,11.51293546492023,False,False,True,False,False,Minang
0380600,038060002,6.0,3.0,56.0,1.0,9.0,6.0,7.0,0.0,,71.0,14.0,1.0,1000000.0,0.0,0.0,False,False,True,False,False,Minang
0380600,038060005,2.0,3.0,25.0,1.0,9.0,60.0,7.0,0.0,,75.0,13.0,1.0,1000000.0,3000000.0,14.914123179965662,False,False,True,False,False,Minang
0380600,038060008,1.0,1.0,30.0,1.0,9.0,60.0,7.0,1.0,7.0,75.0,13.0,1.0,500000.0,3000000.0,14.914123179965662,True,True,False,True,False,Minang
0380900,038090001,1.0,1.0,77.0,1.0,9.0,6.0,7.0,1.0,7.0,75.0,13.0,1.0,0.0,0.0,0.0,True,True,False,True,False,Minang
0380900,038090003,3.0,3.0,44.0,1.0,9.0,5.0,7.0,0.0,,75.0,13.0,1.0,500000.0,0.0,0.0,False,False,True,False,False,Minang
0380900,038093103,10.0,3.0,17.0,1.0,9.0,5.0,2.0,0.0,75.0,75.0,13.0,1.0,0.0,500000.0,13.122365377402328,False,False,True,False,False,Minang
0380900,038093102,5.0,1.0,48.0,1.0,9.0,61.0,4.0,0.0,,75.0,13.0,1.0,500000.0,0.0,0.0,False,True,False,False,False,Minang
0381000,038100001,1.0,1.0,72.0,1.0,9.0,62.0,7.0,0.0,,75.0,13.0,1.0,0.0,0.0,0.0,False,True,False,False,False,Minang
0381000,038100002,2.0,3.0,62.0,1.0,9.0,61.0,0.0,0.0,,75.0,13.0,1.0,1000000.0,2000000.0,14.508658238524095,False,False,True,False,False,Minang
0381000,038100005,3.0,3.0,35.0,1.0,9.0,61.0,7.0,0.0,,75.0,13.0,1.0,0.0,0.0,0.0,False,False,True,False,False,Minang
0381000,038100006,3.0,1.0,28.0,1.0,9.0,61.0,7.0,0.0,,5.0,13.0,1.0,1000000.0,0.0,0.0,False,True,False,False,False,Minang
0381041,038104102,2.0,3.0,28.0,1.0,9.0,61.0,7.0,0.0,5.0,5.0,13.0,1.0,1000000.0,0.0,0.0,False,False,True,False,False,Minang
0381051,038105101,1.0,1.0,36.0,1.0,9.0,61.0,7.0,0.0,75.0,75.0,13.0,1.0,0.0,0.0,0.0,False,True,False,False,False,Minang
0381100,038110001,1.0,1.0,55.0,1.0,9.0,2.0,7.0,0.0,,75.0,13.0,1.0,0.0,0.0,0.0,False,True,False,False,False,Minang
0381100,038110002,2.0,3.0,55.0,1.0,9.0,61.0,7.0,0.0,,75.0,13.0,1.0,1500000.0,0.0,0.0,False,False,True,False,False,Minang
0381100,038110003,3.0,3.0,27.0,1.0,9.0,61.0,7.0,0.0,,6.0,13.0,2.0,1000000.0,0.0,0.0,False,False,True,False,False,Minang
0381100,038110004,3.0,1.0,26.0,1.0,9.0,61.0,7.0,0.0,,73.0,35.0,1.0,5000000.0,0.0,0.0,False,True,False,False,False,Minang
0381141,038114102,1.0,1.0,30.0,1.0,9.0,62.0,7.0,0.0,6.0,6.0,13.0,2.0,2000000.0,0.0,0.0,False,True,False,False,False,Minang
0381142,038114202,2.0,3.0,27.0,1.0,1.0,61.0,1.0,0.0,73.0,73.0,35.0,1.0,1000000.0,0.0,0.0,False,False,True,False,False,Java
0381200,038120003,7.0,3.0,57.0,1.0,1.0,2.0,4.0,0.0,,75.0,13.0,1.0,0.0,0.0,0.0,False,False,True,False,False,Java
0381200,038120008,16.0,1.0,42.0,1.0,1.0,5.0,7.0,0.0,,75.0,13.0,1.0,0.0,0.0,0.0,False,True,False,False,False,Java
0381200,038120009,16.0,3.0,42.0,1.0,1.0,3.0,7.0,0.0,,75.0,13.0,1.0,1000000.0,2000000.0,14.508658238524095,False,False,True,False,False,Java
0381200,038120014,2.0,3.0,34.0,1.0,1.0,5.0,7.0,0.0,,75.0,13.0,1.0,500000.0,0.0,0.0,False,False,True,False,False,Java
0381200,038120015,9.0,3.0,25.0,1.0,1.0,61.0,7.0,0.0,,75.0,13.0,1.0,2000000.0,4000000.0,15.201805169084134,False,False,True,False,False,Java
0381200,038120018,1.0,1.0,38.0,1.0,9.0,5.0,7.0,1.0,76.0,75.0,13.0,1.0,0.0,0.0,0.0,True,True,False,True,False,Java
0381211,038121105,3.0,1.0,17.0,1.0,1.0,6.0,0.0,0.0,75.0,75.0,13.0,1.0,500000.0,600000.0,13.304686600863562,False,True,False,False,False,Java
0381251,038125102,2.0,3.0,37.0,1.0,9.0,60.0,7.0,1.0,2.0,75.0,13.0,1.0,0.0,0.0,0.0,True,False,True,False,True,Minang
0381300,038130001,1.0,1.0,65.0,1.0,9.0,3.0,7.0,0.0,,75.0,13.0,1.0,0.0,0.0,0.0,False,True,False,False,False,Minang
0381300,038130002,2.0,3.0,65.0,1.0,9.0,60.0,7.0,0.0,,75.0,13.0,1.0,0.0,0.0,0.0,False,False,True,False,False,Minang
0381300,038130003,3.0,1.0,39.0,1.0,9.0,61.0,7.0,0.0,,3.0,51.0,1.0,5000000.0,0.0,0.0,False,True,False,False,False,Minang
0381300,038130004,3.0,1.0,36.0,1.0,9.0,60.0,7.0,0.0,,75.0,13.0,1.0,0.0,0.0,0.0,False,True,False,False,False,Minang
0381300,038130005,3.0,3.0,33.0,1.0,9.0,62.0,7.0,0.0,,75.0,13.0,1.0,0.0,0.0,0.0,False,False,True,False,False,Minang
0381341,038134102,2.0,3.0,43.0,1.0,9.0,5.0,7.0,1.0,72.0,3.0,51.0,1.0,0.0,0.0,0.0,True,False,True,False,True,Minang
0381400,038140002,1.0,3.0,58.0,1.0,1.0,3.0,1.0,0.0,,75.0,13.0,1.0,0.0,0.0,0.0,False,False,True,False,False,Java
0381400,038140003,3.0,1.0,41.0,1.0,1.0,5.0,7.0,1.0,75.0,12.0,13.0,1.0,0.0,0.0,0.0,True,True,False,True,False,Java
0381400,038140004,3.0,3.0,39.0,1.0,1.0,5.0,7.0,0.0,,11.0,33.0,1.0,1000000.0,1000000.0,13.815511557963774,False,False,True,False,False,Java
0381400,038140005,3.0,3.0,34.0,1.0,1.0,61.0,7.0,0.0,,75.0,13.0,1.0,7000000.0,0.0,0.0,False,False,True,False,False,Java
0381400,038140006,3.0,3.0,32.0,1.0,1.0,61.0,7.0,0.0,75.0,75.0,13.0,1.0,0.0,0.0,0.0,False,False,True,False,False,Java
0381400,038140007,3.0,1.0,27.0,1.0,1.0,61.0,7.0,0.0,,75.0,13.0,1.0,0.0,0.0,0.0,False,True,False,False,False,Java
0381400,038140008,3.0,3.0,24.0,1.0,1.0,61.0,7.0,0.0,,75.0,13.0,1.0,0.0,0.0,0.0,False,False,True,False,False,Java
0381400,038140014,5.0,3.0,24.0,1.0,9.0,61.0,7.0,1.0,5.0,75.0,13.0,1.0,0.0,2000000.0,14.508658238524095,True,False,True,False,True,Java
0381431,038143101,1.0,1.0,40.0,1.0,1.0,5.0,7.0,0.0,11.0,11.0,33.0,1.0,0.0,0.0,0.0,False,True,False,False,False,Java
0381431,038143103,3.0,3.0,19.0,1.0,1.0,6.0,2.0,0.0,11.0,11.0,33.0,1.0,0.0,0.0,0.0,False,False,True,False,False,Java
0381441,038144102,2.0,3.0,30.0,1.0,1.0,5.0,7.0,0.0,,12.0,13.0,1.0,0.0,0.0,0.0,False,False,True,False,False,Java
0381500,038150001,7.0,1.0,67.0,1.0,1.0,6.0,7.0,0.0,,75.0,13.0,1.0,0.0,300000.0,12.611541086966117,False,True,False,False,False,Minang
0381500,038150002,7.0,3.0,59.0,1.0,9.0,6.0,7.0,0.0,,75.0,13.0,1.0,0.0,0.0,0.0,False,False,True,False,False,Minang
0381500,038150003,2.0,3.0,37.0,1.0,9.0,6.0,7.0,0.0,,75.0,13.0,1.0,0.0,0.0,0.0,False,False,True,False,False,Minang
0381500,038150004,1.0,1.0,41.0,1.0,9.0,61.0,3.0,0.0,,75.0,13.0,1.0,0.0,0.0,0.0,False,True,False,False,False,Minang
0381600,038160001,1.0,1.0,57.0,1.0,9.0,6.0,7.0,0.0,,7.0,13.0,1.0,0.0,0.0,0.0,False,True,False,False,False,Minang
0381600,038160002,2.0,3.0,57.0,1.0,9.0,6.0,7.0,0.0,,7.0,13.0,1.0,0.0,0.0,0.0,False,False,True,False,False,Minang
0381600,038160003,3.0,1.0,30.0,1.0,9.0,61.0,7.0,0.0,,71.0,21.0,1.0,0.0,0.0,0.0,False,True,False,False,False,Minang
0381641,038164102,2.0,3.0,28.0,1.0,9.0,61.0,7.0,1.0,3.0,71.0,21.0,1.0,0.0,0.0,0.0,True,False,True,False,True,Minang
0381643,038164301,1.0,1.0,46.0,1.0,9.0,62.0,0.0,1.0,71.0,10.0,13.0,2.0,1000000.0,100000.0,11.51293546492023,True,True,False,True,False,Minang
0381643,038164304,3.0,1.0,15.0,1.0,9.0,3.0,2.0,1.0,74.0,10.0,13.0,2.0,0.0,0.0,0.0,True,True,False,True,False,Minang
0381700,038170001,1.0,1.0,51.0,1.0,1.0,15.0,7.0,0.0,,75.0,13.0,1.0,0.0,500000.0,13.122365377402328,False,True,False,False,False,Minang
0381700,038170002,2.0,3.0,50.0,1.0,9.0,6.0,7.0,0.0,,75.0,13.0,1.0,350000.0,300000.0,12.611541086966117,False,False,True,False,False,Minang
0381700,038170003,3.0,1.0,25.0,1.0,9.0,61.0,7.0,0.0,,75.0,13.0,1.0,0.0,0.0,0.0,False,True,False,False,False,Minang
0381700,038170005,8.0,3.0,42.0,1.0,1.0,5.0,7.0,0.0,,75.0,13.0,1.0,0.0,0.0,0.0,False,False,True,False,False,Minang
0381800,038180002,1.0,3.0,66.0,3.0,1.0,95.0,7.0,0.0,,7.0,13.0,1.0,0.0,0.0,0.0,False,False,True,False,False,Java
0381800,038180003,3.0,1.0,45.0,3.0,1.0,61.0,3.0,0.0,,7.0,13.0,1.0,0.0,0.0,0.0,False,True,False,False,False,Java
0381800,038180004,3.0,3.0,40.0,1.0,1.0,5.0,7.0,1.0,75.0,1.0,14.0,2.0,0.0,0.0,0.0,True,False,True,False,True,Java
0381800,038180006,3.0,1.0,36.0,3.0,1.0,60.0,7.0,0.0,,7.0,13.0,1.0,200000.0,1000000.0,13.815511557963774,False,True,False,False,False,Java
0381800,038180008,10.0,3.0,15.0,1.0,1.0,5.0,2.0,1.0,7.0,1.0,14.0,2.0,100000.0,500000.0,13.122365377402328,True,False,True,False,True,Java
0381800,038180011,6.0,3.0,84.0,3.0,1.0,1.0,96.0,1.0,11.0,7.0,13.0,1.0,0.0,0.0,0.0,True,False,True,False,True,Java
0381800,038180012,5.0,3.0,34.0,3.0,1.0,6.0,7.0,1.0,19.0,7.0,13.0,1.0,500000.0,0.0,0.0,True,False,True,False,True,Java
0381841,038184102,2.0,3.0,45.0,3.0,1.0,5.0,7.0,0.0,,7.0,13.0,1.0,0.0,0.0,0.0,False,False,True,False,False,Java
0381900,038190001,1.0,3.0,49.0,1.0,9.0,5.0,7.0,0.0,,75.0,13.0,1.0,0.0,0.0,0.0,False,False,True,False,False,Minang
0381900,038190002,3.0,1.0,29.0,1.0,9.0,5.0,7.0,0.0,,75.0,13.0,1.0,0.0,500000.0,13.122365377402328,False,True,False,False,False,Minang
0381900,038190003,3.0,3.0,27.0,1.0,9.0,60.0,7.0,0.0,,75.0,13.0,1.0,0.0,0.0,0.0,False,False,True,False,False,Minang
0381900,038190004,5.0,1.0,26.0,1.0,1.0,5.0,7.0,0.0,75.0,75.0,13.0,1.0,0.0,0.0,0.0,False,True,False,False,False,Minang
0381951,038195102,2.0,3.0,27.0,1.0,9.0,60.0,7.0,1.0,1.0,75.0,13.0,1.0,800000.0,0.0,0.0,True,False,True,False,True,Minang
0382000,038200001,1.0,1.0,72.0,1.0,1.0,3.0,7.0,0.0,,6.0,13.0,1.0,500000.0,0.0,0.0,False,True,False,False,False,Java
0382000,038200003,3.0,1.0,41.0,1.0,1.0,5.0,7.0,0.0,,6.0,13.0,1.0,150000.0,0.0,0.0,False,True,False,False,False,Java
0382000,038200004,3.0,3.0,37.0,1.0,1.0,5.0,7.0,0.0,,6.0,13.0,1.0,200000.0,0.0,0.0,False,False,True,False,False,Java
0382000,038200005,3.0,1.0,35.0,1.0,1.0,5.0,7.0,1.0,7.0,71.0,21.0,1.0,0.0,0.0,0.0,True,True,False,True,False,Java
0382000,038200006,3.0,1.0,34.0,1.0,1.0,5.0,7.0,1.0,2.0,71.0,21.0,1.0,0.0,0.0,0.0,True,True,False,True,False,Java
0382000,038200012,5.0,1.0,37.0,1.0,1.0,5.0,7.0,0.0,6.0,6.0,13.0,1.0,500000.0,0.0,0.0,False,True,False,False,False,Java
0382051,038205102,2.0,3.0,30.0,1.0,9.0,6.0,7.0,1.0,8.0,6.0,13.0,1.0,100000.0,0.0,0.0,True,False,True,False,True,Java
0382052,038205202,2.0,3.0,31.0,1.0,9.0,5.0,7.0,1.0,16.0,71.0,21.0,1.0,1000000.0,0.0,0.0,True,False,True,False,True,Java
0382053,038205302,2.0,3.0,28.0,1.0,1.0,5.0,7.0,1.0,13.0,71.0,21.0,1.0,0.0,0.0,0.0,True,False,True,False,True,Java
0390100,039010001,1.0,1.0,61.0,1.0,9.0,2.0,2.0,0.0,,76.0,13.0,1.0,0.0,0.0,0.0,False,True,False,False,False,Minang
0390100,039010003,3.0,3.0,39.0,1.0,9.0,6.0,7.0,0.0,,76.0,13.0,1.0,0.0,0.0,0.0,False,False,True,False,False,Minang
0390100,039010004,3.0,3.0,36.0,1.0,9.0,6.0,7.0,0.0,,76.0,13.0,1.0,0.0,0.0,0.0,False,False,True,False,False,Minang
0390100,039010006,3.0,1.0,27.0,1.0,9.0,6.0,7.0,0.0,,76.0,13.0,1.0,50000.0,300000.0,12.611541086966117,False,True,False,False,False,Minang
0390141,039014101,1.0,1.0,42.0,1.0,9.0,3.0,7.0,0.0,,76.0,13.0,1.0,0.0,0.0,0.0,False,True,False,False,False,Minang
0390141,039014103,3.0,1.0,15.0,1.0,9.0,73.0,2.0,0.0,76.0,76.0,13.0,1.0,0.0,0.0,0.0,False,True,False,False,False,Minang
0390151,039015102,2.0,3.0,19.0,1.0,9.0,2.0,7.0,1.0,98.0,76.0,13.0,1.0,0.0,0.0,0.0,True,False,True,False,True,Minang
0390200,039020001,1.0,3.0,69.0,1.0,9.0,2.0,1.0,0.0,,76.0,13.0,1.0,0.0,0.0,0.0,False,False,True,False,False,Minang
0390200,039020002,3.0,1.0,42.0,1.0,9.0,3.0,0.0,0.0,,76.0,13.0,2.0,0.0,0.0,0.0,False,True,False,False,False,Minang
0390200,039020003,3.0,3.0,37.0,1.0,9.0,2.0,4.0,0.0,76.0,76.0,13.0,1.0,0.0,0.0,0.0,False,False,True,False,False,Minang
0390311,039030003,3.0,1.0,32.0,1.0,9.0,98.0,98.0,1.0,98.0,2.0,14.0,1.0,0.0,0.0,0.0,True,True,False,True,False,Minang
0390311,039031107,5.0,3.0,30.0,1.0,9.0,5.0,7.0,0.0,,2.0,14.0,1.0,0.0,3000000.0,14.914123179965662,False,False,True,False,False,Minang
0390411,039041103,4.0,1.0,17.0,1.0,9.0,6.0,1.0,0.0,76.0,76.0,13.0,1.0,0.0,1200000.0,13.997832948091215,False,True,False,False,False,Minang
0390500,039050002,1.0,3.0,62.0,1.0,9.0,2.0,7.0,0.0,,76.0,13.0,1.0,0.0,0.0,0.0,False,False,True,False,False,Minang
0390500,039050004,3.0,1.0,35.0,1.0,9.0,6.0,7.0,0.0,,8.0,13.0,2.0,0.0,300000.0,12.611541086966117,False,True,False,False,False,Minang
0390500,039050006,3.0,1.0,26.0,1.0,9.0,5.0,7.0,0.0,,76.0,13.0,1.0,500000.0,500000.0,13.122365377402328,False,True,False,False,False,Minang
0390500,039050008,13.0,1.0,34.0,1.0,9.0,3.0,7.0,0.0,,8.0,13.0,2.0,10600000.0,0.0,0.0,False,True,False,False,False,Minang
0390541,039054102,2.0,3.0,25.0,1.0,9.0,61.0,3.0,0.0,,8.0,13.0,2.0,0.0,0.0,0.0,False,False,True,False,False,Minang
0390551,039055102,2.0,3.0,29.0,1.0,9.0,5.0,7.0,0.0,8.0,8.0,13.0,2.0,0.0,0.0,0.0,False,False,True,False,False,Minang
0390600,039060001,1.0,1.0,72.0,1.0,9.0,3.0,7.0,0.0,,76.0,13.0,1.0,0.0,0.0,0.0,False,True,False,False,False,Minang
0390600,039060002,2.0,3.0,69.0,1.0,9.0,6.0,7.0,0.0,,76.0,13.0,1.0,300000.0,0.0,0.0,False,False,True,False,False,Minang
0390600,039060004,3.0,1.0,32.0,1.0,9.0,61.0,7.0,0.0,,71.0,62.0,1.0,0.0,0.0,0.0,False,True,False,False,False,Minang
0390631,039063104,2.0,3.0,31.0,1.0,9.0,63.0,2.0,1.0,77.0,71.0,62.0,1.0,2000000.0,0.0,0.0,True,False,True,False,True,Minang
0390700,039070001,1.0,1.0,55.0,1.0,9.0,5.0,7.0,0.0,,76.0,13.0,1.0,500000.0,0.0,0.0,False,True,False,False,False,Minang
0390700,039070002,2.0,3.0,55.0,1.0,9.0,6.0,7.0,0.0,,76.0,13.0,1.0,400000.0,0.0,0.0,False,False,True,False,False,Minang
0390700,039070003,3.0,3.0,29.0,1.0,9.0,62.0,7.0,0.0,,71.0,21.0,1.0,2000000.0,0.0,0.0,False,False,True,False,False,Minang
0390700,039070004,3.0,1.0,21.0,1.0,9.0,61.0,2.0,1.0,76.0,71.0,13.0,1.0,0.0,300000.0,12.611541086966117,True,True,False,True,False,Minang
0390700,039070005,7.0,3.0,75.0,1.0,9.0,2.0,7.0,0.0,76.0,76.0,13.0,1.0,0.0,0.0,0.0,False,False,True,False,False,Minang
0390741,039074102,1.0,1.0,32.0,1.0,9.0,5.0,7.0,1.0,76.0,71.0,21.0,1.0,0.0,0.0,0.0,True,True,False,True,False,Minang
0390800,039080001,1.0,1.0,71.0,1.0,9.0,2.0,7.0,0.0,,76.0,13.0,1.0,0.0,1000000.0,13.815511557963774,False,True,False,False,False,Minang
0390800,039080002,2.0,3.0,62.0,1.0,9.0,2.0,7.0,0.0,,76.0,13.0,1.0,0.0,0.0,0.0,False,False,True,False,False,Minang
0390800,039080003,3.0,3.0,45.0,1.0,9.0,6.0,7.0,0.0,,71.0,13.0,1.0,0.0,0.0,0.0,False,False,True,False,False,Minang
0390800,039080004,3.0,3.0,39.0,1.0,9.0,5.0,7.0,0.0,76.0,76.0,13.0,1.0,0.0,0.0,0.0,False,False,True,False,False,Minang
0390800,039080006,3.0,1.0,29.0,1.0,9.0,61.0,7.0,0.0,,1.0,14.0,1.0,0.0,0.0,0.0,False,True,False,False,False,Minang
0390800,039080007,3.0,1.0,22.0,1.0,9.0,5.0,7.0,0.0,,1.0,14.0,1.0,300000.0,0.0,0.0,False,True,False,False,False,Minang
0390831,039083103,3.0,3.0,19.0,1.0,9.0,61.0,1.0,1.0,76.0,71.0,13.0,1.0,0.0,1200000.0,13.997832948091215,True,False,True,False,True,Minang
0390831,039083104,3.0,1.0,16.0,1.0,9.0,5.0,0.0,1.0,76.0,71.0,13.0,1.0,0.0,50000.0,10.819798284210286,True,True,False,True,False,Minang
0390900,039090001,7.0,3.0,67.0,1.0,9.0,98.0,98.0,0.0,76.0,76.0,13.0,1.0,0.0,0.0,0.0,False,False,True,False,False,Minang
0390900,039090002,2.0,3.0,35.0,1.0,9.0,61.0,7.0,0.0,,76.0,13.0,1.0,400000.0,0.0,0.0,False,False,True,False,False,Minang
0390900,039090006,7.0,1.0,67.0,1.0,9.0,6.0,7.0,0.0,,76.0,13.0,1.0,0.0,50000.0,10.819798284210286,False,True,False,False,False,Minang
0390900,039090009,1.0,1.0,35.0,1.0,9.0,5.0,7.0,1.0,8.0,76.0,13.0,1.0,300000.0,0.0,0.0,True,True,False,True,False,Minang
0391000,039100002,3.0,3.0,42.0,1.0,9.0,6.0,7.0,0.0,,76.0,13.0,1.0,500000.0,0.0,0.0,False,False,True,False,False,Minang
0391000,039100003,10.0,1.0,21.0,1.0,9.0,5.0,1.0,0.0,76.0,76.0,13.0,1.0,0.0,500000.0,13.122365377402328,False,True,False,False,False,Minang
0391000,039100004,3.0,3.0,38.0,1.0,9.0,61.0,7.0,0.0,,71.0,13.0,1.0,500000.0,0.0,0.0,False,False,True,False,False,Minang
0391000,039100005,3.0,3.0,36.0,1.0,9.0,60.0,7.0,0.0,,76.0,13.0,1.0,0.0,0.0,0.0,False,False,True,False,False,Minang
0391000,039100006,3.0,3.0,31.0,1.0,9.0,60.0,7.0,0.0,,76.0,13.0,1.0,0.0,0.0,0.0,False,False,True,False,False,Minang
0391000,039100007,3.0,3.0,29.0,1.0,9.0,61.0,7.0,0.0,,75.0,13.0,1.0,0.0,0.0,0.0,False,False,True,False,False,Minang
0391000,039100008,2.0,3.0,69.0,1.0,9.0,3.0,7.0,0.0,,76.0,13.0,1.0,0.0,0.0,0.0,False,False,True,False,False,Minang
0391000,039100010,1.0,1.0,72.0,1.0,9.0,2.0,7.0,0.0,,76.0,13.0,1.0,0.0,0.0,0.0,False,True,False,False,False,Minang
0391000,039100011,5.0,1.0,37.0,1.0,9.0,60.0,7.0,1.0,8.0,76.0,13.0,1.0,0.0,0.0,0.0,True,True,False,True,False,Minang
0391031,039103105,1.0,1.0,38.0,1.0,9.0,61.0,7.0,0.0,71.0,71.0,13.0,1.0,500000.0,0.0,0.0,False,True,False,False,False,Minang
0391041,039104103,3.0,1.0,17.0,1.0,9.0,5.0,2.0,1.0,8.0,76.0,13.0,1.0,0.0,270000.0,12.506180941677355,True,True,False,True,False,Minang
0391041,039104104,3.0,1.0,15.0,1.0,9.0,3.0,2.0,0.0,76.0,76.0,13.0,1.0,0.0,600000.0,13.304686600863562,False,True,False,False,False,Minang
0391042,039104203,1.0,1.0,38.0,1.0,9.0,61.0,7.0,1.0,9.0,76.0,13.0,1.0,500000.0,0.0,0.0,True,True,False,True,False,Minang
0391043,039104303,1.0,1.0,30.0,1.0,9.0,5.0,7.0,1.0,76.0,75.0,13.0,1.0,0.0,0.0,0.0,True,True,False,True,False,Minang
0391100,039110003,1.0,3.0,38.0,1.0,9.0,5.0,2.0,0.0,,76.0,13.0,1.0,5000000.0,0.0,0.0,False,False,True,False,False,Minang
0391100,039110004,13.0,1.0,31.0,1.0,9.0,3.0,7.0,0.0,76.0,76.0,13.0,1.0,0.0,0.0,0.0,False,True,False,False,False,Minang
0391100,039110006,8.0,3.0,45.0,1.0,9.0,5.0,1.0,0.0,,76.0,13.0,1.0,0.0,0.0,0.0,False,False,True,False,False,Minang
0391100,039110008,3.0,3.0,18.0,1.0,9.0,5.0,2.0,0.0,76.0,76.0,13.0,1.0,0.0,1000000.0,13.815511557963774,False,False,True,False,False,Minang
0391100,039110009,13.0,1.0,20.0,1.0,9.0,6.0,2.0,0.0,76.0,76.0,13.0,1.0,0.0,200000.0,12.206077645517674,False,True,False,False,False,Minang
0391132,039113203,1.0,1.0,48.0,1.0,9.0,5.0,7.0,0.0,,76.0,13.0,1.0,0.0,0.0,0.0,False,True,False,False,False,Minang
0391151,039115102,2.0,3.0,30.0,1.0,9.0,6.0,7.0,0.0,76.0,76.0,13.0,1.0,2000000.0,2600000.0,14.77102238760702,False,False,True,False,False,Minang
0391300,039130001,5.0,1.0,50.0,1.0,9.0,98.0,98.0,0.0,,76.0,13.0,1.0,0.0,0.0,0.0,False,True,False,False,False,Minang
0391300,039130002,3.0,3.0,42.0,1.0,9.0,98.0,98.0,0.0,,76.0,13.0,1.0,0.0,0.0,0.0,False,False,True,False,False,Minang
0391300,039130003,10.0,3.0,22.0,1.0,9.0,98.0,98.0,0.0,,76.0,13.0,1.0,0.0,500000.0,13.122365377402328,False,False,True,False,False,Minang
0391300,039130007,1.0,3.0,72.0,1.0,9.0,2.0,1.0,0.0,,5.0,13.0,2.0,0.0,50000.0,10.819798284210286,False,False,True,False,False,Minang
0391400,039140001,1.0,1.0,55.0,1.0,9.0,5.0,7.0,0.0,,76.0,13.0,1.0,200000.0,0.0,0.0,False,True,False,False,False,Minang
0391400,039140002,2.0,3.0,49.0,1.0,9.0,3.0,7.0,0.0,,76.0,13.0,1.0,0.0,0.0,0.0,False,False,True,False,False,Minang
0391400,039140003,3.0,1.0,28.0,1.0,9.0,60.0,7.0,0.0,,76.0,13.0,1.0,0.0,500000.0,13.122365377402328,False,True,False,False,False,Minang
0391400,039140005,3.0,3.0,17.0,1.0,9.0,6.0,2.0,0.0,76.0,76.0,13.0,1.0,0.0,0.0,0.0,False,False,True,False,False,Minang
0391400,039140006,5.0,3.0,27.0,1.0,9.0,60.0,7.0,1.0,71.0,76.0,13.0,1.0,0.0,0.0,0.0,True,False,True,False,True,Minang
0391500,039150001,7.0,1.0,66.0,1.0,9.0,2.0,1.0,0.0,,76.0,13.0,1.0,0.0,0.0,0.0,False,True,False,False,False,Minang
0391500,039150002,7.0,3.0,60.0,1.0,9.0,2.0,98.0,0.0,,76.0,13.0,1.0,0.0,0.0,0.0,False,False,True,False,False,Minang
0391500,039150004,9.0,3.0,39.0,1.0,9.0,3.0,7.0,0.0,,76.0,13.0,1.0,0.0,0.0,0.0,False,False,True,False,False,Minang
0391500,039150006,2.0,3.0,30.0,1.0,9.0,6.0,7.0,0.0,,76.0,13.0,1.0,0.0,0.0,0.0,False,False,True,False,False,Minang
0391500,039150007,14.0,1.0,26.0,1.0,9.0,6.0,7.0,0.0,76.0,76.0,13.0,1.0,0.0,0.0,0.0,False,True,False,False,False,Minang
0391500,039150010,1.0,1.0,38.0,1.0,9.0,6.0,7.0,0.0,76.0,76.0,13.0,1.0,0.0,0.0,0.0,False,True,False,False,False,Minang
0391531,039153102,1.0,1.0,41.0,1.0,9.0,2.0,4.0,0.0,,76.0,13.0,1.0,0.0,0.0,0.0,False,True,False,False,False,Minang
0391600,039160007,2.0,3.0,28.0,1.0,9.0,6.0,7.0,0.0,,76.0,13.0,1.0,0.0,200000.0,12.206077645517674,False,False,True,False,False,Minang
0391700,039170001,1.0,1.0,52.0,1.0,9.0,2.0,4.0,0.0,,76.0,13.0,1.0,0.0,0.0,0.0,False,True,False,False,False,Minang
0391700,039170002,2.0,3.0,50.0,1.0,9.0,2.0,7.0,0.0,,76.0,13.0,1.0,200000.0,0.0,0.0,False,False,True,False,False,Minang
0391700,039170004,3.0,3.0,23.0,1.0,9.0,6.0,7.0,0.0,,76.0,13.0,1.0,2500000.0,0.0,0.0,False,False,True,False,False,Minang
0391700,039170006,5.0,1.0,26.0,1.0,9.0,3.0,7.0,1.0,71.0,76.0,13.0,1.0,0.0,0.0,0.0,True,True,False,True,False,Minang
0391800,039180002,7.0,3.0,57.0,1.0,9.0,2.0,98.0,0.0,,76.0,13.0,2.0,0.0,0.0,0.0,False,False,True,False,False,Minang
0391800,039180004,2.0,3.0,34.0,1.0,9.0,6.0,1.0,0.0,,76.0,13.0,1.0,0.0,0.0,0.0,False,False,True,False,False,Minang
0391900,039190001,1.0,1.0,71.0,1.0,9.0,2.0,2.0,0.0,,76.0,13.0,1.0,0.0,0.0,0.0,False,True,False,False,False,Minang
0391900,039190002,2.0,3.0,69.0,1.0,9.0,2.0,2.0,0.0,,76.0,13.0,1.0,1000000.0,0.0,0.0,False,False,True,False,False,Minang
0391900,039190004,10.0,1.0,15.0,1.0,9.0,3.0,2.0,1.0,98.0,76.0,13.0,1.0,0.0,0.0,0.0,True,True,False,True,False,Minang
0391900,039190005,10.0,1.0,15.0,1.0,9.0,3.0,2.0,1.0,98.0,76.0,13.0,1.0,0.0,0.0,0.0,True,True,False,True,False,Minang
0392000,039200001,1.0,3.0,65.0,1.0,9.0,2.0,1.0,0.0,,76.0,13.0,1.0,,,,False,False,True,False,False,Minang
0392000,039200002,3.0,3.0,31.0,1.0,9.0,2.0,4.0,0.0,,71.0,14.0,2.0,0.0,0.0,0.0,False,False,True,False,False,Minang
0392041,039204101,1.0,1.0,42.0,1.0,1.0,2.0,7.0,1.0,10.0,71.0,14.0,2.0,0.0,50000.0,10.819798284210286,True,True,False,True,False,Minang
0392042,039204202,3.0,3.0,24.0,1.0,9.0,3.0,2.0,0.0,,76.0,13.0,1.0,0.0,0.0,0.0,False,False,True,False,False,Minang
0400100,040010002,1.0,3.0,45.0,1.0,9.0,5.0,7.0,0.0,,8.0,13.0,2.0,0.0,0.0,0.0,False,False,True,False,False,Minang
0400100,040010004,3.0,1.0,19.0,1.0,9.0,2.0,7.0,0.0,8.0,8.0,13.0,2.0,50000.0,400000.0,12.899222326086994,False,True,False,False,False,Minang
0400100,040010008,13.0,3.0,25.0,1.0,9.0,6.0,7.0,0.0,,8.0,13.0,2.0,1000000.0,0.0,0.0,False,False,True,False,False,Minang
0400100,040010009,13.0,1.0,23.0,1.0,9.0,6.0,7.0,0.0,,8.0,13.0,2.0,200000.0,300000.0,12.611541086966117,False,True,False,False,False,Minang
0400100,040010011,5.0,1.0,29.0,1.0,9.0,5.0,7.0,0.0,8.0,8.0,13.0,2.0,0.0,0.0,0.0,False,True,False,False,False,Minang
0400200,040020001,7.0,1.0,57.0,1.0,9.0,2.0,2.0,0.0,,8.0,13.0,1.0,0.0,50000.0,10.819798284210286,False,True,False,False,False,Minang
0400200,040020003,9.0,3.0,37.0,1.0,9.0,61.0,7.0,0.0,,8.0,13.0,1.0,3000000.0,0.0,0.0,False,False,True,False,False,Minang
0400200,040020005,2.0,3.0,33.0,1.0,9.0,5.0,1.0,0.0,,76.0,13.0,2.0,500000.0,1000000.0,13.815511557963774,False,False,True,False,False,Minang
0400200,040020006,12.0,1.0,45.0,1.0,9.0,5.0,2.0,0.0,,8.0,13.0,2.0,0.0,300000.0,12.611541086966117,False,True,False,False,False,Minang
0400200,040020007,1.0,1.0,38.0,1.0,9.0,3.0,1.0,0.0,,76.0,13.0,2.0,1000000.0,0.0,0.0,False,True,False,False,False,Minang
0400231,040023102,1.0,1.0,39.0,1.0,9.0,61.0,7.0,0.0,,8.0,13.0,1.0,0.0,0.0,0.0,False,True,False,False,False,Minang
0400232,040023202,2.0,3.0,44.0,1.0,9.0,60.0,7.0,0.0,,8.0,13.0,2.0,300000.0,500000.0,13.122365377402328,False,False,True,False,False,Minang
0400232,040023203,3.0,1.0,18.0,1.0,9.0,6.0,1.0,0.0,8.0,8.0,13.0,2.0,0.0,1500000.0,14.220976332738882,False,True,False,False,False,Minang
0400232,040023204,3.0,3.0,15.0,1.0,9.0,5.0,0.0,0.0,8.0,8.0,13.0,2.0,0.0,50000.0,10.819798284210286,False,False,True,False,False,Minang
0400300,040030002,1.0,3.0,59.0,1.0,9.0,3.0,2.0,0.0,,76.0,13.0,2.0,0.0,0.0,0.0,False,False,True,False,False,Minang
0400300,040030003,3.0,3.0,41.0,1.0,9.0,74.0,7.0,0.0,,76.0,13.0,2.0,0.0,0.0,0.0,False,False,True,False,False,Minang
0400300,040030005,3.0,1.0,36.0,1.0,9.0,3.0,0.0,1.0,76.0,8.0,13.0,2.0,0.0,0.0,0.0,True,True,False,True,False,Minang
0400300,040030006,3.0,3.0,32.0,1.0,9.0,6.0,7.0,0.0,,76.0,13.0,2.0,0.0,0.0,0.0,False,False,True,False,False,Minang
0400300,040030007,3.0,3.0,31.0,1.0,9.0,6.0,7.0,0.0,76.0,76.0,13.0,2.0,0.0,0.0,0.0,False,False,True,False,False,Minang
0400300,040030008,3.0,1.0,27.0,1.0,9.0,6.0,7.0,0.0,,76.0,13.0,2.0,0.0,0.0,0.0,False,True,False,False,False,Minang
0400341,040034101,1.0,1.0,41.0,1.0,9.0,3.0,7.0,0.0,,76.0,13.0,2.0,0.0,0.0,0.0,False,True,False,False,False,Minang
0400342,040034202,2.0,3.0,34.0,1.0,9.0,2.0,7.0,0.0,,8.0,13.0,2.0,0.0,0.0,0.0,False,False,True,False,False,Minang
0400351,040035102,1.0,1.0,39.0,1.0,9.0,2.0,98.0,0.0,76.0,76.0,13.0,2.0,200000.0,200000.0,12.206077645517674,False,True,False,False,False,Minang
0400500,040050001,1.0,1.0,57.0,1.0,9.0,2.0,7.0,0.0,,76.0,13.0,2.0,0.0,0.0,0.0,False,True,False,False,False,Minang
0400500,040050002,2.0,3.0,52.0,1.0,9.0,2.0,5.0,0.0,,76.0,13.0,2.0,0.0,0.0,0.0,False,False,True,False,False,Minang
0400500,040050003,3.0,3.0,29.0,1.0,9.0,3.0,7.0,0.0,,76.0,13.0,2.0,0.0,0.0,0.0,False,False,True,False,False,Minang
0400500,040050004,3.0,3.0,26.0,1.0,9.0,2.0,3.0,0.0,76.0,76.0,13.0,2.0,0.0,0.0,0.0,False,False,True,False,False,Minang
0400500,040050006,5.0,1.0,33.0,1.0,9.0,5.0,7.0,1.0,8.0,76.0,13.0,2.0,0.0,0.0,0.0,True,True,False,True,False,Minang
0400600,040060001,1.0,1.0,45.0,1.0,9.0,3.0,1.0,0.0,,76.0,13.0,2.0,150000.0,0.0,0.0,False,True,False,False,False,Minang
0400600,040060002,2.0,3.0,41.0,1.0,9.0,3.0,1.0,0.0,,76.0,13.0,2.0,0.0,0.0,0.0,False,False,True,False,False,Minang
0400600,040060004,3.0,3.0,19.0,1.0,9.0,3.0,2.0,0.0,76.0,76.0,13.0,2.0,0.0,0.0,0.0,False,False,True,False,False,Minang
0400600,040060006,5.0,1.0,23.0,1.0,9.0,6.0,7.0,0.0,76.0,76.0,13.0,2.0,100000.0,0.0,0.0,False,True,False,False,False,Minang
0400700,040070001,2.0,3.0,47.0,1.0,9.0,3.0,2.0,0.0,,76.0,13.0,2.0,100000.0,0.0,0.0,False,False,True,False,False,Minang
0400700,040070002,4.0,3.0,25.0,1.0,9.0,5.0,7.0,0.0,76.0,76.0,13.0,1.0,200000.0,0.0,0.0,False,False,True,False,False,Minang
0400700,040070003,4.0,1.0,18.0,1.0,9.0,5.0,1.0,0.0,76.0,76.0,13.0,2.0,0.0,0.0,0.0,False,True,False,False,False,Minang
0400700,040070004,1.0,1.0,45.0,1.0,9.0,3.0,7.0,0.0,,76.0,13.0,2.0,0.0,0.0,0.0,False,True,False,False,False,Minang
0400751,040075101,1.0,1.0,24.0,1.0,9.0,60.0,7.0,0.0,76.0,76.0,13.0,1.0,0.0,0.0,0.0,False,True,False,False,False,Minang
0400800,040080002,2.0,3.0,41.0,1.0,9.0,6.0,1.0,0.0,,8.0,13.0,2.0,0.0,0.0,0.0,False,False,True,False,False,Minang
0400800,040080003,4.0,1.0,20.0,1.0,9.0,6.0,7.0,0.0,8.0,8.0,13.0,2.0,0.0,600000.0,13.304686600863562,False,True,False,False,False,Minang
0400900,040090003,1.0,1.0,35.0,1.0,9.0,61.0,7.0,0.0,,8.0,13.0,1.0,150000.0,0.0,0.0,False,True,False,False,False,Minang
0400900,040090005,2.0,3.0,32.0,1.0,9.0,61.0,7.0,0.0,8.0,8.0,13.0,1.0,0.0,0.0,0.0,False,False,True,False,False,Minang
0401000,040100001,1.0,1.0,58.0,1.0,9.0,2.0,3.0,0.0,,76.0,13.0,2.0,0.0,0.0,0.0,False,True,False,False,False,Minang
0401000,040100002,2.0,3.0,50.0,1.0,9.0,3.0,2.0,0.0,,76.0,13.0,2.0,0.0,0.0,0.0,False,False,True,False,False,Minang
0401000,040100003,3.0,3.0,28.0,1.0,9.0,6.0,7.0,0.0,,76.0,13.0,1.0,0.0,0.0,0.0,False,False,True,False,False,Minang
0401000,040100004,3.0,3.0,25.0,1.0,9.0,2.0,3.0,0.0,76.0,76.0,13.0,2.0,0.0,0.0,0.0,False,False,True,False,False,Minang
0401000,040100005,3.0,3.0,20.0,1.0,9.0,6.0,7.0,0.0,76.0,76.0,13.0,2.0,0.0,0.0,0.0,False,False,True,False,False,Minang
0401000,040100007,5.0,1.0,34.0,1.0,9.0,2.0,7.0,0.0,76.0,76.0,13.0,1.0,0.0,0.0,0.0,False,True,False,False,False,Minang
0401000,040100008,5.0,1.0,29.0,1.0,9.0,2.0,7.0,0.0,76.0,76.0,13.0,2.0,0.0,0.0,0.0,False,True,False,False,False,Minang
0401100,040110002,1.0,3.0,49.0,1.0,9.0,72.0,4.0,0.0,,76.0,13.0,2.0,0.0,300000.0,12.611541086966117,False,False,True,False,False,Minang
0401100,040110004,3.0,1.0,26.0,1.0,9.0,3.0,7.0,0.0,,76.0,13.0,2.0,300000.0,0.0,0.0,False,True,False,False,False,Minang
0401431,040143111,9.0,3.0,35.0,1.0,9.0,2.0,7.0,0.0,,8.0,13.0,2.0,20000.0,150000.0,11.918397239722838,False,False,True,False,False,Minang
0401500,040150002,8.0,3.0,47.0,1.0,9.0,2.0,4.0,0.0,,76.0,13.0,2.0,0.0,100000.0,11.51293546492023,False,False,True,False,False,Minang
0401500,040150004,8.0,3.0,42.0,1.0,9.0,74.0,0.0,0.0,,7.0,13.0,1.0,0.0,0.0,0.0,False,False,True,False,False,Minang
0401500,040150006,9.0,1.0,49.0,1.0,9.0,2.0,7.0,0.0,,76.0,13.0,2.0,0.0,0.0,0.0,False,True,False,False,False,Minang
0401500,040150009,1.0,3.0,40.0,1.0,9.0,74.0,1.0,0.0,,76.0,13.0,2.0,0.0,0.0,0.0,False,False,True,False,False,Minang
0401500,040150010,3.0,1.0,19.0,1.0,8.0,6.0,2.0,0.0,76.0,76.0,13.0,2.0,0.0,500000.0,13.122365377402328,False,True,False,False,False,Minang
0401541,040154101,1.0,1.0,48.0,1.0,9.0,3.0,7.0,0.0,7.0,7.0,13.0,1.0,0.0,0.0,0.0,False,True,False,False,False,Minang
0401541,040154103,3.0,1.0,16.0,1.0,9.0,3.0,7.0,1.0,71.0,7.0,13.0,1.0,0.0,0.0,0.0,True,True,False,True,False,Minang
0401700,040170002,2.0,3.0,52.0,1.0,9.0,2.0,2.0,0.0,,76.0,13.0,2.0,0.0,1600000.0,14.285514812209817,False,False,True,False,False,Minang
0401700,040170003,1.0,1.0,68.0,1.0,9.0,2.0,2.0,0.0,76.0,76.0,13.0,2.0,,,,False,True,False,False,False,Minang
0401800,040180002,9.0,1.0,47.0,1.0,9.0,2.0,4.0,0.0,,8.0,13.0,2.0,0.0,0.0,0.0,False,True,False,False,False,Minang
0401800,040180003,2.0,3.0,41.0,1.0,9.0,2.0,7.0,0.0,,76.0,13.0,2.0,0.0,0.0,0.0,False,False,True,False,False,Minang
0401800,040180004,1.0,1.0,50.0,1.0,9.0,2.0,7.0,0.0,,76.0,13.0,2.0,100000.0,500000.0,13.122365377402328,False,True,False,False,False,Minang
0401831,040183102,2.0,3.0,42.0,1.0,9.0,2.0,7.0,0.0,,8.0,13.0,2.0,0.0,0.0,0.0,False,False,True,False,False,Minang
0401831,040183104,3.0,1.0,15.0,1.0,9.0,3.0,3.0,0.0,8.0,8.0,13.0,2.0,0.0,50000.0,10.819798284210286,False,True,False,False,False,Minang
0401900,040190001,17.0,1.0,56.0,1.0,9.0,2.0,7.0,0.0,,76.0,13.0,1.0,1500000.0,0.0,0.0,False,True,False,False,False,Minang
0401900,040190002,2.0,3.0,51.0,1.0,9.0,2.0,3.0,0.0,,76.0,13.0,2.0,300000.0,0.0,0.0,False,False,True,False,False,Minang
0401900,040190003,4.0,3.0,30.0,1.0,9.0,6.0,7.0,1.0,76.0,8.0,13.0,2.0,0.0,0.0,0.0,True,False,True,False,True,Minang
0401900,040190004,4.0,3.0,28.0,1.0,9.0,6.0,7.0,0.0,,76.0,13.0,1.0,0.0,0.0,0.0,False,False,True,False,False,Minang
0401942,040194201,1.0,1.0,29.0,1.0,9.0,3.0,1.0,0.0,,76.0,13.0,1.0,0.0,0.0,0.0,False,True,False,False,False,Minang
0401951,040195101,1.0,1.0,37.0,1.0,9.0,61.0,7.0,0.0,8.0,8.0,13.0,2.0,1000000.0,100000.0,11.51293546492023,False,True,False,False,False,Minang
0402000,040200001,1.0,1.0,67.0,1.0,9.0,73.0,2.0,0.0,,76.0,13.0,2.0,0.0,500000.0,13.122365377402328,False,True,False,False,False,Minang
0402000,040200002,2.0,3.0,60.0,1.0,9.0,2.0,98.0,0.0,76.0,76.0,13.0,2.0,0.0,0.0,0.0,False,False,True,False,False,Minang
0402000,040200003,3.0,1.0,41.0,1.0,9.0,3.0,0.0,0.0,,76.0,13.0,2.0,0.0,0.0,0.0,False,True,False,False,False,Minang
0402000,040200004,3.0,3.0,36.0,1.0,9.0,3.0,7.0,0.0,,76.0,13.0,2.0,0.0,0.0,0.0,False,False,True,False,False,Minang
0402000,040200005,5.0,1.0,39.0,1.0,9.0,3.0,7.0,0.0,,76.0,13.0,2.0,0.0,0.0,0.0,False,True,False,False,False,Minang
0402041,040204102,2.0,3.0,34.0,1.0,9.0,6.0,7.0,0.0,,76.0,13.0,2.0,0.0,0.0,0.0,False,False,True,False,False,Minang
0402300,040230001,1.0,1.0,56.0,1.0,9.0,61.0,98.0,0.0,,76.0,13.0,2.0,500000.0,0.0,0.0,False,True,False,False,False,Minang
0402300,040230002,2.0,3.0,50.0,1.0,9.0,3.0,1.0,0.0,,76.0,13.0,2.0,0.0,0.0,0.0,False,False,True,False,False,Minang
0402300,040230004,3.0,3.0,29.0,1.0,9.0,5.0,1.0,0.0,,76.0,13.0,2.0,0.0,0.0,0.0,False,False,True,False,False,Minang
0402300,040230007,13.0,1.0,29.0,1.0,9.0,2.0,7.0,0.0,,71.0,14.0,1.0,0.0,0.0,0.0,False,True,False,False,False,Minang
0402311,040231102,1.0,3.0,55.0,1.0,9.0,61.0,1.0,0.0,,76.0,13.0,2.0,0.0,0.0,0.0,False,False,True,False,False,Minang
0402311,040231103,3.0,1.0,30.0,1.0,9.0,74.0,7.0,0.0,76.0,76.0,13.0,2.0,0.0,0.0,0.0,False,True,False,False,False,Minang
0402311,040231106,3.0,1.0,23.0,1.0,9.0,74.0,1.0,0.0,76.0,76.0,13.0,2.0,0.0,0.0,0.0,False,True,False,False,False,Minang
0402351,040235102,2.0,3.0,29.0,1.0,9.0,74.0,7.0,0.0,76.0,76.0,13.0,2.0,0.0,0.0,0.0,False,False,True,False,False,Minang
0402500,040250002,9.0,3.0,44.0,1.0,9.0,73.0,2.0,0.0,,76.0,13.0,2.0,0.0,0.0,0.0,False,False,True,False,False,Minang
0402500,040250003,2.0,3.0,40.0,1.0,9.0,2.0,4.0,0.0,,6.0,14.0,2.0,50000.0,100000.0,11.51293546492023,False,False,True,False,False,Minang
0402500,040250004,16.0,1.0,43.0,1.0,9.0,73.0,2.0,0.0,,76.0,13.0,2.0,0.0,0.0,0.0,False,True,False,False,False,Minang
0402500,040250005,16.0,1.0,19.0,1.0,9.0,74.0,1.0,0.0,76.0,76.0,13.0,2.0,0.0,0.0,0.0,False,True,False,False,False,Minang
0402500,040250009,1.0,1.0,41.0,1.0,19.0,2.0,7.0,1.0,71.0,6.0,14.0,2.0,0.0,0.0,0.0,True,True,False,True,False,Minang
0402551,040255102,2.0,3.0,16.0,1.0,9.0,3.0,1.0,0.0,76.0,76.0,13.0,2.0,20000.0,0.0,0.0,False,False,True,False,False,Minang
0402600,040260001,1.0,1.0,64.0,1.0,9.0,73.0,1.0,0.0,,76.0,13.0,2.0,0.0,0.0,0.0,False,True,False,False,False,Minang
0402600,040260002,2.0,3.0,61.0,1.0,9.0,74.0,1.0,0.0,,76.0,13.0,2.0,0.0,0.0,0.0,False,False,True,False,False,Minang
0402600,040260003,3.0,1.0,40.0,1.0,9.0,5.0,7.0,0.0,,8.0,13.0,2.0,0.0,1000000.0,13.815511557963774,False,True,False,False,False,Minang
0402600,040260004,3.0,3.0,35.0,1.0,9.0,6.0,7.0,0.0,,76.0,13.0,2.0,0.0,0.0,0.0,False,False,True,False,False,Minang
0402600,040260005,3.0,3.0,33.0,1.0,9.0,6.0,7.0,0.0,,76.0,13.0,2.0,0.0,0.0,0.0,False,False,True,False,False,Minang
0402600,040260006,3.0,3.0,30.0,1.0,9.0,6.0,7.0,0.0,76.0,76.0,13.0,2.0,0.0,0.0,0.0,False,False,True,False,False,Minang
0402600,040260007,3.0,1.0,27.0,1.0,9.0,6.0,7.0,0.0,,76.0,13.0,2.0,100000.0,0.0,0.0,False,True,False,False,False,Minang
0402600,040260008,3.0,1.0,24.0,1.0,9.0,6.0,7.0,0.0,,71.0,14.0,1.0,0.0,0.0,0.0,False,True,False,False,False,Minang
0402600,040260009,3.0,3.0,20.0,1.0,9.0,61.0,2.0,1.0,76.0,71.0,13.0,1.0,200000.0,400000.0,12.899222326086994,True,False,True,False,True,Minang
0402600,040260010,5.0,1.0,34.0,1.0,9.0,73.0,98.0,0.0,76.0,76.0,13.0,2.0,0.0,0.0,0.0,False,True,False,False,False,Minang
0402611,040261102,2.0,3.0,35.0,1.0,9.0,5.0,1.0,0.0,,8.0,13.0,2.0,0.0,0.0,0.0,False,False,True,False,False,Minang
0402611,040261103,3.0,3.0,17.0,1.0,9.0,5.0,1.0,0.0,8.0,8.0,13.0,2.0,0.0,150000.0,11.918397239722838,False,False,True,False,False,Minang
0402631,040263102,1.0,1.0,38.0,1.0,9.0,5.0,7.0,0.0,,76.0,13.0,2.0,0.0,0.0,0.0,False,True,False,False,False,Minang
0402641,040264101,1.0,1.0,34.0,1.0,9.0,5.0,1.0,0.0,,76.0,13.0,2.0,0.0,0.0,0.0,False,True,False,False,False,Minang
0402700,040270001,1.0,1.0,54.0,1.0,9.0,61.0,7.0,0.0,,76.0,13.0,2.0,0.0,0.0,0.0,False,True,False,False,False,Minang
0402700,040270002,2.0,3.0,48.0,1.0,9.0,5.0,7.0,0.0,,76.0,13.0,2.0,2000000.0,0.0,0.0,False,False,True,False,False,Minang
0402700,040270003,3.0,3.0,26.0,1.0,9.0,61.0,7.0,0.0,,76.0,13.0,2.0,50000.0,100000.0,11.51293546492023,False,False,True,False,False,Minang
0402700,040270004,3.0,1.0,20.0,1.0,9.0,60.0,2.0,1.0,8.0,71.0,32.0,1.0,0.0,1000000.0,13.815511557963774,True,True,False,True,False,Minang
0402800,040280003,2.0,3.0,51.0,1.0,9.0,61.0,7.0,0.0,,76.0,13.0,2.0,0.0,0.0,0.0,False,False,True,False,False,Minang
0402800,040280005,1.0,1.0,51.0,1.0,9.0,62.0,98.0,0.0,,76.0,13.0,2.0,,,,False,True,False,False,False,Minang
0402800,040280006,3.0,3.0,23.0,1.0,9.0,61.0,7.0,0.0,,76.0,13.0,2.0,0.0,0.0,0.0,False,False,True,False,False,Minang
0402800,040280008,3.0,1.0,19.0,1.0,9.0,60.0,1.0,1.0,76.0,73.0,32.0,1.0,0.0,500000.0,13.122365377402328,True,True,False,True,False,Minang
0402800,040280009,3.0,1.0,16.0,1.0,9.0,5.0,1.0,0.0,76.0,76.0,13.0,2.0,0.0,0.0,0.0,False,True,False,False,False,Minang
0404100,040410002,2.0,3.0,43.0,1.0,9.0,60.0,2.0,0.0,,76.0,13.0,2.0,0.0,0.0,0.0,False,False,True,False,False,Minang
0404100,040410003,1.0,1.0,43.0,1.0,9.0,73.0,7.0,0.0,,76.0,13.0,2.0,0.0,0.0,0.0,False,True,False,False,False,Minang
0404100,040410004,3.0,1.0,19.0,1.0,9.0,6.0,7.0,0.0,76.0,76.0,13.0,2.0,500000.0,1000000.0,13.815511557963774,False,True,False,False,False,Minang
0410100,041010001,1.0,1.0,66.0,1.0,1.0,2.0,4.0,0.0,,2.0,16.0,2.0,0.0,0.0,0.0,False,True,False,False,False,Java
0410100,041010002,2.0,3.0,57.0,1.0,1.0,2.0,2.0,0.0,,2.0,16.0,2.0,0.0,0.0,0.0,False,False,True,False,False,Java
0410100,041010003,3.0,1.0,39.0,1.0,1.0,2.0,7.0,1.0,9.0,2.0,16.0,2.0,0.0,0.0,0.0,True,True,False,True,False,Java
0410100,041010004,3.0,1.0,33.0,1.0,1.0,3.0,7.0,0.0,,2.0,16.0,2.0,0.0,0.0,0.0,False,True,False,False,False,Java
0410100,041010005,3.0,3.0,32.0,1.0,1.0,2.0,7.0,0.0,,2.0,16.0,2.0,0.0,0.0,0.0,False,False,True,False,False,Java
0410100,041010006,3.0,3.0,29.0,1.0,1.0,2.0,5.0,0.0,,2.0,16.0,2.0,0.0,0.0,0.0,False,False,True,False,False,Java
0410100,041010007,3.0,3.0,20.0,1.0,1.0,14.0,7.0,1.0,1.0,2.0,16.0,2.0,300000.0,0.0,0.0,True,False,True,False,True,Java
0410100,041010008,3.0,1.0,17.0,1.0,1.0,3.0,7.0,0.0,2.0,2.0,16.0,2.0,300000.0,0.0,0.0,False,True,False,False,False,Java
0410131,041013102,2.0,3.0,33.0,1.0,1.0,72.0,7.0,0.0,,2.0,16.0,2.0,0.0,0.0,0.0,False,False,True,False,False,Java
0410141,041014101,1.0,1.0,42.0,1.0,1.0,74.0,7.0,1.0,1.0,2.0,16.0,2.0,0.0,0.0,0.0,True,True,False,True,False,Java
0410142,041014201,1.0,1.0,34.0,1.0,1.0,2.0,6.0,0.0,,2.0,16.0,2.0,0.0,0.0,0.0,False,True,False,False,False,Java
0410151,041015102,2.0,3.0,31.0,1.0,1.0,2.0,7.0,0.0,2.0,2.0,16.0,2.0,0.0,0.0,0.0,False,False,True,False,False,Java
0410152,041015201,1.0,1.0,28.0,1.0,1.0,5.0,7.0,1.0,15.0,2.0,16.0,2.0,0.0,0.0,0.0,True,True,False,True,False,Java
0410300,041030001,1.0,1.0,65.0,1.0,1.0,2.0,7.0,0.0,,9.0,16.0,2.0,0.0,0.0,0.0,False,True,False,False,False,Java
0410300,041030002,2.0,3.0,65.0,1.0,1.0,2.0,3.0,0.0,,9.0,16.0,2.0,0.0,0.0,0.0,False,False,True,False,False,Java
0410300,041030004,3.0,3.0,34.0,1.0,1.0,2.0,7.0,0.0,,9.0,16.0,2.0,0.0,0.0,0.0,False,False,True,False,False,Java
0410300,041030005,3.0,3.0,32.0,1.0,1.0,2.0,7.0,0.0,,9.0,16.0,2.0,0.0,0.0,0.0,False,False,True,False,False,Java
0410300,041030006,3.0,3.0,30.0,1.0,1.0,2.0,7.0,0.0,9.0,9.0,16.0,2.0,0.0,0.0,0.0,False,False,True,False,False,Java
0410300,041030007,5.0,1.0,36.0,1.0,1.0,2.0,3.0,0.0,,9.0,16.0,2.0,0.0,0.0,0.0,False,True,False,False,False,Java
0410342,041034201,1.0,1.0,35.0,1.0,1.0,2.0,2.0,0.0,,9.0,16.0,2.0,0.0,0.0,0.0,False,True,False,False,False,Java
0410351,041035101,1.0,1.0,34.0,1.0,1.0,2.0,2.0,0.0,9.0,9.0,16.0,2.0,0.0,0.0,0.0,False,True,False,False,False,Java
0410400,041040003,1.0,1.0,38.0,1.0,1.0,1.0,96.0,0.0,,9.0,16.0,2.0,0.0,0.0,0.0,False,True,False,False,False,Java
0410400,041040004,2.0,3.0,35.0,1.0,1.0,2.0,7.0,0.0,,9.0,16.0,2.0,0.0,0.0,0.0,False,False,True,False,False,Java
0410600,041060001,1.0,1.0,56.0,1.0,25.0,2.0,98.0,0.0,,9.0,16.0,2.0,0.0,0.0,0.0,False,True,False,False,False,Java
0410600,041060002,2.0,3.0,49.0,1.0,1.0,2.0,2.0,0.0,,9.0,16.0,2.0,0.0,0.0,0.0,False,False,True,False,False,Java
0410600,041060003,3.0,1.0,31.0,1.0,1.0,3.0,7.0,0.0,,9.0,16.0,2.0,0.0,0.0,0.0,False,True,False,False,False,Java
0410600,041060004,3.0,3.0,29.0,1.0,1.0,2.0,7.0,0.0,,9.0,16.0,2.0,0.0,0.0,0.0,False,False,True,False,False,Java
0410600,041060005,3.0,3.0,22.0,1.0,1.0,2.0,7.0,0.0,,9.0,16.0,2.0,0.0,0.0,0.0,False,False,True,False,False,Java
0410600,041060006,3.0,3.0,16.0,1.0,1.0,3.0,7.0,0.0,9.0,9.0,16.0,2.0,0.0,0.0,0.0,False,False,True,False,False,Java
0410600,041060007,5.0,1.0,19.0,1.0,1.0,2.0,7.0,0.0,9.0,9.0,16.0,2.0,0.0,0.0,0.0,False,True,False,False,False,Java
0410641,041064102,2.0,3.0,29.0,1.0,1.0,2.0,7.0,0.0,,9.0,16.0,2.0,0.0,0.0,0.0,False,False,True,False,False,Java
0410642,041064201,1.0,1.0,33.0,1.0,1.0,2.0,3.0,0.0,,9.0,16.0,2.0,0.0,0.0,0.0,False,True,False,False,False,Java
0410651,041130007,1.0,1.0,30.0,1.0,1.0,2.0,7.0,0.0,,9.0,16.0,2.0,0.0,0.0,0.0,False,True,False,False,False,Java
0410700,041070001,9.0,1.0,47.0,1.0,1.0,2.0,98.0,0.0,,9.0,16.0,2.0,0.0,0.0,0.0,False,True,False,False,False,Java
0410700,041070003,2.0,3.0,44.0,1.0,1.0,2.0,3.0,0.0,,9.0,16.0,2.0,0.0,0.0,0.0,False,False,True,False,False,Java
0410700,041070004,1.0,1.0,54.0,1.0,1.0,2.0,4.0,0.0,,9.0,16.0,2.0,0.0,0.0,0.0,False,True,False,False,False,Java
0410700,041070005,3.0,1.0,24.0,1.0,1.0,3.0,7.0,0.0,,9.0,16.0,2.0,6000000.0,2500000.0,14.731801689838347,False,True,False,False,False,Java
0410900,041090001,1.0,1.0,44.0,1.0,1.0,2.0,7.0,0.0,,2.0,16.0,2.0,400000.0,0.0,0.0,False,True,False,False,False,Java
0410900,041090002,2.0,3.0,42.0,1.0,1.0,2.0,7.0,0.0,,2.0,16.0,2.0,0.0,0.0,0.0,False,False,True,False,False,Java
0410900,041090004,3.0,1.0,21.0,1.0,1.0,14.0,2.0,0.0,,2.0,16.0,2.0,0.0,0.0,0.0,False,True,False,False,False,Java
0410941,041094108,2.0,3.0,17.0,1.0,1.0,3.0,7.0,1.0,1.0,2.0,16.0,2.0,0.0,0.0,0.0,True,False,True,False,True,Java
0411000,041100001,1.0,1.0,61.0,1.0,1.0,1.0,96.0,0.0,,9.0,16.0,2.0,0.0,0.0,0.0,False,True,False,False,False,Java
0411000,041100002,2.0,3.0,49.0,1.0,1.0,12.0,0.0,0.0,,9.0,16.0,2.0,0.0,0.0,0.0,False,False,True,False,False,Java
0411000,041100003,3.0,3.0,33.0,1.0,1.0,2.0,7.0,0.0,,2.0,16.0,2.0,0.0,0.0,0.0,False,False,True,False,False,Java
0411000,041100004,3.0,1.0,29.0,1.0,1.0,2.0,7.0,0.0,,9.0,16.0,1.0,0.0,0.0,0.0,False,True,False,False,False,Java
0411000,041100005,3.0,1.0,25.0,1.0,1.0,3.0,7.0,0.0,,9.0,16.0,2.0,0.0,0.0,0.0,False,True,False,False,False,Java
0411000,041100006,7.0,3.0,74.0,1.0,1.0,1.0,96.0,1.0,12.0,9.0,16.0,2.0,0.0,0.0,0.0,True,False,True,False,True,Java
0411000,041100007,3.0,1.0,20.0,1.0,1.0,2.0,7.0,0.0,9.0,9.0,16.0,2.0,1000000.0,500000.0,13.122365377402328,False,True,False,False,False,Java
0411011,041101101,1.0,1.0,41.0,1.0,1.0,2.0,2.0,0.0,,2.0,16.0,2.0,0.0,0.0,0.0,False,True,False,False,False,Java
0411011,041101103,3.0,3.0,15.0,1.0,1.0,5.0,0.0,1.0,9.0,2.0,16.0,2.0,0.0,0.0,0.0,True,False,True,False,True,Java
0411041,041104102,2.0,3.0,28.0,1.0,1.0,2.0,5.0,0.0,,9.0,16.0,1.0,0.0,0.0,0.0,False,False,True,False,False,Java
0411051,041105102,2.0,3.0,24.0,1.0,1.0,3.0,7.0,0.0,9.0,9.0,16.0,2.0,100000.0,0.0,0.0,False,False,True,False,False,Java
0411052,041105202,2.0,3.0,17.0,1.0,1.0,5.0,2.0,0.0,9.0,9.0,16.0,2.0,0.0,0.0,0.0,False,False,True,False,False,Java
0411100,041110001,1.0,1.0,60.0,1.0,1.0,2.0,7.0,0.0,,2.0,16.0,2.0,0.0,0.0,0.0,False,True,False,False,False,Java
0411100,041110004,3.0,1.0,30.0,1.0,1.0,3.0,7.0,0.0,,2.0,16.0,2.0,700000.0,50000.0,10.819798284210286,False,True,False,False,False,Java
0411100,041110005,3.0,3.0,28.0,1.0,1.0,3.0,2.0,0.0,,2.0,16.0,2.0,0.0,0.0,0.0,False,False,True,False,False,Java
0411100,041110006,3.0,1.0,23.0,1.0,1.0,73.0,7.0,0.0,,2.0,16.0,2.0,200000.0,0.0,0.0,False,True,False,False,False,Java
0411141,041114101,1.0,1.0,33.0,1.0,1.0,2.0,4.0,0.0,,2.0,16.0,2.0,0.0,0.0,0.0,False,True,False,False,False,Java
0411151,041115102,2.0,3.0,23.0,1.0,1.0,61.0,7.0,0.0,2.0,2.0,16.0,2.0,500000.0,0.0,0.0,False,False,True,False,False,Java
0411200,041120001,1.0,1.0,43.0,1.0,1.0,2.0,3.0,0.0,,9.0,16.0,2.0,0.0,0.0,0.0,False,True,False,False,False,Java
0411200,041120002,2.0,3.0,41.0,1.0,1.0,2.0,5.0,0.0,,9.0,16.0,2.0,0.0,0.0,0.0,False,False,True,False,False,Java
0411200,041120003,3.0,3.0,22.0,1.0,1.0,6.0,7.0,0.0,,9.0,16.0,2.0,0.0,0.0,0.0,False,False,True,False,False,Java
0411251,041125101,1.0,1.0,24.0,1.0,1.0,6.0,7.0,0.0,9.0,9.0,16.0,2.0,0.0,0.0,0.0,False,True,False,False,False,Java
0411300,041130002,1.0,3.0,63.0,1.0,1.0,2.0,3.0,1.0,12.0,9.0,16.0,2.0,0.0,0.0,0.0,True,False,True,False,True,Java
0411300,041130003,3.0,3.0,41.0,1.0,1.0,2.0,7.0,0.0,,9.0,16.0,2.0,0.0,0.0,0.0,False,False,True,False,False,Java
0411300,041130004,3.0,1.0,39.0,1.0,1.0,2.0,4.0,0.0,,9.0,16.0,2.0,150000.0,4000000.0,15.201805169084134,False,True,False,False,False,Java
0411300,041130005,3.0,3.0,34.0,1.0,1.0,2.0,4.0,0.0,,9.0,16.0,2.0,0.0,0.0,0.0,False,False,True,False,False,Java
0411300,041130006,3.0,3.0,31.0,1.0,1.0,2.0,7.0,0.0,,9.0,16.0,2.0,0.0,1000000.0,13.815511557963774,False,False,True,False,False,Java
0411300,041130008,3.0,1.0,29.0,1.0,1.0,2.0,7.0,0.0,,9.0,16.0,2.0,0.0,0.0,0.0,False,True,False,False,False,Java
0411300,041130009,3.0,3.0,23.0,1.0,1.0,2.0,7.0,0.0,9.0,9.0,16.0,2.0,0.0,200000.0,12.206077645517674,False,False,True,False,False,Java
0411331,041133102,2.0,3.0,35.0,1.0,1.0,2.0,5.0,0.0,,9.0,16.0,2.0,0.0,0.0,0.0,False,False,True,False,False,Java
0411331,041133103,3.0,3.0,18.0,1.0,1.0,5.0,7.0,0.0,9.0,9.0,16.0,2.0,200000.0,500000.0,13.122365377402328,False,False,True,False,False,Java
0411332,041133206,22.0,3.0,27.0,1.0,1.0,2.0,7.0,0.0,,9.0,16.0,2.0,2000000.0,0.0,0.0,False,False,True,False,False,Java
0411351,041135101,1.0,1.0,28.0,1.0,1.0,3.0,7.0,1.0,2.0,9.0,16.0,2.0,0.0,0.0,0.0,True,True,False,True,False,Java
0411355,041135502,5.0,1.0,27.0,1.0,1.0,5.0,7.0,0.0,9.0,9.0,16.0,2.0,5000000.0,0.0,0.0,False,True,False,False,False,Java
0411400,041140001,1.0,1.0,47.0,1.0,1.0,2.0,7.0,0.0,,9.0,16.0,2.0,0.0,0.0,0.0,False,True,False,False,False,Java
0411400,041140002,2.0,3.0,44.0,1.0,1.0,2.0,2.0,0.0,,9.0,16.0,2.0,0.0,0.0,0.0,False,False,True,False,False,Java
0411400,041140003,3.0,3.0,26.0,1.0,1.0,2.0,7.0,0.0,,9.0,16.0,2.0,0.0,0.0,0.0,False,False,True,False,False,Java
0411400,041140004,3.0,3.0,19.0,1.0,1.0,3.0,7.0,0.0,9.0,9.0,16.0,2.0,0.0,3000000.0,14.914123179965662,False,False,True,False,False,Java
0411600,041160002,6.0,3.0,94.0,1.0,1.0,1.0,96.0,1.0,12.0,9.0,16.0,2.0,0.0,0.0,0.0,True,False,True,False,True,Java
0411600,041160003,1.0,3.0,46.0,1.0,1.0,1.0,96.0,0.0,9.0,9.0,16.0,2.0,0.0,0.0,0.0,False,False,True,False,False,Java
0411600,041160004,8.0,1.0,39.0,1.0,1.0,2.0,7.0,0.0,,9.0,16.0,2.0,300000.0,0.0,0.0,False,True,False,False,False,Java
0411600,041160005,3.0,1.0,18.0,1.0,1.0,3.0,7.0,0.0,9.0,9.0,16.0,2.0,0.0,0.0,0.0,False,True,False,False,False,Java
0411641,041164102,2.0,3.0,31.0,1.0,1.0,3.0,7.0,0.0,,9.0,16.0,2.0,1000000.0,0.0,0.0,False,False,True,False,False,Java
0411700,041170001,1.0,1.0,57.0,1.0,1.0,3.0,7.0,0.0,,9.0,16.0,2.0,0.0,0.0,0.0,False,True,False,False,False,Java
0411700,041170002,2.0,3.0,55.0,1.0,1.0,2.0,2.0,0.0,,9.0,16.0,2.0,1000000.0,0.0,0.0,False,False,True,False,False,Java
0411700,041170003,3.0,3.0,38.0,1.0,1.0,3.0,7.0,0.0,,9.0,16.0,2.0,0.0,0.0,0.0,False,False,True,False,False,Java
0411700,041170009,17.0,1.0,38.0,1.0,1.0,2.0,7.0,0.0,,9.0,16.0,2.0,0.0,0.0,0.0,False,True,False,False,False,Java
0411751,041175102,2.0,3.0,27.0,1.0,1.0,5.0,7.0,0.0,9.0,9.0,16.0,2.0,0.0,0.0,0.0,False,False,True,False,False,Java
0411800,041180001,7.0,3.0,62.0,1.0,1.0,1.0,96.0,1.0,12.0,9.0,16.0,2.0,0.0,0.0,0.0,True,False,True,False,True,Java
0411800,041180002,9.0,1.0,32.0,1.0,1.0,2.0,7.0,0.0,,4.0,16.0,2.0,0.0,0.0,0.0,False,True,False,False,False,Java
0411800,041180003,1.0,1.0,43.0,1.0,1.0,2.0,7.0,0.0,,9.0,16.0,2.0,0.0,0.0,0.0,False,True,False,False,False,Java
0411800,041180004,2.0,3.0,38.0,1.0,1.0,2.0,7.0,0.0,,9.0,16.0,2.0,0.0,0.0,0.0,False,False,True,False,False,Java
0411800,041180005,3.0,3.0,18.0,1.0,1.0,3.0,7.0,0.0,9.0,9.0,16.0,2.0,0.0,0.0,0.0,False,False,True,False,False,Java
0411841,041184102,2.0,3.0,29.0,1.0,1.0,3.0,7.0,0.0,,4.0,16.0,2.0,0.0,0.0,0.0,False,False,True,False,False,Java
0411851,041185101,1.0,1.0,24.0,1.0,1.0,3.0,7.0,0.0,9.0,9.0,16.0,2.0,0.0,0.0,0.0,False,True,False,False,False,Java
0411900,041190001,1.0,1.0,53.0,1.0,1.0,2.0,1.0,0.0,,9.0,16.0,2.0,0.0,0.0,0.0,False,True,False,False,False,Java
0411900,041190002,2.0,3.0,48.0,1.0,1.0,1.0,96.0,0.0,,9.0,16.0,2.0,0.0,0.0,0.0,False,False,True,False,False,Java
0411900,041190003,3.0,1.0,28.0,1.0,1.0,3.0,7.0,0.0,,2.0,16.0,2.0,200000.0,0.0,0.0,False,True,False,False,False,Java
0411900,041190004,3.0,1.0,22.0,1.0,1.0,3.0,7.0,0.0,,9.0,16.0,2.0,0.0,100000.0,11.51293546492023,False,True,False,False,False,Java
0411951,041195102,2.0,3.0,23.0,1.0,1.0,61.0,0.0,1.0,9.0,2.0,16.0,2.0,0.0,300000.0,12.611541086966117,True,False,True,False,True,Java
0412000,041200001,11.0,1.0,71.0,1.0,1.0,2.0,2.0,1.0,12.0,9.0,16.0,2.0,0.0,0.0,0.0,True,True,False,True,False,Java
0412000,041200002,11.0,3.0,72.0,1.0,1.0,2.0,3.0,0.0,,9.0,16.0,2.0,0.0,0.0,0.0,False,False,True,False,False,Java
0412000,041200004,6.0,3.0,42.0,1.0,1.0,2.0,5.0,0.0,,9.0,16.0,2.0,0.0,300000.0,12.611541086966117,False,False,True,False,False,Java
0412000,041200005,1.0,1.0,23.0,1.0,1.0,60.0,7.0,0.0,,9.0,16.0,2.0,0.0,0.0,0.0,False,True,False,False,False,Java
0412000,041200006,8.0,1.0,16.0,1.0,1.0,74.0,0.0,0.0,9.0,9.0,16.0,2.0,0.0,30000.0,10.308985993422082,False,True,False,False,False,Java
0412100,041210001,1.0,1.0,88.0,3.0,1.0,2.0,7.0,0.0,,9.0,16.0,2.0,0.0,0.0,0.0,False,True,False,False,False,Java
0412100,041210002,2.0,3.0,67.0,3.0,1.0,1.0,96.0,0.0,,9.0,16.0,2.0,0.0,0.0,0.0,False,False,True,False,False,Java
0412100,041210003,3.0,1.0,36.0,1.0,1.0,2.0,7.0,0.0,9.0,9.0,16.0,2.0,0.0,0.0,0.0,False,True,False,False,False,Java
0412100,041210004,3.0,3.0,31.0,1.0,1.0,2.0,3.0,0.0,,9.0,16.0,2.0,0.0,0.0,0.0,False,False,True,False,False,Java
0412100,041210005,3.0,3.0,29.0,1.0,1.0,2.0,7.0,0.0,,9.0,16.0,2.0,0.0,0.0,0.0,False,False,True,False,False,Java
0412141,041214102,1.0,3.0,29.0,1.0,1.0,2.0,7.0,0.0,,9.0,16.0,2.0,0.0,105000.0,11.561725152903833,False,False,True,False,False,Java
0412143,041214301,1.0,1.0,34.0,1.0,1.0,3.0,7.0,0.0,,9.0,16.0,2.0,500000.0,500000.0,13.122365377402328,False,True,False,False,False,Java
0412151,041215102,2.0,3.0,22.0,1.0,1.0,5.0,7.0,0.0,9.0,9.0,16.0,2.0,0.0,50000.0,10.819798284210286,False,False,True,False,False,Java
0412200,041220001,1.0,1.0,47.0,1.0,1.0,2.0,7.0,0.0,,9.0,16.0,2.0,0.0,0.0,0.0,False,True,False,False,False,Java
0412200,041220002,2.0,3.0,43.0,1.0,1.0,6.0,1.0,0.0,,9.0,16.0,2.0,0.0,0.0,0.0,False,False,True,False,False,Java
0412200,041220003,3.0,1.0,26.0,1.0,1.0,5.0,7.0,0.0,,9.0,16.0,2.0,0.0,0.0,0.0,False,True,False,False,False,Java
0412200,041220004,3.0,3.0,19.0,1.0,1.0,5.0,1.0,0.0,9.0,9.0,16.0,2.0,0.0,0.0,0.0,False,False,True,False,False,Java
0412200,041220006,5.0,1.0,20.0,1.0,1.0,3.0,7.0,0.0,9.0,9.0,16.0,2.0,100000.0,0.0,0.0,False,True,False,False,False,Java
0412251,041225102,2.0,3.0,28.0,1.0,20.0,6.0,7.0,0.0,9.0,9.0,16.0,2.0,2000000.0,0.0,0.0,False,False,True,False,False,Java
0412400,041240002,1.0,3.0,54.0,1.0,1.0,1.0,96.0,0.0,,2.0,16.0,2.0,0.0,0.0,0.0,False,False,True,False,False,Java
0412400,041240004,3.0,1.0,28.0,1.0,1.0,2.0,2.0,0.0,,2.0,16.0,2.0,0.0,0.0,0.0,False,True,False,False,False,Java
0412400,041240006,3.0,1.0,18.0,1.0,1.0,3.0,7.0,1.0,1.0,2.0,16.0,2.0,600000.0,0.0,0.0,True,True,False,True,False,Java
0412451,041245102,2.0,3.0,25.0,1.0,1.0,5.0,7.0,0.0,2.0,2.0,16.0,2.0,0.0,0.0,0.0,False,False,True,False,False,Java
0412500,041250001,1.0,1.0,71.0,1.0,1.0,1.0,96.0,0.0,,9.0,16.0,2.0,0.0,0.0,0.0,False,True,False,False,False,Java
0412500,041250002,2.0,3.0,66.0,1.0,1.0,1.0,96.0,0.0,,9.0,16.0,2.0,0.0,0.0,0.0,False,False,True,False,False,Java
0412500,041250003,3.0,1.0,36.0,1.0,1.0,2.0,5.0,0.0,,9.0,16.0,2.0,0.0,0.0,0.0,False,True,False,False,False,Java
0412500,041250004,3.0,3.0,36.0,1.0,1.0,2.0,4.0,0.0,,9.0,16.0,2.0,50000.0,0.0,0.0,False,False,True,False,False,Java
0412500,041250005,3.0,1.0,32.0,1.0,1.0,2.0,3.0,0.0,,9.0,16.0,2.0,0.0,0.0,0.0,False,True,False,False,False,Java
0412500,041250006,3.0,1.0,24.0,1.0,1.0,3.0,7.0,0.0,,9.0,16.0,2.0,0.0,0.0,0.0,False,True,False,False,False,Java
0412531,041253102,2.0,3.0,33.0,1.0,1.0,2.0,7.0,0.0,,9.0,16.0,2.0,0.0,0.0,0.0,False,False,True,False,False,Java
0412532,041253203,3.0,3.0,17.0,1.0,1.0,3.0,7.0,0.0,9.0,9.0,16.0,2.0,0.0,0.0,0.0,False,False,True,False,False,Java
0412551,041255102,2.0,3.0,27.0,1.0,1.0,74.0,98.0,0.0,9.0,9.0,16.0,2.0,100000.0,0.0,0.0,False,False,True,False,False,Java
0412552,041255202,2.0,3.0,22.0,1.0,1.0,3.0,7.0,0.0,9.0,9.0,16.0,2.0,0.0,0.0,0.0,False,False,True,False,False,Java
0412700,041270001,1.0,1.0,49.0,1.0,1.0,2.0,3.0,0.0,,2.0,16.0,2.0,0.0,0.0,0.0,False,True,False,False,False,Java
0412700,041270002,2.0,3.0,46.0,1.0,1.0,2.0,4.0,0.0,,2.0,16.0,2.0,0.0,0.0,0.0,False,False,True,False,False,Java
0412700,041270003,3.0,3.0,25.0,1.0,1.0,73.0,7.0,0.0,,2.0,16.0,2.0,0.0,0.0,0.0,False,False,True,False,False,Java
0412700,041270004,3.0,3.0,24.0,1.0,1.0,3.0,7.0,0.0,,2.0,16.0,2.0,0.0,0.0,0.0,False,False,True,False,False,Java
0412700,041270005,5.0,1.0,27.0,1.0,1.0,73.0,7.0,0.0,2.0,2.0,16.0,2.0,0.0,0.0,0.0,False,True,False,False,False,Java
0412751,041275102,1.0,1.0,30.0,1.0,1.0,3.0,7.0,0.0,2.0,2.0,16.0,2.0,0.0,500000.0,13.122365377402328,False,True,False,False,False,Java
0412800,041280001,1.0,1.0,63.0,1.0,1.0,2.0,0.0,1.0,12.0,11.0,18.0,2.0,0.0,0.0,0.0,True,True,False,True,False,Java
0412800,041280002,2.0,3.0,54.0,1.0,1.0,1.0,96.0,1.0,9.0,11.0,18.0,2.0,0.0,0.0,0.0,True,False,True,False,True,Java
0412800,041280003,3.0,1.0,36.0,1.0,1.0,6.0,7.0,1.0,1.0,11.0,18.0,2.0,300000.0,0.0,0.0,True,True,False,True,False,Java
0412800,041280004,3.0,3.0,28.0,1.0,1.0,3.0,7.0,1.0,9.0,11.0,18.0,2.0,0.0,0.0,0.0,True,False,True,False,True,Java
0412851,041285102,2.0,3.0,30.0,1.0,1.0,5.0,7.0,1.0,9.0,11.0,18.0,2.0,0.0,0.0,0.0,True,False,True,False,True,Java
0412852,041285201,1.0,1.0,29.0,1.0,1.0,2.0,7.0,1.0,2.0,11.0,18.0,2.0,0.0,0.0,0.0,True,True,False,True,False,Java
0413000,041300001,1.0,1.0,75.0,1.0,1.0,2.0,7.0,0.0,,9.0,16.0,2.0,0.0,0.0,0.0,False,True,False,False,False,Java
0413000,041300002,2.0,3.0,64.0,1.0,1.0,2.0,1.0,0.0,,9.0,16.0,2.0,0.0,0.0,0.0,False,False,True,False,False,Java
0413000,041300003,3.0,3.0,41.0,1.0,1.0,1.0,96.0,0.0,9.0,9.0,16.0,2.0,0.0,0.0,0.0,False,False,True,False,False,Java
0414100,041410001,1.0,1.0,52.0,1.0,1.0,2.0,2.0,0.0,,9.0,16.0,2.0,0.0,0.0,0.0,False,True,False,False,False,Java
0414100,041410002,2.0,3.0,45.0,1.0,1.0,1.0,96.0,0.0,,9.0,16.0,2.0,50000.0,0.0,0.0,False,False,True,False,False,Java
0414100,041410003,3.0,3.0,28.0,1.0,1.0,2.0,7.0,0.0,9.0,9.0,16.0,2.0,0.0,0.0,0.0,False,False,True,False,False,Java
0414100,041410004,3.0,3.0,21.0,1.0,1.0,3.0,7.0,0.0,9.0,9.0,16.0,2.0,0.0,0.0,0.0,False,False,True,False,False,Java
0414151,041415101,1.0,1.0,35.0,1.0,1.0,2.0,7.0,0.0,9.0,9.0,16.0,2.0,0.0,0.0,0.0,False,True,False,False,False,Java
0414152,041415201,1.0,1.0,29.0,1.0,1.0,3.0,7.0,0.0,9.0,9.0,16.0,2.0,0.0,0.0,0.0,False,True,False,False,False,Java
0414200,041420001,1.0,3.0,76.0,1.0,1.0,1.0,96.0,1.0,12.0,9.0,16.0,2.0,0.0,0.0,0.0,True,False,True,False,True,Java
0414200,041420002,3.0,3.0,38.0,1.0,1.0,2.0,5.0,0.0,,9.0,16.0,2.0,0.0,0.0,0.0,False,False,True,False,False,Java
0414200,041420003,3.0,3.0,34.0,1.0,1.0,2.0,7.0,0.0,,9.0,16.0,2.0,0.0,0.0,0.0,False,False,True,False,False,Java
0414200,041420004,5.0,1.0,42.0,1.0,1.0,2.0,5.0,0.0,,9.0,16.0,2.0,150000.0,0.0,0.0,False,True,False,False,False,Java
0414200,041421103,10.0,3.0,20.0,1.0,1.0,3.0,7.0,0.0,9.0,9.0,16.0,2.0,0.0,0.0,0.0,False,False,True,False,False,Java
0414200,041420006,10.0,3.0,16.0,1.0,1.0,5.0,0.0,0.0,9.0,9.0,16.0,2.0,0.0,500000.0,13.122365377402328,False,False,True,False,False,Java
0414212,041421201,1.0,1.0,40.0,1.0,1.0,2.0,98.0,0.0,,9.0,16.0,2.0,0.0,0.0,0.0,False,True,False,False,False,Java
0414212,041421203,3.0,1.0,18.0,1.0,1.0,3.0,7.0,0.0,9.0,9.0,16.0,2.0,0.0,0.0,0.0,False,True,False,False,False,Java
0414253,041425301,1.0,1.0,38.0,1.0,1.0,2.0,4.0,0.0,9.0,9.0,16.0,2.0,0.0,0.0,0.0,False,True,False,False,False,Java
0414300,041430001,6.0,1.0,59.0,1.0,1.0,98.0,98.0,1.0,12.0,9.0,16.0,2.0,0.0,0.0,0.0,True,True,False,True,False,Java
0414300,041430002,6.0,3.0,57.0,1.0,1.0,2.0,98.0,1.0,12.0,9.0,16.0,2.0,0.0,0.0,0.0,True,False,True,False,True,Java
0414300,041430003,8.0,3.0,34.0,1.0,1.0,3.0,7.0,1.0,1.0,4.0,19.0,2.0,0.0,0.0,0.0,True,False,True,False,True,Java
0414300,041430004,1.0,1.0,32.0,1.0,1.0,2.0,5.0,0.0,,9.0,16.0,2.0,0.0,0.0,0.0,False,True,False,False,False,Java
0414300,041430005,8.0,1.0,26.0,1.0,1.0,3.0,7.0,0.0,9.0,9.0,16.0,2.0,0.0,0.0,0.0,False,True,False,False,False,Java
0414300,041430006,2.0,3.0,30.0,1.0,1.0,3.0,7.0,0.0,,9.0,16.0,2.0,0.0,0.0,0.0,False,False,True,False,False,Java
0414351,041435102,2.0,3.0,25.0,1.0,1.0,3.0,7.0,0.0,9.0,9.0,16.0,2.0,0.0,0.0,0.0,False,False,True,False,False,Java
0414352,041435201,1.0,1.0,42.0,1.0,11.0,2.0,3.0,1.0,6.0,4.0,19.0,2.0,0.0,0.0,0.0,True,True,False,True,False,Java
0414400,041440001,1.0,1.0,60.0,1.0,1.0,2.0,7.0,0.0,,9.0,16.0,2.0,0.0,0.0,0.0,False,True,False,False,False,Java
0414400,041440002,2.0,3.0,77.0,1.0,1.0,2.0,2.0,0.0,,9.0,16.0,2.0,0.0,0.0,0.0,False,False,True,False,False,Java
0414400,041440003,3.0,1.0,51.0,1.0,1.0,2.0,7.0,0.0,,9.0,16.0,2.0,0.0,0.0,0.0,False,True,False,False,False,Java
0414400,041440004,4.0,3.0,37.0,1.0,1.0,3.0,7.0,0.0,,4.0,18.0,2.0,0.0,0.0,0.0,False,False,True,False,False,Java
0414400,041440005,3.0,1.0,31.0,1.0,1.0,3.0,7.0,1.0,98.0,9.0,16.0,2.0,0.0,0.0,0.0,True,True,False,True,False,Java
0414400,041440006,5.0,3.0,48.0,1.0,1.0,2.0,7.0,0.0,,9.0,16.0,2.0,0.0,0.0,0.0,False,False,True,False,False,Java
0414400,041440008,9.0,1.0,85.0,1.0,1.0,2.0,7.0,1.0,12.0,4.0,18.0,2.0,0.0,0.0,0.0,True,True,False,True,False,Java
0414400,041440009,10.0,3.0,25.0,1.0,1.0,2.0,7.0,0.0,9.0,9.0,16.0,2.0,300000.0,0.0,0.0,False,False,True,False,False,Java
0414400,041440010,10.0,3.0,23.0,1.0,1.0,2.0,7.0,0.0,9.0,9.0,16.0,2.0,0.0,0.0,0.0,False,False,True,False,False,Java
0414400,041440013,5.0,3.0,29.0,1.0,1.0,3.0,7.0,0.0,,9.0,16.0,2.0,0.0,0.0,0.0,False,False,True,False,False,Java
0414412,041441202,2.0,3.0,58.0,1.0,1.0,1.0,96.0,1.0,12.0,4.0,18.0,2.0,200000.0,0.0,0.0,True,False,True,False,True,Java
0414412,041442108,10.0,1.0,15.0,1.0,1.0,5.0,1.0,1.0,3.0,4.0,18.0,2.0,0.0,0.0,0.0,True,True,False,True,False,Java
0414431,041443101,1.0,1.0,39.0,1.0,1.0,2.0,4.0,0.0,,4.0,18.0,2.0,500000.0,0.0,0.0,False,True,False,False,False,Java
0414431,041443103,3.0,1.0,16.0,1.0,1.0,6.0,0.0,0.0,4.0,4.0,18.0,2.0,0.0,0.0,0.0,False,True,False,False,False,Java
0414453,041445301,1.0,1.0,29.0,1.0,1.0,2.0,7.0,0.0,9.0,9.0,16.0,2.0,0.0,0.0,0.0,False,True,False,False,False,Java
0414454,041445401,1.0,1.0,30.0,1.0,1.0,5.0,7.0,0.0,9.0,9.0,16.0,2.0,0.0,0.0,0.0,False,True,False,False,False,Java
0414500,041450001,21.0,3.0,43.0,1.0,1.0,2.0,7.0,1.0,12.0,5.0,19.0,2.0,3000000.0,0.0,0.0,True,False,True,False,True,Java
0414500,041450002,2.0,3.0,38.0,1.0,1.0,2.0,7.0,0.0,9.0,9.0,16.0,2.0,0.0,0.0,0.0,False,False,True,False,False,Java
0414500,041450008,1.0,1.0,54.0,1.0,7.0,2.0,7.0,0.0,9.0,9.0,16.0,2.0,0.0,0.0,0.0,False,True,False,False,False,Java
0420100,042010001,1.0,1.0,49.0,1.0,1.0,2.0,1.0,0.0,,9.0,16.0,2.0,0.0,0.0,0.0,False,True,False,False,False,Java
0420100,042010002,2.0,3.0,49.0,1.0,1.0,2.0,1.0,0.0,,9.0,16.0,2.0,0.0,0.0,0.0,False,False,True,False,False,Java
0420100,042010003,3.0,3.0,26.0,1.0,1.0,2.0,7.0,0.0,,9.0,16.0,2.0,0.0,0.0,0.0,False,False,True,False,False,Java
0420100,042010005,5.0,1.0,33.0,1.0,1.0,73.0,7.0,1.0,2.0,9.0,16.0,2.0,0.0,0.0,0.0,True,True,False,True,False,Java
0420200,042020001,1.0,1.0,71.0,1.0,1.0,2.0,4.0,0.0,9.0,9.0,16.0,2.0,300000.0,0.0,0.0,False,True,False,False,False,Java
0420200,042020004,3.0,1.0,39.0,1.0,1.0,2.0,7.0,0.0,,9.0,16.0,2.0,1000000.0,3000000.0,14.914123179965662,False,True,False,False,False,Java
0420200,042020005,3.0,3.0,35.0,1.0,1.0,2.0,7.0,0.0,,3.0,16.0,2.0,0.0,0.0,0.0,False,False,True,False,False,Java
0420200,042020006,3.0,3.0,35.0,1.0,1.0,2.0,7.0,0.0,,9.0,16.0,2.0,0.0,0.0,0.0,False,False,True,False,False,Java
0420200,042020007,3.0,3.0,34.0,1.0,1.0,2.0,7.0,1.0,9.0,4.0,18.0,2.0,0.0,300000.0,12.611541086966117,True,False,True,False,True,Java
0420200,042020009,3.0,1.0,30.0,1.0,1.0,5.0,7.0,0.0,,1.0,16.0,2.0,0.0,0.0,0.0,False,True,False,False,False,Java
0420200,042020010,3.0,3.0,28.0,1.0,1.0,5.0,7.0,0.0,,6.0,16.0,2.0,300000.0,0.0,0.0,False,False,True,False,False,Java
0420200,042020011,3.0,1.0,26.0,1.0,1.0,5.0,7.0,0.0,9.0,9.0,16.0,2.0,0.0,0.0,0.0,False,True,False,False,False,Java
0420200,042020012,3.0,1.0,23.0,1.0,1.0,61.0,0.0,0.0,,9.0,16.0,2.0,500000.0,0.0,0.0,False,True,False,False,False,Java
0420200,042020013,5.0,1.0,39.0,1.0,1.0,3.0,7.0,0.0,,3.0,16.0,2.0,0.0,0.0,0.0,False,True,False,False,False,Java
0420231,042023103,3.0,1.0,15.0,1.0,1.0,2.0,5.0,1.0,9.0,3.0,16.0,2.0,0.0,100000.0,11.51293546492023,True,True,False,True,False,Java
0420241,042024102,2.0,3.0,38.0,1.0,20.0,5.0,7.0,0.0,,9.0,16.0,2.0,0.0,0.0,0.0,False,False,True,False,False,Java
0420242,042024203,1.0,1.0,36.0,1.0,1.0,73.0,1.0,1.0,5.0,9.0,16.0,2.0,0.0,0.0,0.0,True,True,False,True,False,Java
0420243,042024302,1.0,1.0,31.0,1.0,1.0,3.0,7.0,1.0,9.0,6.0,16.0,2.0,0.0,200000.0,12.206077645517674,True,True,False,True,False,Java
0420251,042025101,1.0,1.0,31.0,1.0,1.0,3.0,7.0,0.0,4.0,4.0,18.0,2.0,50000.0,0.0,0.0,False,True,False,False,False,Java
0420252,042025202,2.0,3.0,28.0,1.0,1.0,5.0,7.0,1.0,3.0,1.0,16.0,2.0,0.0,0.0,0.0,True,False,True,False,True,Java
0420300,042030001,1.0,1.0,76.0,1.0,1.0,2.0,4.0,1.0,5.0,9.0,16.0,2.0,0.0,0.0,0.0,True,True,False,True,False,Java
0420300,042030002,2.0,3.0,64.0,1.0,1.0,1.0,96.0,1.0,10.0,9.0,16.0,2.0,0.0,0.0,0.0,True,False,True,False,True,Java
0420300,042030003,3.0,3.0,32.0,1.0,1.0,14.0,98.0,0.0,,9.0,16.0,2.0,0.0,0.0,0.0,False,False,True,False,False,Java
0420300,042030004,3.0,1.0,29.0,1.0,1.0,4.0,7.0,0.0,,9.0,16.0,2.0,0.0,0.0,0.0,False,True,False,False,False,Java
0420300,042030005,3.0,3.0,37.0,1.0,1.0,2.0,7.0,0.0,,9.0,16.0,2.0,0.0,0.0,0.0,False,False,True,False,False,Java
0420300,042030006,5.0,1.0,41.0,1.0,1.0,3.0,7.0,0.0,,9.0,16.0,2.0,0.0,0.0,0.0,False,True,False,False,False,Java
0420300,042034101,5.0,1.0,36.0,1.0,1.0,2.0,5.0,0.0,,9.0,16.0,2.0,0.0,0.0,0.0,False,True,False,False,False,Java
0420332,042033203,3.0,3.0,15.0,1.0,1.0,3.0,2.0,0.0,9.0,9.0,16.0,2.0,0.0,0.0,0.0,False,False,True,False,False,Java
0420351,042035102,2.0,3.0,25.0,1.0,1.0,74.0,7.0,0.0,9.0,9.0,16.0,2.0,0.0,0.0,0.0,False,False,True,False,False,Java
0420400,042040002,6.0,3.0,64.0,1.0,1.0,1.0,96.0,0.0,,9.0,16.0,2.0,300000.0,150000.0,11.918397239722838,False,False,True,False,False,Java
0420400,042040003,8.0,1.0,36.0,1.0,1.0,15.0,7.0,0.0,,9.0,16.0,2.0,0.0,0.0,0.0,False,True,False,False,False,Java
0420400,042040005,8.0,3.0,33.0,1.0,1.0,74.0,7.0,0.0,,8.0,16.0,2.0,0.0,0.0,0.0,False,False,True,False,False,Java
0420400,042040006,1.0,1.0,28.0,1.0,1.0,15.0,7.0,0.0,,9.0,16.0,2.0,0.0,0.0,0.0,False,True,False,False,False,Java
0420400,042040007,9.0,3.0,35.0,1.0,20.0,98.0,7.0,0.0,,9.0,16.0,2.0,200000.0,0.0,0.0,False,False,True,False,False,Java
0420400,042040008,13.0,3.0,16.0,1.0,1.0,3.0,2.0,1.0,9.0,5.0,19.0,2.0,0.0,13000000.0,16.380459992348886,True,False,True,False,True,Java
0420400,042040009,13.0,3.0,15.0,1.0,1.0,5.0,0.0,1.0,1.0,9.0,16.0,2.0,20000.0,50000.0,10.819798284210286,True,False,True,False,True,Java
0420400,042040011,2.0,3.0,23.0,1.0,1.0,2.0,7.0,0.0,9.0,9.0,16.0,2.0,0.0,0.0,0.0,False,False,True,False,False,Java
0420500,042050002,7.0,3.0,76.0,1.0,1.0,2.0,4.0,1.0,98.0,9.0,16.0,2.0,0.0,0.0,0.0,True,False,True,False,True,Java
0420500,042050007,1.0,1.0,55.0,1.0,1.0,2.0,2.0,0.0,,9.0,16.0,2.0,0.0,0.0,0.0,False,True,False,False,False,Java
0420500,042050008,2.0,3.0,52.0,1.0,1.0,2.0,2.0,0.0,,9.0,16.0,2.0,300000.0,0.0,0.0,False,False,True,False,False,Java
0420531,042053105,1.0,1.0,49.0,1.0,1.0,2.0,2.0,0.0,,9.0,16.0,2.0,0.0,0.0,0.0,False,True,False,False,False,Java
0420600,042060002,6.0,3.0,73.0,1.0,1.0,2.0,1.0,1.0,98.0,9.0,16.0,2.0,0.0,0.0,0.0,True,False,True,False,True,Java
0420600,042060003,8.0,3.0,42.0,1.0,1.0,2.0,1.0,0.0,,74.0,31.0,1.0,500000.0,0.0,0.0,False,False,True,False,False,Java
0420600,042060004,8.0,3.0,39.0,1.0,1.0,98.0,98.0,0.0,,9.0,16.0,2.0,0.0,0.0,0.0,False,False,True,False,False,Java
0420600,042060005,1.0,3.0,36.0,1.0,1.0,2.0,2.0,0.0,,9.0,16.0,2.0,0.0,100000.0,11.51293546492023,False,False,True,False,False,Java
0420600,042060007,13.0,3.0,26.0,1.0,1.0,2.0,7.0,0.0,,9.0,16.0,2.0,0.0,0.0,0.0,False,False,True,False,False,Java
0420600,042060009,9.0,1.0,53.0,1.0,20.0,98.0,98.0,0.0,,9.0,16.0,2.0,0.0,4000000.0,15.201805169084134,False,True,False,False,False,Java
0420600,042060010,13.0,1.0,16.0,1.0,1.0,5.0,0.0,1.0,98.0,9.0,16.0,2.0,0.0,0.0,0.0,True,True,False,True,False,Java
0420600,042060011,8.0,3.0,49.0,1.0,1.0,2.0,1.0,1.0,1.0,9.0,16.0,2.0,0.0,0.0,0.0,True,False,True,False,True,Java
0420600,042060013,13.0,1.0,18.0,1.0,1.0,5.0,7.0,0.0,9.0,9.0,16.0,2.0,0.0,0.0,0.0,False,True,False,False,False,Java
0420600,042060014,3.0,3.0,15.0,1.0,1.0,3.0,2.0,0.0,9.0,9.0,16.0,2.0,0.0,100000.0,11.51293546492023,False,False,True,False,False,Java
0420642,042064203,3.0,1.0,32.0,1.0,1.0,5.0,7.0,0.0,,9.0,16.0,2.0,2000000.0,0.0,0.0,False,True,False,False,False,Java
0420700,042070002,1.0,3.0,77.0,1.0,1.0,1.0,96.0,0.0,,9.0,16.0,2.0,0.0,0.0,0.0,False,False,True,False,False,Java
0420700,042070003,10.0,3.0,28.0,1.0,1.0,3.0,7.0,0.0,,9.0,16.0,2.0,0.0,500000.0,13.122365377402328,False,False,True,False,False,Java
0420700,042070006,3.0,1.0,48.0,1.0,1.0,3.0,7.0,0.0,,9.0,16.0,2.0,0.0,0.0,0.0,False,True,False,False,False,Java
0420700,042070007,5.0,3.0,46.0,1.0,1.0,3.0,7.0,0.0,,9.0,16.0,2.0,0.0,0.0,0.0,False,False,True,False,False,Java
0420741,042074102,1.0,1.0,30.0,1.0,1.0,3.0,7.0,0.0,9.0,9.0,16.0,2.0,0.0,500000.0,13.122365377402328,False,True,False,False,False,Java
0420800,042080001,1.0,1.0,52.0,1.0,1.0,2.0,4.0,0.0,,9.0,16.0,2.0,0.0,0.0,0.0,False,True,False,False,False,Java
0420800,042080002,2.0,3.0,51.0,1.0,1.0,2.0,2.0,0.0,,9.0,16.0,2.0,200000.0,0.0,0.0,False,False,True,False,False,Java
0420800,042080003,3.0,1.0,26.0,1.0,1.0,61.0,6.0,0.0,,3.0,18.0,1.0,0.0,0.0,0.0,False,True,False,False,False,Java
0420800,042080004,3.0,1.0,19.0,1.0,1.0,5.0,7.0,1.0,9.0,3.0,18.0,1.0,0.0,0.0,0.0,True,True,False,True,False,Java
0420900,042090001,1.0,1.0,79.0,1.0,1.0,2.0,7.0,0.0,,9.0,16.0,2.0,0.0,0.0,0.0,False,True,False,False,False,Java
0420900,042090002,21.0,3.0,61.0,1.0,1.0,2.0,98.0,1.0,23.0,9.0,16.0,2.0,0.0,0.0,0.0,True,False,True,False,True,Java
0420900,042090003,3.0,3.0,32.0,1.0,1.0,72.0,4.0,1.0,9.0,2.0,16.0,2.0,0.0,0.0,0.0,True,False,True,False,True,Java
0420911,042091105,1.0,1.0,36.0,1.0,1.0,2.0,2.0,0.0,9.0,9.0,16.0,2.0,100000.0,200000.0,12.206077645517674,False,True,False,False,False,Java
0420951,042095101,1.0,1.0,30.0,1.0,1.0,2.0,7.0,0.0,2.0,2.0,16.0,2.0,50000.0,0.0,0.0,False,True,False,False,False,Java
0421000,042100001,1.0,1.0,64.0,1.0,1.0,74.0,7.0,0.0,,9.0,16.0,2.0,0.0,0.0,0.0,False,True,False,False,False,Java
0421000,042100002,2.0,3.0,57.0,1.0,1.0,73.0,7.0,0.0,,9.0,16.0,2.0,0.0,0.0,0.0,False,False,True,False,False,Java
0421000,042100003,3.0,1.0,34.0,1.0,1.0,61.0,7.0,0.0,,4.0,35.0,2.0,0.0,0.0,0.0,False,True,False,False,False,Java
0421000,042100005,3.0,1.0,27.0,1.0,1.0,61.0,3.0,0.0,,9.0,16.0,2.0,200000.0,0.0,0.0,False,True,False,False,False,Java
0421000,042100006,5.0,3.0,22.0,1.0,1.0,61.0,3.0,0.0,9.0,9.0,16.0,2.0,0.0,4600000.0,15.341567078850604,False,False,True,False,False,Java
0421031,042103104,2.0,3.0,30.0,1.0,1.0,61.0,7.0,0.0,,4.0,35.0,2.0,0.0,0.0,0.0,False,False,True,False,False,Java
0421100,042110004,1.0,1.0,69.0,1.0,1.0,3.0,1.0,1.0,1.0,10.0,16.0,2.0,300000.0,0.0,0.0,True,True,False,True,False,Java
0421100,042110005,3.0,3.0,19.0,1.0,1.0,5.0,2.0,1.0,9.0,10.0,16.0,2.0,200000.0,3200000.0,14.978661680269909,True,False,True,False,True,Java
0421200,042120001,1.0,1.0,47.0,1.0,1.0,2.0,3.0,0.0,,9.0,16.0,2.0,0.0,0.0,0.0,False,True,False,False,False,Java
0421200,042120002,2.0,3.0,45.0,1.0,1.0,2.0,1.0,0.0,,9.0,16.0,2.0,0.0,0.0,0.0,False,False,True,False,False,Java
0421200,042120003,3.0,3.0,30.0,1.0,1.0,2.0,4.0,0.0,,9.0,16.0,2.0,0.0,0.0,0.0,False,False,True,False,False,Java
0421200,042120004,3.0,3.0,24.0,1.0,1.0,2.0,3.0,0.0,9.0,9.0,16.0,2.0,0.0,20000.0,9.90353755128617,False,False,True,False,False,Java
0421200,042120005,3.0,3.0,23.0,1.0,1.0,2.0,7.0,0.0,,9.0,16.0,2.0,0.0,0.0,0.0,False,False,True,False,False,Java
0421241,042124101,1.0,1.0,36.0,1.0,1.0,2.0,5.0,0.0,,9.0,16.0,2.0,0.0,0.0,0.0,False,True,False,False,False,Java
0421242,042124203,3.0,1.0,32.0,1.0,1.0,2.0,2.0,0.0,,9.0,16.0,2.0,0.0,0.0,0.0,False,True,False,False,False,Java
0421341,042134102,2.0,3.0,33.0,1.0,1.0,72.0,4.0,0.0,,9.0,16.0,2.0,0.0,0.0,0.0,False,False,True,False,False,Java
0421351,042135102,2.0,3.0,21.0,1.0,1.0,6.0,2.0,0.0,9.0,9.0,16.0,2.0,1200000.0,0.0,0.0,False,False,True,False,False,Java
0421352,042135201,1.0,1.0,24.0,1.0,1.0,2.0,5.0,0.0,9.0,9.0,16.0,2.0,0.0,0.0,0.0,False,True,False,False,False,Java
0421400,042140001,2.0,1.0,50.0,1.0,1.0,2.0,98.0,0.0,,9.0,16.0,2.0,0.0,0.0,0.0,False,True,False,False,False,Java
0421400,042140002,1.0,3.0,42.0,1.0,1.0,2.0,1.0,0.0,,9.0,16.0,2.0,0.0,4800000.0,15.38412668421143,False,False,True,False,False,Java
0421400,042140003,3.0,3.0,27.0,1.0,1.0,3.0,2.0,0.0,,9.0,16.0,2.0,0.0,0.0,0.0,False,False,True,False,False,Java
0421400,042140004,3.0,1.0,25.0,1.0,1.0,3.0,1.0,0.0,,9.0,16.0,2.0,0.0,0.0,0.0,False,True,False,False,False,Java
0421441,042144102,2.0,3.0,37.0,1.0,1.0,2.0,3.0,0.0,,9.0,16.0,2.0,0.0,0.0,0.0,False,False,True,False,False,Java
0421442,042144201,1.0,1.0,32.0,1.0,20.0,2.0,7.0,0.0,,9.0,16.0,2.0,0.0,0.0,0.0,False,True,False,False,False,Java
0421443,042144303,3.0,3.0,24.0,1.0,1.0,2.0,4.0,0.0,,9.0,16.0,2.0,0.0,0.0,0.0,False,False,True,False,False,Java
0421500,042150001,1.0,1.0,53.0,1.0,1.0,14.0,7.0,0.0,,9.0,16.0,2.0,3000000.0,0.0,0.0,False,True,False,False,False,Java
0421500,042150002,2.0,3.0,42.0,1.0,1.0,2.0,7.0,0.0,,9.0,16.0,2.0,0.0,0.0,0.0,False,False,True,False,False,Java
0421500,042150004,13.0,3.0,36.0,1.0,1.0,2.0,7.0,0.0,,4.0,35.0,2.0,500000.0,0.0,0.0,False,False,True,False,False,Java
0421500,042150005,17.0,3.0,37.0,1.0,1.0,2.0,7.0,0.0,,1.0,16.0,2.0,0.0,0.0,0.0,False,False,True,False,False,Java
0421500,042150006,17.0,3.0,35.0,1.0,1.0,2.0,7.0,0.0,,9.0,16.0,2.0,0.0,0.0,0.0,False,False,True,False,False,Java
0421500,042150007,17.0,3.0,33.0,1.0,1.0,2.0,7.0,0.0,,1.0,16.0,2.0,0.0,0.0,0.0,False,False,True,False,False,Java
0421500,042150008,17.0,1.0,43.0,1.0,1.0,2.0,7.0,0.0,,9.0,16.0,2.0,300000.0,0.0,0.0,False,True,False,False,False,Java
0421500,042150009,17.0,1.0,42.0,1.0,1.0,2.0,7.0,0.0,,9.0,16.0,2.0,0.0,0.0,0.0,False,True,False,False,False,Java
0421500,042150010,17.0,1.0,43.0,1.0,1.0,2.0,7.0,0.0,4.0,4.0,35.0,2.0,200000.0,0.0,0.0,False,True,False,False,False,Java
0421500,042150011,17.0,1.0,39.0,1.0,1.0,2.0,7.0,0.0,,9.0,16.0,2.0,0.0,0.0,0.0,False,True,False,False,False,Java
0421500,042150012,17.0,1.0,38.0,1.0,1.0,2.0,7.0,0.0,,9.0,16.0,2.0,0.0,0.0,0.0,False,True,False,False,False,Java
0421500,042150013,17.0,1.0,35.0,1.0,20.0,2.0,7.0,0.0,,9.0,16.0,2.0,0.0,0.0,0.0,False,True,False,False,False,Java
0421500,042150014,17.0,1.0,35.0,1.0,20.0,3.0,7.0,0.0,,8.0,16.0,2.0,100000.0,0.0,0.0,False,True,False,False,False,Java
0421500,042150026,17.0,1.0,38.0,1.0,1.0,2.0,7.0,0.0,,9.0,16.0,2.0,0.0,0.0,0.0,False,True,False,False,False,Java
0421500,042150034,13.0,3.0,35.0,1.0,1.0,2.0,7.0,0.0,,9.0,16.0,2.0,0.0,0.0,0.0,False,False,True,False,False,Java
0421531,042153103,3.0,1.0,17.0,1.0,1.0,5.0,1.0,0.0,4.0,4.0,35.0,1.0,0.0,100000.0,11.51293546492023,False,True,False,False,False,Java
0421532,042153201,1.0,1.0,45.0,1.0,1.0,74.0,2.0,0.0,,1.0,16.0,2.0,2000000.0,0.0,0.0,False,True,False,False,False,Java
0421533,042153301,1.0,1.0,42.0,1.0,1.0,2.0,7.0,0.0,,1.0,16.0,2.0,0.0,0.0,0.0,False,True,False,False,False,Java
0421534,042153402,2.0,3.0,40.0,1.0,1.0,14.0,5.0,0.0,,9.0,16.0,2.0,0.0,0.0,0.0,False,False,True,False,False,Java
0421534,042153403,3.0,3.0,18.0,1.0,1.0,5.0,7.0,0.0,9.0,9.0,16.0,2.0,0.0,0.0,0.0,False,False,True,False,False,Java
0421534,042153404,3.0,3.0,15.0,1.0,1.0,5.0,0.0,0.0,9.0,9.0,16.0,2.0,0.0,0.0,0.0,False,False,True,False,False,Java
0421535,042153504,2.0,3.0,38.0,1.0,1.0,3.0,7.0,0.0,,4.0,35.0,2.0,0.0,300000.0,12.611541086966117,False,False,True,False,False,Java
0421536,042153605,2.0,3.0,37.0,1.0,1.0,14.0,4.0,0.0,,9.0,16.0,2.0,0.0,0.0,0.0,False,False,True,False,False,Java
0421536,042153606,3.0,1.0,15.0,1.0,1.0,5.0,0.0,0.0,9.0,9.0,16.0,2.0,0.0,0.0,0.0,False,True,False,False,False,Java
0421538,042200003,13.0,1.0,35.0,1.0,1.0,14.0,7.0,0.0,,4.0,35.0,1.0,0.0,0.0,0.0,False,True,False,False,False,Java
0421538,042153803,2.0,3.0,29.0,1.0,1.0,14.0,7.0,0.0,,9.0,16.0,2.0,0.0,0.0,0.0,False,False,True,False,False,Java
0421542,042152103,2.0,3.0,34.0,1.0,1.0,14.0,7.0,0.0,,9.0,16.0,2.0,0.0,0.0,0.0,False,False,True,False,False,Java
0421600,042160001,6.0,1.0,57.0,1.0,1.0,1.0,96.0,0.0,,9.0,16.0,2.0,20000.0,15000.0,9.61587214452889,False,True,False,False,False,Java
0421600,042160003,1.0,1.0,40.0,1.0,1.0,2.0,7.0,0.0,,9.0,16.0,2.0,0.0,0.0,0.0,False,True,False,False,False,Java
0421600,042160005,2.0,3.0,35.0,1.0,20.0,2.0,7.0,0.0,,9.0,16.0,2.0,0.0,0.0,0.0,False,False,True,False,False,Java
0421600,042160007,3.0,3.0,16.0,1.0,20.0,15.0,0.0,0.0,9.0,9.0,16.0,2.0,0.0,0.0,0.0,False,False,True,False,False,Java
0421700,042170001,1.0,1.0,69.0,1.0,1.0,98.0,98.0,0.0,,9.0,16.0,2.0,0.0,0.0,0.0,False,True,False,False,False,Java
0421700,042170002,2.0,3.0,65.0,1.0,1.0,2.0,7.0,0.0,,9.0,16.0,2.0,600000.0,0.0,0.0,False,False,True,False,False,Java
0421700,042170003,3.0,3.0,44.0,1.0,1.0,2.0,4.0,0.0,,4.0,16.0,2.0,0.0,0.0,0.0,False,False,True,False,False,Java
0421700,042170004,3.0,1.0,41.0,1.0,1.0,2.0,7.0,0.0,9.0,9.0,16.0,2.0,0.0,0.0,0.0,False,True,False,False,False,Java
0421700,042170005,3.0,3.0,31.0,1.0,1.0,2.0,7.0,0.0,,9.0,16.0,2.0,0.0,0.0,0.0,False,False,True,False,False,Java
0421700,042170006,10.0,1.0,25.0,1.0,1.0,2.0,7.0,0.0,,9.0,16.0,2.0,0.0,0.0,0.0,False,True,False,False,False,Java
0421700,042170008,5.0,3.0,37.0,1.0,1.0,2.0,7.0,0.0,,9.0,16.0,2.0,50000.0,0.0,0.0,False,False,True,False,False,Java
0421721,042172103,3.0,3.0,20.0,1.0,1.0,73.0,7.0,0.0,9.0,9.0,16.0,2.0,0.0,0.0,0.0,False,False,True,False,False,Java
0421751,042175102,2.0,3.0,25.0,1.0,20.0,2.0,4.0,0.0,9.0,9.0,16.0,2.0,0.0,0.0,0.0,False,False,True,False,False,Java
0421800,042180001,7.0,1.0,74.0,1.0,1.0,1.0,96.0,1.0,1.0,9.0,16.0,2.0,0.0,0.0,0.0,True,True,False,True,False,Java
0421800,042180003,9.0,1.0,44.0,1.0,1.0,2.0,7.0,0.0,,9.0,16.0,2.0,0.0,0.0,0.0,False,True,False,False,False,Java
0421800,042180004,9.0,1.0,41.0,1.0,1.0,2.0,3.0,0.0,,9.0,16.0,2.0,0.0,0.0,0.0,False,True,False,False,False,Java
0421800,042180005,9.0,1.0,39.0,1.0,1.0,73.0,7.0,0.0,,9.0,16.0,2.0,200000.0,0.0,0.0,False,True,False,False,False,Java
0421800,042180008,9.0,3.0,32.0,1.0,1.0,2.0,7.0,0.0,,3.0,18.0,2.0,150000.0,0.0,0.0,False,False,True,False,False,Java
0421800,042180010,9.0,3.0,39.0,1.0,1.0,2.0,7.0,0.0,,9.0,16.0,2.0,0.0,0.0,0.0,False,False,True,False,False,Java
0421800,042180012,9.0,3.0,37.0,1.0,1.0,2.0,7.0,0.0,,9.0,16.0,2.0,600000.0,0.0,0.0,False,False,True,False,False,Java
0421800,042180013,13.0,1.0,16.0,1.0,1.0,6.0,1.0,1.0,9.0,72.0,18.0,1.0,100000.0,200000.0,12.206077645517674,True,True,False,True,False,Java
0421800,042180014,9.0,3.0,35.0,1.0,1.0,98.0,98.0,0.0,,9.0,16.0,2.0,2000000.0,0.0,0.0,False,False,True,False,False,Java
0421800,042180017,2.0,3.0,45.0,1.0,1.0,2.0,7.0,0.0,9.0,9.0,16.0,2.0,1500000.0,0.0,0.0,False,False,True,False,False,Java
0421800,042180018,1.0,1.0,49.0,1.0,1.0,2.0,7.0,1.0,3.0,9.0,16.0,2.0,0.0,0.0,0.0,True,True,False,True,False,Java
0421831,042183104,3.0,3.0,20.0,1.0,1.0,3.0,7.0,0.0,9.0,9.0,16.0,2.0,0.0,0.0,0.0,False,False,True,False,False,Java
0421842,042184201,1.0,1.0,35.0,1.0,1.0,3.0,7.0,0.0,,3.0,18.0,2.0,0.0,0.0,0.0,False,True,False,False,False,Java
0421900,042190001,1.0,1.0,93.0,1.0,1.0,2.0,98.0,1.0,72.0,9.0,16.0,2.0,0.0,0.0,0.0,True,True,False,True,False,Java
0421900,042190002,2.0,3.0,73.0,1.0,1.0,2.0,7.0,1.0,4.0,9.0,16.0,2.0,0.0,0.0,0.0,True,False,True,False,True,Java
0421900,042190003,4.0,1.0,42.0,1.0,1.0,3.0,7.0,0.0,,9.0,16.0,2.0,0.0,200000.0,12.206077645517674,False,True,False,False,False,Java
0421900,042190004,10.0,3.0,29.0,1.0,1.0,73.0,7.0,1.0,9.0,73.0,16.0,2.0,0.0,0.0,0.0,True,False,True,False,True,Java
0421931,042193102,2.0,3.0,34.0,1.0,1.0,2.0,3.0,0.0,,9.0,16.0,2.0,0.0,0.0,0.0,False,False,True,False,False,Java
0421951,042195101,1.0,1.0,33.0,1.0,25.0,2.0,4.0,0.0,73.0,73.0,16.0,2.0,0.0,0.0,0.0,False,True,False,False,False,Java
0422000,042200001,1.0,1.0,52.0,1.0,1.0,2.0,5.0,0.0,,9.0,16.0,2.0,0.0,0.0,0.0,False,True,False,False,False,Java
0422000,042200002,2.0,3.0,47.0,1.0,1.0,2.0,5.0,0.0,,9.0,16.0,2.0,300000.0,0.0,0.0,False,False,True,False,False,Java
0422000,042200004,3.0,3.0,26.0,1.0,1.0,74.0,7.0,0.0,,9.0,16.0,2.0,200000.0,0.0,0.0,False,False,True,False,False,Java
0422000,042200005,3.0,1.0,24.0,1.0,1.0,61.0,3.0,0.0,,9.0,16.0,2.0,0.0,200000.0,12.206077645517674,False,True,False,False,False,Java
0422000,042200006,5.0,1.0,30.0,1.0,1.0,74.0,7.0,0.0,,9.0,16.0,2.0,0.0,0.0,0.0,False,True,False,False,False,Java
0422041,042204104,3.0,3.0,35.0,1.0,1.0,62.0,7.0,0.0,,4.0,35.0,1.0,200000.0,0.0,0.0,False,False,True,False,False,Java
0422341,042234101,1.0,1.0,31.0,1.0,1.0,3.0,7.0,0.0,,9.0,16.0,2.0,0.0,0.0,0.0,False,True,False,False,False,Java
0422400,042240001,7.0,3.0,84.0,1.0,1.0,1.0,96.0,1.0,4.0,9.0,16.0,2.0,0.0,0.0,0.0,True,False,True,False,True,Java
0422400,042240002,9.0,1.0,60.0,1.0,1.0,2.0,7.0,1.0,4.0,9.0,16.0,2.0,0.0,0.0,0.0,True,True,False,True,False,Java
0422400,042240003,2.0,3.0,50.0,1.0,1.0,2.0,3.0,1.0,4.0,9.0,16.0,2.0,50000.0,0.0,0.0,True,False,True,False,True,Java
0422400,042240004,1.0,1.0,55.0,1.0,1.0,98.0,98.0,1.0,1.0,9.0,16.0,2.0,0.0,0.0,0.0,True,True,False,True,False,Java
0422400,042240005,3.0,3.0,21.0,1.0,1.0,2.0,4.0,0.0,9.0,9.0,16.0,2.0,0.0,0.0,0.0,False,False,True,False,False,Java
0422500,042250001,1.0,1.0,49.0,1.0,1.0,2.0,4.0,0.0,,9.0,16.0,2.0,300000.0,350000.0,12.765691290604371,False,True,False,False,False,Java
0422500,042250002,2.0,3.0,39.0,1.0,1.0,2.0,4.0,0.0,,9.0,16.0,2.0,0.0,0.0,0.0,False,False,True,False,False,Java
0422500,042250003,3.0,3.0,23.0,1.0,1.0,74.0,7.0,0.0,,9.0,16.0,2.0,0.0,0.0,0.0,False,False,True,False,False,Java
0422551,042255101,1.0,1.0,25.0,1.0,1.0,2.0,7.0,0.0,9.0,9.0,16.0,2.0,0.0,0.0,0.0,False,True,False,False,False,Java
0422600,042260001,1.0,1.0,58.0,1.0,1.0,2.0,3.0,0.0,,9.0,16.0,2.0,0.0,0.0,0.0,False,True,False,False,False,Java
0422600,042260002,2.0,3.0,55.0,1.0,1.0,2.0,98.0,0.0,,9.0,16.0,2.0,0.0,0.0,0.0,False,False,True,False,False,Java
0422600,042260003,3.0,3.0,31.0,1.0,1.0,14.0,7.0,0.0,,5.0,35.0,2.0,0.0,0.0,0.0,False,False,True,False,False,Java
0422600,042260004,3.0,3.0,30.0,1.0,1.0,14.0,7.0,0.0,,9.0,16.0,2.0,0.0,0.0,0.0,False,False,True,False,False,Java
0422600,042260005,3.0,3.0,28.0,1.0,1.0,5.0,7.0,0.0,,76.0,32.0,1.0,0.0,0.0,0.0,False,False,True,False,False,Java
0422600,042260006,3.0,3.0,25.0,1.0,1.0,2.0,7.0,0.0,,9.0,16.0,2.0,0.0,0.0,0.0,False,False,True,False,False,Java
0422600,042260007,3.0,1.0,20.0,1.0,1.0,14.0,1.0,1.0,9.0,5.0,35.0,1.0,0.0,0.0,0.0,True,True,False,True,False,Java
0422641,042263103,1.0,1.0,46.0,1.0,1.0,73.0,7.0,0.0,,5.0,35.0,2.0,0.0,0.0,0.0,False,True,False,False,False,Java
0422642,042264202,1.0,1.0,33.0,1.0,1.0,5.0,7.0,1.0,3.0,76.0,32.0,1.0,0.0,0.0,0.0,True,True,False,True,False,Java
0422700,042270002,1.0,3.0,91.0,1.0,1.0,2.0,1.0,1.0,1.0,9.0,16.0,2.0,0.0,0.0,0.0,True,False,True,False,True,Java
0422841,042284103,2.0,3.0,26.0,1.0,1.0,5.0,7.0,1.0,7.0,71.0,16.0,1.0,0.0,0.0,0.0,True,False,True,False,True,Java
0422900,042290003,1.0,1.0,45.0,1.0,1.0,2.0,7.0,1.0,9.0,7.0,16.0,1.0,0.0,0.0,0.0,True,True,False,True,False,Java
0422900,042290004,2.0,3.0,41.0,1.0,1.0,2.0,3.0,1.0,73.0,7.0,16.0,1.0,0.0,0.0,0.0,True,False,True,False,True,Java
0423000,042300002,7.0,3.0,48.0,1.0,1.0,2.0,4.0,0.0,,9.0,16.0,2.0,200000.0,300000.0,12.611541086966117,False,False,True,False,False,Java
0423000,042300003,2.0,3.0,27.0,1.0,1.0,15.0,7.0,0.0,,9.0,16.0,2.0,1000000.0,0.0,0.0,False,False,True,False,False,Java
0423000,042300004,9.0,1.0,22.0,1.0,1.0,15.0,7.0,0.0,,6.0,35.0,1.0,0.0,100000.0,11.51293546492023,False,True,False,False,False,Java
0423000,042300005,9.0,3.0,19.0,1.0,1.0,74.0,7.0,1.0,9.0,72.0,18.0,1.0,0.0,550000.0,13.21767537538882,True,False,True,False,True,Java
0423000,042300007,1.0,1.0,32.0,1.0,1.0,3.0,7.0,0.0,9.0,9.0,16.0,2.0,5000000.0,0.0,0.0,False,True,False,False,False,Java
0431751,043175101,3.0,1.0,20.0,1.0,1.0,2.0,3.0,1.0,1.0,2.0,16.0,2.0,0.0,0.0,0.0,True,True,False,True,False,Java
0440441,044044103,1.0,1.0,37.0,1.0,1.0,6.0,7.0,1.0,71.0,73.0,32.0,1.0,0.0,0.0,0.0,True,True,False,True,False,Java
0440800,044080001,1.0,1.0,51.0,1.0,1.0,5.0,7.0,0.0,,12.0,16.0,1.0,0.0,500000.0,13.122365377402328,False,True,False,False,False,Java
0440800,044080002,2.0,3.0,46.0,1.0,1.0,3.0,7.0,0.0,,12.0,16.0,1.0,0.0,0.0,0.0,False,False,True,False,False,Java
0440800,044080003,3.0,3.0,28.0,1.0,1.0,5.0,7.0,0.0,,12.0,16.0,2.0,0.0,0.0,0.0,False,False,True,False,False,Java
0440800,044080004,3.0,1.0,23.0,1.0,1.0,61.0,3.0,0.0,,12.0,16.0,1.0,300000.0,0.0,0.0,False,True,False,False,False,Java
0440851,044085101,1.0,1.0,29.0,1.0,1.0,5.0,7.0,1.0,3.0,12.0,16.0,2.0,500000.0,0.0,0.0,True,True,False,True,False,Java
0441200,044120001,1.0,1.0,63.0,1.0,9.0,6.0,7.0,0.0,,12.0,16.0,2.0,0.0,0.0,0.0,False,True,False,False,False,Minang
0441200,044120002,2.0,3.0,52.0,1.0,9.0,2.0,4.0,0.0,,12.0,16.0,2.0,0.0,0.0,0.0,False,False,True,False,False,Minang
0441200,044120003,3.0,1.0,33.0,1.0,9.0,6.0,7.0,0.0,,12.0,16.0,1.0,0.0,0.0,0.0,False,True,False,False,False,Minang
0441200,044120004,3.0,3.0,26.0,1.0,9.0,61.0,7.0,0.0,,6.0,16.0,1.0,0.0,0.0,0.0,False,False,True,False,False,Minang
0441200,044120005,3.0,3.0,23.0,1.0,9.0,61.0,2.0,0.0,,71.0,16.0,1.0,0.0,3000000.0,14.914123179965662,False,False,True,False,False,Minang
0441200,044121105,3.0,3.0,31.0,1.0,9.0,61.0,7.0,0.0,,12.0,16.0,2.0,0.0,0.0,0.0,False,False,True,False,False,Minang
0441200,044120007,5.0,1.0,24.0,1.0,25.0,5.0,7.0,0.0,12.0,12.0,16.0,2.0,150000.0,0.0,0.0,False,True,False,False,False,Minang
0441251,044125102,2.0,3.0,29.0,1.0,9.0,61.0,7.0,1.0,7.0,12.0,16.0,1.0,0.0,0.0,0.0,True,False,True,False,True,Minang
0441300,044130002,6.0,3.0,77.0,1.0,1.0,2.0,3.0,0.0,,12.0,16.0,1.0,0.0,0.0,0.0,False,False,True,False,False,Java
0441300,044130004,13.0,3.0,35.0,1.0,1.0,5.0,7.0,0.0,,6.0,16.0,2.0,0.0,0.0,0.0,False,False,True,False,False,Java
0441300,044130005,1.0,1.0,46.0,1.0,1.0,3.0,7.0,0.0,,12.0,16.0,1.0,600000.0,0.0,0.0,False,True,False,False,False,Java
0441300,044130006,2.0,3.0,38.0,1.0,1.0,2.0,7.0,0.0,,12.0,16.0,1.0,0.0,0.0,0.0,False,False,True,False,False,Java
0441300,044130007,3.0,1.0,19.0,1.0,1.0,5.0,7.0,1.0,71.0,12.0,16.0,1.0,0.0,100000.0,11.51293546492023,True,True,False,True,False,Java
0441300,044130008,3.0,3.0,17.0,1.0,1.0,5.0,1.0,0.0,12.0,12.0,16.0,1.0,0.0,0.0,0.0,False,False,True,False,False,Java
0441331,044133104,5.0,1.0,37.0,1.0,1.0,5.0,7.0,0.0,,6.0,16.0,2.0,0.0,0.0,0.0,False,True,False,False,False,Java
0441431,044143102,2.0,3.0,47.0,1.0,1.0,5.0,7.0,0.0,,4.0,14.0,2.0,1000000.0,0.0,0.0,False,False,True,False,False,Java
0441431,044143103,3.0,3.0,22.0,1.0,1.0,61.0,4.0,0.0,,71.0,34.0,1.0,0.0,300000.0,12.611541086966117,False,False,True,False,False,Java
0441431,044143104,3.0,3.0,18.0,1.0,1.0,5.0,7.0,1.0,72.0,71.0,34.0,1.0,0.0,500000.0,13.122365377402328,True,False,True,False,True,Java
0441641,044164104,1.0,1.0,40.0,1.0,6.0,5.0,7.0,1.0,75.0,78.0,35.0,1.0,500000.0,0.0,0.0,True,True,False,True,False,Java
0441731,044170002,1.0,3.0,37.0,1.0,19.0,5.0,7.0,0.0,,27.0,33.0,2.0,0.0,0.0,0.0,False,False,True,False,False,Java
0441900,044190002,1.0,3.0,80.0,1.0,1.0,2.0,7.0,0.0,,12.0,16.0,1.0,0.0,1000000.0,13.815511557963774,False,False,True,False,False,Java
0441900,044190003,3.0,3.0,44.0,1.0,1.0,5.0,7.0,0.0,,72.0,16.0,1.0,1000000.0,0.0,0.0,False,False,True,False,False,Java
0441900,044260003,10.0,1.0,26.0,1.0,1.0,5.0,7.0,0.0,,12.0,16.0,1.0,0.0,0.0,0.0,False,True,False,False,False,Java
0442100,044210001,7.0,1.0,69.0,1.0,1.0,2.0,7.0,0.0,,7.0,16.0,1.0,0.0,0.0,0.0,False,True,False,False,False,Java
0442100,044210002,7.0,3.0,63.0,1.0,1.0,2.0,2.0,0.0,,7.0,16.0,1.0,0.0,0.0,0.0,False,False,True,False,False,Java
0442100,044210003,2.0,3.0,38.0,1.0,1.0,61.0,7.0,0.0,,6.0,16.0,1.0,0.0,0.0,0.0,False,False,True,False,False,Java
0442100,044210004,1.0,1.0,40.0,1.0,1.0,61.0,1.0,0.0,,6.0,16.0,1.0,1000000.0,0.0,0.0,False,True,False,False,False,Java
0442442,044244201,1.0,1.0,30.0,1.0,1.0,3.0,1.0,0.0,,12.0,16.0,1.0,0.0,0.0,0.0,False,True,False,False,False,Java
0442651,044265102,2.0,3.0,25.0,1.0,25.0,5.0,7.0,1.0,3.0,12.0,16.0,1.0,100000.0,0.0,0.0,True,False,True,False,True,Java
0442900,044290003,1.0,3.0,54.0,1.0,1.0,2.0,7.0,0.0,,75.0,31.0,1.0,0.0,0.0,0.0,False,False,True,False,False,Java
0442900,044290005,3.0,1.0,27.0,1.0,1.0,5.0,7.0,0.0,,75.0,31.0,1.0,300000.0,1500000.0,14.220976332738882,False,True,False,False,False,Java
0442900,044290006,3.0,1.0,24.0,1.0,1.0,5.0,7.0,0.0,,75.0,31.0,1.0,0.0,300000.0,12.611541086966117,False,True,False,False,False,Java
0442951,044295102,2.0,3.0,23.0,1.0,1.0,5.0,7.0,1.0,3.0,75.0,31.0,1.0,0.0,0.0,0.0,True,False,True,False,True,Java
0443000,044300001,1.0,1.0,71.0,3.0,1.0,2.0,3.0,0.0,,12.0,16.0,1.0,0.0,350000.0,12.765691290604371,False,True,False,False,False,Java
0443000,044300002,2.0,3.0,69.0,3.0,1.0,2.0,5.0,0.0,12.0,12.0,16.0,1.0,0.0,0.0,0.0,False,False,True,False,False,Java
0443000,044300003,3.0,3.0,46.0,3.0,1.0,5.0,2.0,0.0,,12.0,16.0,2.0,0.0,0.0,0.0,False,False,True,False,False,Java
0443000,044300004,5.0,1.0,49.0,3.0,1.0,5.0,7.0,0.0,,12.0,16.0,2.0,1000000.0,0.0,0.0,False,True,False,False,False,Java
0443000,044300005,3.0,3.0,44.0,1.0,1.0,3.0,7.0,0.0,12.0,12.0,16.0,1.0,0.0,200000.0,12.206077645517674,False,False,True,False,False,Java
0443000,044300006,3.0,3.0,41.0,3.0,1.0,5.0,7.0,0.0,,12.0,16.0,1.0,0.0,0.0,0.0,False,False,True,False,False,Java
0443000,044300009,3.0,1.0,33.0,1.0,1.0,2.0,2.0,0.0,,12.0,16.0,1.0,150000.0,0.0,0.0,False,True,False,False,False,Java
0443000,044300010,10.0,1.0,26.0,3.0,1.0,61.0,7.0,0.0,,71.0,16.0,1.0,0.0,0.0,0.0,False,True,False,False,False,Java
0443000,044300011,10.0,1.0,21.0,3.0,1.0,61.0,1.0,1.0,12.0,71.0,16.0,1.0,0.0,0.0,0.0,True,True,False,True,False,Java
0443000,044300012,10.0,3.0,20.0,3.0,1.0,61.0,0.0,1.0,12.0,71.0,16.0,1.0,0.0,0.0,0.0,True,False,True,False,True,Java
0443021,044302106,3.0,1.0,15.0,3.0,1.0,3.0,2.0,0.0,12.0,12.0,16.0,2.0,0.0,0.0,0.0,False,True,False,False,False,Java
0452251,045225102,2.0,3.0,17.0,1.0,1.0,2.0,5.0,1.0,72.0,3.0,16.0,2.0,0.0,0.0,0.0,True,False,True,False,True,Java
0460500,046050002,1.0,3.0,64.0,1.0,1.0,2.0,7.0,0.0,,3.0,16.0,1.0,0.0,0.0,0.0,False,False,True,False,False,Java
0460500,046050003,3.0,1.0,44.0,1.0,1.0,6.0,7.0,0.0,,3.0,16.0,1.0,0.0,0.0,0.0,False,True,False,False,False,Java
0460500,046050005,3.0,1.0,37.0,1.0,1.0,2.0,7.0,0.0,,3.0,16.0,1.0,0.0,0.0,0.0,False,True,False,False,False,Java
0460500,046050006,3.0,1.0,35.0,1.0,1.0,3.0,7.0,0.0,,3.0,16.0,1.0,0.0,0.0,0.0,False,True,False,False,False,Java
0460500,046050008,3.0,3.0,31.0,1.0,1.0,2.0,7.0,0.0,,4.0,16.0,2.0,0.0,0.0,0.0,False,False,True,False,False,Java
0460500,046050009,5.0,1.0,41.0,1.0,1.0,98.0,98.0,1.0,9.0,3.0,16.0,1.0,0.0,0.0,0.0,True,True,False,True,False,Java
0460500,046050010,10.0,3.0,15.0,1.0,1.0,5.0,2.0,0.0,3.0,3.0,16.0,1.0,0.0,0.0,0.0,False,False,True,False,False,Java
0460500,046050011,5.0,1.0,42.0,1.0,1.0,3.0,7.0,0.0,,4.0,16.0,2.0,0.0,200000.0,12.206077645517674,False,True,False,False,False,Java
0460531,046052102,2.0,3.0,43.0,1.0,1.0,2.0,7.0,0.0,,3.0,16.0,1.0,200000.0,0.0,0.0,False,False,True,False,False,Java
0460531,046053103,3.0,3.0,16.0,1.0,1.0,6.0,0.0,0.0,3.0,3.0,16.0,1.0,0.0,0.0,0.0,False,False,True,False,False,Java
0460541,046054102,2.0,3.0,36.0,1.0,25.0,2.0,7.0,0.0,,3.0,16.0,1.0,0.0,300000.0,12.611541086966117,False,False,True,False,False,Java
0460631,046063101,1.0,1.0,43.0,1.0,1.0,3.0,7.0,0.0,,3.0,16.0,1.0,0.0,0.0,0.0,False,True,False,False,False,Java
0460632,046063202,2.0,3.0,35.0,1.0,1.0,3.0,7.0,0.0,,3.0,16.0,1.0,0.0,0.0,0.0,False,False,True,False,False,Java
0460700,046070002,1.0,1.0,41.0,1.0,1.0,5.0,7.0,0.0,3.0,3.0,16.0,1.0,0.0,0.0,0.0,False,True,False,False,False,Java
0460700,046070003,8.0,1.0,40.0,1.0,1.0,6.0,7.0,0.0,3.0,3.0,16.0,1.0,0.0,0.0,0.0,False,True,False,False,False,Java
0460700,046070004,8.0,3.0,36.0,1.0,1.0,5.0,7.0,0.0,,3.0,16.0,1.0,300000.0,500000.0,13.122365377402328,False,False,True,False,False,Java
0460700,046070005,8.0,3.0,33.0,1.0,1.0,5.0,7.0,0.0,,4.0,16.0,1.0,0.0,0.0,0.0,False,False,True,False,False,Java
0460700,046070006,2.0,3.0,37.0,1.0,25.0,6.0,7.0,0.0,3.0,3.0,16.0,1.0,0.0,0.0,0.0,False,False,True,False,False,Java
0460700,046070007,3.0,3.0,16.0,1.0,1.0,5.0,1.0,0.0,3.0,3.0,16.0,1.0,0.0,0.0,0.0,False,False,True,False,False,Java
0460731,046073102,2.0,3.0,37.0,1.0,25.0,3.0,1.0,1.0,73.0,3.0,16.0,1.0,0.0,0.0,0.0,True,False,True,False,True,Java
0460900,046090001,1.0,1.0,75.0,1.0,1.0,2.0,7.0,0.0,,3.0,16.0,1.0,0.0,0.0,0.0,False,True,False,False,False,Java
0460900,046090002,2.0,3.0,62.0,1.0,1.0,2.0,3.0,0.0,,3.0,16.0,1.0,0.0,0.0,0.0,False,False,True,False,False,Java
0461400,046140002,7.0,3.0,58.0,1.0,1.0,2.0,7.0,0.0,3.0,3.0,16.0,1.0,0.0,0.0,0.0,False,False,True,False,False,Java
0461400,046140003,9.0,1.0,32.0,1.0,1.0,6.0,7.0,0.0,,1.0,64.0,1.0,1000000.0,0.0,0.0,False,True,False,False,False,Java
0461400,046140004,2.0,3.0,28.0,1.0,1.0,5.0,7.0,0.0,,3.0,16.0,1.0,0.0,0.0,0.0,False,False,True,False,False,Java
0461400,046140007,1.0,1.0,29.0,1.0,9.0,3.0,7.0,1.0,4.0,3.0,16.0,1.0,0.0,0.0,0.0,True,True,False,True,False,Java
0461451,046145102,2.0,3.0,21.0,1.0,1.0,5.0,7.0,1.0,5.0,1.0,64.0,1.0,2000000.0,500000.0,13.122365377402328,True,False,True,False,True,Java
0461500,046150002,1.0,3.0,45.0,1.0,2.0,5.0,7.0,0.0,,3.0,16.0,1.0,0.0,0.0,0.0,False,False,True,False,False,Java
0461500,046150004,3.0,1.0,25.0,1.0,1.0,6.0,7.0,0.0,,3.0,16.0,1.0,0.0,0.0,0.0,False,True,False,False,False,Java
0461500,046150005,3.0,3.0,20.0,1.0,1.0,6.0,7.0,0.0,3.0,3.0,16.0,1.0,0.0,0.0,0.0,False,False,True,False,False,Java
0461500,046150007,5.0,1.0,25.0,1.0,14.0,61.0,3.0,1.0,6.0,3.0,16.0,1.0,0.0,0.0,0.0,True,True,False,True,False,Java
0461651,046165102,2.0,3.0,43.0,1.0,1.0,2.0,4.0,0.0,3.0,3.0,16.0,1.0,0.0,0.0,0.0,False,False,True,False,False,Java
0461731,046173101,1.0,1.0,43.0,1.0,1.0,60.0,2.0,0.0,22.0,22.0,35.0,2.0,0.0,0.0,0.0,False,True,False,False,False,Java
0461800,046180002,7.0,3.0,70.0,1.0,1.0,2.0,98.0,0.0,,3.0,16.0,1.0,500000.0,0.0,0.0,False,False,True,False,False,Java
0461800,046180003,9.0,3.0,45.0,1.0,1.0,6.0,7.0,0.0,,3.0,16.0,1.0,6000000.0,0.0,0.0,False,False,True,False,False,Java
0461800,046180004,2.0,3.0,49.0,1.0,1.0,61.0,7.0,0.0,,3.0,16.0,1.0,0.0,0.0,0.0,False,False,True,False,False,Java
0461800,046180005,1.0,1.0,48.0,1.0,20.0,61.0,7.0,0.0,,3.0,16.0,1.0,0.0,500000.0,13.122365377402328,False,True,False,False,False,Java
0461800,046180006,3.0,1.0,18.0,1.0,25.0,60.0,0.0,1.0,3.0,77.0,32.0,1.0,0.0,0.0,0.0,True,True,False,True,False,Java
0461821,046182103,9.0,1.0,50.0,1.0,1.0,6.0,7.0,0.0,,3.0,16.0,1.0,0.0,0.0,0.0,False,True,False,False,False,Java
0461821,046182105,13.0,1.0,19.0,1.0,1.0,60.0,1.0,1.0,3.0,77.0,32.0,1.0,0.0,250000.0,12.429220196836384,True,True,False,True,False,Java
0461821,046182106,1.0,1.0,42.0,1.0,1.0,61.0,7.0,0.0,,3.0,16.0,1.0,0.0,0.0,0.0,False,True,False,False,False,Java
0472741,047274102,1.0,1.0,39.0,1.0,1.0,3.0,7.0,0.0,,4.0,16.0,2.0,0.0,0.0,0.0,False,True,False,False,False,Java
0481000,048100002,1.0,3.0,56.0,1.0,1.0,2.0,7.0,0.0,,4.0,16.0,2.0,0.0,0.0,0.0,False,False,True,False,False,Java
0481000,048100004,3.0,1.0,31.0,1.0,1.0,2.0,7.0,0.0,,4.0,16.0,2.0,0.0,0.0,0.0,False,True,False,False,False,Java
0481000,048100005,3.0,3.0,29.0,1.0,1.0,5.0,7.0,0.0,,4.0,16.0,2.0,20000.0,0.0,0.0,False,False,True,False,False,Java
0481000,048100006,3.0,1.0,26.0,1.0,1.0,5.0,7.0,0.0,,4.0,16.0,2.0,200000.0,0.0,0.0,False,True,False,False,False,Java
0481400,048140001,1.0,1.0,76.0,1.0,1.0,2.0,3.0,0.0,,4.0,35.0,1.0,0.0,0.0,0.0,False,True,False,False,False,Java
0481400,048140002,2.0,3.0,72.0,1.0,1.0,2.0,5.0,0.0,,4.0,35.0,1.0,0.0,0.0,0.0,False,False,True,False,False,Java
0481741,048174104,2.0,3.0,30.0,1.0,1.0,6.0,7.0,1.0,1.0,73.0,16.0,2.0,0.0,0.0,0.0,True,False,True,False,True,Java
0481800,048180001,1.0,1.0,60.0,1.0,1.0,2.0,0.0,0.0,,4.0,16.0,2.0,1000000.0,0.0,0.0,False,True,False,False,False,Java
0481800,048180002,2.0,3.0,55.0,1.0,25.0,2.0,4.0,0.0,,4.0,16.0,2.0,0.0,0.0,0.0,False,False,True,False,False,Java
0481800,048180003,3.0,1.0,35.0,1.0,1.0,6.0,7.0,0.0,,73.0,16.0,1.0,0.0,0.0,0.0,False,True,False,False,False,Java
0481800,048180004,3.0,3.0,33.0,1.0,1.0,6.0,7.0,0.0,,71.0,31.0,1.0,0.0,0.0,0.0,False,False,True,False,False,Java
0481800,048180005,3.0,3.0,30.0,1.0,1.0,5.0,7.0,0.0,,71.0,31.0,1.0,0.0,0.0,0.0,False,False,True,False,False,Java
0482000,048200001,1.0,1.0,61.0,1.0,1.0,60.0,7.0,1.0,8.0,4.0,16.0,2.0,0.0,0.0,0.0,True,True,False,True,False,Java
0482000,048200002,2.0,3.0,58.0,1.0,1.0,2.0,7.0,1.0,17.0,4.0,16.0,2.0,0.0,0.0,0.0,True,False,True,False,True,Java
0482000,048200003,3.0,1.0,39.0,1.0,1.0,2.0,7.0,0.0,,4.0,16.0,2.0,0.0,0.0,0.0,False,True,False,False,False,Java
0482000,048200004,3.0,3.0,35.0,1.0,1.0,60.0,7.0,0.0,,4.0,16.0,2.0,0.0,0.0,0.0,False,False,True,False,False,Java
0482000,048200006,5.0,1.0,40.0,1.0,1.0,2.0,7.0,0.0,4.0,4.0,16.0,2.0,0.0,0.0,0.0,False,True,False,False,False,Java
0482200,048220001,1.0,1.0,71.0,1.0,1.0,3.0,7.0,0.0,,4.0,16.0,2.0,5000000.0,0.0,0.0,False,True,False,False,False,Java
0482200,048220002,2.0,3.0,57.0,1.0,1.0,2.0,3.0,0.0,,4.0,16.0,2.0,300000.0,0.0,0.0,False,False,True,False,False,Java
0482200,048220006,3.0,1.0,27.0,1.0,1.0,74.0,7.0,0.0,,4.0,16.0,2.0,500000.0,0.0,0.0,False,True,False,False,False,Java
0482200,048220008,3.0,1.0,23.0,1.0,1.0,74.0,7.0,0.0,,74.0,36.0,1.0,0.0,0.0,0.0,False,True,False,False,False,Java
0482300,048230002,1.0,3.0,51.0,1.0,1.0,2.0,4.0,0.0,,4.0,16.0,2.0,0.0,0.0,0.0,False,False,True,False,False,Java
0482300,048230003,3.0,3.0,25.0,1.0,1.0,5.0,7.0,0.0,,4.0,16.0,2.0,120000.0,0.0,0.0,False,False,True,False,False,Java
0490100,049010001,1.0,1.0,58.0,1.0,9.0,5.0,98.0,0.0,,74.0,16.0,1.0,0.0,0.0,0.0,False,True,False,False,False,Minang
0490100,049010002,2.0,3.0,49.0,1.0,9.0,6.0,7.0,0.0,,74.0,16.0,1.0,0.0,0.0,0.0,False,False,True,False,False,Minang
0490100,049010003,3.0,3.0,25.0,1.0,9.0,61.0,7.0,0.0,,72.0,31.0,1.0,2000000.0,0.0,0.0,False,False,True,False,False,Minang
0490200,049020002,1.0,3.0,63.0,1.0,9.0,2.0,7.0,0.0,74.0,74.0,16.0,1.0,0.0,300000.0,12.611541086966117,False,False,True,False,False,Minang
0490200,049020003,3.0,3.0,40.0,1.0,9.0,5.0,7.0,0.0,,72.0,16.0,1.0,0.0,0.0,0.0,False,False,True,False,False,Minang
0490200,049020004,3.0,1.0,36.0,1.0,9.0,5.0,7.0,0.0,,74.0,16.0,1.0,0.0,0.0,0.0,False,True,False,False,False,Minang
0490200,049020005,3.0,1.0,32.0,1.0,9.0,5.0,7.0,0.0,74.0,74.0,16.0,1.0,20000.0,50000.0,10.819798284210286,False,True,False,False,False,Minang
0490200,049020007,5.0,3.0,28.0,1.0,1.0,61.0,7.0,0.0,74.0,74.0,16.0,1.0,0.0,0.0,0.0,False,False,True,False,False,Minang
0490700,049070003,8.0,3.0,38.0,1.0,9.0,6.0,7.0,0.0,,72.0,31.0,1.0,0.0,0.0,0.0,False,False,True,False,False,Minang
0490700,049070006,1.0,1.0,35.0,1.0,9.0,2.0,7.0,0.0,,74.0,16.0,1.0,0.0,0.0,0.0,False,True,False,False,False,Minang
0490700,049070007,2.0,3.0,26.0,1.0,9.0,2.0,7.0,0.0,74.0,74.0,16.0,1.0,0.0,0.0,0.0,False,False,True,False,False,Minang
0490741,049074101,1.0,1.0,38.0,1.0,9.0,5.0,7.0,0.0,,72.0,31.0,1.0,0.0,0.0,0.0,False,True,False,False,False,Minang
0491000,049100002,6.0,3.0,70.0,1.0,9.0,2.0,7.0,1.0,98.0,5.0,16.0,2.0,0.0,0.0,0.0,True,False,True,False,True,Minang
0491000,049100003,8.0,1.0,49.0,1.0,9.0,2.0,7.0,0.0,,11.0,13.0,1.0,6300000.0,100000.0,11.51293546492023,False,True,False,False,False,Minang
0491000,049100004,8.0,1.0,42.0,1.0,9.0,3.0,7.0,0.0,,71.0,16.0,1.0,0.0,0.0,0.0,False,True,False,False,False,Minang
0491000,049100005,1.0,3.0,37.0,1.0,9.0,2.0,2.0,1.0,7.0,5.0,16.0,2.0,1000000.0,0.0,0.0,True,False,True,False,True,Minang
0491000,049100006,8.0,1.0,32.0,1.0,9.0,2.0,7.0,0.0,,5.0,16.0,2.0,500000.0,0.0,0.0,False,True,False,False,False,Minang
0491000,049100008,3.0,1.0,17.0,1.0,9.0,5.0,0.0,1.0,74.0,5.0,16.0,2.0,0.0,0.0,0.0,True,True,False,True,False,Minang
0491021,049102110,2.0,3.0,41.0,1.0,9.0,5.0,7.0,0.0,,71.0,16.0,1.0,200000.0,500000.0,13.122365377402328,False,False,True,False,False,Minang
0491021,049102111,3.0,3.0,19.0,1.0,9.0,6.0,7.0,0.0,71.0,71.0,16.0,1.0,0.0,0.0,0.0,False,False,True,False,False,Minang
0491200,049120001,1.0,1.0,55.0,1.0,1.0,61.0,0.0,0.0,,74.0,16.0,1.0,1000000.0,0.0,0.0,False,True,False,False,False,Minang
0491200,049120002,2.0,3.0,52.0,1.0,9.0,5.0,2.0,0.0,,74.0,16.0,1.0,1000000.0,0.0,0.0,False,False,True,False,False,Minang
0491200,049120003,3.0,3.0,30.0,1.0,9.0,61.0,7.0,0.0,74.0,74.0,16.0,1.0,500000.0,0.0,0.0,False,False,True,False,False,Minang
0491200,049120004,3.0,3.0,29.0,1.0,9.0,61.0,7.0,0.0,,71.0,16.0,1.0,0.0,0.0,0.0,False,False,True,False,False,Minang
0491200,049120005,3.0,1.0,28.0,1.0,9.0,61.0,2.0,1.0,74.0,73.0,16.0,1.0,0.0,0.0,0.0,True,True,False,True,False,Minang
0491300,049130001,1.0,1.0,46.0,1.0,1.0,62.0,7.0,0.0,,74.0,16.0,1.0,600000.0,0.0,0.0,False,True,False,False,False,Java
0491300,049130003,2.0,3.0,48.0,1.0,1.0,62.0,7.0,0.0,,74.0,16.0,1.0,0.0,0.0,0.0,False,False,True,False,False,Java
0491300,049130004,3.0,1.0,17.0,1.0,1.0,5.0,2.0,0.0,74.0,74.0,16.0,1.0,20000.0,0.0,0.0,False,True,False,False,False,Java
0491300,049130008,3.0,3.0,15.0,1.0,1.0,5.0,0.0,0.0,74.0,74.0,16.0,1.0,0.0,0.0,0.0,False,False,True,False,False,Java
0491400,049140001,1.0,1.0,63.0,1.0,1.0,6.0,7.0,0.0,,74.0,16.0,1.0,0.0,0.0,0.0,False,True,False,False,False,Minang
0491400,049140002,2.0,3.0,56.0,1.0,9.0,6.0,7.0,0.0,,74.0,16.0,1.0,0.0,0.0,0.0,False,False,True,False,False,Minang
0491400,049140003,3.0,3.0,33.0,1.0,9.0,5.0,7.0,0.0,,74.0,16.0,1.0,0.0,0.0,0.0,False,False,True,False,False,Minang
0491400,049140004,3.0,3.0,29.0,1.0,9.0,74.0,7.0,0.0,,74.0,16.0,1.0,0.0,0.0,0.0,False,False,True,False,False,Minang
0491400,049140005,3.0,3.0,24.0,1.0,9.0,5.0,1.0,0.0,,74.0,16.0,1.0,0.0,0.0,0.0,False,False,True,False,False,Minang
0491400,049140006,3.0,3.0,22.0,1.0,9.0,5.0,7.0,0.0,,74.0,16.0,1.0,0.0,0.0,0.0,False,False,True,False,False,Minang
0491400,049140009,5.0,1.0,26.0,1.0,25.0,5.0,7.0,1.0,5.0,74.0,16.0,1.0,1000000.0,0.0,0.0,True,True,False,True,False,Minang
0491451,049145101,1.0,1.0,36.0,1.0,9.0,3.0,0.0,1.0,73.0,74.0,16.0,1.0,0.0,0.0,0.0,True,True,False,True,False,Minang
0491452,049145201,1.0,1.0,24.0,1.0,1.0,2.0,7.0,0.0,74.0,74.0,16.0,1.0,0.0,100000.0,11.51293546492023,False,True,False,False,False,Java
0491500,049150003,1.0,3.0,59.0,1.0,9.0,3.0,7.0,0.0,,74.0,16.0,1.0,1500000.0,3600000.0,15.096444681204078,False,False,True,False,False,Minang
0491500,049150004,8.0,3.0,47.0,1.0,9.0,3.0,7.0,0.0,,71.0,32.0,1.0,0.0,0.0,0.0,False,False,True,False,False,Minang
0491531,049153101,1.0,1.0,46.0,1.0,9.0,5.0,7.0,0.0,,71.0,32.0,1.0,0.0,0.0,0.0,False,True,False,False,False,Minang
0491531,049153103,3.0,3.0,16.0,1.0,19.0,6.0,1.0,0.0,71.0,71.0,32.0,1.0,0.0,0.0,0.0,False,False,True,False,False,Minang
0491600,049160001,1.0,1.0,60.0,1.0,9.0,3.0,1.0,0.0,,74.0,16.0,1.0,0.0,0.0,0.0,False,True,False,False,False,Minang
0491600,049160002,2.0,3.0,53.0,1.0,9.0,3.0,1.0,0.0,,74.0,16.0,1.0,200000.0,0.0,0.0,False,False,True,False,False,Minang
0491600,049160003,3.0,1.0,34.0,1.0,9.0,5.0,7.0,1.0,74.0,72.0,31.0,1.0,1000000.0,0.0,0.0,True,True,False,True,False,Minang
0491600,049160004,3.0,1.0,28.0,1.0,9.0,74.0,7.0,0.0,,71.0,21.0,1.0,0.0,0.0,0.0,False,True,False,False,False,Minang
0491600,049160006,3.0,1.0,20.0,1.0,9.0,6.0,1.0,0.0,74.0,74.0,16.0,1.0,0.0,0.0,0.0,False,True,False,False,False,Minang
0491651,049165104,2.0,3.0,30.0,1.0,1.0,5.0,7.0,1.0,28.0,72.0,31.0,1.0,1000000.0,500000.0,13.122365377402328,True,False,True,False,True,Minang
0491700,049170001,1.0,1.0,62.0,1.0,9.0,2.0,4.0,0.0,,16.0,32.0,1.0,0.0,0.0,0.0,False,True,False,False,False,Minang
0491700,049170002,2.0,3.0,55.0,1.0,9.0,2.0,98.0,0.0,,16.0,32.0,1.0,0.0,0.0,0.0,False,False,True,False,False,Minang
0491931,049193101,1.0,1.0,48.0,1.0,9.0,61.0,7.0,0.0,,71.0,16.0,1.0,0.0,0.0,0.0,False,True,False,False,False,Minang
0491931,049190009,2.0,3.0,44.0,1.0,9.0,62.0,7.0,0.0,,71.0,16.0,1.0,2000000.0,0.0,0.0,False,False,True,False,False,Minang
0491931,049193103,3.0,1.0,16.0,1.0,9.0,5.0,1.0,0.0,71.0,71.0,16.0,1.0,0.0,5000000.0,15.424948670398354,False,True,False,False,False,Minang
0491931,049193104,3.0,3.0,15.0,1.0,9.0,3.0,2.0,0.0,71.0,71.0,16.0,1.0,0.0,500000.0,13.122365377402328,False,False,True,False,False,Minang
0491941,049190016,1.0,1.0,43.0,1.0,25.0,62.0,1.0,0.0,,74.0,16.0,1.0,1000000.0,0.0,0.0,False,True,False,False,False,Minang
0491941,049190005,2.0,3.0,34.0,1.0,9.0,5.0,7.0,0.0,,74.0,16.0,1.0,7000000.0,0.0,0.0,False,False,True,False,False,Minang
0492000,049200001,1.0,1.0,59.0,1.0,25.0,61.0,2.0,1.0,5.0,74.0,16.0,1.0,0.0,0.0,0.0,True,True,False,True,False,Minang
0492000,049200002,2.0,3.0,57.0,1.0,9.0,61.0,7.0,0.0,,74.0,16.0,1.0,0.0,0.0,0.0,False,False,True,False,False,Minang
0492000,049200003,3.0,1.0,31.0,1.0,9.0,61.0,7.0,0.0,74.0,74.0,16.0,1.0,0.0,0.0,0.0,False,True,False,False,False,Minang
0492000,049200004,3.0,3.0,29.0,1.0,9.0,61.0,7.0,0.0,74.0,74.0,16.0,1.0,0.0,0.0,0.0,False,False,True,False,False,Minang
0492000,049200005,3.0,1.0,27.0,1.0,9.0,61.0,3.0,0.0,,73.0,31.0,1.0,0.0,0.0,0.0,False,True,False,False,False,Minang
0492000,049200006,3.0,1.0,25.0,1.0,9.0,62.0,7.0,0.0,,74.0,16.0,1.0,500000.0,0.0,0.0,False,True,False,False,False,Minang
0492000,049200009,5.0,3.0,23.0,1.0,1.0,5.0,7.0,0.0,74.0,74.0,16.0,1.0,200000.0,0.0,0.0,False,False,True,False,False,Minang
0500200,050020001,1.0,1.0,69.0,1.0,9.0,2.0,7.0,0.0,,71.0,16.0,1.0,100000.0,0.0,0.0,False,True,False,False,False,Java
0500200,050020002,2.0,3.0,65.0,1.0,1.0,2.0,7.0,0.0,,71.0,16.0,1.0,0.0,0.0,0.0,False,False,True,False,False,Java
0500200,050020004,3.0,3.0,43.0,1.0,1.0,3.0,7.0,0.0,,71.0,16.0,1.0,0.0,0.0,0.0,False,False,True,False,False,Java
0500200,050020005,3.0,1.0,42.0,1.0,9.0,6.0,7.0,0.0,,3.0,13.0,2.0,3000000.0,0.0,0.0,False,True,False,False,False,Java
0500200,050020006,3.0,3.0,40.0,1.0,1.0,5.0,7.0,0.0,,71.0,16.0,1.0,0.0,0.0,0.0,False,False,True,False,False,Java
0500200,050020009,3.0,3.0,29.0,1.0,1.0,5.0,7.0,1.0,7.0,71.0,16.0,1.0,1000000.0,0.0,0.0,True,False,True,False,True,Java
0500200,050020010,3.0,1.0,24.0,1.0,9.0,2.0,1.0,0.0,71.0,71.0,16.0,1.0,0.0,0.0,0.0,False,True,False,False,False,Java
0500200,050020012,5.0,1.0,39.0,1.0,1.0,5.0,7.0,0.0,,71.0,16.0,1.0,200000.0,0.0,0.0,False,True,False,False,False,Java
0500200,050020013,10.0,3.0,17.0,1.0,1.0,6.0,2.0,0.0,71.0,71.0,16.0,1.0,0.0,1000000.0,13.815511557963774,False,False,True,False,False,Java
0500231,050023104,3.0,1.0,15.0,1.0,1.0,74.0,0.0,0.0,71.0,71.0,16.0,1.0,0.0,0.0,0.0,False,True,False,False,False,Java
0500242,050024202,2.0,3.0,36.0,1.0,9.0,5.0,7.0,0.0,,3.0,13.0,2.0,0.0,0.0,0.0,False,False,True,False,False,Minang
0500341,050034101,1.0,1.0,59.0,1.0,1.0,5.0,7.0,1.0,9.0,71.0,21.0,1.0,0.0,0.0,0.0,True,True,False,True,False,Java
0501900,050190001,2.0,3.0,55.0,1.0,1.0,6.0,7.0,1.0,3.0,7.0,16.0,1.0,700000.0,0.0,0.0,True,False,True,False,True,Batak
0501900,050190006,7.0,3.0,70.0,1.0,1.0,2.0,3.0,1.0,3.0,7.0,16.0,1.0,600000.0,1900000.0,14.45736497045232,True,False,True,False,True,Batak
0511041,051104102,2.0,3.0,26.0,1.0,1.0,61.0,7.0,1.0,10.0,2.0,19.0,1.0,0.0,0.0,0.0,True,False,True,False,True,Java
0520500,052050001,7.0,1.0,51.0,1.0,1.0,5.0,7.0,0.0,,7.0,16.0,2.0,0.0,0.0,0.0,False,True,False,False,False,Java
0520500,052050004,2.0,3.0,27.0,1.0,1.0,5.0,2.0,0.0,,7.0,16.0,2.0,0.0,1000000.0,13.815511557963774,False,False,True,False,False,Java
0520500,052050010,1.0,1.0,32.0,1.0,1.0,6.0,7.0,0.0,,7.0,16.0,2.0,0.0,0.0,0.0,False,True,False,False,False,Java
0520541,052054102,2.0,3.0,42.0,1.0,1.0,3.0,7.0,1.0,71.0,7.0,16.0,2.0,0.0,0.0,0.0,True,False,True,False,True,Java
0520542,052054201,1.0,1.0,36.0,1.0,1.0,3.0,7.0,0.0,1.0,1.0,35.0,2.0,200000.0,50000.0,10.819798284210286,False,True,False,False,False,Java
0520731,052073102,3.0,1.0,19.0,1.0,1.0,6.0,7.0,0.0,4.0,4.0,18.0,2.0,200000.0,0.0,0.0,False,True,False,False,False,Java
0520731,052073103,3.0,3.0,17.0,1.0,1.0,6.0,2.0,0.0,4.0,4.0,18.0,2.0,0.0,4000.0,8.294299608857235,False,False,True,False,False,Java
0520731,052073104,1.0,3.0,39.0,1.0,1.0,3.0,7.0,0.0,,4.0,18.0,2.0,0.0,0.0,0.0,False,False,True,False,False,Java
0521351,052135103,1.0,1.0,36.0,1.0,25.0,2.0,4.0,0.0,12.0,12.0,16.0,2.0,0.0,300000.0,12.611541086966117,False,True,False,False,False,Java
0521931,052193103,1.0,1.0,43.0,1.0,1.0,61.0,7.0,0.0,,71.0,16.0,1.0,0.0,0.0,0.0,False,True,False,False,False,Java
0531231,053123101,1.0,1.0,47.0,1.0,1.0,5.0,7.0,0.0,,71.0,16.0,1.0,100000.0,100000.0,11.51293546492023,False,True,False,False,False,Java
0531541,053154101,1.0,1.0,33.0,1.0,1.0,2.0,98.0,0.0,,3.0,36.0,1.0,0.0,0.0,0.0,False,True,False,False,False,Java
0540300,054030001,1.0,1.0,57.0,2.0,4.0,5.0,0.0,1.0,5.0,71.0,19.0,2.0,0.0,0.0,0.0,True,True,False,True,False,Batak
0540300,054030002,2.0,3.0,57.0,2.0,4.0,3.0,2.0,0.0,,71.0,19.0,2.0,0.0,0.0,0.0,False,False,True,False,False,Batak
0540300,054030003,3.0,1.0,30.0,2.0,4.0,62.0,7.0,0.0,,71.0,19.0,2.0,0.0,0.0,0.0,False,True,False,False,False,Batak
0540300,054030004,3.0,3.0,29.0,2.0,4.0,61.0,7.0,0.0,,71.0,19.0,1.0,500000.0,0.0,0.0,False,False,True,False,False,Batak
0540300,054030005,3.0,1.0,25.0,2.0,4.0,61.0,7.0,0.0,,1.0,62.0,2.0,2000000.0,0.0,0.0,False,True,False,False,False,Batak
0540351,054035102,2.0,3.0,29.0,2.0,4.0,60.0,7.0,1.0,9.0,71.0,19.0,2.0,0.0,0.0,0.0,True,False,True,False,True,Batak
0540352,054035201,1.0,1.0,32.0,2.0,4.0,61.0,7.0,0.0,71.0,71.0,19.0,1.0,0.0,300000.0,12.611541086966117,False,True,False,False,False,Batak
0540400,054040003,8.0,1.0,36.0,1.0,1.0,5.0,7.0,0.0,,71.0,19.0,2.0,0.0,0.0,0.0,False,True,False,False,False,Java
0540400,054040004,1.0,1.0,30.0,1.0,1.0,6.0,7.0,0.0,,71.0,19.0,2.0,0.0,0.0,0.0,False,True,False,False,False,Java
0540400,054040006,2.0,3.0,30.0,1.0,5.0,5.0,7.0,1.0,92.0,71.0,19.0,2.0,0.0,0.0,0.0,True,False,True,False,True,Java
0540400,054040007,9.0,1.0,18.0,1.0,5.0,5.0,2.0,1.0,3.0,71.0,19.0,2.0,0.0,0.0,0.0,True,True,False,True,False,Java
0541552,054155204,2.0,3.0,36.0,1.0,1.0,62.0,7.0,1.0,9.0,71.0,19.0,1.0,500000.0,500000.0,13.122365377402328,True,False,True,False,True,Java
0541553,054155302,2.0,3.0,31.0,1.0,1.0,61.0,7.0,1.0,8.0,71.0,19.0,1.0,0.0,0.0,0.0,True,False,True,False,True,Java
0541700,054170001,1.0,1.0,66.0,1.0,1.0,5.0,7.0,0.0,,71.0,19.0,1.0,0.0,0.0,0.0,False,True,False,False,False,Java
0541700,054170005,3.0,3.0,34.0,1.0,1.0,61.0,7.0,0.0,,71.0,36.0,1.0,0.0,0.0,0.0,False,False,True,False,False,Java
0541700,054170007,10.0,3.0,15.0,1.0,1.0,5.0,0.0,1.0,6.0,71.0,19.0,1.0,0.0,400000.0,12.899222326086994,True,False,True,False,True,Java
0542000,054200001,1.0,1.0,51.0,1.0,7.0,3.0,2.0,0.0,,71.0,19.0,1.0,0.0,0.0,0.0,False,True,False,False,False,Java
0542000,054200003,2.0,3.0,30.0,1.0,1.0,3.0,7.0,0.0,,71.0,19.0,1.0,0.0,0.0,0.0,False,False,True,False,False,Java
0550200,055020004,1.0,3.0,53.0,1.0,1.0,1.0,96.0,0.0,,11.0,33.0,2.0,,,,False,False,True,False,False,Java
0560100,056010001,1.0,1.0,47.0,1.0,1.0,3.0,7.0,0.0,,2.0,18.0,1.0,0.0,0.0,0.0,False,True,False,False,False,Java
0560100,056010002,2.0,3.0,41.0,1.0,1.0,3.0,7.0,0.0,,2.0,18.0,1.0,0.0,0.0,0.0,False,False,True,False,False,Java
0560100,056010004,3.0,1.0,20.0,1.0,1.0,5.0,7.0,0.0,2.0,2.0,18.0,1.0,0.0,0.0,0.0,False,True,False,False,False,Java
0560441,056044103,2.0,3.0,34.0,1.0,9.0,60.0,7.0,0.0,,2.0,18.0,1.0,0.0,0.0,0.0,False,False,True,False,False,Minang
0560442,056044201,1.0,1.0,32.0,1.0,1.0,5.0,7.0,0.0,,3.0,36.0,1.0,0.0,0.0,0.0,False,True,False,False,False,Java
0560443,056044302,1.0,1.0,33.0,1.0,1.0,5.0,7.0,0.0,3.0,3.0,36.0,1.0,0.0,0.0,0.0,False,True,False,False,False,Java
0560600,056060002,1.0,3.0,66.0,1.0,1.0,2.0,2.0,0.0,,2.0,18.0,1.0,0.0,0.0,0.0,False,False,True,False,False,Java
0560600,056060003,3.0,3.0,37.0,1.0,1.0,2.0,7.0,0.0,,2.0,63.0,2.0,0.0,0.0,0.0,False,False,True,False,False,Java
0560600,056060004,3.0,3.0,34.0,1.0,1.0,3.0,0.0,0.0,,10.0,18.0,2.0,0.0,0.0,0.0,False,False,True,False,False,Java
0560600,056060005,3.0,3.0,31.0,1.0,1.0,2.0,7.0,0.0,2.0,2.0,18.0,1.0,0.0,535000.0,13.190023895035274,False,False,True,False,False,Java
0560600,056060006,3.0,3.0,26.0,1.0,1.0,3.0,2.0,0.0,,2.0,18.0,1.0,0.0,0.0,0.0,False,False,True,False,False,Java
0560600,056060007,5.0,1.0,28.0,1.0,2.0,3.0,7.0,0.0,,2.0,18.0,1.0,0.0,0.0,0.0,False,True,False,False,False,Java
0560631,056063101,1.0,1.0,41.0,1.0,1.0,3.0,7.0,0.0,,10.0,18.0,2.0,0.0,0.0,0.0,False,True,False,False,False,Java
0560631,056063103,3.0,3.0,15.0,1.0,1.0,3.0,1.0,1.0,2.0,10.0,18.0,2.0,0.0,2000.0,7.601402334583733,True,False,True,False,True,Java
0560641,056064101,1.0,1.0,41.0,1.0,1.0,6.0,7.0,0.0,,2.0,63.0,2.0,0.0,0.0,0.0,False,True,False,False,False,Java
0560700,056070003,9.0,3.0,42.0,1.0,26.0,3.0,7.0,0.0,,2.0,18.0,1.0,0.0,0.0,0.0,False,False,True,False,False,Java
0560700,056070005,1.0,1.0,52.0,1.0,1.0,2.0,5.0,0.0,,2.0,18.0,1.0,0.0,0.0,0.0,False,True,False,False,False,Java
0560700,056070006,9.0,1.0,38.0,1.0,26.0,6.0,7.0,0.0,,2.0,18.0,2.0,0.0,0.0,0.0,False,True,False,False,False,Java
0560700,056070008,3.0,1.0,15.0,1.0,1.0,3.0,0.0,0.0,2.0,2.0,18.0,1.0,0.0,150000.0,11.918397239722838,False,True,False,False,False,Java
0560700,056070010,16.0,1.0,36.0,1.0,1.0,2.0,7.0,0.0,2.0,2.0,18.0,1.0,0.0,0.0,0.0,False,True,False,False,False,Java
0560700,056070011,16.0,3.0,27.0,1.0,1.0,60.0,1.0,0.0,2.0,2.0,18.0,1.0,0.0,0.0,0.0,False,False,True,False,False,Java
0560852,056085202,2.0,3.0,27.0,1.0,1.0,3.0,7.0,0.0,2.0,2.0,18.0,2.0,250000.0,0.0,0.0,False,False,True,False,False,Java
0560911,056090009,1.0,1.0,50.0,1.0,1.0,2.0,3.0,0.0,,2.0,18.0,1.0,0.0,200000.0,12.206077645517674,False,True,False,False,False,Java
0560911,056090004,2.0,3.0,39.0,1.0,2.0,2.0,7.0,0.0,,2.0,18.0,1.0,0.0,200000.0,12.206077645517674,False,False,True,False,False,Java
0560911,056090011,3.0,3.0,21.0,1.0,1.0,2.0,7.0,0.0,2.0,2.0,18.0,1.0,50000.0,0.0,0.0,False,False,True,False,False,Java
0560911,056091107,5.0,1.0,22.0,1.0,2.0,98.0,98.0,0.0,2.0,2.0,18.0,1.0,3700000.0,0.0,0.0,False,True,False,False,False,Java
0561141,056114102,2.0,3.0,27.0,1.0,1.0,2.0,4.0,0.0,,2.0,18.0,2.0,0.0,0.0,0.0,False,False,True,False,False,Java
0561241,056124103,1.0,3.0,39.0,1.0,1.0,60.0,7.0,0.0,,10.0,18.0,1.0,300000.0,2000000.0,14.508658238524095,False,False,True,False,False,Java
0561442,056144202,2.0,3.0,27.0,1.0,25.0,2.0,7.0,0.0,,2.0,18.0,1.0,0.0,0.0,0.0,False,False,True,False,False,Java
0561443,056144302,21.0,3.0,32.0,1.0,25.0,5.0,7.0,0.0,,2.0,18.0,2.0,0.0,0.0,0.0,False,False,True,False,False,Java
0561443,056144305,2.0,3.0,25.0,1.0,1.0,3.0,7.0,1.0,71.0,2.0,18.0,1.0,0.0,200000.0,12.206077645517674,True,False,True,False,True,Java
0561451,056145101,1.0,1.0,43.0,1.0,1.0,15.0,7.0,1.0,4.0,8.0,18.0,2.0,0.0,0.0,0.0,True,True,False,True,False,Java
0561600,056160002,6.0,3.0,67.0,1.0,9.0,3.0,7.0,0.0,,2.0,18.0,1.0,1000000.0,0.0,0.0,False,False,True,False,False,Minang
0561600,056160004,14.0,3.0,40.0,1.0,9.0,5.0,7.0,0.0,,2.0,18.0,2.0,0.0,3000000.0,14.914123179965662,False,False,True,False,False,Minang
0561600,056160006,1.0,1.0,31.0,1.0,9.0,6.0,7.0,0.0,,2.0,18.0,1.0,0.0,0.0,0.0,False,True,False,False,False,Minang
0561600,056160012,2.0,3.0,27.0,1.0,1.0,5.0,7.0,1.0,98.0,2.0,18.0,1.0,0.0,0.0,0.0,True,False,True,False,True,Minang
0561800,056180002,1.0,3.0,59.0,1.0,9.0,73.0,0.0,0.0,,2.0,18.0,1.0,0.0,0.0,0.0,False,False,True,False,False,Minang
0561800,056180003,3.0,1.0,34.0,1.0,9.0,61.0,1.0,1.0,71.0,2.0,18.0,1.0,0.0,0.0,0.0,True,True,False,True,False,Minang
0561800,056180004,3.0,3.0,32.0,1.0,9.0,61.0,7.0,0.0,,71.0,31.0,1.0,0.0,0.0,0.0,False,False,True,False,False,Minang
0561800,056180005,3.0,3.0,27.0,1.0,9.0,61.0,7.0,0.0,,71.0,31.0,1.0,0.0,0.0,0.0,False,False,True,False,False,Minang
0561800,056180007,13.0,3.0,23.0,1.0,9.0,60.0,7.0,0.0,,73.0,31.0,1.0,0.0,500000.0,13.122365377402328,False,False,True,False,False,Minang
0561800,056180009,8.0,3.0,55.0,1.0,9.0,2.0,4.0,1.0,71.0,2.0,18.0,1.0,0.0,50000.0,10.819798284210286,True,False,True,False,True,Minang
0561831,056183105,2.0,3.0,25.0,1.0,9.0,61.0,3.0,1.0,71.0,2.0,18.0,1.0,0.0,0.0,0.0,True,False,True,False,True,Minang
0561841,056184103,1.0,1.0,36.0,1.0,1.0,5.0,7.0,0.0,71.0,71.0,31.0,1.0,0.0,0.0,0.0,False,True,False,False,False,Java
0561900,056190001,1.0,1.0,56.0,1.0,9.0,5.0,7.0,0.0,,2.0,18.0,1.0,100000.0,0.0,0.0,False,True,False,False,False,Minang
0561900,056190002,2.0,3.0,47.0,1.0,25.0,6.0,7.0,0.0,,2.0,18.0,1.0,0.0,0.0,0.0,False,False,True,False,False,Minang
0570400,057040001,1.0,1.0,57.0,1.0,1.0,74.0,7.0,0.0,,3.0,18.0,2.0,0.0,0.0,0.0,False,True,False,False,False,Java
0570400,057040002,2.0,3.0,50.0,1.0,2.0,2.0,7.0,0.0,,3.0,18.0,2.0,0.0,0.0,0.0,False,False,True,False,False,Java
0570400,057040003,3.0,1.0,32.0,1.0,1.0,6.0,7.0,0.0,,72.0,36.0,1.0,0.0,0.0,0.0,False,True,False,False,False,Java
0570400,057040004,3.0,3.0,31.0,1.0,1.0,6.0,7.0,0.0,3.0,3.0,18.0,2.0,0.0,0.0,0.0,False,False,True,False,False,Java
0570400,057040005,3.0,1.0,21.0,1.0,1.0,5.0,7.0,1.0,3.0,72.0,36.0,1.0,250000.0,0.0,0.0,True,True,False,True,False,Java
0570400,057040006,3.0,1.0,17.0,1.0,1.0,74.0,2.0,0.0,3.0,3.0,18.0,2.0,0.0,5000.0,8.517393171418904,False,True,False,False,False,Java
0570400,057040008,5.0,1.0,38.0,1.0,2.0,3.0,7.0,0.0,3.0,3.0,18.0,2.0,0.0,0.0,0.0,False,True,False,False,False,Java
0570541,057054101,1.0,1.0,38.0,1.0,1.0,2.0,7.0,1.0,9.0,3.0,36.0,1.0,0.0,0.0,0.0,True,True,False,True,False,Java
0570642,057064201,1.0,1.0,59.0,1.0,1.0,2.0,7.0,0.0,3.0,3.0,18.0,2.0,0.0,0.0,0.0,False,True,False,False,False,Java
0570731,057073102,2.0,3.0,31.0,1.0,1.0,74.0,7.0,0.0,,73.0,36.0,1.0,0.0,0.0,0.0,False,False,True,False,False,Java
0571051,057105101,1.0,1.0,25.0,1.0,1.0,3.0,7.0,1.0,12.0,3.0,36.0,1.0,0.0,0.0,0.0,True,True,False,True,False,Java
0571400,057140003,2.0,3.0,43.0,1.0,1.0,73.0,7.0,0.0,,3.0,18.0,2.0,200000.0,0.0,0.0,False,False,True,False,False,Java
0571400,057140007,1.0,1.0,52.0,1.0,1.0,2.0,98.0,1.0,4.0,3.0,18.0,2.0,0.0,0.0,0.0,True,True,False,True,False,Java
0571500,057150001,1.0,1.0,65.0,1.0,1.0,2.0,7.0,0.0,,3.0,18.0,2.0,0.0,0.0,0.0,False,True,False,False,False,Java
0571500,057150002,2.0,3.0,43.0,1.0,9.0,2.0,4.0,0.0,,3.0,18.0,2.0,0.0,50000.0,10.819798284210286,False,False,True,False,False,Java
0571500,057150004,3.0,1.0,20.0,1.0,1.0,2.0,7.0,1.0,3.0,4.0,36.0,2.0,0.0,0.0,0.0,True,True,False,True,False,Java
0571500,057150005,3.0,3.0,17.0,1.0,1.0,74.0,1.0,0.0,3.0,3.0,18.0,2.0,1000000.0,2500000.0,14.731801689838347,False,False,True,False,False,Java
0571500,057150006,3.0,1.0,15.0,1.0,1.0,3.0,1.0,0.0,3.0,3.0,18.0,2.0,0.0,205000.0,12.230770136157428,False,True,False,False,False,Java
0571500,057150009,4.0,1.0,21.0,1.0,1.0,5.0,7.0,1.0,3.0,71.0,36.0,1.0,6000000.0,0.0,0.0,True,True,False,True,False,Java
0571551,057155102,2.0,3.0,19.0,1.0,1.0,2.0,7.0,0.0,4.0,4.0,36.0,2.0,500000.0,300000.0,12.611541086966117,False,False,True,False,False,Java
0571651,057165101,1.0,1.0,31.0,1.0,1.0,2.0,7.0,0.0,9.0,9.0,18.0,1.0,100000.0,0.0,0.0,False,True,False,False,False,Java
0571741,057174104,1.0,1.0,33.0,1.0,1.0,6.0,7.0,1.0,75.0,72.0,31.0,1.0,0.0,0.0,0.0,True,True,False,True,False,Java
0572300,057230001,6.0,1.0,73.0,1.0,1.0,2.0,98.0,1.0,72.0,3.0,18.0,2.0,0.0,0.0,0.0,True,True,False,True,False,Java
0572300,057230002,6.0,3.0,71.0,1.0,1.0,2.0,98.0,1.0,4.0,3.0,18.0,2.0,0.0,0.0,0.0,True,False,True,False,True,Java
0572300,057230005,8.0,1.0,36.0,1.0,1.0,2.0,2.0,0.0,,3.0,18.0,2.0,0.0,0.0,0.0,False,True,False,False,False,Java
0572300,057230006,1.0,1.0,30.0,1.0,1.0,2.0,7.0,0.0,,3.0,18.0,2.0,0.0,100000.0,11.51293546492023,False,True,False,False,False,Java
0572300,057230009,2.0,3.0,29.0,1.0,2.0,2.0,7.0,0.0,,3.0,18.0,2.0,100000.0,50000.0,10.819798284210286,False,False,True,False,False,Java
0572300,057230010,9.0,3.0,23.0,1.0,2.0,2.0,7.0,0.0,,3.0,18.0,2.0,0.0,0.0,0.0,False,False,True,False,False,Java
0572551,057255102,2.0,3.0,33.0,1.0,1.0,6.0,7.0,1.0,4.0,71.0,21.0,1.0,0.0,300000.0,12.611541086966117,True,False,True,False,True,Java
0572852,057285201,1.0,1.0,23.0,1.0,1.0,5.0,7.0,0.0,4.0,4.0,36.0,1.0,0.0,0.0,0.0,False,True,False,False,False,Java
0580100,058010001,1.0,1.0,53.0,1.0,1.0,2.0,7.0,0.0,,5.0,18.0,2.0,50000.0,0.0,0.0,False,True,False,False,False,Java
0580100,058010002,2.0,3.0,53.0,1.0,1.0,2.0,1.0,0.0,,5.0,18.0,2.0,0.0,0.0,0.0,False,False,True,False,False,Java
0580100,058010003,3.0,3.0,28.0,1.0,1.0,3.0,7.0,0.0,,5.0,18.0,2.0,0.0,0.0,0.0,False,False,True,False,False,Java
0580100,058010004,3.0,1.0,24.0,1.0,1.0,3.0,2.0,0.0,,5.0,18.0,2.0,0.0,0.0,0.0,False,True,False,False,False,Java
0580100,058010006,5.0,3.0,23.0,1.0,1.0,2.0,7.0,0.0,5.0,5.0,18.0,2.0,100000.0,0.0,0.0,False,False,True,False,False,Java
0580141,058014101,1.0,1.0,32.0,1.0,1.0,3.0,7.0,0.0,,5.0,18.0,2.0,200000.0,200000.0,12.206077645517674,False,True,False,False,False,Java
0580200,058020001,1.0,1.0,56.0,1.0,1.0,2.0,98.0,0.0,,5.0,18.0,2.0,0.0,0.0,0.0,False,True,False,False,False,Java
0580200,058020002,2.0,3.0,51.0,1.0,1.0,1.0,96.0,1.0,14.0,5.0,18.0,2.0,0.0,0.0,0.0,True,False,True,False,True,Java
0580200,058020004,3.0,1.0,30.0,1.0,1.0,3.0,7.0,0.0,,5.0,18.0,2.0,0.0,0.0,0.0,False,True,False,False,False,Java
0580200,058020006,5.0,3.0,24.0,1.0,1.0,6.0,7.0,1.0,6.0,5.0,18.0,2.0,0.0,0.0,0.0,True,False,True,False,True,Java
0580300,058030002,1.0,3.0,41.0,1.0,1.0,2.0,7.0,0.0,,5.0,18.0,2.0,0.0,0.0,0.0,False,False,True,False,False,Java
0580300,058030005,3.0,1.0,19.0,1.0,1.0,3.0,7.0,1.0,5.0,71.0,18.0,1.0,0.0,0.0,0.0,True,True,False,True,False,Java
0580400,058040001,1.0,1.0,56.0,1.0,1.0,2.0,3.0,0.0,,2.0,16.0,2.0,0.0,0.0,0.0,False,True,False,False,False,Java
0580400,058040004,3.0,1.0,27.0,1.0,1.0,3.0,7.0,1.0,5.0,2.0,16.0,2.0,200000.0,0.0,0.0,True,True,False,True,False,Java
0580400,058040005,2.0,3.0,52.0,1.0,1.0,2.0,1.0,0.0,,2.0,16.0,2.0,200000.0,0.0,0.0,False,False,True,False,False,Java
0580400,058040008,6.0,3.0,84.0,1.0,1.0,2.0,0.0,1.0,10.0,2.0,16.0,2.0,0.0,0.0,0.0,True,False,True,False,True,Java
0580451,058045102,2.0,3.0,24.0,1.0,1.0,2.0,7.0,0.0,2.0,2.0,16.0,2.0,0.0,20000.0,9.90353755128617,False,False,True,False,False,Java
0580500,058050001,1.0,1.0,80.0,1.0,1.0,1.0,96.0,1.0,14.0,5.0,18.0,2.0,0.0,0.0,0.0,True,True,False,True,False,Java
0580500,058050002,2.0,3.0,74.0,1.0,1.0,1.0,96.0,0.0,,5.0,18.0,2.0,0.0,0.0,0.0,False,False,True,False,False,Java
0580500,058050003,4.0,1.0,19.0,1.0,1.0,3.0,7.0,0.0,5.0,5.0,18.0,2.0,0.0,750000.0,13.527829818844936,False,True,False,False,False,Java
0580641,058064103,1.0,1.0,34.0,1.0,1.0,5.0,7.0,0.0,,5.0,18.0,2.0,0.0,0.0,0.0,False,True,False,False,False,Java
0580641,058060003,2.0,3.0,30.0,1.0,1.0,3.0,7.0,0.0,,5.0,18.0,2.0,100000.0,0.0,0.0,False,False,True,False,False,Java
0580700,058070001,1.0,1.0,43.0,1.0,1.0,73.0,7.0,0.0,,5.0,18.0,2.0,0.0,0.0,0.0,False,True,False,False,False,Java
0580700,058070002,2.0,3.0,40.0,1.0,1.0,2.0,7.0,0.0,,5.0,18.0,2.0,0.0,0.0,0.0,False,False,True,False,False,Java
0580700,058070003,3.0,1.0,22.0,1.0,1.0,3.0,7.0,0.0,,5.0,18.0,2.0,0.0,0.0,0.0,False,True,False,False,False,Java
0580800,058080001,2.0,1.0,69.0,1.0,1.0,2.0,7.0,0.0,,6.0,16.0,2.0,3000000.0,0.0,0.0,False,True,False,False,False,Java
0580800,058080002,1.0,3.0,49.0,1.0,1.0,1.0,96.0,0.0,,5.0,18.0,2.0,600000.0,3000000.0,14.914123179965662,False,False,True,False,False,Java
0580800,058080003,3.0,1.0,33.0,1.0,1.0,3.0,7.0,0.0,,5.0,18.0,2.0,150000.0,0.0,0.0,False,True,False,False,False,Java
0580800,058080005,3.0,3.0,23.0,1.0,1.0,3.0,7.0,0.0,,6.0,18.0,2.0,0.0,0.0,0.0,False,False,True,False,False,Java
0580841,058084103,2.0,3.0,23.0,1.0,1.0,6.0,7.0,0.0,,5.0,18.0,2.0,1200000.0,0.0,0.0,False,False,True,False,False,Java
0580841,058084104,9.0,1.0,15.0,1.0,1.0,3.0,0.0,0.0,5.0,5.0,18.0,2.0,0.0,0.0,0.0,False,True,False,False,False,Java
0580841,058084106,1.0,1.0,27.0,1.0,1.0,6.0,7.0,1.0,6.0,5.0,18.0,2.0,0.0,1500000.0,14.220976332738882,True,True,False,True,False,Java
0580852,058085202,2.0,3.0,29.0,1.0,1.0,3.0,7.0,1.0,3.0,5.0,18.0,2.0,0.0,0.0,0.0,True,False,True,False,True,Java
0580853,058085301,1.0,1.0,27.0,1.0,1.0,6.0,1.0,0.0,6.0,6.0,18.0,2.0,0.0,0.0,0.0,False,True,False,False,False,Java
0580900,058090003,8.0,1.0,49.0,1.0,1.0,2.0,3.0,1.0,98.0,5.0,18.0,2.0,0.0,0.0,0.0,True,True,False,True,False,Java
0580900,058090004,8.0,3.0,32.0,3.0,1.0,5.0,1.0,0.0,,10.0,33.0,1.0,0.0,0.0,0.0,False,False,True,False,False,Java
0580900,058090005,8.0,1.0,30.0,3.0,1.0,3.0,7.0,1.0,5.0,6.0,18.0,2.0,0.0,200000.0,12.206077645517674,True,True,False,True,False,Java
0580900,058090006,1.0,1.0,34.0,1.0,1.0,5.0,7.0,0.0,,5.0,18.0,2.0,0.0,0.0,0.0,False,True,False,False,False,Java
0580900,058090007,2.0,3.0,32.0,1.0,1.0,60.0,7.0,0.0,,5.0,18.0,2.0,0.0,0.0,0.0,False,False,True,False,False,Java
0580931,058093102,2.0,3.0,38.0,1.0,1.0,2.0,5.0,0.0,,5.0,18.0,2.0,0.0,0.0,0.0,False,False,True,False,False,Java
0580941,058094101,1.0,1.0,40.0,3.0,1.0,6.0,7.0,0.0,,10.0,33.0,1.0,0.0,0.0,0.0,False,True,False,False,False,Java
0580951,058095102,2.0,3.0,27.0,3.0,1.0,61.0,7.0,0.0,6.0,6.0,18.0,2.0,500000.0,0.0,0.0,False,False,True,False,False,Java
0581031,058100001,1.0,1.0,48.0,1.0,1.0,2.0,3.0,0.0,,14.0,33.0,2.0,300000.0,0.0,0.0,False,True,False,False,False,Java
0581031,058100002,2.0,3.0,40.0,1.0,1.0,2.0,7.0,0.0,14.0,14.0,33.0,2.0,0.0,0.0,0.0,False,False,True,False,False,Java
0581031,058100003,3.0,1.0,21.0,1.0,1.0,6.0,7.0,1.0,5.0,14.0,33.0,2.0,100000.0,0.0,0.0,True,True,False,True,False,Java
0581100,058110001,1.0,1.0,64.0,1.0,1.0,2.0,4.0,0.0,,5.0,18.0,2.0,0.0,0.0,0.0,False,True,False,False,False,Java
0581100,058110002,2.0,3.0,54.0,1.0,1.0,2.0,1.0,0.0,,5.0,18.0,2.0,0.0,0.0,0.0,False,False,True,False,False,Java
0581100,058110006,3.0,3.0,29.0,1.0,1.0,74.0,7.0,0.0,,8.0,18.0,2.0,0.0,0.0,0.0,False,False,True,False,False,Java
0581100,058110009,5.0,1.0,32.0,1.0,1.0,3.0,7.0,0.0,,8.0,18.0,2.0,0.0,0.0,0.0,False,True,False,False,False,Java
0581200,058120001,5.0,1.0,47.0,1.0,1.0,2.0,7.0,0.0,,13.0,33.0,1.0,0.0,500000.0,13.122365377402328,False,True,False,False,False,Java
0581200,058120004,3.0,3.0,36.0,1.0,1.0,2.0,2.0,0.0,13.0,13.0,33.0,1.0,0.0,0.0,0.0,False,False,True,False,False,Java
0581200,058120005,10.0,3.0,17.0,1.0,1.0,73.0,7.0,0.0,13.0,13.0,33.0,1.0,0.0,0.0,0.0,False,False,True,False,False,Java
0581200,058120006,2.0,3.0,62.0,1.0,1.0,1.0,96.0,0.0,,13.0,33.0,1.0,0.0,200000.0,12.206077645517674,False,False,True,False,False,Java
0581200,058120007,1.0,1.0,72.0,1.0,1.0,2.0,7.0,0.0,,13.0,33.0,1.0,0.0,0.0,0.0,False,True,False,False,False,Java
0581200,058120010,10.0,1.0,19.0,1.0,1.0,73.0,7.0,1.0,14.0,13.0,33.0,1.0,0.0,0.0,0.0,True,True,False,True,False,Java
0581300,058130003,2.0,3.0,32.0,1.0,1.0,2.0,7.0,0.0,,5.0,18.0,2.0,0.0,0.0,0.0,False,False,True,False,False,Java
0581300,058130005,1.0,1.0,43.0,1.0,1.0,72.0,7.0,0.0,,5.0,18.0,2.0,1000000.0,0.0,0.0,False,True,False,False,False,Java
0581300,058130006,9.0,1.0,44.0,1.0,1.0,3.0,7.0,0.0,,5.0,18.0,2.0,0.0,0.0,0.0,False,True,False,False,False,Java
0581300,058130007,3.0,1.0,17.0,1.0,1.0,3.0,7.0,0.0,5.0,5.0,18.0,2.0,0.0,0.0,0.0,False,True,False,False,False,Java
0581400,058140003,1.0,1.0,38.0,1.0,1.0,6.0,2.0,0.0,,5.0,18.0,2.0,0.0,0.0,0.0,False,True,False,False,False,Java
0581500,058150002,7.0,3.0,72.0,1.0,1.0,1.0,96.0,0.0,,5.0,18.0,2.0,0.0,0.0,0.0,False,False,True,False,False,Java
0581500,058150003,9.0,3.0,35.0,1.0,1.0,3.0,7.0,0.0,,6.0,18.0,2.0,0.0,0.0,0.0,False,False,True,False,False,Java
0581500,058150004,9.0,3.0,33.0,1.0,1.0,3.0,0.0,0.0,,5.0,18.0,2.0,100000.0,0.0,0.0,False,False,True,False,False,Java
0581500,058150005,2.0,3.0,30.0,1.0,1.0,3.0,7.0,0.0,5.0,5.0,18.0,2.0,0.0,0.0,0.0,False,False,True,False,False,Java
0581500,058150007,1.0,1.0,35.0,1.0,1.0,2.0,7.0,0.0,5.0,5.0,18.0,2.0,200000.0,0.0,0.0,False,True,False,False,False,Java
0581541,058154101,1.0,1.0,65.0,1.0,1.0,5.0,1.0,0.0,,6.0,18.0,2.0,0.0,0.0,0.0,False,True,False,False,False,Java
0581600,058160001,1.0,1.0,71.0,1.0,1.0,1.0,96.0,0.0,,5.0,18.0,2.0,50000.0,0.0,0.0,False,True,False,False,False,Java
0581600,058160002,2.0,3.0,58.0,1.0,1.0,1.0,96.0,0.0,,5.0,18.0,2.0,50000.0,100000.0,11.51293546492023,False,False,True,False,False,Java
0581600,058160003,3.0,1.0,43.0,1.0,1.0,5.0,7.0,0.0,,5.0,18.0,2.0,0.0,0.0,0.0,False,True,False,False,False,Java
0581600,058160005,3.0,1.0,38.0,1.0,1.0,2.0,7.0,0.0,,5.0,18.0,2.0,15000.0,0.0,0.0,False,True,False,False,False,Java
0581600,058160007,3.0,3.0,32.0,1.0,1.0,6.0,7.0,0.0,,5.0,18.0,2.0,0.0,0.0,0.0,False,False,True,False,False,Java
0581600,058160008,5.0,3.0,34.0,1.0,1.0,3.0,7.0,0.0,,5.0,18.0,2.0,0.0,0.0,0.0,False,False,True,False,False,Java
0581600,058160009,5.0,3.0,37.0,1.0,1.0,3.0,7.0,0.0,,5.0,18.0,2.0,0.0,0.0,0.0,False,False,True,False,False,Java
0581600,058160012,5.0,1.0,34.0,1.0,1.0,2.0,7.0,0.0,,5.0,18.0,2.0,0.0,0.0,0.0,False,True,False,False,False,Java
0581631,058163103,3.0,3.0,16.0,1.0,1.0,5.0,1.0,0.0,5.0,5.0,18.0,2.0,0.0,100000.0,11.51293546492023,False,False,True,False,False,Java
0581700,058170001,7.0,1.0,76.0,1.0,1.0,1.0,96.0,1.0,98.0,2.0,16.0,2.0,0.0,0.0,0.0,True,True,False,True,False,Java
0581700,058170002,7.0,3.0,76.0,1.0,1.0,1.0,96.0,0.0,,5.0,18.0,2.0,0.0,50000.0,10.819798284210286,False,False,True,False,False,Java
0581700,058170003,11.0,3.0,101.0,1.0,1.0,1.0,96.0,1.0,98.0,5.0,18.0,2.0,0.0,0.0,0.0,True,False,True,False,True,Java
0581700,058170004,9.0,3.0,40.0,1.0,1.0,2.0,2.0,0.0,,5.0,18.0,2.0,0.0,0.0,0.0,False,False,True,False,False,Java
0581700,058170005,9.0,3.0,34.0,1.0,1.0,2.0,3.0,0.0,,5.0,18.0,2.0,50000.0,0.0,0.0,False,False,True,False,False,Java
0581700,058170006,2.0,3.0,30.0,1.0,1.0,3.0,7.0,0.0,,5.0,18.0,2.0,0.0,0.0,0.0,False,False,True,False,False,Java
0581700,058173203,1.0,1.0,34.0,1.0,1.0,3.0,1.0,0.0,,5.0,18.0,2.0,0.0,0.0,0.0,False,True,False,False,False,Java
0581711,058171101,1.0,1.0,43.0,1.0,1.0,3.0,7.0,0.0,,5.0,18.0,2.0,0.0,0.0,0.0,False,True,False,False,False,Java
0581712,058171201,1.0,1.0,42.0,1.0,1.0,2.0,2.0,0.0,,5.0,18.0,2.0,100000.0,0.0,0.0,False,True,False,False,False,Java
0581712,058171203,3.0,1.0,17.0,1.0,1.0,3.0,7.0,0.0,5.0,5.0,18.0,2.0,0.0,0.0,0.0,False,True,False,False,False,Java
0581731,058173102,6.0,3.0,61.0,1.0,1.0,1.0,96.0,1.0,3.0,2.0,16.0,2.0,0.0,0.0,0.0,True,False,True,False,True,Java
0581751,058175101,1.0,1.0,35.0,1.0,1.0,2.0,2.0,1.0,5.0,2.0,16.0,2.0,0.0,100000.0,11.51293546492023,True,True,False,True,False,Java
0581800,058180001,1.0,1.0,51.0,1.0,1.0,1.0,96.0,0.0,,5.0,18.0,2.0,400000.0,300000.0,12.611541086966117,False,True,False,False,False,Java
0581800,058180002,2.0,3.0,50.0,1.0,1.0,2.0,1.0,0.0,,5.0,18.0,2.0,0.0,0.0,0.0,False,False,True,False,False,Java
0581800,058180003,3.0,1.0,33.0,1.0,1.0,3.0,7.0,0.0,5.0,5.0,18.0,2.0,0.0,0.0,0.0,False,True,False,False,False,Java
0581800,058180004,3.0,1.0,30.0,1.0,1.0,3.0,7.0,0.0,,5.0,18.0,2.0,500000.0,0.0,0.0,False,True,False,False,False,Java
0581800,058180005,3.0,1.0,27.0,1.0,1.0,3.0,7.0,0.0,,5.0,18.0,2.0,0.0,0.0,0.0,False,True,False,False,False,Java
0581800,058180006,3.0,1.0,24.0,1.0,1.0,2.0,7.0,0.0,,5.0,18.0,2.0,0.0,0.0,0.0,False,True,False,False,False,Java
0581800,058180008,7.0,3.0,103.0,1.0,1.0,1.0,96.0,1.0,14.0,5.0,18.0,2.0,0.0,0.0,0.0,True,False,True,False,True,Java
0581851,058185102,2.0,3.0,23.0,1.0,1.0,3.0,7.0,1.0,6.0,5.0,18.0,2.0,0.0,0.0,0.0,True,False,True,False,True,Java
0581852,058185202,2.0,3.0,23.0,1.0,1.0,2.0,1.0,1.0,8.0,5.0,18.0,2.0,0.0,0.0,0.0,True,False,True,False,True,Java
0581900,058190001,7.0,1.0,65.0,1.0,1.0,2.0,4.0,1.0,98.0,5.0,18.0,2.0,0.0,0.0,0.0,True,True,False,True,False,Java
0581900,058190003,2.0,3.0,29.0,1.0,1.0,3.0,7.0,0.0,5.0,5.0,18.0,2.0,0.0,0.0,0.0,False,False,True,False,False,Java
0581900,058190004,9.0,3.0,27.0,1.0,1.0,3.0,7.0,0.0,,4.0,18.0,2.0,0.0,0.0,0.0,False,False,True,False,False,Java
0581900,058190005,9.0,1.0,23.0,1.0,1.0,3.0,7.0,0.0,5.0,5.0,18.0,2.0,0.0,0.0,0.0,False,True,False,False,False,Java
0581941,058194101,1.0,1.0,34.0,1.0,1.0,6.0,2.0,0.0,,4.0,18.0,2.0,0.0,0.0,0.0,False,True,False,False,False,Java
0582000,058200001,1.0,1.0,51.0,1.0,1.0,2.0,2.0,0.0,,5.0,18.0,2.0,30000.0,100000.0,11.51293546492023,False,True,False,False,False,Java
0582000,058200002,2.0,3.0,61.0,1.0,1.0,1.0,96.0,0.0,,5.0,18.0,2.0,0.0,0.0,0.0,False,False,True,False,False,Java
0582000,058200003,3.0,3.0,31.0,1.0,1.0,2.0,7.0,0.0,,5.0,18.0,2.0,0.0,0.0,0.0,False,False,True,False,False,Java
0582000,058200004,3.0,1.0,30.0,1.0,1.0,2.0,7.0,0.0,,5.0,18.0,2.0,450000.0,0.0,0.0,False,True,False,False,False,Java
0582031,058203101,1.0,1.0,35.0,1.0,1.0,2.0,1.0,0.0,,5.0,18.0,2.0,0.0,0.0,0.0,False,True,False,False,False,Java
0582041,058204102,2.0,3.0,26.0,1.0,1.0,3.0,7.0,0.0,,5.0,18.0,2.0,0.0,0.0,0.0,False,False,True,False,False,Java
0582100,058210001,1.0,1.0,63.0,1.0,1.0,2.0,2.0,0.0,,5.0,18.0,2.0,0.0,0.0,0.0,False,True,False,False,False,Java
0582100,058210002,2.0,3.0,46.0,1.0,1.0,1.0,96.0,0.0,,5.0,18.0,2.0,0.0,0.0,0.0,False,False,True,False,False,Java
0582100,058210004,3.0,3.0,23.0,1.0,1.0,3.0,7.0,0.0,5.0,5.0,18.0,2.0,0.0,0.0,0.0,False,False,True,False,False,Java
0582151,058215101,1.0,1.0,27.0,1.0,1.0,2.0,7.0,0.0,5.0,5.0,18.0,2.0,0.0,0.0,0.0,False,True,False,False,False,Java
0582200,058220001,1.0,1.0,50.0,1.0,1.0,2.0,4.0,0.0,,5.0,18.0,2.0,600000.0,0.0,0.0,False,True,False,False,False,Java
0582200,058220002,2.0,3.0,52.0,1.0,1.0,2.0,4.0,0.0,,5.0,18.0,2.0,0.0,0.0,0.0,False,False,True,False,False,Java
0582200,058220003,3.0,3.0,27.0,1.0,1.0,73.0,7.0,0.0,,5.0,18.0,2.0,0.0,5000000.0,15.424948670398354,False,False,True,False,False,Java
0582200,058220004,3.0,1.0,26.0,1.0,1.0,3.0,7.0,0.0,,5.0,18.0,2.0,0.0,0.0,0.0,False,True,False,False,False,Java
0582200,058220005,3.0,3.0,22.0,1.0,1.0,3.0,7.0,0.0,5.0,5.0,18.0,2.0,50000.0,50000.0,10.819798284210286,False,False,True,False,False,Java
0582251,058225102,2.0,3.0,22.0,1.0,1.0,5.0,0.0,1.0,6.0,5.0,18.0,2.0,0.0,0.0,0.0,True,False,True,False,True,Java
0582252,058225201,1.0,1.0,29.0,1.0,1.0,3.0,7.0,0.0,5.0,5.0,18.0,2.0,0.0,0.0,0.0,False,True,False,False,False,Java
0582300,058230004,10.0,3.0,17.0,1.0,1.0,5.0,0.0,0.0,5.0,5.0,18.0,2.0,100000.0,200000.0,12.206077645517674,False,False,True,False,False,Java
0582400,058240001,1.0,1.0,55.0,1.0,1.0,2.0,4.0,0.0,,5.0,18.0,2.0,500000.0,0.0,0.0,False,True,False,False,False,Java
0582400,058240002,2.0,3.0,51.0,1.0,1.0,2.0,2.0,0.0,,5.0,18.0,2.0,0.0,0.0,0.0,False,False,True,False,False,Java
0582400,058240003,3.0,3.0,34.0,1.0,1.0,3.0,7.0,0.0,,5.0,18.0,2.0,20000.0,0.0,0.0,False,False,True,False,False,Java
0582400,058240004,3.0,1.0,32.0,1.0,1.0,3.0,7.0,0.0,,5.0,18.0,2.0,1000000.0,2000000.0,14.508658238524095,False,True,False,False,False,Java
0582400,058240005,3.0,3.0,18.0,1.0,1.0,3.0,7.0,0.0,5.0,5.0,18.0,2.0,100000.0,0.0,0.0,False,False,True,False,False,Java
0582441,058244101,1.0,1.0,40.0,1.0,1.0,2.0,2.0,0.0,,5.0,18.0,2.0,0.0,0.0,0.0,False,True,False,False,False,Java
0582442,058244202,2.0,3.0,31.0,1.0,1.0,73.0,7.0,0.0,,5.0,18.0,2.0,0.0,2000000.0,14.508658238524095,False,False,True,False,False,Java
0582451,058245103,1.0,1.0,26.0,1.0,1.0,2.0,7.0,0.0,5.0,5.0,18.0,2.0,0.0,0.0,0.0,False,True,False,False,False,Java
0582500,058250001,1.0,1.0,56.0,1.0,1.0,2.0,3.0,1.0,13.0,5.0,18.0,2.0,0.0,0.0,0.0,True,True,False,True,False,Java
0582500,058250002,2.0,3.0,51.0,1.0,1.0,1.0,96.0,0.0,,5.0,18.0,2.0,500000.0,0.0,0.0,False,False,True,False,False,Java
0582500,058250003,3.0,1.0,39.0,1.0,1.0,74.0,7.0,0.0,,5.0,18.0,2.0,0.0,0.0,0.0,False,True,False,False,False,Java
0582500,058250004,3.0,3.0,38.0,1.0,1.0,2.0,7.0,0.0,,5.0,18.0,2.0,100000.0,500000.0,13.122365377402328,False,False,True,False,False,Java
0582500,058250005,3.0,1.0,34.0,1.0,1.0,2.0,4.0,0.0,,5.0,18.0,2.0,0.0,0.0,0.0,False,True,False,False,False,Java
0582500,058250006,3.0,1.0,31.0,1.0,1.0,73.0,7.0,0.0,,5.0,18.0,2.0,300000.0,0.0,0.0,False,True,False,False,False,Java
0582500,058250007,3.0,1.0,28.0,1.0,1.0,3.0,7.0,0.0,,5.0,18.0,2.0,500000.0,0.0,0.0,False,True,False,False,False,Java
0582500,058250008,5.0,1.0,44.0,1.0,1.0,2.0,7.0,0.0,,5.0,18.0,2.0,400000.0,670000.0,13.415034483903348,False,True,False,False,False,Java
0582511,058251103,3.0,3.0,20.0,1.0,1.0,3.0,7.0,0.0,5.0,5.0,18.0,2.0,200000.0,0.0,0.0,False,False,True,False,False,Java
0582531,058253102,2.0,3.0,35.0,1.0,1.0,2.0,7.0,0.0,,5.0,18.0,2.0,100000.0,0.0,0.0,False,False,True,False,False,Java
0582541,058254104,2.0,3.0,27.0,1.0,1.0,3.0,7.0,0.0,,5.0,18.0,2.0,20000.0,0.0,0.0,False,False,True,False,False,Java
0582542,058254203,2.0,3.0,25.0,1.0,1.0,3.0,7.0,0.0,,5.0,18.0,2.0,200000.0,0.0,0.0,False,False,True,False,False,Java
0582552,058255201,1.0,1.0,25.0,1.0,1.0,2.0,7.0,1.0,6.0,5.0,18.0,2.0,200000.0,200000.0,12.206077645517674,True,True,False,True,False,Java
0582600,058260001,1.0,1.0,59.0,1.0,1.0,2.0,0.0,0.0,,5.0,18.0,2.0,0.0,0.0,0.0,False,True,False,False,False,Java
0582600,058260003,3.0,3.0,28.0,1.0,1.0,2.0,2.0,0.0,5.0,5.0,18.0,2.0,0.0,0.0,0.0,False,False,True,False,False,Java
0582600,058260004,3.0,3.0,26.0,1.0,1.0,3.0,7.0,0.0,5.0,5.0,18.0,2.0,0.0,3000000.0,14.914123179965662,False,False,True,False,False,Java
0582651,058265101,1.0,1.0,29.0,1.0,1.0,2.0,7.0,1.0,98.0,5.0,18.0,2.0,0.0,0.0,0.0,True,True,False,True,False,Java
0582652,058265201,1.0,1.0,28.0,1.0,1.0,73.0,7.0,0.0,5.0,5.0,18.0,2.0,0.0,0.0,0.0,False,True,False,False,False,Java
0582700,058270001,1.0,1.0,52.0,2.0,1.0,2.0,3.0,0.0,,5.0,18.0,2.0,200000.0,0.0,0.0,False,True,False,False,False,Java
0582700,058270002,2.0,3.0,46.0,1.0,1.0,2.0,7.0,0.0,,5.0,18.0,2.0,0.0,0.0,0.0,False,False,True,False,False,Java
0582700,058270003,3.0,3.0,30.0,1.0,1.0,3.0,7.0,0.0,,5.0,18.0,2.0,0.0,0.0,0.0,False,False,True,False,False,Java
0582700,058270004,3.0,3.0,27.0,1.0,1.0,3.0,7.0,0.0,,5.0,18.0,2.0,400000.0,0.0,0.0,False,False,True,False,False,Java
0582700,058270005,3.0,3.0,20.0,1.0,1.0,61.0,0.0,0.0,5.0,5.0,18.0,2.0,0.0,0.0,0.0,False,False,True,False,False,Java
0582741,058274101,1.0,1.0,32.0,1.0,1.0,6.0,7.0,0.0,,5.0,18.0,2.0,1500000.0,0.0,0.0,False,True,False,False,False,Java
0582742,058274201,1.0,1.0,35.0,1.0,1.0,3.0,7.0,0.0,,5.0,18.0,2.0,0.0,3000000.0,14.914123179965662,False,True,False,False,False,Java
0582751,058275101,1.0,1.0,25.0,1.0,1.0,6.0,0.0,0.0,5.0,5.0,18.0,2.0,1000000.0,0.0,0.0,False,True,False,False,False,Java
0582800,058280001,1.0,1.0,75.0,1.0,1.0,1.0,96.0,0.0,,5.0,18.0,2.0,0.0,0.0,0.0,False,True,False,False,False,Java
0582800,058280002,2.0,3.0,71.0,1.0,1.0,1.0,96.0,0.0,,5.0,18.0,2.0,0.0,0.0,0.0,False,False,True,False,False,Java
0582800,058280003,3.0,1.0,39.0,1.0,1.0,2.0,4.0,0.0,,5.0,18.0,2.0,0.0,0.0,0.0,False,True,False,False,False,Java
0582800,058280005,3.0,3.0,33.0,1.0,1.0,3.0,1.0,0.0,,5.0,18.0,2.0,0.0,0.0,0.0,False,False,True,False,False,Java
0582800,058280006,3.0,3.0,30.0,1.0,1.0,3.0,7.0,0.0,,11.0,18.0,2.0,0.0,0.0,0.0,False,False,True,False,False,Java
0582800,058280007,3.0,3.0,28.0,1.0,1.0,3.0,7.0,0.0,,5.0,18.0,2.0,0.0,15000.0,9.61587214452889,False,False,True,False,False,Java
0582831,058283101,1.0,1.0,42.0,1.0,1.0,2.0,7.0,1.0,4.0,5.0,18.0,2.0,500000.0,200000.0,12.206077645517674,True,True,False,True,False,Java
0582841,058284102,2.0,3.0,41.0,1.0,1.0,2.0,7.0,0.0,,5.0,18.0,2.0,200000.0,0.0,0.0,False,False,True,False,False,Java
0582842,058284201,1.0,1.0,34.0,1.0,1.0,3.0,7.0,0.0,,11.0,18.0,2.0,100000.0,0.0,0.0,False,True,False,False,False,Java
0582851,058285103,1.0,1.0,33.0,1.0,1.0,3.0,7.0,1.0,14.0,5.0,18.0,2.0,0.0,0.0,0.0,True,True,False,True,False,Java
0582900,058290002,2.0,3.0,42.0,1.0,1.0,2.0,7.0,0.0,,5.0,18.0,2.0,50000.0,0.0,0.0,False,False,True,False,False,Java
0582900,058290003,4.0,3.0,26.0,1.0,1.0,2.0,7.0,0.0,,5.0,18.0,2.0,0.0,0.0,0.0,False,False,True,False,False,Java
0582900,058290005,1.0,1.0,50.0,1.0,1.0,2.0,2.0,0.0,,5.0,18.0,2.0,100000.0,0.0,0.0,False,True,False,False,False,Java
0582900,058290006,4.0,3.0,20.0,1.0,1.0,3.0,7.0,1.0,13.0,5.0,18.0,2.0,0.0,0.0,0.0,True,False,True,False,True,Java
0582900,058290007,3.0,3.0,20.0,1.0,1.0,3.0,7.0,0.0,5.0,5.0,18.0,2.0,0.0,0.0,0.0,False,False,True,False,False,Java
0582900,058290008,5.0,1.0,22.0,1.0,1.0,3.0,7.0,0.0,5.0,5.0,18.0,2.0,0.0,0.0,0.0,False,True,False,False,False,Java
0582941,058294101,1.0,1.0,31.0,1.0,1.0,3.0,7.0,0.0,,5.0,18.0,2.0,150000.0,650000.0,13.384729180332174,False,True,False,False,False,Java
0582951,058295103,3.0,1.0,28.0,1.0,1.0,3.0,7.0,0.0,5.0,5.0,18.0,2.0,200000.0,1000000.0,13.815511557963774,False,True,False,False,False,Java
0583000,058300001,1.0,1.0,48.0,1.0,1.0,3.0,7.0,0.0,,5.0,18.0,2.0,50000.0,0.0,0.0,False,True,False,False,False,Java
0583000,058300002,2.0,3.0,47.0,1.0,1.0,2.0,7.0,0.0,,5.0,18.0,2.0,0.0,0.0,0.0,False,False,True,False,False,Java
0583000,058300003,3.0,3.0,23.0,1.0,1.0,3.0,7.0,0.0,,5.0,18.0,2.0,0.0,0.0,0.0,False,False,True,False,False,Java
0583000,058300004,3.0,3.0,19.0,1.0,1.0,3.0,7.0,1.0,6.0,5.0,18.0,2.0,0.0,0.0,0.0,True,False,True,False,True,Java
0583051,058305101,1.0,1.0,37.0,1.0,1.0,3.0,7.0,0.0,5.0,5.0,18.0,2.0,0.0,0.0,0.0,False,True,False,False,False,Java
0590100,059010001,1.0,1.0,58.0,1.0,1.0,3.0,7.0,0.0,,5.0,18.0,2.0,300000.0,0.0,0.0,False,True,False,False,False,Java
0590100,059010002,2.0,3.0,56.0,1.0,1.0,2.0,7.0,0.0,,5.0,18.0,2.0,0.0,0.0,0.0,False,False,True,False,False,Java
0590100,059010003,3.0,1.0,36.0,1.0,1.0,6.0,7.0,0.0,,4.0,36.0,1.0,400000.0,0.0,0.0,False,True,False,False,False,Java
0590100,059010004,3.0,1.0,35.0,1.0,1.0,6.0,1.0,0.0,5.0,5.0,18.0,2.0,0.0,0.0,0.0,False,True,False,False,False,Java
0590100,059010006,3.0,1.0,26.0,1.0,1.0,74.0,7.0,0.0,,5.0,18.0,2.0,0.0,0.0,0.0,False,True,False,False,False,Java
0590131,059013102,2.0,3.0,32.0,1.0,1.0,2.0,7.0,0.0,,5.0,18.0,2.0,0.0,0.0,0.0,False,False,True,False,False,Java
0590141,059014102,2.0,3.0,30.0,1.0,1.0,6.0,7.0,0.0,,4.0,36.0,1.0,500000.0,0.0,0.0,False,False,True,False,False,Java
0590151,059015102,2.0,3.0,26.0,1.0,1.0,6.0,7.0,1.0,4.0,5.0,18.0,2.0,0.0,0.0,0.0,True,False,True,False,True,Java
0590200,059020001,1.0,1.0,72.0,1.0,1.0,2.0,3.0,0.0,,5.0,18.0,2.0,100000.0,0.0,0.0,False,True,False,False,False,Java
0590200,059020002,2.0,3.0,56.0,1.0,1.0,1.0,96.0,0.0,,5.0,18.0,2.0,0.0,0.0,0.0,False,False,True,False,False,Java
0590200,059020004,3.0,3.0,30.0,1.0,1.0,3.0,7.0,0.0,5.0,5.0,18.0,2.0,0.0,0.0,0.0,False,False,True,False,False,Java
0590200,059020006,3.0,1.0,16.0,1.0,1.0,73.0,2.0,0.0,5.0,5.0,18.0,2.0,0.0,50000.0,10.819798284210286,False,True,False,False,False,Java
0590300,059030001,1.0,1.0,58.0,1.0,1.0,2.0,2.0,0.0,,5.0,18.0,2.0,0.0,0.0,0.0,False,True,False,False,False,Java
0590300,059030002,2.0,3.0,52.0,1.0,1.0,2.0,3.0,0.0,,5.0,18.0,2.0,200000.0,0.0,0.0,False,False,True,False,False,Java
0590300,059030003,3.0,1.0,17.0,1.0,1.0,5.0,2.0,1.0,4.0,5.0,18.0,2.0,90000.0,0.0,0.0,True,True,False,True,False,Java
0590400,059040001,1.0,1.0,53.0,2.0,1.0,2.0,7.0,0.0,,5.0,18.0,2.0,0.0,0.0,0.0,False,True,False,False,False,Java
0590400,059040002,2.0,3.0,51.0,2.0,1.0,2.0,7.0,0.0,,5.0,18.0,2.0,200000.0,200000.0,12.206077645517674,False,False,True,False,False,Java
0590400,059040003,3.0,3.0,28.0,2.0,1.0,6.0,7.0,0.0,5.0,5.0,18.0,2.0,0.0,0.0,0.0,False,False,True,False,False,Java
0590400,059040004,3.0,1.0,23.0,2.0,1.0,6.0,7.0,0.0,,5.0,18.0,2.0,3000000.0,0.0,0.0,False,True,False,False,False,Java
0590400,059040005,5.0,1.0,33.0,2.0,1.0,3.0,7.0,0.0,5.0,5.0,18.0,2.0,100000.0,0.0,0.0,False,True,False,False,False,Java
0590500,059050001,1.0,1.0,53.0,1.0,1.0,2.0,3.0,0.0,,5.0,18.0,2.0,0.0,0.0,0.0,False,True,False,False,False,Java
0590500,059050002,2.0,3.0,49.0,1.0,1.0,2.0,7.0,0.0,,5.0,18.0,2.0,400000.0,0.0,0.0,False,False,True,False,False,Java
0590500,059050003,3.0,3.0,32.0,1.0,1.0,5.0,7.0,0.0,,5.0,18.0,2.0,0.0,0.0,0.0,False,False,True,False,False,Java
0590500,059050006,3.0,1.0,20.0,1.0,1.0,5.0,7.0,0.0,5.0,5.0,18.0,2.0,0.0,0.0,0.0,False,True,False,False,False,Java
0590541,059054101,1.0,1.0,36.0,1.0,1.0,2.0,7.0,0.0,,5.0,18.0,2.0,0.0,0.0,0.0,False,True,False,False,False,Java
0590600,059060001,1.0,1.0,91.0,1.0,1.0,1.0,96.0,0.0,,5.0,18.0,2.0,5000.0,100000.0,11.51293546492023,False,True,False,False,False,Java
0590600,059060002,2.0,3.0,88.0,1.0,1.0,1.0,96.0,1.0,14.0,5.0,18.0,2.0,0.0,0.0,0.0,True,False,True,False,True,Java
0590600,059060003,3.0,3.0,42.0,1.0,1.0,2.0,7.0,0.0,,4.0,18.0,2.0,400000.0,0.0,0.0,False,False,True,False,False,Java
0590600,059060004,3.0,3.0,49.0,1.0,1.0,2.0,4.0,1.0,5.0,11.0,18.0,2.0,0.0,0.0,0.0,True,False,True,False,True,Java
0590600,059060005,10.0,3.0,27.0,1.0,1.0,3.0,7.0,0.0,5.0,5.0,18.0,2.0,200000.0,200000.0,12.206077645517674,False,False,True,False,False,Java
0590600,059060006,10.0,1.0,24.0,1.0,1.0,6.0,7.0,0.0,,4.0,36.0,1.0,500000.0,0.0,0.0,False,True,False,False,False,Java
0590600,059060007,5.0,3.0,38.0,1.0,1.0,3.0,7.0,0.0,,5.0,18.0,2.0,0.0,0.0,0.0,False,False,True,False,False,Java
0590600,059060008,3.0,1.0,45.0,1.0,1.0,6.0,7.0,0.0,,5.0,18.0,2.0,150000.0,0.0,0.0,False,True,False,False,False,Java
0590600,059060009,10.0,1.0,18.0,1.0,1.0,6.0,7.0,0.0,5.0,5.0,18.0,2.0,0.0,0.0,0.0,False,True,False,False,False,Java
0590611,059061101,1.0,1.0,57.0,1.0,1.0,2.0,2.0,1.0,5.0,11.0,18.0,2.0,0.0,0.0,0.0,True,True,False,True,False,Java
0590611,059061105,3.0,1.0,15.0,1.0,1.0,3.0,2.0,1.0,5.0,11.0,18.0,2.0,0.0,0.0,0.0,True,True,False,True,False,Java
0590631,059063101,1.0,1.0,45.0,1.0,1.0,3.0,7.0,0.0,,4.0,18.0,2.0,500000.0,300000.0,12.611541086966117,False,True,False,False,False,Java
0590651,059065101,1.0,1.0,32.0,1.0,1.0,2.0,7.0,0.0,5.0,5.0,18.0,2.0,2000000.0,4500000.0,15.319588176962746,False,True,False,False,False,Java
0590700,059070002,1.0,1.0,43.0,1.0,1.0,2.0,7.0,0.0,,5.0,18.0,2.0,0.0,0.0,0.0,False,True,False,False,False,Java
0590700,059070003,2.0,3.0,36.0,1.0,1.0,2.0,3.0,0.0,,5.0,18.0,2.0,0.0,0.0,0.0,False,False,True,False,False,Java
0590700,059070004,3.0,1.0,17.0,1.0,1.0,74.0,2.0,0.0,5.0,5.0,18.0,2.0,0.0,0.0,0.0,False,True,False,False,False,Java
0590800,059080001,1.0,1.0,81.0,1.0,1.0,2.0,3.0,0.0,5.0,5.0,18.0,2.0,0.0,0.0,0.0,False,True,False,False,False,Java
0590800,059080002,2.0,3.0,66.0,1.0,11.0,1.0,96.0,0.0,,5.0,18.0,2.0,0.0,200000.0,12.206077645517674,False,False,True,False,False,Java
0590800,059080003,3.0,1.0,46.0,1.0,1.0,2.0,7.0,0.0,,5.0,18.0,2.0,0.0,0.0,0.0,False,True,False,False,False,Java
0590800,059080004,3.0,1.0,45.0,1.0,1.0,5.0,7.0,0.0,,5.0,18.0,2.0,0.0,0.0,0.0,False,True,False,False,False,Java
0590800,059080006,3.0,1.0,38.0,1.0,1.0,2.0,7.0,0.0,,4.0,18.0,2.0,0.0,0.0,0.0,False,True,False,False,False,Java
0590800,059080007,3.0,1.0,38.0,1.0,1.0,2.0,7.0,0.0,,5.0,18.0,2.0,0.0,0.0,0.0,False,True,False,False,False,Java
0590800,059080008,3.0,1.0,33.0,1.0,1.0,3.0,7.0,0.0,,5.0,18.0,2.0,0.0,0.0,0.0,False,True,False,False,False,Java
0590800,059080009,5.0,3.0,41.0,1.0,1.0,3.0,7.0,0.0,,5.0,18.0,2.0,200000.0,0.0,0.0,False,False,True,False,False,Java
0590800,059080010,5.0,3.0,29.0,1.0,1.0,5.0,7.0,0.0,,5.0,18.0,2.0,0.0,0.0,0.0,False,False,True,False,False,Java
0590831,059083103,3.0,1.0,19.0,1.0,1.0,74.0,7.0,1.0,5.0,71.0,31.0,1.0,800000.0,2400000.0,14.690979711984754,True,True,False,True,False,Java
0590841,059084102,2.0,3.0,42.0,1.0,1.0,2.0,7.0,0.0,,5.0,18.0,2.0,0.0,0.0,0.0,False,False,True,False,False,Java
0590842,059084202,2.0,3.0,35.0,1.0,1.0,3.0,7.0,0.0,,4.0,18.0,2.0,0.0,250000.0,12.429220196836384,False,False,True,False,False,Java
0590843,059084302,2.0,3.0,36.0,1.0,1.0,2.0,7.0,0.0,,5.0,18.0,2.0,0.0,0.0,0.0,False,False,True,False,False,Java
0591000,059100001,1.0,1.0,53.0,1.0,1.0,2.0,5.0,0.0,,5.0,18.0,2.0,0.0,0.0,0.0,False,True,False,False,False,Java
0591000,059100002,2.0,3.0,50.0,1.0,1.0,1.0,96.0,0.0,,5.0,18.0,2.0,0.0,0.0,0.0,False,False,True,False,False,Java
0591000,059100003,3.0,3.0,28.0,1.0,1.0,5.0,7.0,0.0,,5.0,18.0,2.0,200000.0,0.0,0.0,False,False,True,False,False,Java
0591051,059105101,1.0,1.0,31.0,1.0,1.0,5.0,7.0,0.0,5.0,5.0,18.0,2.0,0.0,0.0,0.0,False,True,False,False,False,Java
0591100,059110001,1.0,1.0,51.0,1.0,1.0,2.0,4.0,0.0,,5.0,18.0,2.0,0.0,0.0,0.0,False,True,False,False,False,Java
0591100,059110002,2.0,3.0,41.0,1.0,1.0,2.0,3.0,0.0,,5.0,18.0,2.0,0.0,0.0,0.0,False,False,True,False,False,Java
0591100,059110003,3.0,1.0,22.0,1.0,1.0,61.0,3.0,0.0,,5.0,18.0,2.0,0.0,300000.0,12.611541086966117,False,True,False,False,False,Java
0591100,059110004,3.0,3.0,19.0,1.0,1.0,5.0,2.0,0.0,5.0,5.0,18.0,2.0,0.0,100000.0,11.51293546492023,False,False,True,False,False,Java
0591200,059120001,1.0,1.0,46.0,1.0,1.0,6.0,7.0,0.0,,5.0,18.0,2.0,2500000.0,0.0,0.0,False,True,False,False,False,Java
0591200,059120002,2.0,3.0,45.0,1.0,1.0,5.0,7.0,0.0,,5.0,18.0,2.0,2000000.0,0.0,0.0,False,False,True,False,False,Java
0591200,059120003,3.0,3.0,23.0,1.0,1.0,60.0,7.0,0.0,,71.0,18.0,1.0,0.0,0.0,0.0,False,False,True,False,False,Java
0591200,059120004,3.0,3.0,15.0,1.0,1.0,3.0,2.0,0.0,5.0,5.0,18.0,2.0,0.0,0.0,0.0,False,False,True,False,False,Java
0591300,059130001,1.0,1.0,66.0,1.0,1.0,2.0,1.0,0.0,,5.0,18.0,2.0,1000000.0,0.0,0.0,False,True,False,False,False,Java
0591300,059130002,2.0,3.0,64.0,1.0,1.0,2.0,7.0,0.0,,5.0,18.0,2.0,0.0,0.0,0.0,False,False,True,False,False,Java
0591300,059130003,3.0,1.0,39.0,1.0,1.0,3.0,7.0,0.0,,5.0,18.0,2.0,500000.0,0.0,0.0,False,True,False,False,False,Java
0591300,059130004,3.0,3.0,41.0,1.0,1.0,2.0,3.0,0.0,,71.0,18.0,1.0,0.0,0.0,0.0,False,False,True,False,False,Java
0591300,059130005,3.0,1.0,33.0,1.0,1.0,5.0,7.0,0.0,,5.0,18.0,2.0,0.0,0.0,0.0,False,True,False,False,False,Java
0591300,059130006,3.0,1.0,27.0,1.0,1.0,5.0,7.0,0.0,,5.0,18.0,2.0,500000.0,0.0,0.0,False,True,False,False,False,Java
0591300,059130007,3.0,1.0,24.0,1.0,1.0,3.0,7.0,0.0,,5.0,18.0,2.0,0.0,0.0,0.0,False,True,False,False,False,Java
0591300,059130009,5.0,3.0,28.0,1.0,1.0,6.0,7.0,0.0,,5.0,18.0,2.0,0.0,1000000.0,13.815511557963774,False,False,True,False,False,Java
0591300,059130010,5.0,3.0,29.0,1.0,19.0,2.0,7.0,0.0,,5.0,18.0,2.0,0.0,0.0,0.0,False,False,True,False,False,Java
0591341,059133202,1.0,1.0,48.0,1.0,1.0,5.0,7.0,0.0,,71.0,18.0,1.0,0.0,0.0,0.0,False,True,False,False,False,Java
0591341,059133205,3.0,1.0,20.0,1.0,1.0,6.0,0.0,0.0,71.0,71.0,18.0,1.0,250000.0,150000.0,11.918397239722838,False,True,False,False,False,Java
0591341,059134106,5.0,3.0,16.0,1.0,25.0,5.0,2.0,1.0,11.0,71.0,18.0,1.0,0.0,0.0,0.0,True,False,True,False,True,Java
0591352,059135205,3.0,3.0,22.0,1.0,1.0,5.0,7.0,0.0,5.0,5.0,18.0,2.0,0.0,2000000.0,14.508658238524095,False,False,True,False,False,Java
0591400,059140002,6.0,3.0,75.0,1.0,1.0,1.0,96.0,1.0,10.0,5.0,18.0,2.0,0.0,0.0,0.0,True,False,True,False,True,Java
0591400,059140004,1.0,1.0,58.0,1.0,1.0,15.0,7.0,0.0,,5.0,18.0,2.0,0.0,0.0,0.0,False,True,False,False,False,Java
0591400,059140005,2.0,3.0,53.0,1.0,1.0,1.0,96.0,0.0,,5.0,18.0,2.0,0.0,0.0,0.0,False,False,True,False,False,Java
0591500,059150001,1.0,1.0,72.0,1.0,1.0,2.0,0.0,0.0,,5.0,18.0,2.0,0.0,0.0,0.0,False,True,False,False,False,Java
0591500,059150002,2.0,3.0,66.0,1.0,1.0,2.0,0.0,0.0,,5.0,18.0,2.0,0.0,0.0,0.0,False,False,True,False,False,Java
0591500,059150003,3.0,1.0,47.0,1.0,1.0,1.0,96.0,0.0,,5.0,18.0,2.0,0.0,0.0,0.0,False,True,False,False,False,Java
0591500,059150005,5.0,3.0,42.0,1.0,1.0,2.0,4.0,0.0,,5.0,18.0,2.0,200000.0,800000.0,13.592368256649284,False,False,True,False,False,Java
0591500,059153103,10.0,1.0,17.0,1.0,1.0,73.0,1.0,0.0,5.0,5.0,18.0,2.0,50000.0,0.0,0.0,False,True,False,False,False,Java
0591600,059160001,1.0,1.0,59.0,1.0,1.0,2.0,7.0,0.0,,5.0,18.0,2.0,400000.0,0.0,0.0,False,True,False,False,False,Java
0591600,059160002,2.0,3.0,55.0,1.0,1.0,2.0,7.0,0.0,,5.0,18.0,2.0,0.0,2000000.0,14.508658238524095,False,False,True,False,False,Java
0591600,059160004,3.0,1.0,35.0,1.0,1.0,6.0,7.0,0.0,,5.0,18.0,2.0,0.0,0.0,0.0,False,True,False,False,False,Java
0591600,059160006,5.0,3.0,29.0,1.0,1.0,98.0,98.0,0.0,,5.0,18.0,2.0,0.0,0.0,0.0,False,False,True,False,False,Java
0591700,059170001,1.0,1.0,62.0,1.0,1.0,2.0,0.0,0.0,,5.0,18.0,2.0,2000000.0,0.0,0.0,False,True,False,False,False,Java
0591700,059170002,2.0,3.0,56.0,1.0,1.0,2.0,1.0,0.0,,5.0,18.0,2.0,0.0,0.0,0.0,False,False,True,False,False,Java
0591700,059170005,3.0,1.0,17.0,1.0,1.0,5.0,0.0,0.0,5.0,5.0,18.0,2.0,0.0,0.0,0.0,False,True,False,False,False,Java
0591800,059180001,1.0,1.0,71.0,1.0,1.0,2.0,3.0,1.0,10.0,5.0,18.0,2.0,0.0,0.0,0.0,True,True,False,True,False,Java
0591800,059180002,2.0,3.0,64.0,1.0,1.0,2.0,5.0,0.0,,5.0,18.0,2.0,0.0,0.0,0.0,False,False,True,False,False,Java
0591800,059180003,3.0,3.0,43.0,1.0,1.0,3.0,1.0,0.0,,5.0,18.0,2.0,100000.0,0.0,0.0,False,False,True,False,False,Java
0591800,059180004,5.0,1.0,45.0,1.0,1.0,2.0,7.0,0.0,,5.0,18.0,2.0,50000.0,0.0,0.0,False,True,False,False,False,Java
0591831,059183104,3.0,1.0,15.0,1.0,1.0,73.0,2.0,0.0,5.0,5.0,18.0,2.0,0.0,0.0,0.0,False,True,False,False,False,Java
0591900,059190001,1.0,1.0,65.0,1.0,1.0,2.0,2.0,0.0,,5.0,18.0,2.0,1500000.0,120000.0,11.695255355062796,False,True,False,False,False,Java
0591900,059190002,2.0,3.0,64.0,1.0,1.0,2.0,1.0,0.0,,5.0,18.0,2.0,0.0,1000000.0,13.815511557963774,False,False,True,False,False,Java
0591900,059190004,3.0,1.0,39.0,1.0,1.0,3.0,7.0,0.0,,5.0,18.0,2.0,0.0,0.0,0.0,False,True,False,False,False,Java
0591900,059190005,5.0,3.0,37.0,1.0,1.0,3.0,7.0,0.0,,5.0,18.0,2.0,0.0,0.0,0.0,False,False,True,False,False,Java
0591931,059193103,3.0,3.0,16.0,1.0,1.0,5.0,0.0,0.0,5.0,5.0,18.0,2.0,0.0,0.0,0.0,False,False,True,False,False,Java
0592000,059200001,1.0,1.0,66.0,1.0,1.0,2.0,0.0,0.0,,5.0,18.0,2.0,0.0,0.0,0.0,False,True,False,False,False,Java
0592000,059200002,2.0,3.0,55.0,1.0,1.0,2.0,0.0,0.0,,5.0,18.0,2.0,300000.0,0.0,0.0,False,False,True,False,False,Java
0592000,059200004,3.0,1.0,37.0,1.0,1.0,6.0,7.0,0.0,,5.0,18.0,2.0,0.0,0.0,0.0,False,True,False,False,False,Java
0592000,059200006,5.0,1.0,33.0,1.0,1.0,3.0,7.0,1.0,4.0,5.0,18.0,2.0,0.0,0.0,0.0,True,True,False,True,False,Java
0592041,059204102,2.0,3.0,34.0,1.0,1.0,3.0,7.0,0.0,,5.0,18.0,2.0,200000.0,0.0,0.0,False,False,True,False,False,Java
0592200,059220002,7.0,3.0,58.0,1.0,1.0,2.0,4.0,0.0,,5.0,18.0,2.0,0.0,0.0,0.0,False,False,True,False,False,Java
0592200,059220005,9.0,1.0,37.0,1.0,1.0,3.0,7.0,0.0,,5.0,18.0,2.0,100000.0,7000000.0,15.76142084987672,False,True,False,False,False,Java
0592200,059220007,2.0,3.0,32.0,1.0,1.0,3.0,7.0,0.0,,5.0,18.0,2.0,300000.0,500000.0,13.122365377402328,False,False,True,False,False,Java
0592200,059220009,1.0,1.0,36.0,1.0,1.0,6.0,7.0,0.0,,5.0,18.0,2.0,0.0,0.0,0.0,False,True,False,False,False,Java
0592300,059230001,1.0,3.0,89.0,1.0,1.0,1.0,96.0,1.0,11.0,5.0,18.0,2.0,0.0,0.0,0.0,True,False,True,False,True,Java
0592300,059230004,10.0,3.0,19.0,4.0,1.0,5.0,1.0,0.0,5.0,5.0,18.0,2.0,0.0,0.0,0.0,False,False,True,False,False,Java
0592400,059240002,1.0,3.0,71.0,1.0,1.0,1.0,96.0,0.0,,5.0,18.0,2.0,0.0,0.0,0.0,False,False,True,False,False,Java
0592400,059240003,3.0,3.0,34.0,1.0,1.0,6.0,7.0,0.0,,4.0,18.0,2.0,500000.0,0.0,0.0,False,False,True,False,False,Java
0592431,059243101,1.0,1.0,39.0,1.0,1.0,3.0,7.0,0.0,,4.0,18.0,2.0,0.0,0.0,0.0,False,True,False,False,False,Java
0592500,059250002,1.0,3.0,71.0,1.0,1.0,1.0,96.0,1.0,98.0,5.0,18.0,2.0,0.0,0.0,0.0,True,False,True,False,True,Java
0592500,059250003,3.0,1.0,39.0,1.0,1.0,3.0,7.0,0.0,,5.0,18.0,2.0,0.0,0.0,0.0,False,True,False,False,False,Java
0592500,059250004,3.0,1.0,34.0,1.0,1.0,3.0,1.0,0.0,,5.0,18.0,2.0,0.0,0.0,0.0,False,True,False,False,False,Java
0592531,059253102,2.0,3.0,39.0,1.0,1.0,3.0,7.0,0.0,,5.0,18.0,2.0,0.0,0.0,0.0,False,False,True,False,False,Java
0592531,059253103,3.0,1.0,15.0,1.0,1.0,3.0,2.0,0.0,5.0,5.0,18.0,2.0,15000.0,50000.0,10.819798284210286,False,True,False,False,False,Java
0592541,059254102,2.0,3.0,39.0,1.0,1.0,2.0,4.0,0.0,,5.0,18.0,2.0,0.0,0.0,0.0,False,False,True,False,False,Java
0592631,059260004,1.0,1.0,40.0,1.0,1.0,2.0,7.0,0.0,,5.0,18.0,2.0,300000.0,0.0,0.0,False,True,False,False,False,Java
0592631,059263102,2.0,3.0,35.0,1.0,1.0,2.0,7.0,0.0,,5.0,18.0,2.0,0.0,0.0,0.0,False,False,True,False,False,Java
0592632,059263201,1.0,1.0,38.0,1.0,1.0,2.0,7.0,0.0,,4.0,18.0,2.0,0.0,0.0,0.0,False,True,False,False,False,Java
0592632,059260006,2.0,3.0,34.0,1.0,1.0,3.0,7.0,0.0,,4.0,18.0,2.0,0.0,0.0,0.0,False,False,True,False,False,Java
0592632,059260002,7.0,3.0,85.0,1.0,1.0,1.0,96.0,0.0,,4.0,18.0,2.0,200000.0,0.0,0.0,False,False,True,False,False,Java
0592641,059260003,1.0,1.0,41.0,1.0,1.0,2.0,7.0,0.0,,5.0,18.0,2.0,50000.0,0.0,0.0,False,True,False,False,False,Java
0592641,059264102,2.0,3.0,27.0,1.0,1.0,3.0,7.0,0.0,,5.0,18.0,2.0,0.0,50000.0,10.819798284210286,False,False,True,False,False,Java
0592700,059270001,1.0,1.0,71.0,1.0,1.0,2.0,2.0,0.0,,5.0,18.0,2.0,0.0,100000.0,11.51293546492023,False,True,False,False,False,Java
0592700,059270002,2.0,3.0,68.0,1.0,1.0,1.0,96.0,0.0,,5.0,18.0,2.0,0.0,0.0,0.0,False,False,True,False,False,Java
0592700,059270003,3.0,1.0,45.0,1.0,1.0,6.0,7.0,0.0,5.0,5.0,18.0,2.0,0.0,0.0,0.0,False,True,False,False,False,Java
0592700,059270004,3.0,1.0,41.0,1.0,1.0,6.0,7.0,0.0,,5.0,18.0,2.0,0.0,0.0,0.0,False,True,False,False,False,Java
0592700,059270005,3.0,3.0,38.0,1.0,1.0,2.0,7.0,1.0,5.0,4.0,18.0,2.0,0.0,0.0,0.0,True,False,True,False,True,Java
0592700,059270007,3.0,3.0,34.0,1.0,1.0,2.0,7.0,0.0,,5.0,18.0,2.0,0.0,0.0,0.0,False,False,True,False,False,Java
0592700,059270008,3.0,1.0,25.0,1.0,1.0,6.0,7.0,0.0,,5.0,18.0,2.0,0.0,200000.0,12.206077645517674,False,True,False,False,False,Java
0592731,059273102,2.0,3.0,40.0,1.0,1.0,3.0,0.0,0.0,,5.0,18.0,2.0,0.0,0.0,0.0,False,False,True,False,False,Java
0592731,059273103,3.0,1.0,17.0,1.0,1.0,6.0,2.0,0.0,5.0,5.0,18.0,2.0,0.0,80000.0,11.289794413577894,False,True,False,False,False,Java
0592732,059273202,2.0,3.0,32.0,1.0,1.0,2.0,7.0,0.0,,5.0,18.0,2.0,0.0,0.0,0.0,False,False,True,False,False,Java
0592734,059273401,1.0,1.0,41.0,1.0,1.0,74.0,7.0,0.0,,5.0,18.0,2.0,400000.0,50000.0,10.819798284210286,False,True,False,False,False,Java
0592751,059275101,1.0,1.0,46.0,1.0,1.0,2.0,7.0,0.0,4.0,4.0,18.0,2.0,0.0,0.0,0.0,False,True,False,False,False,Java
0592800,059280001,7.0,3.0,71.0,1.0,1.0,1.0,96.0,0.0,,5.0,18.0,2.0,0.0,0.0,0.0,False,False,True,False,False,Java
0592800,059280002,2.0,3.0,48.0,1.0,1.0,2.0,7.0,0.0,,5.0,18.0,2.0,0.0,0.0,0.0,False,False,True,False,False,Java
0592800,059280003,1.0,1.0,50.0,1.0,1.0,2.0,7.0,0.0,,5.0,18.0,2.0,0.0,0.0,0.0,False,True,False,False,False,Java
0592800,059280004,3.0,3.0,17.0,1.0,1.0,5.0,1.0,0.0,5.0,5.0,18.0,2.0,0.0,0.0,0.0,False,False,True,False,False,Java
0592900,059290001,6.0,3.0,57.0,95.0,1.0,2.0,5.0,0.0,,5.0,18.0,2.0,0.0,500000.0,13.122365377402328,False,False,True,False,False,Java
0592900,059290003,8.0,1.0,30.0,95.0,1.0,3.0,1.0,0.0,,8.0,18.0,2.0,4000000.0,5000000.0,15.424948670398354,False,True,False,False,False,Java
0592900,059290004,1.0,1.0,26.0,1.0,1.0,61.0,2.0,0.0,,5.0,18.0,2.0,0.0,0.0,0.0,False,True,False,False,False,Java
0592900,059290007,8.0,1.0,18.0,95.0,1.0,6.0,2.0,0.0,5.0,5.0,18.0,2.0,0.0,200000.0,12.206077645517674,False,True,False,False,False,Java
0592900,059290008,6.0,1.0,56.0,95.0,1.0,2.0,98.0,0.0,,71.0,18.0,1.0,1000000.0,0.0,0.0,False,True,False,False,False,Java
0592900,059290009,13.0,1.0,19.0,95.0,1.0,5.0,0.0,1.0,5.0,71.0,21.0,1.0,200000.0,0.0,0.0,True,True,False,True,False,Java
0593000,059300001,1.0,1.0,63.0,1.0,1.0,2.0,1.0,0.0,,5.0,18.0,2.0,0.0,0.0,0.0,False,True,False,False,False,Java
0593000,059300003,3.0,1.0,38.0,1.0,1.0,2.0,7.0,0.0,,5.0,18.0,2.0,200000.0,0.0,0.0,False,True,False,False,False,Java
0593000,059300004,3.0,3.0,35.0,1.0,1.0,6.0,7.0,0.0,5.0,5.0,18.0,2.0,0.0,0.0,0.0,False,False,True,False,False,Java
0593000,059300007,5.0,1.0,36.0,1.0,1.0,61.0,0.0,1.0,1.0,5.0,18.0,2.0,0.0,0.0,0.0,True,True,False,True,False,Java
0593041,059304102,2.0,3.0,36.0,1.0,1.0,3.0,1.0,0.0,,5.0,18.0,2.0,0.0,0.0,0.0,False,False,True,False,False,Java
0600100,060010001,1.0,1.0,59.0,1.0,1.0,72.0,7.0,0.0,,5.0,18.0,2.0,0.0,0.0,0.0,False,True,False,False,False,Java
0600100,060010002,2.0,3.0,53.0,1.0,1.0,72.0,7.0,0.0,,5.0,18.0,2.0,0.0,0.0,0.0,False,False,True,False,False,Java
0600100,060010003,3.0,3.0,35.0,1.0,1.0,74.0,7.0,0.0,,2.0,16.0,2.0,0.0,0.0,0.0,False,False,True,False,False,Java
0600100,060010004,3.0,1.0,28.0,1.0,1.0,6.0,7.0,0.0,,5.0,18.0,2.0,100000.0,0.0,0.0,False,True,False,False,False,Java
0600100,060010005,5.0,1.0,44.0,1.0,1.0,73.0,7.0,0.0,,2.0,16.0,2.0,0.0,0.0,0.0,False,True,False,False,False,Java
0600100,060010009,5.0,3.0,23.0,1.0,1.0,3.0,7.0,0.0,5.0,5.0,18.0,2.0,0.0,0.0,0.0,False,False,True,False,False,Java
0600200,060020001,1.0,1.0,61.0,1.0,1.0,2.0,7.0,0.0,,5.0,18.0,2.0,0.0,0.0,0.0,False,True,False,False,False,Java
0600200,060020002,2.0,3.0,51.0,1.0,1.0,2.0,7.0,0.0,,5.0,18.0,2.0,500000.0,0.0,0.0,False,False,True,False,False,Java
0600200,060020004,3.0,1.0,28.0,1.0,1.0,74.0,7.0,0.0,,5.0,18.0,2.0,0.0,0.0,0.0,False,True,False,False,False,Java
0600200,060020005,10.0,3.0,16.0,1.0,1.0,73.0,2.0,0.0,5.0,5.0,18.0,2.0,0.0,300000.0,12.611541086966117,False,False,True,False,False,Java
0600300,060030001,1.0,1.0,55.0,1.0,1.0,2.0,2.0,0.0,,5.0,18.0,2.0,0.0,0.0,0.0,False,True,False,False,False,Java
0600300,060030002,2.0,3.0,51.0,1.0,1.0,2.0,0.0,0.0,,5.0,18.0,2.0,300000.0,0.0,0.0,False,False,True,False,False,Java
0600300,060030004,3.0,1.0,31.0,1.0,1.0,6.0,7.0,0.0,,5.0,18.0,2.0,0.0,0.0,0.0,False,True,False,False,False,Java
0600300,060030005,3.0,3.0,27.0,1.0,1.0,2.0,7.0,0.0,5.0,5.0,18.0,2.0,0.0,0.0,0.0,False,False,True,False,False,Java
0600341,060034102,2.0,3.0,32.0,1.0,1.0,3.0,7.0,0.0,5.0,5.0,18.0,2.0,50000.0,0.0,0.0,False,False,True,False,False,Java
0600351,060035102,1.0,1.0,30.0,1.0,1.0,5.0,7.0,0.0,5.0,5.0,18.0,2.0,0.0,0.0,0.0,False,True,False,False,False,Java
0600400,060040002,1.0,3.0,61.0,1.0,1.0,2.0,4.0,0.0,,5.0,18.0,2.0,100000.0,0.0,0.0,False,False,True,False,False,Java
0600400,060040003,3.0,3.0,37.0,1.0,1.0,1.0,96.0,0.0,,5.0,18.0,2.0,0.0,7200000.0,15.789591722875162,False,False,True,False,False,Java
0600400,060040004,3.0,3.0,36.0,1.0,1.0,3.0,1.0,0.0,,5.0,18.0,2.0,100000.0,0.0,0.0,False,False,True,False,False,Java
0600400,060040006,3.0,3.0,31.0,1.0,1.0,2.0,5.0,0.0,,5.0,18.0,2.0,0.0,0.0,0.0,False,False,True,False,False,Java
0600400,060040007,3.0,1.0,20.0,1.0,1.0,2.0,5.0,0.0,5.0,5.0,18.0,2.0,0.0,0.0,0.0,False,True,False,False,False,Java
0600432,060043204,1.0,1.0,39.0,1.0,1.0,5.0,7.0,0.0,,5.0,18.0,2.0,100000.0,0.0,0.0,False,True,False,False,False,Java
0600441,060044101,1.0,1.0,29.0,1.0,1.0,2.0,7.0,0.0,,5.0,18.0,2.0,0.0,0.0,0.0,False,True,False,False,False,Java
0600500,060050001,1.0,1.0,58.0,1.0,1.0,2.0,7.0,1.0,3.0,5.0,18.0,2.0,0.0,0.0,0.0,True,True,False,True,False,Java
0600500,060050002,2.0,3.0,50.0,1.0,1.0,2.0,6.0,0.0,,5.0,18.0,2.0,0.0,0.0,0.0,False,False,True,False,False,Java
0600500,060050003,3.0,3.0,30.0,1.0,1.0,6.0,7.0,0.0,,5.0,18.0,2.0,0.0,0.0,0.0,False,False,True,False,False,Java
0600500,060050004,3.0,1.0,24.0,1.0,1.0,74.0,2.0,0.0,,3.0,35.0,1.0,0.0,0.0,0.0,False,True,False,False,False,Java
0600500,060050005,3.0,3.0,17.0,1.0,1.0,3.0,7.0,0.0,5.0,5.0,18.0,2.0,0.0,30000.0,10.308985993422082,False,False,True,False,False,Java
0600500,060050006,5.0,1.0,38.0,1.0,1.0,3.0,7.0,0.0,,5.0,18.0,2.0,0.0,0.0,0.0,False,True,False,False,False,Java
0600600,060060007,1.0,1.0,56.0,1.0,1.0,2.0,4.0,0.0,,5.0,18.0,2.0,0.0,0.0,0.0,False,True,False,False,False,Java
0600600,060060009,2.0,3.0,19.0,1.0,1.0,2.0,7.0,0.0,5.0,5.0,18.0,2.0,0.0,0.0,0.0,False,False,True,False,False,Java
0600700,060070001,1.0,1.0,71.0,1.0,1.0,2.0,7.0,0.0,,5.0,18.0,2.0,0.0,0.0,0.0,False,True,False,False,False,Java
0600700,060070002,2.0,3.0,57.0,1.0,1.0,2.0,3.0,0.0,,5.0,18.0,2.0,100000.0,0.0,0.0,False,False,True,False,False,Java
0600700,060070004,3.0,3.0,34.0,1.0,1.0,3.0,7.0,0.0,,5.0,18.0,2.0,0.0,0.0,0.0,False,False,True,False,False,Java
0600700,060070005,3.0,3.0,31.0,1.0,1.0,3.0,7.0,0.0,,10.0,18.0,1.0,0.0,0.0,0.0,False,False,True,False,False,Java
0600700,060070006,3.0,1.0,30.0,1.0,1.0,3.0,7.0,0.0,,5.0,18.0,2.0,0.0,0.0,0.0,False,True,False,False,False,Java
0600700,060070007,3.0,1.0,21.0,1.0,1.0,2.0,1.0,0.0,5.0,5.0,18.0,2.0,100000.0,100000.0,11.51293546492023,False,True,False,False,False,Java
0600741,060074101,1.0,1.0,39.0,1.0,1.0,3.0,7.0,0.0,,5.0,18.0,2.0,0.0,0.0,0.0,False,True,False,False,False,Java
0600742,060074201,1.0,1.0,36.0,1.0,1.0,73.0,2.0,0.0,,10.0,18.0,1.0,0.0,0.0,0.0,False,True,False,False,False,Java
0600743,060074302,2.0,3.0,26.0,1.0,1.0,3.0,7.0,0.0,,5.0,18.0,2.0,0.0,0.0,0.0,False,False,True,False,False,Java
0600800,060080001,1.0,1.0,55.0,1.0,1.0,2.0,7.0,0.0,,5.0,18.0,2.0,0.0,0.0,0.0,False,True,False,False,False,Java
0600800,060080002,2.0,3.0,45.0,1.0,1.0,72.0,7.0,0.0,,5.0,18.0,2.0,0.0,0.0,0.0,False,False,True,False,False,Java
0600800,060080003,3.0,1.0,30.0,1.0,1.0,73.0,7.0,0.0,,1.0,16.0,1.0,0.0,0.0,0.0,False,True,False,False,False,Java
0600800,060080004,3.0,1.0,28.0,1.0,1.0,73.0,7.0,0.0,,5.0,18.0,2.0,0.0,0.0,0.0,False,True,False,False,False,Java
0600800,060080005,3.0,3.0,26.0,1.0,1.0,14.0,7.0,0.0,,8.0,18.0,2.0,0.0,0.0,0.0,False,False,True,False,False,Java
0600800,060080006,3.0,3.0,17.0,1.0,1.0,3.0,7.0,0.0,5.0,5.0,18.0,2.0,0.0,0.0,0.0,False,False,True,False,False,Java
0600841,060084104,2.0,3.0,24.0,1.0,1.0,74.0,7.0,0.0,1.0,1.0,16.0,1.0,150000.0,0.0,0.0,False,False,True,False,False,Java
0600842,060084204,1.0,1.0,38.0,1.0,1.0,14.0,7.0,1.0,5.0,8.0,18.0,2.0,0.0,0.0,0.0,True,True,False,True,False,Java
0600851,060085102,2.0,3.0,26.0,1.0,1.0,3.0,7.0,0.0,5.0,5.0,18.0,2.0,0.0,0.0,0.0,False,False,True,False,False,Java
0600852,060085203,3.0,1.0,16.0,1.0,1.0,3.0,7.0,0.0,5.0,5.0,18.0,2.0,0.0,0.0,0.0,False,True,False,False,False,Java
0600900,060090001,1.0,3.0,67.0,1.0,1.0,2.0,7.0,0.0,,5.0,18.0,2.0,0.0,400000.0,12.899222326086994,False,False,True,False,False,Java
0600900,060090002,3.0,3.0,35.0,1.0,1.0,3.0,7.0,0.0,,5.0,18.0,2.0,50000.0,0.0,0.0,False,False,True,False,False,Java
0600941,060094101,1.0,1.0,43.0,1.0,1.0,2.0,7.0,0.0,,5.0,18.0,2.0,0.0,0.0,0.0,False,True,False,False,False,Java
0601000,060100001,1.0,1.0,60.0,1.0,1.0,2.0,1.0,0.0,,5.0,18.0,2.0,300000.0,0.0,0.0,False,True,False,False,False,Java
0601000,060100002,2.0,3.0,51.0,1.0,1.0,2.0,1.0,0.0,,5.0,18.0,2.0,0.0,0.0,0.0,False,False,True,False,False,Java
0601000,060100003,3.0,1.0,36.0,1.0,1.0,5.0,1.0,0.0,,5.0,18.0,2.0,0.0,100000.0,11.51293546492023,False,True,False,False,False,Java
0601000,060100004,3.0,1.0,32.0,1.0,1.0,3.0,7.0,0.0,5.0,5.0,18.0,2.0,0.0,0.0,0.0,False,True,False,False,False,Java
0601000,060100007,5.0,3.0,23.0,1.0,1.0,5.0,7.0,0.0,5.0,5.0,18.0,2.0,0.0,0.0,0.0,False,False,True,False,False,Java
0601041,060104102,2.0,3.0,29.0,1.0,1.0,3.0,7.0,0.0,,5.0,18.0,2.0,300000.0,0.0,0.0,False,False,True,False,False,Java
0601100,060110001,1.0,1.0,58.0,1.0,1.0,2.0,5.0,0.0,,5.0,18.0,2.0,100000.0,0.0,0.0,False,True,False,False,False,Java
0601100,060110002,2.0,3.0,55.0,1.0,1.0,2.0,5.0,0.0,,5.0,18.0,2.0,200000.0,500000.0,13.122365377402328,False,False,True,False,False,Java
0601100,060110003,3.0,1.0,34.0,1.0,1.0,3.0,7.0,0.0,,5.0,18.0,2.0,100000.0,0.0,0.0,False,True,False,False,False,Java
0601100,060110004,3.0,3.0,28.0,1.0,1.0,3.0,7.0,0.0,,5.0,18.0,2.0,0.0,0.0,0.0,False,False,True,False,False,Java
0601141,060114102,2.0,3.0,31.0,1.0,1.0,3.0,7.0,0.0,,5.0,18.0,2.0,0.0,0.0,0.0,False,False,True,False,False,Java
0601151,060115101,1.0,1.0,38.0,1.0,1.0,74.0,7.0,1.0,9.0,5.0,18.0,2.0,500000.0,1000000.0,13.815511557963774,True,True,False,True,False,Java
0601200,060120001,1.0,1.0,49.0,1.0,1.0,2.0,7.0,0.0,,5.0,18.0,2.0,0.0,0.0,0.0,False,True,False,False,False,Java
0601200,060120002,2.0,3.0,43.0,1.0,1.0,2.0,7.0,0.0,,5.0,18.0,2.0,0.0,50000.0,10.819798284210286,False,False,True,False,False,Java
0601200,060120003,3.0,1.0,27.0,1.0,1.0,3.0,7.0,0.0,,5.0,18.0,2.0,0.0,0.0,0.0,False,True,False,False,False,Java
0601200,060120004,3.0,3.0,25.0,1.0,1.0,73.0,7.0,0.0,,5.0,18.0,2.0,0.0,0.0,0.0,False,False,True,False,False,Java
0601200,060120005,3.0,1.0,18.0,1.0,1.0,3.0,7.0,0.0,5.0,5.0,18.0,2.0,50000.0,200000.0,12.206077645517674,False,True,False,False,False,Java
0601241,060124104,3.0,3.0,27.0,1.0,1.0,3.0,1.0,0.0,,5.0,18.0,2.0,0.0,300000.0,12.611541086966117,False,False,True,False,False,Java
0601242,060124203,1.0,1.0,29.0,1.0,1.0,3.0,7.0,1.0,11.0,5.0,18.0,2.0,0.0,0.0,0.0,True,True,False,True,False,Java
0601300,060130002,1.0,3.0,72.0,1.0,1.0,2.0,7.0,0.0,,5.0,18.0,2.0,0.0,0.0,0.0,False,False,True,False,False,Java
0601400,060140001,1.0,1.0,73.0,1.0,1.0,2.0,4.0,0.0,,5.0,18.0,2.0,0.0,75000.0,11.225256725762891,False,True,False,False,False,Java
0601400,060140002,2.0,3.0,54.0,1.0,1.0,1.0,96.0,1.0,98.0,5.0,18.0,2.0,0.0,0.0,0.0,True,False,True,False,True,Java
0601400,060140003,3.0,1.0,40.0,1.0,1.0,73.0,7.0,0.0,,5.0,18.0,2.0,,,,False,True,False,False,False,Java
0601400,060140005,3.0,1.0,34.0,1.0,1.0,73.0,7.0,0.0,5.0,5.0,18.0,2.0,0.0,0.0,0.0,False,True,False,False,False,Java
0601400,060140006,3.0,1.0,31.0,1.0,1.0,73.0,7.0,0.0,,5.0,18.0,2.0,0.0,0.0,0.0,False,True,False,False,False,Java
0601400,060140007,3.0,3.0,29.0,1.0,1.0,2.0,7.0,0.0,,5.0,18.0,2.0,0.0,0.0,0.0,False,False,True,False,False,Java
0601431,060143102,2.0,3.0,36.0,1.0,1.0,3.0,7.0,0.0,,5.0,18.0,2.0,0.0,0.0,0.0,False,False,True,False,False,Java
0601451,060145102,2.0,3.0,33.0,1.0,1.0,3.0,0.0,0.0,5.0,5.0,18.0,2.0,0.0,500000.0,13.122365377402328,False,False,True,False,False,Java
0601500,060150002,7.0,3.0,85.0,1.0,1.0,2.0,2.0,0.0,,5.0,18.0,2.0,0.0,0.0,0.0,False,False,True,False,False,Java
0601500,060150003,2.0,3.0,34.0,1.0,1.0,2.0,7.0,0.0,5.0,5.0,18.0,2.0,0.0,0.0,0.0,False,False,True,False,False,Java
0601500,060150004,9.0,3.0,31.0,1.0,1.0,2.0,7.0,0.0,,5.0,18.0,2.0,0.0,0.0,0.0,False,False,True,False,False,Java
0601500,060150006,9.0,1.0,35.0,1.0,1.0,2.0,7.0,0.0,,5.0,18.0,2.0,50000.0,0.0,0.0,False,True,False,False,False,Java
0601500,060150008,1.0,1.0,37.0,1.0,1.0,2.0,2.0,0.0,5.0,5.0,18.0,2.0,0.0,0.0,0.0,False,True,False,False,False,Java
0601611,060160003,5.0,1.0,34.0,1.0,1.0,3.0,0.0,1.0,5.0,2.0,16.0,2.0,200000.0,0.0,0.0,True,True,False,True,False,Java
0601650,060165002,2.0,3.0,36.0,1.0,1.0,73.0,7.0,1.0,6.0,2.0,16.0,2.0,600000.0,2700000.0,14.80876270134486,True,False,True,False,True,Java
0601700,060170001,1.0,1.0,57.0,1.0,1.0,61.0,7.0,0.0,,5.0,18.0,2.0,0.0,0.0,0.0,False,True,False,False,False,Java
0601700,060170002,2.0,3.0,48.0,1.0,1.0,5.0,7.0,0.0,,5.0,18.0,2.0,200000.0,500000.0,13.122365377402328,False,False,True,False,False,Java
0601700,060170003,3.0,1.0,27.0,1.0,1.0,61.0,7.0,0.0,,5.0,18.0,2.0,500000.0,0.0,0.0,False,True,False,False,False,Java
0601700,060170004,3.0,3.0,23.0,1.0,1.0,61.0,7.0,0.0,,5.0,18.0,2.0,50000.0,0.0,0.0,False,False,True,False,False,Java
0601700,060170007,5.0,1.0,28.0,1.0,1.0,61.0,7.0,0.0,5.0,5.0,18.0,2.0,1000000.0,0.0,0.0,False,True,False,False,False,Java
0601741,060174102,2.0,3.0,27.0,1.0,25.0,61.0,7.0,1.0,3.0,5.0,18.0,2.0,0.0,2100000.0,14.557448378884017,True,False,True,False,True,Java
0601800,060180004,8.0,1.0,43.0,1.0,1.0,3.0,7.0,0.0,,5.0,18.0,2.0,0.0,0.0,0.0,False,True,False,False,False,Java
0601800,060180006,1.0,1.0,47.0,1.0,1.0,2.0,5.0,0.0,,5.0,18.0,2.0,0.0,0.0,0.0,False,True,False,False,False,Java
0601800,060180007,2.0,3.0,43.0,1.0,1.0,2.0,5.0,0.0,,5.0,18.0,2.0,300000.0,1200000.0,13.997832948091215,False,False,True,False,False,Java
0601800,060180008,3.0,3.0,23.0,1.0,1.0,3.0,7.0,0.0,,5.0,18.0,2.0,0.0,0.0,0.0,False,False,True,False,False,Java
0601831,060183104,2.0,3.0,40.0,1.0,1.0,3.0,1.0,0.0,,5.0,18.0,2.0,0.0,2000000.0,14.508658238524095,False,False,True,False,False,Java
0601900,060190002,11.0,3.0,71.0,1.0,1.0,1.0,96.0,1.0,3.0,5.0,18.0,2.0,0.0,0.0,0.0,True,False,True,False,True,Java
0601900,060190004,9.0,3.0,44.0,1.0,1.0,2.0,7.0,0.0,,5.0,18.0,2.0,200000.0,0.0,0.0,False,False,True,False,False,Java
0601900,060190005,8.0,1.0,38.0,1.0,1.0,72.0,7.0,0.0,,71.0,18.0,1.0,0.0,0.0,0.0,False,True,False,False,False,Java
0601900,060190006,17.0,3.0,34.0,1.0,1.0,72.0,7.0,0.0,,5.0,18.0,2.0,0.0,0.0,0.0,False,False,True,False,False,Java
0601900,060190007,6.0,1.0,66.0,1.0,1.0,2.0,98.0,0.0,,5.0,18.0,2.0,0.0,0.0,0.0,False,True,False,False,False,Java
0601900,060190008,6.0,3.0,56.0,1.0,1.0,72.0,7.0,0.0,,5.0,18.0,2.0,0.0,0.0,0.0,False,False,True,False,False,Java
0601900,060190010,1.0,1.0,29.0,1.0,1.0,61.0,4.0,0.0,,5.0,18.0,2.0,0.0,0.0,0.0,False,True,False,False,False,Java
0601900,060190012,17.0,3.0,20.0,1.0,1.0,73.0,7.0,0.0,5.0,5.0,18.0,2.0,0.0,0.0,0.0,False,False,True,False,False,Java
0601900,060190013,17.0,1.0,17.0,1.0,1.0,3.0,7.0,0.0,5.0,5.0,18.0,2.0,0.0,1100000.0,13.910821646859096,False,True,False,False,False,Java
0601900,060190015,2.0,3.0,26.0,1.0,1.0,3.0,7.0,0.0,5.0,5.0,18.0,2.0,0.0,0.0,0.0,False,False,True,False,False,Java
0601941,060194105,1.0,1.0,61.0,1.0,1.0,1.0,96.0,0.0,5.0,5.0,18.0,2.0,0.0,0.0,0.0,False,True,False,False,False,Java
0601942,060194201,1.0,1.0,42.0,1.0,1.0,3.0,7.0,0.0,,5.0,18.0,2.0,150000.0,0.0,0.0,False,True,False,False,False,Java
0601951,060195102,8.0,3.0,28.0,1.0,1.0,6.0,7.0,0.0,71.0,71.0,18.0,1.0,0.0,0.0,0.0,False,False,True,False,False,Java
0602000,060200001,1.0,1.0,81.0,1.0,1.0,2.0,2.0,0.0,,5.0,18.0,2.0,0.0,0.0,0.0,False,True,False,False,False,Java
0602000,060200004,3.0,1.0,34.0,1.0,1.0,60.0,7.0,0.0,,5.0,18.0,2.0,2000000.0,0.0,0.0,False,True,False,False,False,Java
0602000,060200005,3.0,3.0,31.0,1.0,1.0,3.0,7.0,0.0,,10.0,18.0,1.0,0.0,0.0,0.0,False,False,True,False,False,Java
0602031,060203101,1.0,1.0,50.0,1.0,1.0,61.0,7.0,0.0,,10.0,18.0,1.0,100000.0,200000.0,12.206077645517674,False,True,False,False,False,Java
0602051,060205102,2.0,3.0,23.0,1.0,1.0,5.0,7.0,0.0,5.0,5.0,18.0,2.0,0.0,0.0,0.0,False,False,True,False,False,Java
0602100,060210003,8.0,1.0,38.0,1.0,1.0,3.0,7.0,0.0,,5.0,18.0,2.0,0.0,0.0,0.0,False,True,False,False,False,Java
0602100,060210004,1.0,3.0,34.0,1.0,1.0,3.0,7.0,0.0,,5.0,18.0,2.0,0.0,6000000.0,15.607270193858982,False,False,True,False,False,Java
0602100,060210005,9.0,3.0,46.0,1.0,1.0,3.0,7.0,0.0,,5.0,18.0,2.0,20000.0,0.0,0.0,False,False,True,False,False,Java
0602111,060211101,1.0,1.0,52.0,1.0,1.0,2.0,7.0,0.0,,5.0,18.0,2.0,0.0,0.0,0.0,False,True,False,False,False,Java
0602141,060214102,2.0,3.0,32.0,1.0,1.0,74.0,7.0,0.0,,5.0,18.0,2.0,0.0,0.0,0.0,False,False,True,False,False,Java
0602200,060220002,1.0,3.0,50.0,1.0,1.0,2.0,5.0,0.0,,5.0,18.0,2.0,0.0,0.0,0.0,False,False,True,False,False,Java
0602200,060220003,3.0,3.0,36.0,1.0,1.0,3.0,7.0,0.0,,5.0,18.0,2.0,0.0,0.0,0.0,False,False,True,False,False,Java
0602200,060220004,3.0,1.0,32.0,1.0,1.0,3.0,7.0,1.0,5.0,2.0,16.0,2.0,100000.0,0.0,0.0,True,True,False,True,False,Java
0602200,060220005,3.0,1.0,28.0,1.0,1.0,3.0,7.0,0.0,,5.0,18.0,2.0,200000.0,500000.0,13.122365377402328,False,True,False,False,False,Java
0602200,060220006,3.0,1.0,26.0,1.0,1.0,3.0,7.0,0.0,,2.0,16.0,2.0,2000000.0,2500000.0,14.731801689838347,False,True,False,False,False,Java
0602251,060225101,1.0,1.0,42.0,1.0,1.0,74.0,7.0,0.0,5.0,5.0,18.0,2.0,0.0,0.0,0.0,False,True,False,False,False,Java
0602252,060225202,2.0,3.0,27.0,1.0,1.0,3.0,7.0,0.0,2.0,2.0,16.0,2.0,0.0,0.0,0.0,False,False,True,False,False,Java
0602300,060230001,1.0,1.0,61.0,1.0,1.0,74.0,7.0,0.0,,5.0,18.0,2.0,200000.0,0.0,0.0,False,True,False,False,False,Java
0602300,060230002,2.0,3.0,53.0,1.0,1.0,73.0,7.0,0.0,,5.0,18.0,2.0,50000.0,0.0,0.0,False,False,True,False,False,Java
0602300,060230003,3.0,1.0,35.0,1.0,1.0,61.0,7.0,0.0,,5.0,18.0,2.0,0.0,3000000.0,14.914123179965662,False,True,False,False,False,Java
0602300,060230004,3.0,3.0,31.0,1.0,1.0,3.0,7.0,0.0,,5.0,18.0,2.0,0.0,300000.0,12.611541086966117,False,False,True,False,False,Java
0602300,060230005,3.0,3.0,26.0,1.0,1.0,74.0,7.0,0.0,,5.0,18.0,2.0,0.0,0.0,0.0,False,False,True,False,False,Java
0602300,060230007,3.0,3.0,15.0,1.0,1.0,3.0,2.0,0.0,5.0,5.0,18.0,2.0,0.0,50000.0,10.819798284210286,False,False,True,False,False,Java
0602341,060234102,1.0,1.0,30.0,1.0,1.0,6.0,7.0,0.0,5.0,5.0,18.0,2.0,0.0,0.0,0.0,False,True,False,False,False,Java
0602351,060235102,2.0,3.0,27.0,1.0,1.0,6.0,7.0,1.0,2.0,5.0,18.0,2.0,400000.0,0.0,0.0,True,False,True,False,True,Java
0602352,060235201,1.0,1.0,33.0,1.0,1.0,3.0,7.0,0.0,5.0,5.0,18.0,2.0,0.0,0.0,0.0,False,True,False,False,False,Java
0602500,060250001,1.0,1.0,66.0,1.0,1.0,2.0,4.0,0.0,,5.0,18.0,2.0,200000.0,0.0,0.0,False,True,False,False,False,Java
0602500,060250002,2.0,3.0,61.0,1.0,1.0,72.0,3.0,0.0,,5.0,18.0,2.0,300000.0,0.0,0.0,False,False,True,False,False,Java
0602500,060250004,3.0,1.0,34.0,1.0,1.0,3.0,7.0,1.0,5.0,9.0,12.0,2.0,0.0,0.0,0.0,True,True,False,True,False,Java
0602500,060250005,3.0,1.0,33.0,1.0,1.0,3.0,7.0,0.0,5.0,5.0,18.0,2.0,0.0,0.0,0.0,False,True,False,False,False,Java
0602500,060250006,3.0,3.0,29.0,1.0,1.0,6.0,7.0,0.0,,5.0,18.0,2.0,1000000.0,0.0,0.0,False,False,True,False,False,Java
0602500,060250007,3.0,3.0,25.0,1.0,1.0,6.0,7.0,0.0,,10.0,18.0,2.0,0.0,0.0,0.0,False,False,True,False,False,Java
0602551,060255102,2.0,3.0,29.0,1.0,1.0,6.0,7.0,0.0,9.0,9.0,12.0,2.0,0.0,0.0,0.0,False,False,True,False,False,Java
0602552,060255202,2.0,3.0,31.0,1.0,1.0,3.0,7.0,0.0,5.0,5.0,18.0,2.0,0.0,0.0,0.0,False,False,True,False,False,Java
0602553,060255301,1.0,1.0,27.0,1.0,1.0,3.0,7.0,0.0,10.0,10.0,18.0,2.0,0.0,0.0,0.0,False,True,False,False,False,Java
0602600,060260001,1.0,3.0,75.0,1.0,1.0,2.0,7.0,0.0,,5.0,18.0,2.0,50000.0,290000.0,12.577639650232571,False,False,True,False,False,Java
0602600,060260002,3.0,1.0,45.0,1.0,1.0,3.0,7.0,0.0,,8.0,16.0,2.0,0.0,0.0,0.0,False,True,False,False,False,Java
0602600,060260003,5.0,3.0,38.0,1.0,1.0,3.0,7.0,0.0,,8.0,16.0,2.0,0.0,0.0,0.0,False,False,True,False,False,Java
0602600,060260004,10.0,3.0,17.0,1.0,1.0,6.0,2.0,0.0,5.0,5.0,18.0,2.0,0.0,150000.0,11.918397239722838,False,False,True,False,False,Java
0602700,060270001,1.0,1.0,54.0,1.0,1.0,2.0,5.0,0.0,,5.0,18.0,2.0,0.0,0.0,0.0,False,True,False,False,False,Java
0602700,060270002,2.0,3.0,51.0,1.0,1.0,2.0,5.0,0.0,,5.0,18.0,2.0,0.0,0.0,0.0,False,False,True,False,False,Java
0602700,060270003,3.0,3.0,32.0,1.0,1.0,3.0,7.0,0.0,,5.0,18.0,2.0,0.0,0.0,0.0,False,False,True,False,False,Java
0602700,060270004,3.0,3.0,29.0,1.0,1.0,74.0,7.0,0.0,,5.0,18.0,2.0,0.0,0.0,0.0,False,False,True,False,False,Java
0602700,060270005,3.0,3.0,25.0,1.0,1.0,6.0,7.0,0.0,,5.0,18.0,2.0,0.0,0.0,0.0,False,False,True,False,False,Java
0602700,060270006,3.0,1.0,20.0,1.0,1.0,6.0,7.0,0.0,5.0,5.0,18.0,2.0,0.0,0.0,0.0,False,True,False,False,False,Java
0602700,060270007,3.0,1.0,15.0,1.0,1.0,6.0,0.0,0.0,5.0,5.0,18.0,2.0,0.0,0.0,0.0,False,True,False,False,False,Java
0602741,060274101,1.0,1.0,41.0,1.0,1.0,2.0,7.0,0.0,,5.0,18.0,2.0,0.0,0.0,0.0,False,True,False,False,False,Java
0602742,060274201,1.0,1.0,37.0,1.0,1.0,3.0,7.0,0.0,,5.0,18.0,2.0,0.0,0.0,0.0,False,True,False,False,False,Java
0602751,060275102,1.0,1.0,33.0,1.0,1.0,74.0,7.0,0.0,5.0,5.0,18.0,2.0,150000.0,0.0,0.0,False,True,False,False,False,Java
0602800,060280001,6.0,3.0,74.0,1.0,1.0,1.0,96.0,0.0,,5.0,18.0,2.0,0.0,0.0,0.0,False,False,True,False,False,Java
0602800,060280002,1.0,1.0,37.0,1.0,1.0,5.0,7.0,0.0,,5.0,18.0,2.0,0.0,0.0,0.0,False,True,False,False,False,Java
0602800,060280004,2.0,3.0,30.0,1.0,1.0,6.0,7.0,0.0,,5.0,18.0,2.0,0.0,0.0,0.0,False,False,True,False,False,Java
0602800,060280007,13.0,3.0,16.0,1.0,1.0,6.0,2.0,0.0,5.0,5.0,18.0,2.0,3600000.0,0.0,0.0,False,False,True,False,False,Java
0602900,060290001,1.0,1.0,49.0,1.0,1.0,2.0,2.0,0.0,,5.0,18.0,2.0,300000.0,0.0,0.0,False,True,False,False,False,Java
0602900,060290002,2.0,3.0,46.0,1.0,1.0,2.0,5.0,0.0,,5.0,18.0,2.0,200000.0,500000.0,13.122365377402328,False,False,True,False,False,Java
0602900,060290004,3.0,1.0,18.0,1.0,1.0,2.0,3.0,0.0,5.0,5.0,18.0,2.0,0.0,0.0,0.0,False,True,False,False,False,Java
0603000,060300005,1.0,1.0,72.0,1.0,1.0,2.0,0.0,0.0,5.0,5.0,18.0,2.0,0.0,0.0,0.0,False,True,False,False,False,Java
0603000,060300006,2.0,3.0,57.0,1.0,1.0,2.0,7.0,1.0,13.0,5.0,18.0,2.0,0.0,0.0,0.0,True,False,True,False,True,Java
0603000,060300008,3.0,1.0,35.0,1.0,1.0,2.0,7.0,0.0,5.0,5.0,18.0,2.0,0.0,1000000.0,13.815511557963774,False,True,False,False,False,Java
0611141,061114101,1.0,1.0,36.0,1.0,1.0,61.0,0.0,0.0,,7.0,18.0,2.0,1000000.0,4000000.0,15.201805169084134,False,True,False,False,False,Java
0611340,061130003,13.0,3.0,29.0,1.0,1.0,3.0,7.0,0.0,,7.0,18.0,2.0,0.0,0.0,0.0,False,False,True,False,False,Java
0620100,062010001,1.0,1.0,62.0,4.0,1.0,3.0,1.0,0.0,,12.0,18.0,2.0,200000.0,0.0,0.0,False,True,False,False,False,Java
0620100,062010002,2.0,3.0,56.0,4.0,1.0,2.0,3.0,0.0,,12.0,18.0,2.0,500000.0,0.0,0.0,False,False,True,False,False,Java
0620100,062010003,3.0,3.0,30.0,4.0,1.0,3.0,7.0,0.0,,2.0,16.0,2.0,500000.0,0.0,0.0,False,False,True,False,False,Java
0620100,062010004,3.0,1.0,27.0,1.0,1.0,5.0,7.0,0.0,,8.0,18.0,2.0,0.0,0.0,0.0,False,True,False,False,False,Java
0620100,062010005,3.0,3.0,22.0,4.0,1.0,5.0,7.0,0.0,,8.0,18.0,2.0,0.0,0.0,0.0,False,False,True,False,False,Java
0620100,062010006,3.0,3.0,19.0,4.0,1.0,3.0,7.0,0.0,12.0,12.0,18.0,2.0,0.0,0.0,0.0,False,False,True,False,False,Java
0620141,062014101,1.0,1.0,40.0,4.0,1.0,3.0,7.0,0.0,,2.0,16.0,2.0,150000.0,0.0,0.0,False,True,False,False,False,Java
0620142,062014203,2.0,3.0,26.0,1.0,1.0,5.0,7.0,1.0,3.0,8.0,18.0,2.0,0.0,0.0,0.0,True,False,True,False,True,Java
0620151,062015101,1.0,1.0,28.0,4.0,1.0,6.0,7.0,1.0,4.0,8.0,18.0,2.0,100000.0,0.0,0.0,True,True,False,True,False,Java
0620242,062024202,2.0,3.0,38.0,1.0,1.0,60.0,7.0,0.0,,11.0,18.0,2.0,0.0,0.0,0.0,False,False,True,False,False,Java
0620500,062050001,1.0,1.0,51.0,1.0,1.0,5.0,7.0,0.0,,12.0,18.0,2.0,0.0,0.0,0.0,False,True,False,False,False,Java
0620500,062050002,2.0,3.0,41.0,1.0,1.0,2.0,7.0,0.0,,12.0,18.0,2.0,0.0,0.0,0.0,False,False,True,False,False,Java
0620500,062050003,3.0,3.0,23.0,1.0,1.0,60.0,7.0,0.0,,74.0,31.0,1.0,0.0,0.0,0.0,False,False,True,False,False,Java
0620500,062050004,3.0,1.0,18.0,1.0,1.0,6.0,7.0,0.0,12.0,12.0,18.0,2.0,0.0,0.0,0.0,False,True,False,False,False,Java
0620700,062070001,1.0,1.0,53.0,1.0,1.0,2.0,1.0,0.0,,12.0,18.0,2.0,0.0,0.0,0.0,False,True,False,False,False,Java
0620700,062070002,2.0,3.0,51.0,1.0,1.0,2.0,4.0,0.0,,12.0,18.0,2.0,600000.0,0.0,0.0,False,False,True,False,False,Java
0620700,062070003,3.0,1.0,34.0,1.0,1.0,61.0,7.0,1.0,5.0,8.0,18.0,2.0,0.0,0.0,0.0,True,True,False,True,False,Java
0620700,062070005,3.0,3.0,24.0,1.0,1.0,60.0,7.0,0.0,,12.0,18.0,2.0,200000.0,0.0,0.0,False,False,True,False,False,Java
0620900,062090002,1.0,1.0,47.0,1.0,1.0,2.0,5.0,0.0,,12.0,18.0,2.0,0.0,0.0,0.0,False,True,False,False,False,Java
0620900,062090009,2.0,3.0,34.0,1.0,2.0,3.0,0.0,0.0,,12.0,18.0,2.0,50000.0,100000.0,11.51293546492023,False,False,True,False,False,Java
0620900,062090010,3.0,1.0,15.0,1.0,1.0,2.0,7.0,0.0,12.0,12.0,18.0,2.0,0.0,0.0,0.0,False,True,False,False,False,Java
0621100,062110003,8.0,1.0,35.0,1.0,2.0,98.0,98.0,0.0,,12.0,18.0,2.0,2000000.0,3000000.0,14.914123179965662,False,True,False,False,False,Java
0621100,062110004,1.0,1.0,31.0,1.0,2.0,2.0,7.0,0.0,,12.0,18.0,2.0,0.0,0.0,0.0,False,True,False,False,False,Java
0621100,062110006,2.0,3.0,32.0,1.0,1.0,2.0,7.0,1.0,10.0,12.0,18.0,2.0,0.0,0.0,0.0,True,False,True,False,True,Java
0621151,062115102,2.0,3.0,30.0,1.0,1.0,2.0,7.0,1.0,5.0,12.0,18.0,2.0,50000.0,0.0,0.0,True,False,True,False,True,Java
0621200,062120001,1.0,1.0,69.0,1.0,1.0,3.0,2.0,0.0,,12.0,18.0,2.0,0.0,0.0,0.0,False,True,False,False,False,Java
0621200,062120002,2.0,3.0,58.0,1.0,1.0,2.0,4.0,0.0,,12.0,18.0,2.0,0.0,0.0,0.0,False,False,True,False,False,Java
0621200,062120003,3.0,1.0,41.0,1.0,1.0,2.0,7.0,0.0,,5.0,18.0,2.0,0.0,0.0,0.0,False,True,False,False,False,Java
0621200,062120004,3.0,3.0,39.0,1.0,1.0,2.0,7.0,0.0,,12.0,18.0,2.0,0.0,0.0,0.0,False,False,True,False,False,Java
0621200,062120005,3.0,1.0,35.0,1.0,1.0,2.0,7.0,0.0,,71.0,18.0,1.0,6000000.0,0.0,0.0,False,True,False,False,False,Java
0621200,062120006,3.0,1.0,34.0,1.0,1.0,3.0,7.0,0.0,,12.0,18.0,2.0,0.0,0.0,0.0,False,True,False,False,False,Java
0621200,062120007,3.0,1.0,24.0,1.0,1.0,3.0,7.0,0.0,,12.0,18.0,2.0,1000000.0,0.0,0.0,False,True,False,False,False,Java
0621200,062120008,3.0,1.0,22.0,1.0,1.0,60.0,3.0,0.0,,71.0,18.0,1.0,0.0,2000000.0,14.508658238524095,False,True,False,False,False,Java
0621200,062120009,5.0,3.0,32.0,1.0,1.0,98.0,98.0,0.0,,12.0,18.0,2.0,200000.0,0.0,0.0,False,False,True,False,False,Java
0621231,062123103,4.0,1.0,16.0,1.0,1.0,3.0,2.0,0.0,12.0,12.0,18.0,2.0,0.0,0.0,0.0,False,True,False,False,False,Java
0621241,062124102,2.0,3.0,40.0,1.0,1.0,3.0,7.0,0.0,,5.0,18.0,2.0,0.0,0.0,0.0,False,False,True,False,False,Java
0621253,062125302,2.0,3.0,21.0,1.0,2.0,3.0,7.0,1.0,8.0,12.0,18.0,2.0,200000.0,0.0,0.0,True,False,True,False,True,Java
0621300,062130001,1.0,1.0,51.0,1.0,1.0,2.0,4.0,0.0,,12.0,18.0,2.0,0.0,0.0,0.0,False,True,False,False,False,Java
0621300,062130003,8.0,3.0,41.0,1.0,1.0,3.0,7.0,0.0,,5.0,18.0,2.0,100000.0,100000.0,11.51293546492023,False,False,True,False,False,Java
0621300,062130004,2.0,3.0,44.0,1.0,1.0,2.0,7.0,0.0,,12.0,18.0,2.0,0.0,0.0,0.0,False,False,True,False,False,Java
0621300,062130005,3.0,1.0,19.0,1.0,1.0,6.0,2.0,0.0,12.0,12.0,18.0,2.0,0.0,0.0,0.0,False,True,False,False,False,Java
0621300,062130006,3.0,3.0,16.0,1.0,1.0,3.0,2.0,0.0,12.0,12.0,18.0,2.0,0.0,0.0,0.0,False,False,True,False,False,Java
0621311,062131101,1.0,1.0,46.0,1.0,1.0,3.0,7.0,0.0,,5.0,18.0,2.0,300000.0,0.0,0.0,False,True,False,False,False,Java
0621400,062140001,1.0,1.0,72.0,1.0,1.0,2.0,98.0,1.0,7.0,12.0,18.0,2.0,0.0,0.0,0.0,True,True,False,True,False,Java
0621400,062140002,2.0,3.0,65.0,1.0,1.0,1.0,96.0,1.0,7.0,12.0,18.0,2.0,0.0,0.0,0.0,True,False,True,False,True,Java
0621400,062140003,3.0,1.0,37.0,1.0,1.0,3.0,7.0,0.0,,12.0,18.0,2.0,650000.0,0.0,0.0,False,True,False,False,False,Java
0621400,062140004,3.0,3.0,29.0,1.0,1.0,6.0,7.0,0.0,12.0,12.0,18.0,2.0,0.0,0.0,0.0,False,False,True,False,False,Java
0621400,062140005,3.0,1.0,27.0,1.0,1.0,3.0,7.0,0.0,,12.0,18.0,2.0,0.0,0.0,0.0,False,True,False,False,False,Java
0621400,062140006,3.0,3.0,22.0,1.0,1.0,5.0,7.0,0.0,,12.0,18.0,2.0,0.0,0.0,0.0,False,False,True,False,False,Java
0621400,062230002,3.0,3.0,41.0,1.0,1.0,2.0,7.0,0.0,,12.0,18.0,2.0,0.0,0.0,0.0,False,False,True,False,False,Java
0621400,062140009,5.0,1.0,42.0,1.0,1.0,2.0,7.0,0.0,,12.0,18.0,2.0,0.0,0.0,0.0,False,True,False,False,False,Java
0621400,062230003,10.0,3.0,25.0,1.0,1.0,5.0,7.0,0.0,,12.0,18.0,2.0,0.0,0.0,0.0,False,False,True,False,False,Java
0621411,062141102,6.0,3.0,65.0,1.0,1.0,2.0,0.0,0.0,,12.0,18.0,2.0,0.0,0.0,0.0,False,False,True,False,False,Java
0621411,062141105,1.0,1.0,32.0,1.0,1.0,2.0,7.0,1.0,72.0,12.0,18.0,2.0,0.0,0.0,0.0,True,True,False,True,False,Java
0621411,062141107,2.0,3.0,26.0,1.0,1.0,3.0,1.0,0.0,,12.0,18.0,2.0,0.0,0.0,0.0,False,False,True,False,False,Java
0621441,062144102,2.0,3.0,37.0,1.0,1.0,2.0,7.0,0.0,,8.0,18.0,2.0,8000000.0,0.0,0.0,False,False,True,False,False,Java
0621451,062145101,1.0,1.0,27.0,1.0,1.0,73.0,7.0,1.0,1.0,12.0,18.0,2.0,1000000.0,0.0,0.0,True,True,False,True,False,Java
0621600,062160003,9.0,1.0,42.0,1.0,1.0,2.0,7.0,0.0,,12.0,18.0,2.0,0.0,0.0,0.0,False,True,False,False,False,Java
0621600,062160004,2.0,3.0,33.0,1.0,1.0,3.0,7.0,1.0,4.0,12.0,18.0,2.0,0.0,0.0,0.0,True,False,True,False,True,Java
0621600,062160007,1.0,1.0,36.0,1.0,1.0,2.0,7.0,1.0,4.0,12.0,18.0,2.0,0.0,0.0,0.0,True,True,False,True,False,Java
0621641,062164102,2.0,3.0,46.0,1.0,1.0,3.0,2.0,0.0,,12.0,18.0,2.0,0.0,0.0,0.0,False,False,True,False,False,Java
0621700,062170001,1.0,1.0,74.0,1.0,1.0,2.0,7.0,0.0,5.0,5.0,18.0,2.0,0.0,350000.0,12.765691290604371,False,True,False,False,False,Java
0621900,062190002,1.0,3.0,62.0,1.0,1.0,1.0,96.0,0.0,,12.0,18.0,2.0,450000.0,0.0,0.0,False,False,True,False,False,Java
0621900,062190004,3.0,1.0,36.0,1.0,1.0,6.0,7.0,0.0,,12.0,18.0,2.0,0.0,0.0,0.0,False,True,False,False,False,Java
0621900,062190005,3.0,3.0,34.0,1.0,1.0,3.0,7.0,0.0,,12.0,18.0,2.0,0.0,0.0,0.0,False,False,True,False,False,Java
0621900,062190006,3.0,3.0,31.0,1.0,1.0,6.0,7.0,0.0,12.0,12.0,18.0,2.0,0.0,0.0,0.0,False,False,True,False,False,Java
0621900,062190007,3.0,3.0,29.0,1.0,1.0,3.0,7.0,0.0,,7.0,15.0,2.0,0.0,0.0,0.0,False,False,True,False,False,Java
0621900,062190008,3.0,3.0,25.0,1.0,1.0,6.0,7.0,0.0,,12.0,18.0,2.0,0.0,0.0,0.0,False,False,True,False,False,Java
0621900,062190009,3.0,3.0,18.0,1.0,1.0,5.0,7.0,0.0,12.0,12.0,18.0,2.0,200000.0,0.0,0.0,False,False,True,False,False,Java
0621900,062190010,10.0,3.0,15.0,1.0,1.0,3.0,1.0,0.0,12.0,12.0,18.0,2.0,0.0,0.0,0.0,False,False,True,False,False,Java
0621900,062190012,5.0,1.0,31.0,1.0,1.0,2.0,7.0,1.0,15.0,7.0,15.0,2.0,0.0,0.0,0.0,True,True,False,True,False,Java
0621931,062193101,1.0,1.0,37.0,1.0,1.0,2.0,7.0,0.0,,12.0,18.0,2.0,0.0,0.0,0.0,False,True,False,False,False,Java
0621941,062194102,2.0,3.0,39.0,1.0,1.0,3.0,1.0,0.0,,12.0,18.0,2.0,0.0,0.0,0.0,False,False,True,False,False,Java
0621942,062194203,1.0,1.0,28.0,1.0,1.0,5.0,7.0,1.0,5.0,12.0,18.0,2.0,0.0,0.0,0.0,True,True,False,True,False,Java
0621951,062195101,1.0,1.0,40.0,1.0,25.0,5.0,7.0,1.0,6.0,12.0,18.0,2.0,0.0,300000.0,12.611541086966117,True,True,False,True,False,Java
0622051,062205102,9.0,3.0,23.0,1.0,1.0,3.0,7.0,1.0,3.0,2.0,16.0,2.0,0.0,1000000.0,13.815511557963774,True,False,True,False,True,Java
0622053,062205302,2.0,3.0,20.0,1.0,1.0,3.0,1.0,0.0,12.0,12.0,18.0,2.0,0.0,2500000.0,14.731801689838347,False,False,True,False,False,Java
0622251,062225102,2.0,3.0,21.0,1.0,1.0,3.0,7.0,0.0,12.0,12.0,18.0,2.0,500000.0,0.0,0.0,False,False,True,False,False,Java
0622252,062225202,2.0,3.0,17.0,1.0,1.0,6.0,0.0,0.0,8.0,8.0,18.0,2.0,0.0,0.0,0.0,False,False,True,False,False,Java
0622400,062240001,1.0,1.0,79.0,1.0,1.0,2.0,2.0,0.0,,12.0,18.0,2.0,0.0,0.0,0.0,False,True,False,False,False,Java
0622400,062240002,2.0,3.0,58.0,1.0,1.0,2.0,3.0,0.0,,12.0,18.0,2.0,100000.0,0.0,0.0,False,False,True,False,False,Java
0622400,062240003,3.0,3.0,25.0,1.0,1.0,3.0,7.0,1.0,72.0,12.0,18.0,2.0,600000.0,0.0,0.0,True,False,True,False,True,Java
0622451,062245101,1.0,1.0,32.0,1.0,1.0,2.0,4.0,1.0,4.0,12.0,18.0,2.0,200000.0,0.0,0.0,True,True,False,True,False,Java
0622600,062260002,1.0,3.0,70.0,1.0,1.0,1.0,96.0,0.0,,12.0,18.0,2.0,0.0,0.0,0.0,False,False,True,False,False,Java
0622700,062270002,7.0,3.0,69.0,1.0,1.0,2.0,3.0,0.0,,12.0,18.0,2.0,50000.0,0.0,0.0,False,False,True,False,False,Java
0622700,062270003,9.0,1.0,41.0,1.0,1.0,3.0,7.0,1.0,21.0,7.0,15.0,2.0,0.0,0.0,0.0,True,True,False,True,False,Java
0622800,062280001,1.0,1.0,52.0,1.0,1.0,2.0,3.0,1.0,3.0,5.0,15.0,2.0,1000000.0,0.0,0.0,True,True,False,True,False,Java
0622800,062280002,2.0,3.0,50.0,1.0,1.0,2.0,4.0,1.0,8.0,5.0,15.0,2.0,0.0,0.0,0.0,True,False,True,False,True,Java
0622800,062280003,3.0,1.0,31.0,1.0,1.0,2.0,7.0,0.0,5.0,5.0,15.0,2.0,0.0,0.0,0.0,False,True,False,False,False,Java
0622800,062280005,3.0,1.0,20.0,1.0,1.0,74.0,7.0,0.0,5.0,5.0,15.0,2.0,0.0,0.0,0.0,False,True,False,False,False,Java
0622851,062285102,2.0,3.0,29.0,1.0,1.0,3.0,7.0,1.0,6.0,5.0,15.0,2.0,0.0,0.0,0.0,True,False,True,False,True,Java
0622900,062290003,2.0,3.0,34.0,1.0,1.0,3.0,7.0,0.0,,12.0,18.0,2.0,0.0,0.0,0.0,False,False,True,False,False,Java
0622900,062290004,13.0,3.0,26.0,1.0,1.0,98.0,98.0,0.0,12.0,12.0,18.0,2.0,0.0,0.0,0.0,False,False,True,False,False,Java
0622900,062290005,1.0,1.0,40.0,1.0,1.0,2.0,7.0,0.0,,12.0,18.0,2.0,0.0,0.0,0.0,False,True,False,False,False,Java
0622900,062290006,3.0,3.0,16.0,1.0,1.0,5.0,0.0,0.0,12.0,12.0,18.0,2.0,0.0,50000.0,10.819798284210286,False,False,True,False,False,Java
0623000,062300002,1.0,3.0,61.0,1.0,1.0,2.0,7.0,0.0,,3.0,16.0,2.0,0.0,0.0,0.0,False,False,True,False,False,Java
0623000,062300003,3.0,1.0,32.0,1.0,1.0,3.0,7.0,0.0,,3.0,16.0,2.0,0.0,0.0,0.0,False,True,False,False,False,Java
0623000,062300004,10.0,3.0,23.0,1.0,1.0,61.0,7.0,0.0,,74.0,31.0,1.0,0.0,0.0,0.0,False,False,True,False,False,Java
0623051,062305102,2.0,3.0,22.0,1.0,25.0,3.0,2.0,0.0,3.0,3.0,16.0,2.0,0.0,0.0,0.0,False,False,True,False,False,Java
0630100,063010001,1.0,1.0,60.0,1.0,1.0,3.0,1.0,0.0,,8.0,18.0,2.0,300000.0,0.0,0.0,False,True,False,False,False,Java
0630100,063010003,3.0,1.0,27.0,1.0,1.0,3.0,7.0,1.0,4.0,71.0,18.0,1.0,0.0,0.0,0.0,True,True,False,True,False,Java
0630200,063020001,1.0,1.0,66.0,1.0,1.0,2.0,1.0,0.0,,8.0,18.0,2.0,0.0,0.0,0.0,False,True,False,False,False,Java
0630200,063020002,2.0,3.0,56.0,1.0,1.0,2.0,1.0,0.0,,8.0,18.0,2.0,200000.0,0.0,0.0,False,False,True,False,False,Java
0630200,063020003,3.0,3.0,37.0,1.0,1.0,6.0,7.0,0.0,,8.0,18.0,2.0,500000.0,0.0,0.0,False,False,True,False,False,Java
0630200,063020006,5.0,1.0,45.0,1.0,1.0,98.0,98.0,0.0,,8.0,18.0,2.0,0.0,0.0,0.0,False,True,False,False,False,Java
0630241,063024102,1.0,3.0,47.0,1.0,1.0,2.0,4.0,0.0,,24.0,35.0,2.0,500000.0,0.0,0.0,False,False,True,False,False,Java
0630300,063030001,1.0,1.0,73.0,1.0,1.0,2.0,5.0,0.0,,8.0,18.0,2.0,0.0,0.0,0.0,False,True,False,False,False,Java
0630300,063030003,3.0,3.0,39.0,1.0,1.0,3.0,7.0,1.0,5.0,2.0,16.0,2.0,0.0,0.0,0.0,True,False,True,False,True,Java
0630300,063030004,3.0,1.0,33.0,1.0,1.0,2.0,4.0,0.0,,8.0,18.0,2.0,300000.0,0.0,0.0,False,True,False,False,False,Java
0630300,063030005,3.0,1.0,28.0,1.0,1.0,3.0,7.0,0.0,,8.0,18.0,2.0,0.0,0.0,0.0,False,True,False,False,False,Java
0630331,063033101,1.0,1.0,41.0,1.0,1.0,3.0,7.0,1.0,9.0,2.0,16.0,2.0,500000.0,0.0,0.0,True,True,False,True,False,Java
0630331,063033103,3.0,1.0,15.0,1.0,1.0,5.0,0.0,1.0,11.0,2.0,16.0,2.0,0.0,0.0,0.0,True,True,False,True,False,Java
0630351,063035102,2.0,3.0,27.0,1.0,1.0,3.0,7.0,1.0,3.0,8.0,18.0,2.0,0.0,0.0,0.0,True,False,True,False,True,Java
0630400,063040001,1.0,1.0,60.0,1.0,1.0,2.0,7.0,0.0,,8.0,18.0,2.0,0.0,0.0,0.0,False,True,False,False,False,Java
0630400,063040002,2.0,3.0,56.0,1.0,1.0,2.0,7.0,0.0,,8.0,18.0,2.0,0.0,0.0,0.0,False,False,True,False,False,Java
0630400,063040003,3.0,1.0,38.0,1.0,1.0,3.0,1.0,0.0,,9.0,15.0,2.0,0.0,0.0,0.0,False,True,False,False,False,Java
0630400,063040004,3.0,1.0,21.0,1.0,1.0,6.0,7.0,0.0,,8.0,18.0,2.0,0.0,0.0,0.0,False,True,False,False,False,Java
0630400,063040005,3.0,1.0,20.0,1.0,1.0,6.0,7.0,0.0,8.0,8.0,18.0,2.0,0.0,0.0,0.0,False,True,False,False,False,Java
0630400,063040006,3.0,3.0,16.0,1.0,1.0,6.0,1.0,0.0,8.0,8.0,18.0,2.0,0.0,0.0,0.0,False,False,True,False,False,Java
0630400,063040008,22.0,3.0,30.0,1.0,2.0,3.0,7.0,0.0,,11.0,18.0,2.0,0.0,0.0,0.0,False,False,True,False,False,Java
0630451,063045102,2.0,3.0,31.0,1.0,1.0,2.0,7.0,0.0,9.0,9.0,15.0,2.0,0.0,0.0,0.0,False,False,True,False,False,Java
0630452,063045205,5.0,1.0,28.0,1.0,1.0,2.0,7.0,1.0,71.0,11.0,18.0,2.0,0.0,0.0,0.0,True,True,False,True,False,Java
0630500,063050001,1.0,1.0,47.0,1.0,1.0,3.0,7.0,0.0,,4.0,18.0,2.0,100000.0,350000.0,12.765691290604371,False,True,False,False,False,Java
0630500,063050003,2.0,3.0,33.0,1.0,1.0,3.0,7.0,0.0,,4.0,18.0,2.0,0.0,0.0,0.0,False,False,True,False,False,Java
0630700,063070001,1.0,1.0,58.0,1.0,1.0,2.0,7.0,0.0,,8.0,18.0,2.0,500000.0,0.0,0.0,False,True,False,False,False,Java
0630700,063070002,2.0,3.0,49.0,1.0,1.0,2.0,7.0,0.0,,8.0,18.0,2.0,500000.0,0.0,0.0,False,False,True,False,False,Java
0630700,063070003,3.0,1.0,31.0,1.0,1.0,3.0,7.0,0.0,,6.0,16.0,1.0,500000.0,0.0,0.0,False,True,False,False,False,Java
0630700,063070004,3.0,3.0,29.0,1.0,1.0,3.0,7.0,0.0,,3.0,18.0,2.0,100000.0,0.0,0.0,False,False,True,False,False,Java
0630700,063070005,3.0,1.0,24.0,1.0,1.0,6.0,7.0,0.0,,6.0,16.0,1.0,0.0,0.0,0.0,False,True,False,False,False,Java
0630700,063070007,3.0,3.0,17.0,1.0,1.0,6.0,1.0,0.0,8.0,8.0,18.0,2.0,200000.0,0.0,0.0,False,False,True,False,False,Java
0630751,063075101,1.0,1.0,34.0,1.0,1.0,3.0,1.0,0.0,3.0,3.0,18.0,2.0,0.0,0.0,0.0,False,True,False,False,False,Java
0630800,063080001,1.0,1.0,53.0,1.0,1.0,5.0,1.0,0.0,,8.0,18.0,2.0,500000.0,5000000.0,15.424948670398354,False,True,False,False,False,Java
0630800,063080002,2.0,3.0,66.0,1.0,1.0,2.0,0.0,0.0,,8.0,18.0,2.0,0.0,0.0,0.0,False,False,True,False,False,Java
0630831,063083104,1.0,3.0,15.0,1.0,1.0,3.0,2.0,0.0,8.0,8.0,18.0,2.0,0.0,1000000.0,13.815511557963774,False,False,True,False,False,Java
0630900,063090001,1.0,1.0,66.0,1.0,1.0,2.0,3.0,0.0,,8.0,18.0,2.0,500000.0,0.0,0.0,False,True,False,False,False,Java
0630900,063090002,2.0,3.0,61.0,1.0,1.0,2.0,4.0,0.0,,8.0,18.0,2.0,0.0,0.0,0.0,False,False,True,False,False,Java
0630900,063090003,3.0,3.0,34.0,1.0,1.0,2.0,5.0,0.0,,71.0,18.0,1.0,0.0,300000.0,12.611541086966117,False,False,True,False,False,Java
0630900,063090005,3.0,1.0,25.0,1.0,1.0,2.0,7.0,1.0,8.0,9.0,14.0,2.0,300000.0,0.0,0.0,True,True,False,True,False,Java
0630900,063090006,10.0,1.0,20.0,1.0,1.0,2.0,5.0,0.0,8.0,8.0,18.0,2.0,0.0,300000.0,12.611541086966117,False,True,False,False,False,Java
0630931,063093102,1.0,1.0,39.0,1.0,9.0,2.0,4.0,0.0,,71.0,18.0,1.0,0.0,0.0,0.0,False,True,False,False,False,Java
0631000,063100002,1.0,3.0,42.0,1.0,1.0,5.0,7.0,0.0,,6.0,18.0,2.0,0.0,0.0,0.0,False,False,True,False,False,Java
0631000,063100005,3.0,3.0,15.0,1.0,1.0,6.0,0.0,1.0,8.0,6.0,18.0,2.0,0.0,50000.0,10.819798284210286,True,False,True,False,True,Java
0631100,063110002,5.0,1.0,39.0,1.0,2.0,2.0,4.0,0.0,,4.0,18.0,2.0,0.0,0.0,0.0,False,True,False,False,False,Java
0631100,063110003,3.0,3.0,37.0,1.0,1.0,5.0,0.0,0.0,,4.0,18.0,2.0,0.0,0.0,0.0,False,False,True,False,False,Java
0631100,063110004,1.0,1.0,73.0,1.0,1.0,2.0,98.0,1.0,3.0,4.0,18.0,2.0,0.0,0.0,0.0,True,True,False,True,False,Java
0631200,063120001,1.0,1.0,68.0,1.0,1.0,2.0,7.0,0.0,,8.0,18.0,2.0,0.0,8000000.0,15.894952224644102,False,True,False,False,False,Java
0631200,063120002,2.0,3.0,65.0,1.0,1.0,3.0,7.0,1.0,10.0,8.0,18.0,2.0,0.0,0.0,0.0,True,False,True,False,True,Java
0631200,063120005,3.0,3.0,34.0,1.0,1.0,6.0,7.0,0.0,,8.0,18.0,2.0,0.0,0.0,0.0,False,False,True,False,False,Java
0631200,063120006,3.0,3.0,28.0,1.0,1.0,74.0,7.0,0.0,,8.0,18.0,2.0,0.0,0.0,0.0,False,False,True,False,False,Java
0631251,063125101,1.0,1.0,27.0,1.0,5.0,6.0,7.0,1.0,98.0,8.0,18.0,2.0,0.0,2000000.0,14.508658238524095,True,True,False,True,False,Java
0631300,063130002,7.0,3.0,58.0,1.0,1.0,2.0,7.0,1.0,71.0,74.0,36.0,1.0,300000.0,0.0,0.0,True,False,True,False,True,Java
0631300,063130004,9.0,3.0,26.0,1.0,1.0,5.0,1.0,0.0,8.0,8.0,18.0,2.0,0.0,0.0,0.0,False,False,True,False,False,Java
0631300,063130005,2.0,3.0,23.0,1.0,1.0,5.0,7.0,0.0,8.0,8.0,18.0,2.0,0.0,0.0,0.0,False,False,True,False,False,Java
0631300,063130008,1.0,1.0,29.0,1.0,1.0,2.0,7.0,1.0,5.0,8.0,18.0,2.0,500000.0,0.0,0.0,True,True,False,True,False,Java
0631352,063135201,1.0,1.0,40.0,1.0,1.0,3.0,0.0,1.0,10.0,8.0,18.0,2.0,600000.0,200000.0,12.206077645517674,True,True,False,True,False,Java
0631541,063154101,1.0,1.0,33.0,1.0,1.0,6.0,1.0,0.0,,8.0,18.0,2.0,0.0,400000.0,12.899222326086994,False,True,False,False,False,Java
0631541,063150003,2.0,3.0,28.0,1.0,1.0,3.0,7.0,0.0,,8.0,18.0,2.0,100000.0,0.0,0.0,False,False,True,False,False,Java
0631600,063160001,1.0,1.0,62.0,1.0,1.0,5.0,7.0,0.0,,8.0,18.0,2.0,0.0,0.0,0.0,False,True,False,False,False,Java
0631600,063160002,2.0,3.0,53.0,1.0,1.0,2.0,7.0,0.0,,8.0,18.0,2.0,0.0,600000.0,13.304686600863562,False,False,True,False,False,Java
0631600,063160003,3.0,3.0,35.0,1.0,1.0,3.0,7.0,0.0,,71.0,19.0,1.0,0.0,0.0,0.0,False,False,True,False,False,Java
0631600,063160004,3.0,1.0,37.0,1.0,1.0,3.0,7.0,0.0,,8.0,18.0,2.0,0.0,0.0,0.0,False,True,False,False,False,Java
0631600,063160006,3.0,1.0,29.0,1.0,1.0,5.0,0.0,0.0,,8.0,18.0,2.0,0.0,0.0,0.0,False,True,False,False,False,Java
0631600,063160007,3.0,1.0,27.0,1.0,1.0,3.0,7.0,0.0,,8.0,18.0,2.0,300000.0,800000.0,13.592368256649284,False,True,False,False,False,Java
0631631,063163102,2.0,3.0,44.0,1.0,1.0,3.0,7.0,0.0,,8.0,18.0,2.0,0.0,0.0,0.0,False,False,True,False,False,Java
0631800,063180001,1.0,1.0,56.0,1.0,1.0,2.0,4.0,0.0,,8.0,18.0,2.0,0.0,0.0,0.0,False,True,False,False,False,Java
0631800,063180002,2.0,3.0,50.0,1.0,1.0,2.0,7.0,0.0,,8.0,18.0,2.0,0.0,0.0,0.0,False,False,True,False,False,Java
0631800,063180003,3.0,1.0,25.0,1.0,1.0,5.0,7.0,0.0,,8.0,18.0,2.0,450000.0,0.0,0.0,False,True,False,False,False,Java
0631800,063180006,5.0,3.0,22.0,1.0,1.0,60.0,0.0,1.0,4.0,8.0,18.0,2.0,0.0,1000000.0,13.815511557963774,True,False,True,False,True,Java
0631900,063190001,1.0,1.0,62.0,1.0,1.0,2.0,5.0,1.0,10.0,4.0,18.0,2.0,0.0,0.0,0.0,True,True,False,True,False,Java
0631900,063190002,21.0,3.0,47.0,1.0,1.0,2.0,7.0,0.0,,4.0,18.0,2.0,0.0,0.0,0.0,False,False,True,False,False,Java
0631900,063190003,3.0,3.0,29.0,1.0,1.0,5.0,1.0,1.0,10.0,4.0,18.0,2.0,100000.0,0.0,0.0,True,False,True,False,True,Java
0631900,063190004,3.0,1.0,26.0,1.0,1.0,3.0,7.0,0.0,4.0,4.0,18.0,2.0,0.0,0.0,0.0,False,True,False,False,False,Java
0631900,063190006,5.0,3.0,22.0,1.0,1.0,5.0,0.0,0.0,4.0,4.0,18.0,2.0,0.0,0.0,0.0,False,False,True,False,False,Java
0631951,063195101,1.0,1.0,31.0,1.0,1.0,2.0,7.0,0.0,4.0,4.0,18.0,2.0,1000000.0,0.0,0.0,False,True,False,False,False,Java
0632000,063200001,1.0,1.0,64.0,1.0,1.0,2.0,4.0,0.0,,8.0,18.0,2.0,1000000.0,0.0,0.0,False,True,False,False,False,Java
0632000,063200002,2.0,3.0,53.0,1.0,1.0,2.0,4.0,0.0,,8.0,18.0,2.0,50000.0,0.0,0.0,False,False,True,False,False,Java
0632000,063200003,3.0,1.0,34.0,1.0,1.0,2.0,7.0,1.0,4.0,75.0,12.0,1.0,0.0,3000000.0,14.914123179965662,True,True,False,True,False,Java
0632000,063200004,3.0,3.0,28.0,1.0,1.0,6.0,7.0,0.0,,8.0,18.0,2.0,500000.0,0.0,0.0,False,False,True,False,False,Java
0632000,063200006,7.0,1.0,41.0,1.0,1.0,6.0,7.0,0.0,,8.0,18.0,2.0,200000.0,0.0,0.0,False,True,False,False,False,Java
0632051,063205102,2.0,3.0,27.0,1.0,1.0,3.0,7.0,1.0,3.0,75.0,12.0,1.0,0.0,0.0,0.0,True,False,True,False,True,Java
0632100,063210001,1.0,1.0,56.0,1.0,1.0,2.0,3.0,0.0,,4.0,18.0,2.0,0.0,0.0,0.0,False,True,False,False,False,Java
0632100,063210002,2.0,3.0,49.0,1.0,1.0,2.0,2.0,0.0,,4.0,18.0,2.0,0.0,0.0,0.0,False,False,True,False,False,Java
0632100,063210003,3.0,1.0,32.0,1.0,1.0,3.0,7.0,0.0,,4.0,34.0,1.0,0.0,0.0,0.0,False,True,False,False,False,Java
0632100,063210005,3.0,3.0,22.0,1.0,1.0,3.0,7.0,0.0,,4.0,18.0,2.0,0.0,0.0,0.0,False,False,True,False,False,Java
0632100,063210006,5.0,1.0,56.0,1.0,1.0,6.0,7.0,0.0,,4.0,18.0,2.0,0.0,0.0,0.0,False,True,False,False,False,Java
0632151,063215102,2.0,3.0,46.0,1.0,1.0,5.0,7.0,1.0,71.0,4.0,34.0,1.0,0.0,900000.0,13.71015115341694,True,False,True,False,True,Java
0632151,063215104,4.0,1.0,15.0,1.0,1.0,5.0,0.0,1.0,71.0,4.0,34.0,1.0,0.0,200000.0,12.206077645517674,True,True,False,True,False,Java
0632200,063220001,1.0,1.0,54.0,1.0,1.0,2.0,1.0,0.0,,8.0,18.0,2.0,0.0,0.0,0.0,False,True,False,False,False,Java
0632200,063220002,2.0,3.0,48.0,1.0,1.0,2.0,4.0,0.0,,8.0,18.0,2.0,200000.0,0.0,0.0,False,False,True,False,False,Java
0632200,063220003,3.0,1.0,28.0,1.0,1.0,3.0,7.0,0.0,,8.0,18.0,2.0,0.0,0.0,0.0,False,True,False,False,False,Java
0632200,063220004,3.0,3.0,23.0,1.0,1.0,74.0,1.0,0.0,,8.0,18.0,2.0,0.0,0.0,0.0,False,False,True,False,False,Java
0632241,063224104,1.0,1.0,31.0,1.0,1.0,3.0,7.0,1.0,9.0,8.0,18.0,2.0,50000.0,0.0,0.0,True,True,False,True,False,Java
0632251,063225102,2.0,3.0,25.0,1.0,1.0,3.0,7.0,0.0,8.0,8.0,18.0,2.0,0.0,0.0,0.0,False,False,True,False,False,Java
0632300,063230001,1.0,1.0,58.0,1.0,1.0,2.0,7.0,1.0,27.0,8.0,18.0,2.0,70000.0,0.0,0.0,True,True,False,True,False,Java
0632300,063230003,3.0,1.0,39.0,1.0,1.0,3.0,7.0,0.0,,8.0,18.0,2.0,0.0,0.0,0.0,False,True,False,False,False,Java
0632300,063230005,3.0,1.0,34.0,1.0,1.0,3.0,7.0,1.0,9.0,71.0,18.0,1.0,0.0,0.0,0.0,True,True,False,True,False,Java
0632300,063230006,3.0,1.0,32.0,1.0,1.0,3.0,7.0,1.0,98.0,11.0,18.0,2.0,0.0,0.0,0.0,True,True,False,True,False,Java
0632300,063230007,3.0,3.0,29.0,1.0,1.0,3.0,7.0,0.0,,12.0,18.0,2.0,0.0,200000.0,12.206077645517674,False,False,True,False,False,Java
0632300,063230009,3.0,1.0,23.0,1.0,1.0,3.0,7.0,0.0,,8.0,18.0,2.0,0.0,500000.0,13.122365377402328,False,True,False,False,False,Java
0632300,063230011,3.0,3.0,20.0,1.0,1.0,14.0,7.0,1.0,8.0,12.0,18.0,2.0,0.0,200000.0,12.206077645517674,True,False,True,False,True,Java
0632300,063230013,3.0,3.0,15.0,1.0,1.0,3.0,2.0,0.0,8.0,8.0,18.0,2.0,0.0,200000.0,12.206077645517674,False,False,True,False,False,Java
0632300,063230016,5.0,3.0,40.0,1.0,1.0,98.0,98.0,0.0,,11.0,18.0,2.0,200000.0,0.0,0.0,False,False,True,False,False,Java
0632300,063230018,2.0,3.0,39.0,1.0,1.0,2.0,7.0,1.0,27.0,8.0,18.0,2.0,0.0,0.0,0.0,True,False,True,False,True,Java
0632341,063234102,2.0,3.0,39.0,1.0,1.0,5.0,7.0,0.0,,8.0,18.0,2.0,0.0,0.0,0.0,False,False,True,False,False,Java
0632342,063234202,2.0,3.0,19.0,1.0,1.0,2.0,7.0,1.0,5.0,8.0,18.0,2.0,0.0,0.0,0.0,True,False,True,False,True,Java
0632351,063235102,2.0,3.0,32.0,1.0,14.0,6.0,7.0,1.0,9.0,71.0,18.0,1.0,0.0,0.0,0.0,True,False,True,False,True,Java
0632353,063235301,1.0,1.0,33.0,1.0,1.0,2.0,7.0,1.0,6.0,12.0,18.0,2.0,0.0,0.0,0.0,True,True,False,True,False,Java
0632400,063240002,1.0,3.0,61.0,1.0,1.0,1.0,96.0,0.0,,8.0,18.0,2.0,0.0,0.0,0.0,False,False,True,False,False,Java
0632400,063240003,3.0,3.0,44.0,1.0,1.0,2.0,7.0,0.0,,8.0,18.0,2.0,0.0,0.0,0.0,False,False,True,False,False,Java
0632400,063240004,3.0,3.0,38.0,1.0,1.0,2.0,7.0,0.0,,8.0,18.0,2.0,500000.0,0.0,0.0,False,False,True,False,False,Java
0632400,063240005,3.0,3.0,28.0,1.0,1.0,2.0,7.0,0.0,,8.0,18.0,2.0,0.0,0.0,0.0,False,False,True,False,False,Java
0632431,063243101,1.0,1.0,45.0,1.0,1.0,3.0,1.0,0.0,,8.0,18.0,2.0,0.0,0.0,0.0,False,True,False,False,False,Java
0632431,063243103,3.0,1.0,20.0,1.0,1.0,2.0,4.0,0.0,8.0,8.0,18.0,2.0,0.0,0.0,0.0,False,True,False,False,False,Java
0632431,063243104,3.0,1.0,16.0,1.0,1.0,2.0,3.0,0.0,8.0,8.0,18.0,2.0,0.0,50000.0,10.819798284210286,False,True,False,False,False,Java
0632441,063244101,1.0,1.0,52.0,1.0,1.0,2.0,4.0,0.0,,8.0,18.0,2.0,0.0,0.0,0.0,False,True,False,False,False,Java
0632441,063244103,3.0,1.0,18.0,1.0,1.0,6.0,2.0,0.0,8.0,8.0,18.0,2.0,0.0,0.0,0.0,False,True,False,False,False,Java
0632500,063250005,1.0,1.0,78.0,1.0,1.0,3.0,7.0,1.0,27.0,8.0,18.0,2.0,0.0,0.0,0.0,True,True,False,True,False,Java
0632500,063250006,2.0,3.0,74.0,1.0,1.0,2.0,7.0,1.0,27.0,8.0,18.0,2.0,0.0,0.0,0.0,True,False,True,False,True,Java
0632600,063260001,1.0,1.0,49.0,1.0,1.0,2.0,4.0,0.0,,8.0,18.0,2.0,500000.0,0.0,0.0,False,True,False,False,False,Java
0632600,063260002,2.0,3.0,45.0,1.0,1.0,1.0,96.0,0.0,,8.0,18.0,2.0,0.0,0.0,0.0,False,False,True,False,False,Java
0632600,063260003,3.0,3.0,30.0,1.0,1.0,2.0,7.0,0.0,,8.0,18.0,2.0,0.0,0.0,0.0,False,False,True,False,False,Java
0632600,063260004,3.0,1.0,27.0,1.0,1.0,3.0,7.0,0.0,,8.0,18.0,2.0,0.0,0.0,0.0,False,True,False,False,False,Java
0632600,063260005,3.0,3.0,24.0,1.0,1.0,3.0,7.0,0.0,,8.0,18.0,2.0,500000.0,0.0,0.0,False,False,True,False,False,Java
0632600,063260007,5.0,1.0,34.0,1.0,2.0,2.0,7.0,0.0,,8.0,18.0,2.0,0.0,0.0,0.0,False,True,False,False,False,Java
0632652,063265202,2.0,3.0,22.0,1.0,1.0,3.0,7.0,1.0,7.0,8.0,18.0,2.0,0.0,0.0,0.0,True,False,True,False,True,Java
0632712,063270004,1.0,1.0,49.0,1.0,1.0,2.0,4.0,0.0,,8.0,18.0,2.0,0.0,0.0,0.0,False,True,False,False,False,Java
0632712,063271202,2.0,3.0,47.0,1.0,1.0,1.0,96.0,0.0,,8.0,18.0,2.0,0.0,1000000.0,13.815511557963774,False,False,True,False,False,Java
0632712,063271204,3.0,1.0,17.0,1.0,1.0,6.0,1.0,0.0,8.0,8.0,18.0,2.0,0.0,1000000.0,13.815511557963774,False,True,False,False,False,Java
0632800,063280001,1.0,1.0,81.0,1.0,1.0,2.0,7.0,0.0,,8.0,18.0,2.0,0.0,0.0,0.0,False,True,False,False,False,Java
0632800,063280002,2.0,3.0,64.0,1.0,1.0,2.0,4.0,0.0,,8.0,18.0,2.0,300000.0,0.0,0.0,False,False,True,False,False,Java
0632800,063280003,3.0,1.0,40.0,1.0,1.0,73.0,7.0,0.0,,2.0,35.0,2.0,50000.0,0.0,0.0,False,True,False,False,False,Java
0632800,063280005,3.0,3.0,28.0,1.0,1.0,3.0,7.0,0.0,5.0,5.0,18.0,2.0,0.0,0.0,0.0,False,False,True,False,False,Java
0632800,063280006,3.0,1.0,22.0,1.0,1.0,74.0,7.0,0.0,,8.0,18.0,2.0,0.0,0.0,0.0,False,True,False,False,False,Java
0632851,063285101,1.0,1.0,34.0,1.0,1.0,2.0,7.0,1.0,3.0,5.0,18.0,2.0,0.0,0.0,0.0,True,True,False,True,False,Java
0632900,063290001,1.0,1.0,54.0,1.0,1.0,1.0,96.0,0.0,,8.0,18.0,2.0,,,,False,True,False,False,False,Java
0632900,063290002,2.0,3.0,49.0,1.0,1.0,3.0,7.0,0.0,,8.0,18.0,2.0,300000.0,0.0,0.0,False,False,True,False,False,Java
0632900,063290003,3.0,1.0,33.0,1.0,1.0,5.0,7.0,0.0,,8.0,18.0,2.0,50000.0,0.0,0.0,False,True,False,False,False,Java
0632900,063290004,3.0,3.0,30.0,1.0,1.0,6.0,7.0,0.0,,8.0,18.0,2.0,300000.0,0.0,0.0,False,False,True,False,False,Java
0632941,063294101,1.0,1.0,32.0,1.0,1.0,3.0,7.0,0.0,,8.0,18.0,2.0,0.0,0.0,0.0,False,True,False,False,False,Java
0640100,064010003,1.0,1.0,37.0,1.0,1.0,2.0,4.0,1.0,71.0,7.0,18.0,2.0,0.0,0.0,0.0,True,True,False,True,False,Java
0640100,064010004,8.0,1.0,30.0,1.0,1.0,2.0,5.0,0.0,,8.0,18.0,2.0,50000.0,0.0,0.0,False,True,False,False,False,Java
0640100,064010005,8.0,3.0,29.0,1.0,1.0,2.0,7.0,0.0,,8.0,18.0,2.0,0.0,0.0,0.0,False,False,True,False,False,Java
0640100,064010006,2.0,3.0,37.0,1.0,1.0,3.0,7.0,0.0,,7.0,18.0,2.0,0.0,0.0,0.0,False,False,True,False,False,Java
0640100,064010007,3.0,3.0,15.0,1.0,1.0,6.0,0.0,1.0,8.0,7.0,18.0,2.0,0.0,500000.0,13.122365377402328,True,False,True,False,True,Java
0640141,064014102,2.0,3.0,26.0,1.0,2.0,2.0,7.0,0.0,,8.0,18.0,2.0,0.0,0.0,0.0,False,False,True,False,False,Java
0640142,064014201,1.0,1.0,30.0,1.0,1.0,2.0,7.0,0.0,,8.0,18.0,2.0,0.0,0.0,0.0,False,True,False,False,False,Java
0640500,064050001,1.0,1.0,52.0,1.0,1.0,2.0,7.0,0.0,71.0,71.0,18.0,1.0,0.0,0.0,0.0,False,True,False,False,False,Java
0640500,064050002,2.0,3.0,50.0,1.0,1.0,2.0,1.0,0.0,,71.0,18.0,1.0,0.0,0.0,0.0,False,False,True,False,False,Java
0640500,064050003,3.0,3.0,27.0,1.0,1.0,2.0,7.0,0.0,,71.0,18.0,1.0,0.0,0.0,0.0,False,False,True,False,False,Java
0640500,064050004,7.0,3.0,71.0,1.0,1.0,98.0,98.0,1.0,9.0,71.0,18.0,1.0,0.0,0.0,0.0,True,False,True,False,True,Java
0640652,064065203,3.0,3.0,20.0,1.0,9.0,6.0,7.0,0.0,71.0,71.0,18.0,1.0,0.0,0.0,0.0,False,False,True,False,False,Minang
0640653,064065301,1.0,1.0,28.0,1.0,1.0,6.0,2.0,0.0,71.0,71.0,18.0,1.0,600000.0,2500000.0,14.731801689838347,False,True,False,False,False,Java
0640800,064080002,7.0,3.0,75.0,1.0,1.0,1.0,96.0,1.0,98.0,71.0,18.0,1.0,0.0,0.0,0.0,True,False,True,False,True,Java
0640800,064080004,9.0,1.0,39.0,1.0,1.0,2.0,7.0,0.0,71.0,71.0,18.0,1.0,0.0,0.0,0.0,False,True,False,False,False,Java
0640800,064080005,9.0,3.0,38.0,1.0,1.0,2.0,7.0,0.0,,71.0,18.0,1.0,0.0,0.0,0.0,False,False,True,False,False,Java
0640800,064080006,9.0,3.0,35.0,1.0,1.0,3.0,7.0,0.0,,71.0,18.0,1.0,400000.0,0.0,0.0,False,False,True,False,False,Java
0640800,064080007,2.0,3.0,31.0,1.0,1.0,3.0,7.0,0.0,,71.0,18.0,1.0,0.0,0.0,0.0,False,False,True,False,False,Java
0640800,064080008,16.0,1.0,40.0,1.0,2.0,2.0,7.0,0.0,,71.0,18.0,1.0,1000000.0,500000.0,13.122365377402328,False,True,False,False,False,Java
0640800,064080009,13.0,1.0,15.0,1.0,1.0,3.0,1.0,0.0,71.0,71.0,18.0,1.0,0.0,50000.0,10.819798284210286,False,True,False,False,False,Java
0640800,064080011,1.0,1.0,37.0,1.0,1.0,6.0,7.0,0.0,71.0,71.0,18.0,1.0,0.0,0.0,0.0,False,True,False,False,False,Java
0640841,064083103,2.0,3.0,38.0,1.0,14.0,60.0,7.0,0.0,,71.0,18.0,1.0,0.0,0.0,0.0,False,False,True,False,False,Java
0640841,064083107,3.0,3.0,16.0,1.0,1.0,5.0,0.0,0.0,71.0,71.0,18.0,1.0,0.0,100000.0,11.51293546492023,False,False,True,False,False,Java
0640843,064081101,1.0,1.0,36.0,1.0,1.0,3.0,7.0,0.0,71.0,71.0,18.0,1.0,0.0,0.0,0.0,False,True,False,False,False,Java
0640843,064081103,3.0,1.0,18.0,1.0,1.0,6.0,2.0,0.0,71.0,71.0,18.0,1.0,0.0,300000.0,12.611541086966117,False,True,False,False,False,Java
0641000,064100005,1.0,3.0,49.0,1.0,1.0,2.0,7.0,0.0,,71.0,18.0,1.0,0.0,0.0,0.0,False,False,True,False,False,Java
0641000,064100008,3.0,1.0,19.0,1.0,1.0,6.0,1.0,0.0,71.0,71.0,18.0,1.0,0.0,0.0,0.0,False,True,False,False,False,Java
0641000,064100009,3.0,1.0,17.0,1.0,1.0,3.0,7.0,0.0,71.0,71.0,18.0,1.0,0.0,60000.0,11.002116507732016,False,True,False,False,False,Java
0641000,064100010,3.0,3.0,15.0,1.0,1.0,3.0,2.0,0.0,71.0,71.0,18.0,1.0,0.0,200000.0,12.206077645517674,False,False,True,False,False,Java
0641200,064120001,1.0,1.0,50.0,1.0,1.0,2.0,2.0,0.0,,6.0,18.0,2.0,0.0,0.0,0.0,False,True,False,False,False,Java
0641200,064120002,2.0,3.0,42.0,1.0,1.0,2.0,1.0,0.0,,6.0,18.0,2.0,0.0,0.0,0.0,False,False,True,False,False,Java
0641200,064120004,3.0,3.0,21.0,1.0,1.0,3.0,7.0,1.0,71.0,3.0,18.0,2.0,0.0,0.0,0.0,True,False,True,False,True,Java
0641251,064125101,1.0,1.0,27.0,1.0,1.0,6.0,7.0,0.0,3.0,3.0,18.0,2.0,0.0,0.0,0.0,False,True,False,False,False,Java
0641300,064130001,1.0,1.0,44.0,1.0,1.0,6.0,7.0,0.0,,71.0,18.0,1.0,0.0,0.0,0.0,False,True,False,False,False,Java
0641300,064130002,2.0,3.0,42.0,1.0,1.0,5.0,7.0,0.0,,71.0,18.0,1.0,0.0,0.0,0.0,False,False,True,False,False,Java
0641441,064144103,3.0,1.0,16.0,1.0,1.0,6.0,0.0,0.0,71.0,71.0,18.0,1.0,0.0,100000.0,11.51293546492023,False,True,False,False,False,Java
0641700,064170008,1.0,1.0,42.0,1.0,1.0,3.0,7.0,0.0,,71.0,18.0,1.0,0.0,0.0,0.0,False,True,False,False,False,Java
0641700,064170011,2.0,3.0,40.0,1.0,1.0,2.0,7.0,0.0,,71.0,18.0,1.0,0.0,0.0,0.0,False,False,True,False,False,Java
0641931,064193106,3.0,3.0,32.0,1.0,1.0,3.0,7.0,0.0,71.0,71.0,18.0,1.0,0.0,0.0,0.0,False,False,True,False,False,Java
0641942,064194201,1.0,1.0,39.0,1.0,9.0,5.0,0.0,0.0,,71.0,18.0,1.0,200000.0,2500000.0,14.731801689838347,False,True,False,False,False,Minang
0641943,064194301,1.0,1.0,28.0,1.0,1.0,3.0,2.0,0.0,,71.0,18.0,1.0,0.0,500000.0,13.122365377402328,False,True,False,False,False,Java
0642200,064220001,1.0,1.0,48.0,1.0,1.0,2.0,4.0,0.0,,71.0,18.0,1.0,0.0,0.0,0.0,False,True,False,False,False,Java
0642200,064220002,2.0,3.0,48.0,1.0,26.0,2.0,98.0,0.0,,71.0,18.0,1.0,0.0,0.0,0.0,False,False,True,False,False,Java
0642200,064220003,3.0,1.0,28.0,1.0,1.0,2.0,7.0,0.0,,8.0,18.0,2.0,0.0,0.0,0.0,False,True,False,False,False,Java
0642200,064220004,3.0,3.0,22.0,1.0,1.0,3.0,7.0,0.0,,71.0,18.0,1.0,0.0,0.0,0.0,False,False,True,False,False,Java
0642200,064220005,3.0,3.0,19.0,1.0,1.0,2.0,7.0,0.0,71.0,71.0,18.0,1.0,0.0,0.0,0.0,False,False,True,False,False,Java
0642200,064220006,5.0,1.0,23.0,1.0,1.0,6.0,7.0,0.0,71.0,71.0,18.0,1.0,900000.0,0.0,0.0,False,True,False,False,False,Java
0642251,064225102,2.0,3.0,31.0,1.0,1.0,3.0,1.0,1.0,12.0,8.0,18.0,2.0,0.0,0.0,0.0,True,False,True,False,True,Java
0642400,064240001,1.0,1.0,53.0,1.0,1.0,1.0,96.0,0.0,,71.0,18.0,1.0,0.0,0.0,0.0,False,True,False,False,False,Java
0642400,064240002,2.0,3.0,47.0,1.0,1.0,2.0,2.0,0.0,,71.0,18.0,1.0,0.0,1000000.0,13.815511557963774,False,False,True,False,False,Java
0642400,064230002,6.0,3.0,76.0,1.0,1.0,1.0,96.0,1.0,73.0,71.0,18.0,1.0,0.0,0.0,0.0,True,False,True,False,True,Java
0642531,064253103,2.0,3.0,36.0,1.0,1.0,6.0,7.0,0.0,71.0,71.0,18.0,1.0,0.0,0.0,0.0,False,False,True,False,False,Java
0642600,064260002,2.0,3.0,57.0,1.0,1.0,2.0,7.0,0.0,,71.0,18.0,1.0,0.0,500000.0,13.122365377402328,False,False,True,False,False,Java
0642600,064260003,3.0,1.0,40.0,1.0,1.0,2.0,7.0,0.0,,71.0,18.0,1.0,0.0,50000.0,10.819798284210286,False,True,False,False,False,Java
0642600,064260004,3.0,3.0,36.0,1.0,1.0,2.0,7.0,0.0,,4.0,36.0,1.0,0.0,0.0,0.0,False,False,True,False,False,Java
0642600,064260007,3.0,3.0,26.0,1.0,1.0,2.0,7.0,0.0,71.0,71.0,18.0,1.0,0.0,0.0,0.0,False,False,True,False,False,Java
0642600,064260008,3.0,1.0,24.0,1.0,1.0,2.0,7.0,0.0,,71.0,18.0,1.0,0.0,0.0,0.0,False,True,False,False,False,Java
0642651,064265102,2.0,3.0,24.0,1.0,1.0,2.0,7.0,1.0,4.0,71.0,18.0,1.0,0.0,0.0,0.0,True,False,True,False,True,Java
0642652,064265201,1.0,1.0,39.0,1.0,1.0,2.0,7.0,1.0,5.0,71.0,18.0,1.0,200000.0,0.0,0.0,True,True,False,True,False,Java
0642653,064265302,2.0,3.0,25.0,1.0,25.0,72.0,7.0,1.0,9.0,71.0,18.0,1.0,0.0,0.0,0.0,True,False,True,False,True,Java
0642742,064274201,1.0,1.0,35.0,1.0,1.0,6.0,7.0,1.0,1.0,71.0,18.0,1.0,0.0,0.0,0.0,True,True,False,True,False,Java
0643000,064300001,1.0,1.0,60.0,1.0,1.0,74.0,2.0,0.0,,9.0,35.0,1.0,0.0,0.0,0.0,False,True,False,False,False,Java
0643000,064300002,2.0,3.0,49.0,1.0,1.0,74.0,1.0,0.0,,9.0,35.0,1.0,0.0,0.0,0.0,False,False,True,False,False,Java
0650300,065030003,2.0,3.0,29.0,1.0,14.0,6.0,7.0,0.0,,71.0,18.0,1.0,0.0,500000.0,13.122365377402328,False,False,True,False,False,Java
0650300,065030004,16.0,3.0,20.0,1.0,14.0,6.0,7.0,0.0,71.0,71.0,16.0,1.0,0.0,0.0,0.0,False,False,True,False,False,Java
0650300,065030008,1.0,1.0,34.0,1.0,1.0,5.0,7.0,0.0,71.0,71.0,18.0,1.0,0.0,700000.0,13.45883704259595,False,True,False,False,False,Java
0650531,065053102,2.0,3.0,32.0,1.0,1.0,3.0,7.0,0.0,,71.0,18.0,1.0,0.0,150000.0,11.918397239722838,False,False,True,False,False,Java
0650641,065064101,1.0,1.0,42.0,1.0,9.0,5.0,7.0,0.0,,71.0,18.0,1.0,0.0,0.0,0.0,False,True,False,False,False,Minang
0650641,065060003,2.0,3.0,33.0,1.0,9.0,6.0,7.0,0.0,,71.0,18.0,1.0,0.0,0.0,0.0,False,False,True,False,False,Minang
0650641,065060002,7.0,3.0,54.0,1.0,9.0,5.0,7.0,0.0,,71.0,18.0,1.0,0.0,0.0,0.0,False,False,True,False,False,Minang
0650800,065080001,1.0,1.0,46.0,1.0,1.0,2.0,98.0,0.0,,71.0,18.0,1.0,0.0,50000.0,10.819798284210286,False,True,False,False,False,Java
0650800,065080002,2.0,3.0,56.0,1.0,2.0,2.0,3.0,0.0,,71.0,18.0,1.0,0.0,0.0,0.0,False,False,True,False,False,Java
0650800,065080003,3.0,1.0,32.0,1.0,1.0,5.0,7.0,1.0,71.0,1.0,32.0,1.0,0.0,7900000.0,15.88237344401952,True,True,False,True,False,Java
0650800,065080004,3.0,1.0,26.0,1.0,1.0,3.0,2.0,0.0,,71.0,18.0,1.0,0.0,0.0,0.0,False,True,False,False,False,Java
0650800,065080005,3.0,1.0,25.0,1.0,1.0,3.0,1.0,0.0,,71.0,18.0,1.0,1200000.0,600000.0,13.304686600863562,False,True,False,False,False,Java
0650800,065080007,9.0,3.0,44.0,1.0,2.0,6.0,7.0,0.0,,71.0,18.0,1.0,20000.0,2000000.0,14.508658238524095,False,False,True,False,False,Java
0650800,065080008,9.0,1.0,46.0,1.0,2.0,2.0,7.0,0.0,,71.0,18.0,1.0,0.0,0.0,0.0,False,True,False,False,False,Java
0650800,065080009,3.0,1.0,19.0,1.0,1.0,3.0,1.0,0.0,71.0,71.0,18.0,1.0,0.0,0.0,0.0,False,True,False,False,False,Java
0650800,065080010,3.0,3.0,17.0,1.0,1.0,6.0,2.0,0.0,71.0,71.0,18.0,1.0,500000.0,250000.0,12.429220196836384,False,False,True,False,False,Java
0650800,065080014,5.0,3.0,19.0,1.0,98.0,3.0,1.0,0.0,71.0,71.0,18.0,1.0,0.0,0.0,0.0,False,False,True,False,False,Java
0650800,065080015,5.0,1.0,33.0,1.0,19.0,5.0,7.0,1.0,72.0,71.0,18.0,1.0,0.0,0.0,0.0,True,True,False,True,False,Java
0650853,065085303,3.0,1.0,21.0,1.0,1.0,3.0,7.0,0.0,71.0,71.0,18.0,1.0,100000.0,0.0,0.0,False,True,False,False,False,Java
0650911,065091106,1.0,1.0,41.0,1.0,1.0,5.0,7.0,0.0,,71.0,18.0,1.0,0.0,0.0,0.0,False,True,False,False,False,Java
0651200,065120001,1.0,1.0,59.0,1.0,1.0,4.0,1.0,0.0,,71.0,18.0,1.0,100000.0,0.0,0.0,False,True,False,False,False,Java
0651200,065120002,2.0,3.0,54.0,1.0,1.0,2.0,1.0,0.0,,71.0,18.0,1.0,0.0,0.0,0.0,False,False,True,False,False,Java
0651200,065120004,3.0,1.0,32.0,1.0,1.0,60.0,7.0,0.0,,71.0,18.0,1.0,1000000.0,0.0,0.0,False,True,False,False,False,Java
0651200,065120006,3.0,1.0,26.0,1.0,1.0,61.0,7.0,0.0,,71.0,18.0,1.0,0.0,0.0,0.0,False,True,False,False,False,Java
0651200,065120007,3.0,1.0,24.0,1.0,1.0,60.0,7.0,0.0,,71.0,18.0,1.0,1000000.0,0.0,0.0,False,True,False,False,False,Java
0651200,065120012,3.0,3.0,16.0,1.0,1.0,74.0,1.0,0.0,71.0,71.0,18.0,1.0,0.0,0.0,0.0,False,False,True,False,False,Java
0651600,065160009,13.0,3.0,20.0,1.0,1.0,61.0,4.0,0.0,,71.0,18.0,1.0,,,,False,False,True,False,False,Java
0651800,065180001,1.0,1.0,49.0,1.0,14.0,2.0,5.0,1.0,4.0,71.0,18.0,1.0,0.0,0.0,0.0,True,True,False,True,False,Java
0651800,065180006,2.0,3.0,40.0,1.0,1.0,3.0,1.0,0.0,,71.0,18.0,1.0,100000.0,200000.0,12.206077645517674,False,False,True,False,False,Java
0651800,065180007,4.0,1.0,23.0,1.0,1.0,6.0,7.0,0.0,,71.0,18.0,1.0,50000.0,50000.0,10.819798284210286,False,True,False,False,False,Java
0652000,065200003,9.0,1.0,49.0,1.0,98.0,5.0,7.0,0.0,,4.0,18.0,2.0,1000000.0,0.0,0.0,False,True,False,False,False,Java
0652000,065200004,2.0,3.0,51.0,1.0,2.0,5.0,7.0,0.0,,71.0,18.0,1.0,3000000.0,0.0,0.0,False,False,True,False,False,Java
0652000,065200005,1.0,1.0,52.0,1.0,1.0,5.0,7.0,0.0,,71.0,18.0,1.0,1000000.0,0.0,0.0,False,True,False,False,False,Java
0652000,065200007,3.0,1.0,24.0,1.0,1.0,60.0,0.0,0.0,,71.0,18.0,1.0,0.0,1000000.0,13.815511557963774,False,True,False,False,False,Java
0652000,065200008,3.0,1.0,20.0,1.0,1.0,61.0,0.0,0.0,71.0,71.0,18.0,1.0,0.0,700000.0,13.45883704259595,False,True,False,False,False,Java
0652000,065200009,9.0,3.0,45.0,1.0,1.0,61.0,7.0,0.0,,4.0,18.0,2.0,1000000.0,1500000.0,14.220976332738882,False,False,True,False,False,Java
0652000,065200010,13.0,1.0,18.0,1.0,1.0,61.0,0.0,0.0,71.0,71.0,18.0,1.0,0.0,15000.0,9.61587214452889,False,True,False,False,False,Java
0652000,065200012,5.0,3.0,25.0,1.0,1.0,6.0,7.0,0.0,71.0,71.0,18.0,1.0,0.0,1000000.0,13.815511557963774,False,False,True,False,False,Java
0660552,066055204,3.0,3.0,27.0,1.0,1.0,5.0,7.0,0.0,71.0,71.0,18.0,1.0,200000.0,0.0,0.0,False,False,True,False,False,Java
0661242,066124201,1.0,1.0,33.0,1.0,1.0,6.0,7.0,0.0,,71.0,18.0,1.0,2000000.0,0.0,0.0,False,True,False,False,False,Java
0661242,066120004,2.0,3.0,28.0,1.0,1.0,5.0,1.0,0.0,,71.0,18.0,1.0,0.0,0.0,0.0,False,False,True,False,False,Java
0661300,066130001,1.0,1.0,52.0,1.0,1.0,2.0,4.0,0.0,,71.0,18.0,1.0,0.0,0.0,0.0,False,True,False,False,False,Java
0661300,066130002,2.0,3.0,52.0,1.0,1.0,2.0,0.0,0.0,71.0,71.0,18.0,1.0,0.0,0.0,0.0,False,False,True,False,False,Java
0661300,066130003,4.0,3.0,36.0,1.0,1.0,2.0,4.0,1.0,4.0,71.0,18.0,1.0,0.0,0.0,0.0,True,False,True,False,True,Java
0661300,066130004,4.0,1.0,28.0,1.0,1.0,2.0,7.0,0.0,,71.0,18.0,1.0,0.0,300000.0,12.611541086966117,False,True,False,False,False,Java
0661300,066130005,3.0,3.0,22.0,1.0,1.0,5.0,7.0,0.0,71.0,71.0,18.0,1.0,300000.0,520000.0,13.161586013632684,False,False,True,False,False,Java
0661300,066130006,3.0,1.0,19.0,1.0,1.0,6.0,7.0,0.0,71.0,71.0,18.0,1.0,100000.0,400000.0,12.899222326086994,False,True,False,False,False,Java
0661300,066130007,3.0,1.0,17.0,1.0,1.0,6.0,1.0,0.0,71.0,71.0,18.0,1.0,0.0,0.0,0.0,False,True,False,False,False,Java
0661352,066135202,2.0,3.0,33.0,1.0,1.0,5.0,7.0,0.0,71.0,71.0,18.0,1.0,0.0,0.0,0.0,False,False,True,False,False,Java
0661400,066140001,1.0,1.0,58.0,1.0,1.0,2.0,1.0,0.0,,71.0,18.0,1.0,0.0,0.0,0.0,False,True,False,False,False,Java
0661400,066140002,2.0,3.0,52.0,1.0,1.0,1.0,96.0,0.0,,71.0,18.0,1.0,0.0,0.0,0.0,False,False,True,False,False,Java
0661400,066140004,3.0,1.0,24.0,1.0,1.0,5.0,7.0,0.0,,71.0,18.0,1.0,4200000.0,0.0,0.0,False,True,False,False,False,Java
0661400,066140006,3.0,3.0,21.0,1.0,1.0,61.0,1.0,0.0,71.0,71.0,18.0,1.0,0.0,0.0,0.0,False,False,True,False,False,Java
0661400,066140007,3.0,3.0,17.0,1.0,1.0,3.0,2.0,0.0,71.0,71.0,18.0,1.0,0.0,50000.0,10.819798284210286,False,False,True,False,False,Java
0661700,066170001,1.0,3.0,75.0,1.0,25.0,5.0,7.0,0.0,,71.0,18.0,1.0,0.0,0.0,0.0,False,False,True,False,False,Java
0661700,066170003,3.0,3.0,43.0,1.0,25.0,62.0,7.0,0.0,,71.0,18.0,1.0,2000000.0,0.0,0.0,False,False,True,False,False,Java
0670200,067020001,1.0,1.0,78.0,1.0,1.0,2.0,98.0,1.0,4.0,71.0,31.0,1.0,0.0,0.0,0.0,True,True,False,True,False,Java
0670200,067020003,3.0,3.0,50.0,1.0,1.0,61.0,98.0,0.0,71.0,71.0,31.0,1.0,0.0,0.0,0.0,False,False,True,False,False,Java
0670200,067020005,3.0,1.0,40.0,1.0,1.0,61.0,98.0,0.0,,6.0,35.0,1.0,0.0,0.0,0.0,False,True,False,False,False,Java
0670200,067020006,3.0,3.0,37.0,1.0,1.0,6.0,7.0,0.0,71.0,71.0,31.0,1.0,0.0,0.0,0.0,False,False,True,False,False,Java
0670200,067020008,10.0,1.0,25.0,1.0,2.0,60.0,2.0,0.0,71.0,71.0,31.0,1.0,0.0,1000000.0,13.815511557963774,False,True,False,False,False,Java
0670200,067020012,10.0,1.0,19.0,1.0,2.0,60.0,2.0,0.0,71.0,71.0,31.0,1.0,0.0,200000.0,12.206077645517674,False,True,False,False,False,Java
0670200,067020013,5.0,1.0,41.0,1.0,1.0,5.0,7.0,0.0,71.0,71.0,31.0,1.0,0.0,2000000.0,14.508658238524095,False,True,False,False,False,Java
0670200,067020014,10.0,1.0,15.0,1.0,1.0,5.0,0.0,0.0,71.0,71.0,31.0,1.0,0.0,100000.0,11.51293546492023,False,True,False,False,False,Java
0670231,067023102,2.0,3.0,31.0,1.0,1.0,5.0,7.0,0.0,,6.0,35.0,1.0,0.0,0.0,0.0,False,False,True,False,False,Java
0670400,067040003,8.0,3.0,45.0,1.0,1.0,61.0,98.0,0.0,,1.0,32.0,1.0,0.0,0.0,0.0,False,False,True,False,False,Java
0670400,067040004,8.0,1.0,43.0,1.0,1.0,61.0,3.0,0.0,71.0,71.0,36.0,1.0,0.0,0.0,0.0,False,True,False,False,False,Java
0670400,067040005,8.0,1.0,40.0,1.0,1.0,60.0,7.0,1.0,71.0,75.0,32.0,1.0,600000.0,0.0,0.0,True,True,False,True,False,Java
0670400,067040006,8.0,3.0,39.0,1.0,1.0,61.0,7.0,0.0,,71.0,31.0,1.0,0.0,0.0,0.0,False,False,True,False,False,Java
0670400,067040007,8.0,1.0,36.0,1.0,1.0,62.0,7.0,0.0,,71.0,31.0,1.0,0.0,0.0,0.0,False,True,False,False,False,Java
0670400,067040008,1.0,1.0,34.0,1.0,1.0,60.0,1.0,0.0,,71.0,31.0,1.0,0.0,0.0,0.0,False,True,False,False,False,Java
0670400,067040009,9.0,1.0,44.0,1.0,1.0,61.0,7.0,0.0,,1.0,32.0,1.0,0.0,0.0,0.0,False,True,False,False,False,Java
0670400,067040010,13.0,1.0,20.0,1.0,1.0,61.0,1.0,0.0,71.0,71.0,31.0,1.0,0.0,0.0,0.0,False,True,False,False,False,Java
0670400,067040011,13.0,1.0,15.0,1.0,1.0,5.0,0.0,0.0,71.0,71.0,36.0,1.0,0.0,100000.0,11.51293546492023,False,True,False,False,False,Java
0670400,067110003,9.0,3.0,37.0,1.0,1.0,5.0,7.0,0.0,,71.0,36.0,1.0,500000.0,0.0,0.0,False,False,True,False,False,Java
0670400,067040015,9.0,3.0,25.0,1.0,1.0,61.0,7.0,0.0,,71.0,31.0,1.0,1500000.0,0.0,0.0,False,False,True,False,False,Java
0670400,067040018,2.0,3.0,24.0,1.0,1.0,5.0,7.0,1.0,4.0,71.0,31.0,1.0,300000.0,0.0,0.0,True,False,True,False,True,Java
0670431,067043104,3.0,1.0,15.0,1.0,1.0,5.0,0.0,1.0,71.0,1.0,32.0,1.0,0.0,0.0,0.0,True,True,False,True,False,Java
0670431,067043105,3.0,1.0,15.0,1.0,1.0,6.0,0.0,1.0,71.0,1.0,32.0,1.0,0.0,0.0,0.0,True,True,False,True,False,Java
0670500,067050002,1.0,3.0,71.0,1.0,1.0,2.0,7.0,1.0,18.0,71.0,31.0,1.0,0.0,0.0,0.0,True,False,True,False,True,Java
0670500,067050007,3.0,3.0,43.0,1.0,1.0,5.0,7.0,0.0,71.0,71.0,31.0,1.0,0.0,0.0,0.0,False,False,True,False,False,Java
0670500,067050008,3.0,3.0,40.0,1.0,1.0,5.0,7.0,0.0,,72.0,31.0,1.0,0.0,0.0,0.0,False,False,True,False,False,Java
0670600,067060001,5.0,1.0,51.0,1.0,1.0,2.0,7.0,0.0,,3.0,34.0,2.0,70000.0,500000.0,13.122365377402328,False,True,False,False,False,Java
0670600,067060002,3.0,3.0,43.0,1.0,1.0,3.0,7.0,0.0,,3.0,34.0,2.0,0.0,0.0,0.0,False,False,True,False,False,Java
0670600,067061101,1.0,1.0,65.0,3.0,1.0,2.0,7.0,0.0,,3.0,34.0,2.0,0.0,0.0,0.0,False,True,False,False,False,Java
0670600,067061102,2.0,3.0,57.0,3.0,1.0,2.0,7.0,0.0,,3.0,34.0,2.0,0.0,3000000.0,14.914123179965662,False,False,True,False,False,Java
0670600,067061104,3.0,3.0,30.0,1.0,1.0,5.0,7.0,0.0,3.0,3.0,34.0,2.0,0.0,2640000.0,14.786289853910306,False,False,True,False,False,Java
0670700,067070001,1.0,3.0,77.0,1.0,1.0,1.0,96.0,0.0,,71.0,36.0,1.0,0.0,500000.0,13.122365377402328,False,False,True,False,False,Java
0670700,067070002,3.0,1.0,51.0,1.0,1.0,5.0,7.0,1.0,2.0,75.0,32.0,1.0,0.0,0.0,0.0,True,True,False,True,False,Java
0670700,067070004,3.0,1.0,44.0,1.0,1.0,2.0,7.0,0.0,71.0,71.0,36.0,1.0,0.0,0.0,0.0,False,True,False,False,False,Java
0670700,067070005,3.0,3.0,54.0,1.0,1.0,2.0,7.0,0.0,,71.0,36.0,1.0,200000.0,50000.0,10.819798284210286,False,False,True,False,False,Java
0670741,067074102,2.0,3.0,49.0,1.0,1.0,5.0,7.0,0.0,,75.0,32.0,1.0,0.0,300000.0,12.611541086966117,False,False,True,False,False,Java
0671011,067101101,1.0,1.0,46.0,1.0,1.0,61.0,7.0,1.0,7.0,74.0,36.0,1.0,0.0,0.0,0.0,True,True,False,True,False,Java
0671100,067110001,1.0,1.0,61.0,1.0,1.0,2.0,7.0,1.0,24.0,71.0,31.0,1.0,0.0,0.0,0.0,True,True,False,True,False,Java
0671100,067110002,2.0,3.0,56.0,1.0,1.0,2.0,2.0,0.0,,71.0,31.0,1.0,2000000.0,0.0,0.0,False,False,True,False,False,Java
0671200,067120001,1.0,1.0,58.0,1.0,1.0,2.0,7.0,1.0,11.0,71.0,31.0,1.0,500000.0,0.0,0.0,True,True,False,True,False,Java
0671200,067120002,2.0,3.0,48.0,1.0,1.0,1.0,96.0,1.0,11.0,71.0,31.0,1.0,0.0,0.0,0.0,True,False,True,False,True,Java
0672000,067200002,6.0,3.0,79.0,1.0,2.0,2.0,98.0,1.0,2.0,71.0,31.0,1.0,0.0,0.0,0.0,True,False,True,False,True,Java
0672000,067200003,1.0,1.0,48.0,1.0,17.0,60.0,7.0,0.0,,71.0,31.0,1.0,0.0,0.0,0.0,False,True,False,False,False,Java
0672000,067200004,13.0,1.0,33.0,1.0,12.0,61.0,7.0,0.0,,6.0,73.0,1.0,500000.0,0.0,0.0,False,True,False,False,False,Java
0672000,067200005,13.0,1.0,30.0,1.0,1.0,61.0,7.0,0.0,,74.0,36.0,1.0,0.0,0.0,0.0,False,True,False,False,False,Java
0672000,067203102,2.0,3.0,37.0,1.0,7.0,6.0,7.0,0.0,,71.0,31.0,1.0,0.0,0.0,0.0,False,False,True,False,False,Java
0680300,068030002,1.0,3.0,52.0,1.0,1.0,2.0,2.0,0.0,,71.0,31.0,1.0,0.0,0.0,0.0,False,False,True,False,False,Java
0680300,068030003,3.0,1.0,34.0,1.0,1.0,5.0,7.0,0.0,,74.0,36.0,1.0,0.0,0.0,0.0,False,True,False,False,False,Java
0680300,068030004,3.0,1.0,31.0,1.0,1.0,3.0,1.0,0.0,71.0,71.0,31.0,1.0,0.0,0.0,0.0,False,True,False,False,False,Java
0680351,068035102,2.0,3.0,29.0,1.0,1.0,5.0,7.0,1.0,19.0,74.0,36.0,1.0,0.0,0.0,0.0,True,False,True,False,True,Java
0680352,068035202,2.0,3.0,34.0,1.0,1.0,3.0,7.0,1.0,5.0,71.0,31.0,1.0,0.0,0.0,0.0,True,False,True,False,True,Java
0680600,068060001,1.0,1.0,53.0,1.0,1.0,3.0,7.0,0.0,,5.0,33.0,1.0,,,,False,True,False,False,False,Java
0680600,068060002,2.0,3.0,52.0,1.0,1.0,2.0,3.0,0.0,,5.0,33.0,1.0,25000.0,0.0,0.0,False,False,True,False,False,Java
0680600,068060003,3.0,3.0,26.0,1.0,1.0,6.0,7.0,0.0,,5.0,33.0,1.0,100000.0,0.0,0.0,False,False,True,False,False,Java
0680600,068060004,3.0,3.0,26.0,1.0,1.0,6.0,7.0,0.0,,5.0,33.0,1.0,0.0,8000000.0,15.894952224644102,False,False,True,False,False,Java
0681400,068140003,1.0,1.0,51.0,1.0,1.0,61.0,7.0,0.0,71.0,71.0,31.0,1.0,0.0,0.0,0.0,False,True,False,False,False,Java
0681400,068140004,2.0,3.0,50.0,1.0,2.0,61.0,7.0,1.0,73.0,71.0,31.0,1.0,0.0,0.0,0.0,True,False,True,False,True,Java
0681400,068140007,3.0,1.0,18.0,1.0,1.0,61.0,0.0,0.0,71.0,71.0,31.0,1.0,0.0,0.0,0.0,False,True,False,False,False,Java
0681900,068190001,1.0,1.0,77.0,1.0,1.0,63.0,1.0,0.0,,71.0,31.0,1.0,0.0,0.0,0.0,False,True,False,False,False,Java
0681900,068190002,2.0,3.0,71.0,1.0,1.0,6.0,7.0,0.0,,71.0,31.0,1.0,0.0,0.0,0.0,False,False,True,False,False,Java
0681900,068190003,3.0,3.0,49.0,1.0,1.0,61.0,7.0,1.0,1.0,74.0,33.0,1.0,4000000.0,0.0,0.0,True,False,True,False,True,Java
0681900,068190004,3.0,3.0,43.0,1.0,1.0,61.0,7.0,1.0,1.0,71.0,31.0,1.0,0.0,0.0,0.0,True,False,True,False,True,Java
0681900,068190006,10.0,3.0,22.0,1.0,1.0,61.0,4.0,1.0,71.0,74.0,33.0,1.0,3000000.0,300000.0,12.611541086966117,True,False,True,False,True,Java
0681900,068190010,10.0,1.0,18.0,1.0,1.0,61.0,0.0,1.0,71.0,78.0,35.0,1.0,0.0,0.0,0.0,True,True,False,True,False,Java
0681900,068190013,15.0,3.0,22.0,1.0,1.0,5.0,7.0,1.0,2.0,71.0,31.0,1.0,500000.0,0.0,0.0,True,False,True,False,True,Java
0681900,068190014,15.0,1.0,30.0,1.0,1.0,3.0,7.0,1.0,12.0,71.0,31.0,1.0,1000000.0,0.0,0.0,True,True,False,True,False,Java
0681931,068193101,1.0,1.0,53.0,1.0,1.0,62.0,7.0,1.0,15.0,71.0,31.0,1.0,0.0,0.0,0.0,True,True,False,True,False,Java
0684300,068430001,1.0,1.0,50.0,1.0,1.0,2.0,7.0,1.0,13.0,74.0,36.0,1.0,0.0,200000.0,12.206077645517674,True,True,False,True,False,Java
0700700,070070001,1.0,1.0,56.0,1.0,1.0,3.0,7.0,1.0,12.0,71.0,31.0,1.0,0.0,0.0,0.0,True,True,False,True,False,Java
0700700,070070002,2.0,3.0,53.0,1.0,1.0,2.0,4.0,0.0,,71.0,31.0,1.0,200000.0,1000000.0,13.815511557963774,False,False,True,False,False,Java
0700700,070070003,3.0,1.0,32.0,1.0,1.0,6.0,7.0,1.0,12.0,71.0,31.0,1.0,3000000.0,700000.0,13.45883704259595,True,True,False,True,False,Java
0700700,070070004,3.0,1.0,27.0,1.0,1.0,6.0,7.0,0.0,71.0,71.0,31.0,1.0,500000.0,0.0,0.0,False,True,False,False,False,Java
0700700,070070005,9.0,1.0,44.0,1.0,1.0,3.0,7.0,0.0,,76.0,32.0,1.0,0.0,0.0,0.0,False,True,False,False,False,Java
0701031,070103101,1.0,1.0,49.0,1.0,1.0,5.0,7.0,0.0,,74.0,36.0,1.0,0.0,0.0,0.0,False,True,False,False,False,Java
0701031,070103103,3.0,1.0,17.0,1.0,1.0,6.0,7.0,1.0,71.0,74.0,36.0,1.0,0.0,300000.0,12.611541086966117,True,True,False,True,False,Java
0701031,070103104,3.0,3.0,15.0,1.0,1.0,3.0,2.0,1.0,71.0,74.0,36.0,1.0,0.0,200000.0,12.206077645517674,True,False,True,False,True,Java
0701851,070185102,1.0,1.0,28.0,1.0,1.0,6.0,7.0,0.0,72.0,72.0,31.0,1.0,300000.0,0.0,0.0,False,True,False,False,False,Java
0704200,070420001,1.0,1.0,67.0,1.0,1.0,6.0,7.0,0.0,,71.0,31.0,1.0,0.0,300000.0,12.611541086966117,False,True,False,False,False,Java
0710231,071023103,1.0,1.0,45.0,1.0,1.0,61.0,4.0,0.0,,1.0,33.0,2.0,0.0,0.0,0.0,False,True,False,False,False,Java
0710600,071060002,8.0,3.0,51.0,1.0,1.0,5.0,7.0,0.0,,18.0,32.0,2.0,0.0,0.0,0.0,False,False,True,False,False,Java
0710600,071060005,8.0,1.0,48.0,1.0,1.0,61.0,1.0,0.0,,76.0,32.0,1.0,1000000.0,1000000.0,13.815511557963774,False,True,False,False,False,Java
0710600,071060006,8.0,1.0,45.0,1.0,1.0,5.0,7.0,1.0,71.0,76.0,32.0,1.0,0.0,0.0,0.0,True,True,False,True,False,Java
0710600,071060007,1.0,1.0,53.0,1.0,1.0,5.0,7.0,0.0,,76.0,32.0,1.0,0.0,500000.0,13.122365377402328,False,True,False,False,False,Java
0710600,071060008,2.0,3.0,47.0,1.0,1.0,5.0,7.0,0.0,,76.0,32.0,1.0,500000.0,0.0,0.0,False,False,True,False,False,Java
0710600,071060010,3.0,3.0,16.0,1.0,1.0,5.0,1.0,0.0,76.0,76.0,32.0,1.0,0.0,300000.0,12.611541086966117,False,False,True,False,False,Java
0710632,071063202,2.0,3.0,45.0,1.0,1.0,61.0,7.0,0.0,,76.0,32.0,1.0,0.0,0.0,0.0,False,False,True,False,False,Java
0710632,071063203,3.0,1.0,17.0,1.0,1.0,5.0,2.0,1.0,18.0,76.0,32.0,1.0,0.0,620000.0,13.3374763699232,True,True,False,True,False,Java
0710633,071063302,2.0,3.0,41.0,1.0,1.0,6.0,7.0,1.0,74.0,76.0,32.0,1.0,0.0,0.0,0.0,True,False,True,False,True,Java
0710633,071063303,3.0,3.0,17.0,1.0,1.0,6.0,2.0,1.0,74.0,76.0,32.0,1.0,20000.0,200000.0,12.206077645517674,True,False,True,False,True,Java
0710800,071080001,1.0,3.0,64.0,1.0,1.0,6.0,7.0,0.0,,76.0,32.0,1.0,0.0,0.0,0.0,False,False,True,False,False,Java
0710800,071080002,3.0,3.0,37.0,1.0,1.0,6.0,7.0,0.0,,76.0,32.0,1.0,0.0,0.0,0.0,False,False,True,False,False,Java
0711200,071120003,9.0,3.0,49.0,1.0,17.0,6.0,7.0,0.0,,75.0,32.0,1.0,200000.0,0.0,0.0,False,False,True,False,False,Java
0711200,071120005,2.0,3.0,47.0,1.0,1.0,5.0,7.0,0.0,,76.0,32.0,1.0,50000.0,300000.0,12.611541086966117,False,False,True,False,False,Java
0711200,071120006,1.0,1.0,49.0,1.0,17.0,5.0,7.0,1.0,73.0,76.0,32.0,1.0,0.0,0.0,0.0,True,True,False,True,False,Java
0711200,071120007,3.0,3.0,22.0,1.0,17.0,61.0,3.0,0.0,,76.0,32.0,1.0,300000.0,500000.0,13.122365377402328,False,False,True,False,False,Java
0711200,071120008,3.0,1.0,18.0,1.0,1.0,61.0,1.0,0.0,76.0,76.0,32.0,1.0,0.0,500000.0,13.122365377402328,False,True,False,False,False,Java
0711300,071130002,1.0,1.0,48.0,1.0,1.0,5.0,7.0,0.0,,71.0,31.0,1.0,0.0,0.0,0.0,False,True,False,False,False,Java
0711300,071130003,2.0,3.0,42.0,1.0,1.0,6.0,7.0,0.0,,71.0,31.0,1.0,100000.0,0.0,0.0,False,False,True,False,False,Java
0711300,071130004,3.0,1.0,18.0,1.0,1.0,5.0,7.0,0.0,71.0,71.0,31.0,1.0,0.0,0.0,0.0,False,True,False,False,False,Java
0711631,071160002,1.0,3.0,47.0,1.0,1.0,2.0,7.0,0.0,,2.0,33.0,1.0,200000.0,300000.0,12.611541086966117,False,False,True,False,False,Java
0711631,071160003,3.0,3.0,26.0,1.0,1.0,5.0,7.0,0.0,,2.0,33.0,1.0,0.0,0.0,0.0,False,False,True,False,False,Java
0711631,071160004,3.0,1.0,21.0,1.0,1.0,6.0,7.0,1.0,73.0,2.0,33.0,1.0,100000.0,100000.0,11.51293546492023,True,True,False,True,False,Java
0711650,071165001,1.0,1.0,33.0,1.0,1.0,6.0,7.0,0.0,2.0,2.0,33.0,1.0,5000000.0,0.0,0.0,False,True,False,False,False,Java
0711700,071170002,1.0,3.0,73.0,1.0,1.0,2.0,7.0,1.0,98.0,71.0,31.0,1.0,0.0,0.0,0.0,True,False,True,False,True,Java
0711700,071170003,3.0,1.0,54.0,1.0,1.0,6.0,7.0,1.0,75.0,71.0,31.0,1.0,0.0,0.0,0.0,True,True,False,True,False,Java
0711700,071170005,3.0,3.0,44.0,1.0,1.0,5.0,7.0,0.0,71.0,71.0,31.0,1.0,200000.0,2000000.0,14.508658238524095,False,False,True,False,False,Java
0711700,071170012,5.0,1.0,49.0,1.0,1.0,5.0,7.0,1.0,3.0,71.0,31.0,1.0,0.0,0.0,0.0,True,True,False,True,False,Java
0712000,071200001,1.0,3.0,73.0,1.0,1.0,2.0,7.0,0.0,,72.0,31.0,1.0,0.0,2300000.0,14.648420115681892,False,False,True,False,False,Java
0714100,071410001,1.0,1.0,51.0,1.0,1.0,62.0,7.0,0.0,,76.0,32.0,1.0,2000000.0,0.0,0.0,False,True,False,False,False,Java
0714100,071410002,2.0,3.0,48.0,1.0,1.0,61.0,5.0,0.0,,76.0,32.0,1.0,1000000.0,0.0,0.0,False,False,True,False,False,Java
0714100,071410003,3.0,3.0,20.0,1.0,1.0,60.0,7.0,1.0,2.0,76.0,32.0,1.0,300000.0,700000.0,13.45883704259595,True,False,True,False,True,Java
0714200,071420002,1.0,3.0,66.0,1.0,1.0,1.0,96.0,0.0,,16.0,32.0,1.0,0.0,0.0,0.0,False,False,True,False,False,Java
0714200,071420004,3.0,1.0,45.0,1.0,1.0,6.0,7.0,0.0,,16.0,32.0,1.0,5000.0,0.0,0.0,False,True,False,False,False,Java
0714200,071420005,3.0,3.0,42.0,1.0,1.0,6.0,7.0,0.0,,15.0,32.0,1.0,0.0,0.0,0.0,False,False,True,False,False,Java
0714200,071420006,3.0,1.0,39.0,1.0,1.0,5.0,7.0,0.0,,16.0,32.0,1.0,0.0,0.0,0.0,False,True,False,False,False,Java
0714233,071423302,2.0,3.0,41.0,1.0,17.0,5.0,7.0,0.0,,16.0,32.0,1.0,0.0,0.0,0.0,False,False,True,False,False,Java
0714233,071423303,3.0,3.0,15.0,1.0,1.0,3.0,2.0,0.0,16.0,16.0,32.0,1.0,0.0,30000.0,10.308985993422082,False,False,True,False,False,Java
0714300,071430001,1.0,1.0,49.0,1.0,1.0,5.0,7.0,0.0,,76.0,32.0,1.0,850000.0,0.0,0.0,False,True,False,False,False,Java
0714300,071430003,3.0,1.0,20.0,1.0,1.0,5.0,7.0,0.0,76.0,76.0,32.0,1.0,0.0,0.0,0.0,False,True,False,False,False,Java
0720700,072070005,1.0,1.0,45.0,1.0,1.0,61.0,7.0,1.0,71.0,72.0,31.0,1.0,0.0,0.0,0.0,True,True,False,True,False,Java
0720700,072070006,2.0,3.0,44.0,1.0,19.0,61.0,7.0,0.0,,72.0,31.0,1.0,5000000.0,0.0,0.0,False,False,True,False,False,Java
0730700,073070002,1.0,3.0,64.0,1.0,1.0,2.0,7.0,0.0,,72.0,31.0,1.0,0.0,600000.0,13.304686600863562,False,False,True,False,False,Java
0730700,073070005,3.0,1.0,36.0,1.0,1.0,3.0,7.0,0.0,72.0,72.0,31.0,1.0,0.0,8000000.0,15.894952224644102,False,True,False,False,False,Java
0730700,073070007,3.0,3.0,30.0,1.0,1.0,6.0,1.0,0.0,,72.0,31.0,1.0,0.0,0.0,0.0,False,False,True,False,False,Java
0730700,073070009,3.0,1.0,23.0,1.0,17.0,3.0,7.0,0.0,,72.0,31.0,1.0,0.0,2000000.0,14.508658238524095,False,True,False,False,False,Java
0730800,073080001,2.0,1.0,63.0,1.0,1.0,6.0,7.0,0.0,,73.0,31.0,1.0,1000000.0,0.0,0.0,False,True,False,False,False,Java
0730800,073080002,1.0,3.0,57.0,1.0,2.0,2.0,7.0,0.0,,72.0,31.0,1.0,0.0,6000000.0,15.607270193858982,False,False,True,False,False,Java
0730800,073080003,3.0,3.0,36.0,1.0,1.0,6.0,7.0,0.0,,76.0,32.0,1.0,300000.0,0.0,0.0,False,False,True,False,False,Java
0730800,073080004,3.0,1.0,34.0,1.0,1.0,6.0,7.0,0.0,,72.0,31.0,1.0,1000000.0,0.0,0.0,False,True,False,False,False,Java
0730800,073080005,3.0,1.0,28.0,1.0,1.0,61.0,1.0,0.0,,72.0,31.0,1.0,1000000.0,2000000.0,14.508658238524095,False,True,False,False,False,Java
0730800,073080006,3.0,1.0,22.0,1.0,1.0,61.0,4.0,0.0,,72.0,31.0,1.0,0.0,0.0,0.0,False,True,False,False,False,Java
0730800,073080007,3.0,1.0,17.0,1.0,1.0,6.0,1.0,0.0,72.0,72.0,31.0,1.0,0.0,0.0,0.0,False,True,False,False,False,Java
0730851,073085102,1.0,1.0,31.0,1.0,1.0,60.0,7.0,1.0,73.0,76.0,32.0,1.0,500000.0,0.0,0.0,True,True,False,True,False,Java
0730942,073094201,1.0,1.0,36.0,1.0,1.0,2.0,7.0,0.0,,72.0,31.0,1.0,1000000.0,0.0,0.0,False,True,False,False,False,Java
0731300,073130001,1.0,1.0,52.0,1.0,1.0,5.0,7.0,0.0,,16.0,32.0,1.0,0.0,0.0,0.0,False,True,False,False,False,Java
0731452,073145202,2.0,3.0,25.0,1.0,1.0,60.0,7.0,0.0,72.0,72.0,31.0,1.0,2000000.0,0.0,0.0,False,False,True,False,False,Java
0740251,074025102,2.0,3.0,31.0,1.0,1.0,60.0,98.0,1.0,6.0,72.0,31.0,1.0,0.0,0.0,0.0,True,False,True,False,True,Java
0740343,074034301,1.0,1.0,39.0,1.0,1.0,2.0,7.0,0.0,,72.0,31.0,1.0,0.0,0.0,0.0,False,True,False,False,False,Java
0740351,074035101,1.0,1.0,33.0,1.0,1.0,6.0,7.0,1.0,10.0,72.0,31.0,1.0,0.0,0.0,0.0,True,True,False,True,False,Java
0740600,074060001,7.0,3.0,69.0,1.0,1.0,6.0,7.0,1.0,10.0,72.0,31.0,1.0,0.0,0.0,0.0,True,False,True,False,True,Java
0740600,074060002,2.0,3.0,42.0,1.0,1.0,6.0,7.0,0.0,,72.0,31.0,1.0,0.0,0.0,0.0,False,False,True,False,False,Java
0740600,074060003,9.0,1.0,39.0,1.0,1.0,6.0,7.0,0.0,,16.0,32.0,1.0,0.0,0.0,0.0,False,True,False,False,False,Java
0740600,074060004,9.0,1.0,36.0,1.0,1.0,61.0,7.0,0.0,,75.0,31.0,1.0,0.0,0.0,0.0,False,True,False,False,False,Java
0740600,074060006,1.0,1.0,37.0,1.0,1.0,6.0,7.0,0.0,,72.0,31.0,1.0,0.0,0.0,0.0,False,True,False,False,False,Java
0740641,074064102,2.0,3.0,42.0,1.0,1.0,5.0,7.0,0.0,,16.0,32.0,1.0,1000000.0,0.0,0.0,False,False,True,False,False,Java
0740900,074090005,1.0,1.0,38.0,1.0,1.0,5.0,7.0,1.0,98.0,72.0,31.0,1.0,0.0,1000000.0,13.815511557963774,True,True,False,True,False,Java
0741141,074114102,2.0,3.0,30.0,1.0,1.0,2.0,7.0,1.0,4.0,75.0,32.0,1.0,0.0,0.0,0.0,True,False,True,False,True,Java
0741221,074122102,1.0,3.0,43.0,1.0,1.0,2.0,0.0,0.0,,72.0,31.0,1.0,50000.0,50000.0,10.819798284210286,False,False,True,False,False,Java
0741221,074122103,3.0,3.0,25.0,1.0,1.0,2.0,7.0,0.0,,72.0,31.0,1.0,200000.0,0.0,0.0,False,False,True,False,False,Java
0741221,074122104,3.0,3.0,21.0,1.0,1.0,6.0,7.0,0.0,,72.0,31.0,1.0,500000.0,200000.0,12.206077645517674,False,False,True,False,False,Java
0741221,074122105,3.0,1.0,17.0,1.0,1.0,2.0,5.0,0.0,72.0,72.0,31.0,1.0,0.0,0.0,0.0,False,True,False,False,False,Java
0741342,074134201,1.0,1.0,29.0,1.0,1.0,3.0,2.0,0.0,,72.0,31.0,1.0,0.0,0.0,0.0,False,True,False,False,False,Java
0741943,074194301,1.0,1.0,38.0,1.0,1.0,60.0,7.0,1.0,76.0,1.0,32.0,1.0,0.0,0.0,0.0,True,True,False,True,False,Java
0741943,074190004,2.0,3.0,32.0,1.0,17.0,5.0,7.0,0.0,,1.0,32.0,1.0,0.0,0.0,0.0,False,False,True,False,False,Java
0744200,074420001,1.0,3.0,59.0,1.0,1.0,2.0,3.0,0.0,,72.0,31.0,1.0,0.0,100000.0,11.51293546492023,False,False,True,False,False,Java
0744200,074420002,3.0,1.0,39.0,1.0,1.0,2.0,7.0,0.0,,72.0,31.0,1.0,0.0,0.0,0.0,False,True,False,False,False,Java
0744200,074420003,3.0,1.0,37.0,1.0,1.0,5.0,7.0,0.0,,72.0,31.0,1.0,0.0,0.0,0.0,False,True,False,False,False,Java
0744200,074420004,3.0,3.0,35.0,1.0,1.0,2.0,7.0,0.0,,72.0,31.0,1.0,0.0,1000000.0,13.815511557963774,False,False,True,False,False,Java
0744200,074420005,3.0,3.0,32.0,1.0,1.0,6.0,7.0,0.0,,72.0,31.0,1.0,0.0,0.0,0.0,False,False,True,False,False,Java
0750100,075010002,1.0,3.0,63.0,1.0,1.0,5.0,7.0,0.0,,72.0,31.0,1.0,50000.0,0.0,0.0,False,False,True,False,False,Java
0750100,075010003,3.0,3.0,35.0,1.0,1.0,60.0,0.0,0.0,,2.0,34.0,1.0,0.0,0.0,0.0,False,False,True,False,False,Java
0750100,075010004,3.0,1.0,33.0,1.0,1.0,6.0,7.0,0.0,,72.0,31.0,1.0,0.0,0.0,0.0,False,True,False,False,False,Java
0750141,075014102,1.0,1.0,47.0,2.0,4.0,61.0,7.0,1.0,71.0,2.0,34.0,1.0,0.0,0.0,0.0,True,True,False,True,False,Batak
0750500,075050002,1.0,3.0,57.0,1.0,1.0,5.0,7.0,0.0,,72.0,31.0,1.0,1000000.0,2000000.0,14.508658238524095,False,False,True,False,False,Java
0750500,075050003,3.0,1.0,38.0,1.0,1.0,61.0,7.0,0.0,,75.0,32.0,1.0,0.0,0.0,0.0,False,True,False,False,False,Java
0750500,075050004,3.0,1.0,36.0,1.0,1.0,61.0,2.0,1.0,72.0,75.0,32.0,1.0,1000000.0,0.0,0.0,True,True,False,True,False,Java
0750500,075050005,3.0,1.0,32.0,1.0,1.0,6.0,7.0,0.0,,72.0,31.0,1.0,0.0,0.0,0.0,False,True,False,False,False,Java
0750500,075050006,3.0,3.0,21.0,1.0,1.0,61.0,4.0,0.0,,72.0,31.0,1.0,0.0,2500000.0,14.731801689838347,False,False,True,False,False,Java
0750541,075054102,2.0,3.0,30.0,1.0,17.0,61.0,7.0,0.0,75.0,75.0,32.0,1.0,0.0,0.0,0.0,False,False,True,False,False,Java
0750542,075054202,2.0,3.0,35.0,1.0,1.0,6.0,7.0,0.0,,75.0,32.0,1.0,0.0,0.0,0.0,False,False,True,False,False,Java
0750600,075060001,1.0,1.0,77.0,1.0,1.0,2.0,7.0,1.0,8.0,72.0,31.0,1.0,0.0,0.0,0.0,True,True,False,True,False,Java
0750600,075060003,3.0,3.0,30.0,1.0,1.0,60.0,7.0,0.0,,72.0,31.0,1.0,0.0,100000.0,11.51293546492023,False,False,True,False,False,Java
0750600,075060005,5.0,1.0,27.0,1.0,1.0,2.0,7.0,1.0,6.0,72.0,31.0,1.0,0.0,0.0,0.0,True,True,False,True,False,Java
0751400,075140001,1.0,1.0,59.0,1.0,1.0,60.0,1.0,0.0,,72.0,31.0,1.0,0.0,0.0,0.0,False,True,False,False,False,Java
0751400,075140002,2.0,3.0,50.0,1.0,1.0,60.0,2.0,0.0,,16.0,32.0,1.0,7000000.0,0.0,0.0,False,False,True,False,False,Java
0751400,075140003,3.0,3.0,23.0,1.0,1.0,60.0,3.0,0.0,,75.0,31.0,1.0,0.0,200000.0,12.206077645517674,False,False,True,False,False,Java
0751400,075140004,9.0,3.0,41.0,1.0,1.0,5.0,7.0,0.0,,16.0,32.0,1.0,0.0,0.0,0.0,False,False,True,False,False,Java
0751400,075140007,3.0,3.0,20.0,1.0,1.0,60.0,2.0,0.0,72.0,72.0,31.0,1.0,0.0,1000000.0,13.815511557963774,False,False,True,False,False,Java
0751400,075140008,3.0,1.0,15.0,1.0,1.0,6.0,1.0,0.0,72.0,72.0,31.0,1.0,0.0,1000000.0,13.815511557963774,False,True,False,False,False,Java
0751431,075143101,1.0,1.0,50.0,1.0,1.0,5.0,7.0,0.0,,16.0,32.0,1.0,2000000.0,0.0,0.0,False,True,False,False,False,Java
0751711,075170001,1.0,1.0,73.0,1.0,1.0,2.0,7.0,0.0,,5.0,33.0,1.0,0.0,0.0,0.0,False,True,False,False,False,Java
0751711,075170002,2.0,3.0,73.0,1.0,1.0,2.0,7.0,0.0,,5.0,33.0,1.0,0.0,0.0,0.0,False,False,True,False,False,Java
0751711,075170007,3.0,1.0,41.0,1.0,1.0,2.0,7.0,0.0,,72.0,31.0,1.0,0.0,0.0,0.0,False,True,False,False,False,Java
0751711,075170006,3.0,1.0,44.0,1.0,1.0,6.0,7.0,0.0,,5.0,33.0,1.0,0.0,0.0,0.0,False,True,False,False,False,Java
0751711,075171105,10.0,1.0,18.0,1.0,1.0,6.0,2.0,1.0,72.0,5.0,33.0,1.0,0.0,400000.0,12.899222326086994,True,True,False,True,False,Java
0751731,075170005,1.0,1.0,46.0,1.0,1.0,3.0,7.0,0.0,,15.0,32.0,1.0,0.0,0.0,0.0,False,True,False,False,False,Java
0751731,075173102,2.0,3.0,42.0,1.0,1.0,2.0,7.0,0.0,,15.0,32.0,1.0,0.0,0.0,0.0,False,False,True,False,False,Java
0751731,075173103,3.0,1.0,15.0,1.0,2.0,6.0,0.0,0.0,15.0,15.0,32.0,1.0,0.0,100000.0,11.51293546492023,False,True,False,False,False,Java
0754100,075410001,1.0,1.0,62.0,1.0,1.0,6.0,7.0,0.0,,72.0,31.0,1.0,0.0,0.0,0.0,False,True,False,False,False,Java
0754100,075410002,2.0,3.0,57.0,1.0,1.0,3.0,7.0,0.0,,72.0,31.0,1.0,400000.0,0.0,0.0,False,False,True,False,False,Java
0754100,075410004,3.0,3.0,33.0,1.0,1.0,60.0,7.0,0.0,,72.0,31.0,1.0,2000000.0,915000.0,13.726680437153236,False,False,True,False,False,Java
0754100,075410007,5.0,1.0,38.0,1.0,23.0,61.0,7.0,0.0,,72.0,31.0,1.0,3000000.0,0.0,0.0,False,True,False,False,False,Java
0760100,076010001,1.0,1.0,70.0,1.0,1.0,61.0,4.0,0.0,,72.0,31.0,1.0,0.0,0.0,0.0,False,True,False,False,False,Java
0760100,076010002,2.0,3.0,63.0,1.0,1.0,60.0,7.0,0.0,,72.0,31.0,1.0,1000000.0,0.0,0.0,False,False,True,False,False,Java
0760100,076010004,3.0,1.0,39.0,1.0,1.0,61.0,7.0,1.0,72.0,74.0,36.0,1.0,0.0,0.0,0.0,True,True,False,True,False,Java
0760142,076014201,1.0,1.0,36.0,1.0,1.0,61.0,7.0,0.0,,72.0,52.0,1.0,0.0,600000.0,13.304686600863562,False,True,False,False,False,Java
0760151,076015102,2.0,3.0,39.0,1.0,1.0,62.0,7.0,1.0,20.0,74.0,36.0,1.0,2000000.0,0.0,0.0,True,False,True,False,True,Java
0760300,076030001,1.0,1.0,72.0,1.0,1.0,4.0,7.0,1.0,14.0,73.0,33.0,1.0,0.0,0.0,0.0,True,True,False,True,False,Java
0760300,076030003,3.0,1.0,44.0,1.0,1.0,2.0,7.0,1.0,71.0,73.0,33.0,1.0,0.0,0.0,0.0,True,True,False,True,False,Java
0760300,076030004,3.0,1.0,38.0,1.0,1.0,5.0,7.0,1.0,71.0,72.0,31.0,1.0,800000.0,0.0,0.0,True,True,False,True,False,Java
0760300,076030006,5.0,3.0,27.0,1.0,1.0,2.0,7.0,0.0,73.0,73.0,33.0,1.0,0.0,0.0,0.0,False,False,True,False,False,Java
0760351,076035104,2.0,3.0,33.0,1.0,17.0,6.0,7.0,0.0,72.0,72.0,31.0,1.0,800000.0,0.0,0.0,False,False,True,False,False,Java
0760400,076040001,1.0,1.0,78.0,1.0,1.0,5.0,7.0,1.0,2.0,72.0,31.0,1.0,0.0,0.0,0.0,True,True,False,True,False,Java
0760400,076040002,2.0,3.0,75.0,1.0,1.0,6.0,7.0,1.0,3.0,72.0,31.0,1.0,0.0,0.0,0.0,True,False,True,False,True,Java
0760400,076040003,3.0,3.0,47.0,1.0,1.0,60.0,7.0,0.0,,72.0,31.0,1.0,30000.0,1000000.0,13.815511557963774,False,False,True,False,False,Java
0760400,076040005,3.0,3.0,44.0,1.0,1.0,6.0,7.0,0.0,,72.0,31.0,1.0,0.0,0.0,0.0,False,False,True,False,False,Java
0760400,076040008,17.0,3.0,15.0,1.0,2.0,5.0,0.0,0.0,72.0,72.0,31.0,1.0,0.0,2500000.0,14.731801689838347,False,False,True,False,False,Java
0760400,076040009,5.0,1.0,44.0,1.0,2.0,6.0,7.0,0.0,,72.0,31.0,1.0,0.0,0.0,0.0,False,True,False,False,False,Java
0760800,076080001,1.0,1.0,72.0,1.0,9.0,61.0,0.0,0.0,,72.0,31.0,1.0,0.0,400000.0,12.899222326086994,False,True,False,False,False,Java
0760800,076080002,2.0,3.0,71.0,1.0,2.0,3.0,2.0,0.0,72.0,72.0,31.0,1.0,0.0,0.0,0.0,False,False,True,False,False,Java
0760800,076080004,3.0,3.0,45.0,1.0,1.0,61.0,7.0,0.0,,72.0,31.0,1.0,0.0,0.0,0.0,False,False,True,False,False,Java
0760800,076080005,3.0,3.0,43.0,1.0,17.0,5.0,7.0,0.0,72.0,72.0,31.0,1.0,200000.0,0.0,0.0,False,False,True,False,False,Java
0760800,076083102,5.0,3.0,39.0,1.0,1.0,60.0,7.0,1.0,73.0,72.0,31.0,1.0,0.0,0.0,0.0,True,False,True,False,True,Java
0760800,076083103,10.0,1.0,15.0,1.0,1.0,5.0,0.0,0.0,72.0,72.0,31.0,1.0,100000.0,500000.0,13.122365377402328,False,True,False,False,False,Java
0760841,076084101,1.0,1.0,48.0,1.0,1.0,5.0,7.0,0.0,,72.0,31.0,1.0,0.0,0.0,0.0,False,True,False,False,False,Java
0761000,076100008,15.0,1.0,18.0,1.0,1.0,3.0,7.0,1.0,18.0,72.0,31.0,1.0,50000.0,10000.0,9.210440366976515,True,True,False,True,False,Java
0761100,076110001,1.0,1.0,79.0,1.0,1.0,5.0,7.0,1.0,5.0,72.0,31.0,1.0,0.0,0.0,0.0,True,True,False,True,False,Java
0761100,076110003,3.0,3.0,45.0,1.0,1.0,5.0,7.0,0.0,,72.0,31.0,1.0,0.0,0.0,0.0,False,False,True,False,False,Java
0761100,076110005,3.0,3.0,22.0,1.0,1.0,5.0,7.0,0.0,72.0,72.0,31.0,1.0,500000.0,200000.0,12.206077645517674,False,False,True,False,False,Java
0761100,076110006,3.0,3.0,15.0,1.0,1.0,3.0,3.0,0.0,72.0,72.0,31.0,1.0,0.0,500000.0,13.122365377402328,False,False,True,False,False,Java
0761131,076113103,3.0,1.0,16.0,1.0,1.0,5.0,0.0,0.0,72.0,72.0,31.0,1.0,0.0,500000.0,13.122365377402328,False,True,False,False,False,Java
0761200,076120002,1.0,3.0,66.0,1.0,1.0,2.0,7.0,0.0,,72.0,31.0,1.0,0.0,0.0,0.0,False,False,True,False,False,Java
0761200,076120003,3.0,3.0,44.0,1.0,1.0,6.0,7.0,0.0,,72.0,31.0,1.0,300000.0,0.0,0.0,False,False,True,False,False,Java
0761200,076120005,5.0,1.0,55.0,1.0,1.0,61.0,7.0,0.0,,72.0,31.0,1.0,1000000.0,0.0,0.0,False,True,False,False,False,Java
0761200,076120006,10.0,3.0,18.0,1.0,1.0,61.0,1.0,0.0,72.0,72.0,31.0,1.0,0.0,0.0,0.0,False,False,True,False,False,Java
0761600,076160002,1.0,3.0,71.0,1.0,2.0,61.0,2.0,0.0,,72.0,31.0,1.0,,,,False,False,True,False,False,Java
0761600,076160005,3.0,3.0,38.0,1.0,1.0,61.0,7.0,0.0,,72.0,31.0,1.0,1000000.0,2500000.0,14.731801689838347,False,False,True,False,False,Java
0761800,076180002,1.0,3.0,59.0,1.0,2.0,3.0,7.0,0.0,,72.0,31.0,1.0,0.0,0.0,0.0,False,False,True,False,False,Java
0761800,076180003,3.0,3.0,41.0,1.0,1.0,60.0,7.0,0.0,,75.0,32.0,1.0,300000.0,0.0,0.0,False,False,True,False,False,Java
0761831,076183101,1.0,1.0,44.0,1.0,1.0,74.0,7.0,0.0,,75.0,32.0,1.0,0.0,0.0,0.0,False,True,False,False,False,Java
0761831,076183103,3.0,3.0,16.0,1.0,1.0,5.0,1.0,1.0,72.0,75.0,32.0,1.0,0.0,0.0,0.0,True,False,True,False,True,Java
0761900,076190001,1.0,3.0,72.0,1.0,1.0,3.0,7.0,0.0,,72.0,31.0,1.0,0.0,0.0,0.0,False,False,True,False,False,Java
0762000,076200001,1.0,1.0,71.0,3.0,1.0,61.0,7.0,0.0,,72.0,31.0,1.0,0.0,0.0,0.0,False,True,False,False,False,Java
0770200,077020001,1.0,1.0,78.0,1.0,1.0,60.0,7.0,0.0,,72.0,31.0,1.0,0.0,0.0,0.0,False,True,False,False,False,Java
0770200,077020002,2.0,3.0,71.0,1.0,1.0,5.0,7.0,0.0,,72.0,31.0,1.0,500000.0,0.0,0.0,False,False,True,False,False,Java
0770200,077020004,3.0,3.0,43.0,1.0,1.0,62.0,7.0,0.0,,74.0,36.0,1.0,0.0,0.0,0.0,False,False,True,False,False,Java
0770200,077020005,3.0,1.0,41.0,1.0,1.0,61.0,7.0,0.0,,75.0,32.0,1.0,3000000.0,0.0,0.0,False,True,False,False,False,Java
0770200,077020008,16.0,3.0,44.0,1.0,1.0,61.0,7.0,1.0,6.0,1.0,32.0,1.0,,,,True,False,True,False,True,Java
0770200,077020011,15.0,3.0,16.0,1.0,2.0,2.0,4.0,1.0,1.0,72.0,31.0,1.0,0.0,0.0,0.0,True,False,True,False,True,Java
0770231,077023101,1.0,1.0,50.0,1.0,1.0,61.0,7.0,0.0,,74.0,36.0,1.0,0.0,0.0,0.0,False,True,False,False,False,Java
0770231,077023103,3.0,1.0,15.0,1.0,1.0,3.0,2.0,0.0,74.0,74.0,36.0,1.0,0.0,0.0,0.0,False,True,False,False,False,Java
0770232,077023201,1.0,1.0,43.0,1.0,1.0,61.0,7.0,0.0,1.0,1.0,32.0,1.0,,,,False,True,False,False,False,Java
0770241,077024102,2.0,3.0,40.0,1.0,1.0,61.0,7.0,1.0,71.0,75.0,32.0,1.0,3000000.0,0.0,0.0,True,False,True,False,True,Java
0771100,077110001,1.0,1.0,64.0,1.0,1.0,6.0,1.0,0.0,,72.0,31.0,1.0,0.0,0.0,0.0,False,True,False,False,False,Java
0771100,077110007,10.0,3.0,19.0,1.0,1.0,6.0,2.0,0.0,72.0,72.0,31.0,1.0,0.0,0.0,0.0,False,False,True,False,False,Java
0771600,077160002,2.0,3.0,53.0,2.0,4.0,60.0,7.0,0.0,,72.0,31.0,1.0,200000.0,0.0,0.0,False,False,True,False,False,Batak
0771831,077180004,1.0,1.0,46.0,1.0,1.0,6.0,7.0,0.0,,72.0,31.0,1.0,0.0,250000.0,12.429220196836384,False,True,False,False,False,Java
0771831,077183102,2.0,3.0,41.0,1.0,2.0,6.0,7.0,1.0,73.0,72.0,31.0,1.0,50000.0,450000.0,13.017005083966255,True,False,True,False,True,Java
0774100,077410001,1.0,1.0,76.0,1.0,1.0,62.0,1.0,0.0,,72.0,31.0,1.0,0.0,0.0,0.0,False,True,False,False,False,Java
0774100,077410004,3.0,3.0,42.0,1.0,1.0,61.0,4.0,0.0,,72.0,31.0,1.0,0.0,0.0,0.0,False,False,True,False,False,Java
0774100,077410006,10.0,3.0,17.0,1.0,1.0,61.0,0.0,0.0,72.0,72.0,31.0,1.0,0.0,0.0,0.0,False,False,True,False,False,Java
0774300,077430001,21.0,1.0,47.0,1.0,2.0,3.0,7.0,0.0,,72.0,31.0,1.0,0.0,0.0,0.0,False,True,False,False,False,Java
0774300,077430002,1.0,3.0,53.0,1.0,1.0,2.0,1.0,0.0,,72.0,31.0,1.0,0.0,0.0,0.0,False,False,True,False,False,Java
0774300,077430003,3.0,3.0,24.0,1.0,1.0,6.0,7.0,0.0,,72.0,31.0,1.0,0.0,0.0,0.0,False,False,True,False,False,Java
0774300,077430005,3.0,3.0,20.0,1.0,1.0,6.0,7.0,0.0,72.0,72.0,31.0,1.0,0.0,0.0,0.0,False,False,True,False,False,Java
0774752,077475201,1.0,1.0,33.0,1.0,1.0,61.0,7.0,0.0,72.0,72.0,31.0,1.0,0.0,0.0,0.0,False,True,False,False,False,Java
0774832,077483210,1.0,1.0,42.0,1.0,1.0,5.0,7.0,0.0,,16.0,32.0,1.0,0.0,0.0,0.0,False,True,False,False,False,Java
0774832,077480003,2.0,3.0,44.0,1.0,17.0,5.0,7.0,0.0,,16.0,32.0,1.0,200000.0,300000.0,12.611541086966117,False,False,True,False,False,Java
0780500,078050002,7.0,3.0,79.0,1.0,1.0,3.0,7.0,0.0,,72.0,31.0,1.0,0.0,0.0,0.0,False,False,True,False,False,Java
0780500,078050003,2.0,3.0,41.0,1.0,1.0,5.0,7.0,0.0,,72.0,31.0,1.0,0.0,0.0,0.0,False,False,True,False,False,Java
0780500,078050004,1.0,1.0,43.0,1.0,1.0,5.0,7.0,0.0,,72.0,31.0,1.0,0.0,0.0,0.0,False,True,False,False,False,Java
0781144,078114402,2.0,3.0,30.0,1.0,1.0,6.0,7.0,0.0,,76.0,32.0,1.0,0.0,0.0,0.0,False,False,True,False,False,Java
0781700,078170004,1.0,1.0,31.0,1.0,1.0,6.0,7.0,0.0,,72.0,31.0,1.0,0.0,1000000.0,13.815511557963774,False,True,False,False,False,Java
0781700,078170005,2.0,3.0,27.0,1.0,1.0,3.0,7.0,0.0,,72.0,31.0,1.0,0.0,0.0,0.0,False,False,True,False,False,Java
0781700,078170009,16.0,1.0,22.0,1.0,1.0,5.0,7.0,1.0,10.0,72.0,31.0,1.0,4000000.0,0.0,0.0,True,True,False,True,False,Java
0781800,078180002,2.0,3.0,46.0,1.0,1.0,3.0,7.0,0.0,,72.0,31.0,1.0,,,,False,False,True,False,False,Java
0781800,078180003,3.0,1.0,27.0,1.0,1.0,3.0,7.0,0.0,,72.0,31.0,1.0,0.0,0.0,0.0,False,True,False,False,False,Java
0781800,078180004,3.0,1.0,23.0,1.0,1.0,61.0,3.0,0.0,,72.0,31.0,1.0,0.0,0.0,0.0,False,True,False,False,False,Java
0781800,078180005,3.0,3.0,17.0,1.0,1.0,6.0,2.0,0.0,72.0,72.0,31.0,1.0,0.0,50000.0,10.819798284210286,False,False,True,False,False,Java
0782000,078200001,1.0,1.0,50.0,1.0,1.0,6.0,7.0,1.0,6.0,15.0,32.0,1.0,0.0,0.0,0.0,True,True,False,True,False,Java
0782000,078200002,2.0,3.0,44.0,1.0,1.0,6.0,7.0,0.0,,15.0,32.0,1.0,0.0,0.0,0.0,False,False,True,False,False,Java
0782000,078200003,3.0,3.0,26.0,1.0,1.0,6.0,7.0,0.0,,72.0,36.0,1.0,0.0,0.0,0.0,False,False,True,False,False,Java
0782000,078200004,3.0,3.0,22.0,1.0,1.0,5.0,7.0,0.0,,15.0,32.0,1.0,300000.0,0.0,0.0,False,False,True,False,False,Java
0782051,078205101,1.0,1.0,27.0,1.0,1.0,61.0,7.0,1.0,73.0,72.0,36.0,1.0,500000.0,0.0,0.0,True,True,False,True,False,Java
0784300,078430002,1.0,3.0,51.0,1.0,1.0,2.0,2.0,0.0,,16.0,32.0,1.0,0.0,0.0,0.0,False,False,True,False,False,Java
0784300,078430003,3.0,1.0,27.0,1.0,1.0,6.0,7.0,0.0,,16.0,32.0,1.0,0.0,0.0,0.0,False,True,False,False,False,Java
0784300,078430004,3.0,3.0,24.0,1.0,1.0,6.0,7.0,0.0,,16.0,32.0,1.0,0.0,0.0,0.0,False,False,True,False,False,Java
0784300,078430005,4.0,3.0,38.0,1.0,1.0,2.0,7.0,1.0,10.0,3.0,36.0,1.0,0.0,0.0,0.0,True,False,True,False,True,Java
0784331,078433101,1.0,1.0,36.0,1.0,1.0,5.0,7.0,0.0,,3.0,36.0,1.0,0.0,0.0,0.0,False,True,False,False,False,Java
0784341,078434102,1.0,1.0,31.0,1.0,1.0,5.0,7.0,1.0,22.0,16.0,32.0,1.0,0.0,0.0,0.0,True,True,False,True,False,Java
0784400,078440001,1.0,1.0,62.0,1.0,9.0,5.0,7.0,1.0,3.0,75.0,32.0,1.0,0.0,0.0,0.0,True,True,False,True,False,Minang
0784400,078440002,2.0,3.0,53.0,1.0,9.0,5.0,7.0,0.0,,75.0,32.0,1.0,0.0,0.0,0.0,False,False,True,False,False,Minang
0784400,078440006,3.0,1.0,18.0,1.0,9.0,5.0,2.0,1.0,72.0,75.0,32.0,1.0,0.0,400000.0,12.899222326086994,True,True,False,True,False,Minang
0784400,078440007,3.0,3.0,15.0,1.0,9.0,3.0,2.0,1.0,72.0,75.0,32.0,1.0,0.0,200000.0,12.206077645517674,True,False,True,False,True,Minang
0784400,078440008,3.0,3.0,15.0,1.0,9.0,3.0,2.0,1.0,72.0,75.0,32.0,1.0,0.0,200000.0,12.206077645517674,True,False,True,False,True,Minang
0790400,079040002,1.0,3.0,58.0,1.0,1.0,3.0,7.0,0.0,,75.0,32.0,1.0,0.0,0.0,0.0,False,False,True,False,False,Java
0790400,079040003,3.0,3.0,37.0,1.0,1.0,5.0,7.0,0.0,,16.0,32.0,1.0,1000000.0,0.0,0.0,False,False,True,False,False,Java
0790400,079040004,3.0,1.0,33.0,1.0,1.0,6.0,7.0,0.0,,3.0,36.0,1.0,800000.0,0.0,0.0,False,True,False,False,False,Java
0790442,079044202,2.0,3.0,36.0,1.0,1.0,5.0,7.0,0.0,,3.0,36.0,1.0,300000.0,0.0,0.0,False,False,True,False,False,Java
0790500,079050001,1.0,1.0,48.0,1.0,1.0,6.0,7.0,0.0,,16.0,32.0,1.0,0.0,0.0,0.0,False,True,False,False,False,Java
0790500,079050002,2.0,3.0,43.0,1.0,1.0,3.0,7.0,0.0,,16.0,32.0,1.0,0.0,0.0,0.0,False,False,True,False,False,Java
0790700,079070001,1.0,1.0,52.0,1.0,1.0,3.0,7.0,0.0,,75.0,32.0,1.0,0.0,0.0,0.0,False,True,False,False,False,Java
0790700,079070002,2.0,3.0,49.0,1.0,2.0,6.0,7.0,0.0,,75.0,32.0,1.0,2000000.0,0.0,0.0,False,False,True,False,False,Java
0790700,079070003,3.0,3.0,25.0,1.0,1.0,62.0,2.0,1.0,12.0,75.0,32.0,1.0,0.0,0.0,0.0,True,False,True,False,True,Java
0790700,079070005,3.0,1.0,19.0,1.0,1.0,61.0,0.0,1.0,72.0,75.0,32.0,1.0,0.0,0.0,0.0,True,True,False,True,False,Java
0790900,079090001,1.0,1.0,55.0,1.0,1.0,6.0,7.0,0.0,,75.0,32.0,1.0,0.0,0.0,0.0,False,True,False,False,False,Java
0790900,079090002,2.0,3.0,46.0,1.0,17.0,2.0,7.0,0.0,,75.0,32.0,1.0,0.0,0.0,0.0,False,False,True,False,False,Java
0790900,079090003,3.0,3.0,29.0,1.0,1.0,6.0,7.0,0.0,,75.0,32.0,1.0,0.0,0.0,0.0,False,False,True,False,False,Java
0790900,079090004,3.0,3.0,26.0,1.0,1.0,6.0,7.0,0.0,,16.0,32.0,1.0,200000.0,0.0,0.0,False,False,True,False,False,Java
0790900,079090005,3.0,3.0,19.0,1.0,1.0,61.0,0.0,1.0,72.0,74.0,36.0,1.0,0.0,250000.0,12.429220196836384,True,False,True,False,True,Java
0790900,079090006,3.0,3.0,16.0,1.0,1.0,6.0,1.0,0.0,75.0,75.0,32.0,1.0,0.0,0.0,0.0,False,False,True,False,False,Java
0790900,079090008,5.0,1.0,28.0,1.0,1.0,61.0,7.0,1.0,28.0,75.0,32.0,1.0,200000.0,0.0,0.0,True,True,False,True,False,Java
0790951,079095101,1.0,1.0,37.0,1.0,1.0,61.0,6.0,0.0,16.0,16.0,32.0,1.0,500000.0,300000.0,12.611541086966117,False,True,False,False,False,Java
0791000,079100002,1.0,3.0,49.0,1.0,4.0,5.0,7.0,0.0,,72.0,31.0,1.0,140000.0,0.0,0.0,False,False,True,False,False,Java
0791000,079100003,3.0,1.0,26.0,1.0,1.0,6.0,7.0,0.0,,72.0,31.0,1.0,450000.0,0.0,0.0,False,True,False,False,False,Java
0791000,079100004,3.0,1.0,22.0,1.0,1.0,6.0,7.0,0.0,,72.0,31.0,1.0,0.0,500000.0,13.122365377402328,False,True,False,False,False,Java
0791400,079140001,1.0,1.0,52.0,1.0,1.0,5.0,7.0,0.0,,75.0,32.0,1.0,0.0,0.0,0.0,False,True,False,False,False,Java
0791400,079140002,2.0,3.0,51.0,1.0,1.0,3.0,7.0,0.0,,75.0,32.0,1.0,0.0,0.0,0.0,False,False,True,False,False,Java
0791400,079140003,3.0,1.0,25.0,1.0,1.0,5.0,7.0,0.0,,75.0,32.0,1.0,0.0,0.0,0.0,False,True,False,False,False,Java
0791400,079140006,5.0,3.0,23.0,1.0,2.0,5.0,7.0,1.0,2.0,75.0,32.0,1.0,0.0,0.0,0.0,True,False,True,False,True,Java
0791700,079170001,1.0,1.0,50.0,1.0,9.0,5.0,7.0,0.0,,4.0,18.0,1.0,0.0,0.0,0.0,False,True,False,False,False,Minang
0791700,079170002,2.0,3.0,46.0,1.0,9.0,5.0,7.0,0.0,,4.0,18.0,1.0,0.0,0.0,0.0,False,False,True,False,False,Minang
0791700,079170003,3.0,1.0,20.0,1.0,9.0,6.0,7.0,1.0,4.0,73.0,31.0,1.0,300000.0,950000.0,13.76421831620775,True,True,False,True,False,Minang
0791700,079170004,3.0,3.0,17.0,1.0,9.0,5.0,1.0,0.0,4.0,4.0,18.0,1.0,0.0,20000.0,9.90353755128617,False,False,True,False,False,Minang
0800912,080090008,2.0,3.0,60.0,1.0,2.0,62.0,1.0,0.0,,71.0,31.0,1.0,0.0,500000.0,13.122365377402328,False,False,True,False,False,Java
0800912,080090006,1.0,1.0,71.0,1.0,14.0,61.0,98.0,0.0,,71.0,31.0,1.0,0.0,0.0,0.0,False,True,False,False,False,Java
0801200,080120002,6.0,3.0,75.0,2.0,1.0,61.0,7.0,0.0,,74.0,31.0,1.0,0.0,0.0,0.0,False,False,True,False,False,Java
0801200,080120004,17.0,3.0,41.0,1.0,1.0,98.0,98.0,0.0,3.0,3.0,33.0,2.0,0.0,0.0,0.0,False,False,True,False,False,Java
0801200,080120015,15.0,3.0,17.0,1.0,1.0,3.0,7.0,1.0,2.0,74.0,31.0,1.0,0.0,0.0,0.0,True,False,True,False,True,Java
0801251,080125101,1.0,1.0,42.0,1.0,1.0,3.0,7.0,0.0,3.0,3.0,33.0,2.0,0.0,0.0,0.0,False,True,False,False,False,Java
0801321,080130004,1.0,3.0,46.0,1.0,1.0,61.0,7.0,0.0,,71.0,18.0,1.0,0.0,0.0,0.0,False,False,True,False,False,Java
0801800,080180001,1.0,1.0,71.0,1.0,1.0,61.0,7.0,0.0,,75.0,32.0,1.0,0.0,0.0,0.0,False,True,False,False,False,Java
0801800,080180002,2.0,3.0,60.0,1.0,2.0,61.0,2.0,0.0,,75.0,32.0,1.0,0.0,0.0,0.0,False,False,True,False,False,Java
0801800,080180004,3.0,1.0,38.0,1.0,1.0,61.0,7.0,0.0,,1.0,32.0,1.0,0.0,0.0,0.0,False,True,False,False,False,Java
0801800,080180005,3.0,1.0,34.0,1.0,1.0,61.0,7.0,1.0,98.0,71.0,31.0,1.0,0.0,0.0,0.0,True,True,False,True,False,Java
0801842,080184202,2.0,3.0,34.0,1.0,9.0,61.0,7.0,1.0,71.0,1.0,32.0,1.0,0.0,0.0,0.0,True,False,True,False,True,Java
0801843,080184302,2.0,3.0,35.0,3.0,21.0,61.0,7.0,1.0,1.0,71.0,31.0,1.0,0.0,0.0,0.0,True,False,True,False,True,Java
0810111,081011103,1.0,1.0,34.0,1.0,9.0,5.0,7.0,0.0,74.0,74.0,31.0,1.0,300000.0,0.0,0.0,False,True,False,False,False,Minang
0810400,081040001,1.0,1.0,60.0,1.0,2.0,6.0,7.0,0.0,,73.0,31.0,1.0,0.0,0.0,0.0,False,True,False,False,False,Java
0810400,081040002,2.0,3.0,58.0,1.0,1.0,2.0,7.0,0.0,,73.0,31.0,1.0,1800000.0,0.0,0.0,False,False,True,False,False,Java
0810400,081040005,3.0,3.0,32.0,1.0,2.0,61.0,7.0,0.0,,73.0,31.0,1.0,200000.0,500000.0,13.122365377402328,False,False,True,False,False,Java
0810400,081040008,10.0,3.0,16.0,1.0,1.0,6.0,1.0,0.0,73.0,73.0,31.0,1.0,0.0,500000.0,13.122365377402328,False,False,True,False,False,Java
0811500,081150001,1.0,1.0,60.0,1.0,1.0,2.0,0.0,0.0,,73.0,31.0,1.0,200000.0,100000.0,11.51293546492023,False,True,False,False,False,Java
0811500,081150002,2.0,3.0,57.0,1.0,1.0,2.0,2.0,0.0,,73.0,31.0,1.0,0.0,0.0,0.0,False,False,True,False,False,Java
0811500,081150003,3.0,3.0,40.0,1.0,1.0,6.0,7.0,0.0,,73.0,31.0,1.0,200000.0,0.0,0.0,False,False,True,False,False,Java
0811500,081150005,3.0,3.0,33.0,1.0,1.0,6.0,7.0,0.0,,73.0,31.0,1.0,50000.0,250000.0,12.429220196836384,False,False,True,False,False,Java
0811500,081150006,3.0,3.0,25.0,1.0,1.0,6.0,7.0,0.0,,73.0,31.0,1.0,0.0,0.0,0.0,False,False,True,False,False,Java
0811500,081150007,10.0,3.0,19.0,1.0,17.0,6.0,7.0,0.0,73.0,73.0,31.0,1.0,600000.0,0.0,0.0,False,False,True,False,False,Java
0811500,081150008,10.0,3.0,15.0,1.0,17.0,6.0,0.0,0.0,73.0,73.0,31.0,1.0,0.0,150000.0,11.918397239722838,False,False,True,False,False,Java
0811500,081150010,5.0,1.0,32.0,1.0,17.0,6.0,7.0,0.0,,73.0,31.0,1.0,500000.0,0.0,0.0,False,True,False,False,False,Java
0820700,082070001,1.0,1.0,50.0,1.0,1.0,5.0,7.0,0.0,,73.0,31.0,1.0,0.0,500000.0,13.122365377402328,False,True,False,False,False,Java
0820700,082070002,2.0,3.0,55.0,1.0,1.0,6.0,7.0,0.0,,73.0,31.0,1.0,0.0,0.0,0.0,False,False,True,False,False,Java
0820700,082070005,3.0,1.0,24.0,1.0,1.0,6.0,7.0,0.0,,73.0,31.0,1.0,0.0,0.0,0.0,False,True,False,False,False,Java
0820700,082070006,3.0,3.0,16.0,1.0,1.0,6.0,0.0,0.0,73.0,73.0,31.0,1.0,0.0,500000.0,13.122365377402328,False,False,True,False,False,Java
0820700,082070007,5.0,3.0,26.0,1.0,1.0,61.0,7.0,1.0,9.0,73.0,31.0,1.0,0.0,0.0,0.0,True,False,True,False,True,Java
0820800,082080002,1.0,3.0,69.0,1.0,4.0,5.0,7.0,0.0,,73.0,31.0,1.0,500000.0,0.0,0.0,False,False,True,False,False,Batak
0821000,082100001,1.0,3.0,81.0,1.0,1.0,98.0,98.0,1.0,98.0,73.0,31.0,1.0,0.0,0.0,0.0,True,False,True,False,True,Java
0821000,082100003,17.0,3.0,57.0,1.0,2.0,2.0,7.0,0.0,73.0,73.0,31.0,1.0,1000000.0,0.0,0.0,False,False,True,False,False,Java
0821300,082130002,1.0,1.0,40.0,1.0,1.0,5.0,7.0,1.0,9.0,71.0,31.0,1.0,0.0,0.0,0.0,True,True,False,True,False,Java
0821300,082130008,2.0,3.0,39.0,1.0,1.0,2.0,7.0,1.0,9.0,71.0,31.0,1.0,0.0,0.0,0.0,True,False,True,False,True,Java
0821400,082140001,1.0,1.0,55.0,1.0,9.0,3.0,7.0,0.0,73.0,73.0,31.0,1.0,200000.0,35000.0,10.463131911491969,False,True,False,False,False,Minang
0821400,082140002,2.0,3.0,56.0,1.0,9.0,3.0,2.0,1.0,71.0,73.0,31.0,1.0,0.0,0.0,0.0,True,False,True,False,True,Minang
0821400,082140003,3.0,3.0,32.0,1.0,9.0,6.0,7.0,0.0,73.0,73.0,31.0,1.0,0.0,0.0,0.0,False,False,True,False,False,Minang
0821511,082151105,3.0,3.0,38.0,1.0,17.0,6.0,3.0,0.0,73.0,73.0,31.0,1.0,500000.0,0.0,0.0,False,False,True,False,False,Java
0821511,082151106,5.0,3.0,30.0,1.0,17.0,6.0,7.0,0.0,,73.0,31.0,1.0,0.0,0.0,0.0,False,False,True,False,False,Java
0830551,083055102,2.0,3.0,29.0,1.0,1.0,5.0,7.0,1.0,75.0,73.0,31.0,1.0,0.0,0.0,0.0,True,False,True,False,True,Java
0830900,083090001,1.0,1.0,55.0,1.0,1.0,5.0,7.0,0.0,,72.0,31.0,1.0,600000.0,0.0,0.0,False,True,False,False,False,Java
0830900,083090002,2.0,3.0,54.0,1.0,1.0,2.0,4.0,0.0,,72.0,31.0,1.0,0.0,0.0,0.0,False,False,True,False,False,Java
0830900,083090003,3.0,3.0,32.0,1.0,1.0,6.0,7.0,0.0,,72.0,31.0,1.0,0.0,0.0,0.0,False,False,True,False,False,Java
0830951,083095101,1.0,1.0,36.0,1.0,1.0,5.0,1.0,1.0,14.0,72.0,31.0,1.0,0.0,0.0,0.0,True,True,False,True,False,Java
0831100,083110002,7.0,3.0,66.0,1.0,1.0,2.0,2.0,0.0,73.0,73.0,31.0,1.0,0.0,0.0,0.0,False,False,True,False,False,Java
0831100,083110003,9.0,3.0,47.0,2.0,1.0,60.0,7.0,0.0,,73.0,31.0,1.0,500000.0,0.0,0.0,False,False,True,False,False,Java
0831100,083110004,9.0,3.0,45.0,2.0,1.0,5.0,7.0,0.0,,73.0,31.0,1.0,0.0,0.0,0.0,False,False,True,False,False,Java
0831100,083110009,2.0,3.0,32.0,1.0,1.0,5.0,7.0,0.0,73.0,73.0,31.0,1.0,300000.0,0.0,0.0,False,False,True,False,False,Java
0831100,083110010,9.0,1.0,30.0,1.0,1.0,6.0,7.0,0.0,,73.0,31.0,1.0,100000.0,0.0,0.0,False,True,False,False,False,Java
0831100,083110011,1.0,1.0,32.0,1.0,1.0,6.0,7.0,0.0,,73.0,31.0,1.0,0.0,100000.0,11.51293546492023,False,True,False,False,False,Java
0831131,083113101,1.0,1.0,45.0,1.0,1.0,6.0,7.0,0.0,,73.0,31.0,1.0,0.0,0.0,0.0,False,True,False,False,False,Java
0831600,083160001,1.0,1.0,62.0,1.0,17.0,5.0,7.0,0.0,73.0,73.0,31.0,1.0,0.0,0.0,0.0,False,True,False,False,False,Java
0831600,083160002,2.0,3.0,64.0,1.0,1.0,6.0,7.0,0.0,,73.0,31.0,1.0,0.0,0.0,0.0,False,False,True,False,False,Java
0831600,083160004,3.0,1.0,36.0,1.0,1.0,5.0,7.0,0.0,73.0,73.0,31.0,1.0,0.0,0.0,0.0,False,True,False,False,False,Java
0831600,083160005,3.0,1.0,26.0,1.0,1.0,6.0,7.0,0.0,,73.0,31.0,1.0,0.0,0.0,0.0,False,True,False,False,False,Java
0831600,083160006,5.0,3.0,31.0,1.0,9.0,5.0,7.0,0.0,,73.0,31.0,1.0,2700000.0,0.0,0.0,False,False,True,False,False,Java
0831700,083170001,1.0,1.0,67.0,1.0,1.0,3.0,7.0,0.0,71.0,71.0,31.0,1.0,100000.0,0.0,0.0,False,True,False,False,False,Java
0831700,083170002,2.0,3.0,56.0,1.0,1.0,3.0,7.0,0.0,,71.0,31.0,1.0,0.0,0.0,0.0,False,False,True,False,False,Java
0831700,083170003,3.0,3.0,38.0,1.0,1.0,60.0,7.0,0.0,71.0,71.0,31.0,1.0,0.0,0.0,0.0,False,False,True,False,False,Java
0831700,083170004,3.0,1.0,36.0,1.0,1.0,61.0,2.0,0.0,,1.0,32.0,1.0,0.0,0.0,0.0,False,True,False,False,False,Java
0831700,083170006,13.0,3.0,45.0,1.0,1.0,5.0,7.0,0.0,,71.0,31.0,1.0,350000.0,0.0,0.0,False,False,True,False,False,Java
0831700,083170007,3.0,3.0,15.0,1.0,1.0,6.0,0.0,0.0,71.0,71.0,31.0,1.0,0.0,150000.0,11.918397239722838,False,False,True,False,False,Java
0831700,083170008,5.0,1.0,42.0,1.0,1.0,6.0,7.0,0.0,71.0,71.0,31.0,1.0,0.0,0.0,0.0,False,True,False,False,False,Java
0831731,083173101,1.0,1.0,47.0,1.0,1.0,5.0,7.0,0.0,,71.0,31.0,1.0,100000.0,0.0,0.0,False,True,False,False,False,Java
0831731,083173103,3.0,3.0,19.0,1.0,1.0,6.0,7.0,0.0,71.0,71.0,31.0,1.0,1000000.0,350000.0,12.765691290604371,False,False,True,False,False,Java
0831731,083173104,3.0,3.0,15.0,1.0,1.0,6.0,0.0,0.0,71.0,71.0,31.0,1.0,0.0,500000.0,13.122365377402328,False,False,True,False,False,Java
0834400,083440002,1.0,3.0,66.0,1.0,2.0,2.0,3.0,0.0,,73.0,31.0,1.0,0.0,0.0,0.0,False,False,True,False,False,Java
0834400,083440005,3.0,1.0,33.0,1.0,1.0,6.0,7.0,0.0,,73.0,31.0,1.0,,,,False,True,False,False,False,Java
0834400,083440006,3.0,1.0,31.0,1.0,1.0,6.0,7.0,0.0,,73.0,31.0,1.0,0.0,1800000.0,14.403297778421797,False,True,False,False,False,Java
0840100,084010001,1.0,1.0,65.0,1.0,1.0,2.0,5.0,0.0,,73.0,31.0,1.0,,,,False,True,False,False,False,Java
0840100,084010004,3.0,3.0,34.0,1.0,1.0,60.0,7.0,0.0,,73.0,31.0,1.0,,,,False,False,True,False,False,Java
0840241,084024101,1.0,1.0,45.0,1.0,12.0,5.0,7.0,0.0,,73.0,31.0,1.0,0.0,0.0,0.0,False,True,False,False,False,Batak
0840400,084040001,1.0,3.0,65.0,1.0,1.0,2.0,3.0,0.0,,73.0,31.0,1.0,0.0,0.0,0.0,False,False,True,False,False,Java
0840400,084040002,3.0,3.0,36.0,1.0,1.0,5.0,2.0,0.0,,73.0,31.0,1.0,0.0,0.0,0.0,False,False,True,False,False,Java
0840400,084040004,5.0,1.0,39.0,1.0,1.0,3.0,2.0,0.0,,73.0,31.0,1.0,0.0,0.0,0.0,False,True,False,False,False,Java
0840400,084040006,10.0,3.0,17.0,1.0,1.0,5.0,2.0,0.0,73.0,73.0,31.0,1.0,0.0,0.0,0.0,False,False,True,False,False,Java
0840500,084050002,1.0,3.0,59.0,1.0,1.0,2.0,7.0,0.0,,73.0,31.0,1.0,0.0,0.0,0.0,False,False,True,False,False,Java
0840500,084050003,3.0,1.0,29.0,1.0,1.0,3.0,7.0,0.0,73.0,73.0,31.0,1.0,0.0,0.0,0.0,False,True,False,False,False,Java
0840500,084050006,8.0,3.0,60.0,1.0,1.0,2.0,7.0,0.0,,73.0,31.0,1.0,1000000.0,0.0,0.0,False,False,True,False,False,Java
0840500,084050007,8.0,1.0,55.0,1.0,1.0,2.0,7.0,0.0,,73.0,31.0,1.0,500000.0,0.0,0.0,False,True,False,False,False,Java
0840500,084050008,8.0,3.0,44.0,1.0,1.0,2.0,7.0,0.0,,73.0,31.0,1.0,0.0,0.0,0.0,False,False,True,False,False,Java
0840731,084073103,8.0,1.0,38.0,3.0,1.0,3.0,7.0,0.0,73.0,73.0,31.0,1.0,0.0,330000.0,12.706850963741102,False,True,False,False,False,Java
0840731,084073106,1.0,1.0,32.0,1.0,1.0,3.0,7.0,0.0,73.0,73.0,31.0,1.0,0.0,8000000.0,15.894952224644102,False,True,False,False,False,Java
0840731,084073107,8.0,3.0,30.0,1.0,1.0,6.0,7.0,0.0,,73.0,31.0,1.0,0.0,0.0,0.0,False,False,True,False,False,Java
0840731,084073108,13.0,1.0,19.0,1.0,1.0,5.0,7.0,1.0,71.0,73.0,31.0,1.0,100000.0,1000000.0,13.815511557963774,True,True,False,True,False,Java
0840731,084073109,13.0,1.0,18.0,1.0,1.0,5.0,7.0,1.0,71.0,73.0,31.0,1.0,0.0,500000.0,13.122365377402328,True,True,False,True,False,Java
0840731,084073110,13.0,1.0,16.0,1.0,1.0,6.0,1.0,1.0,71.0,73.0,31.0,1.0,0.0,2000000.0,14.508658238524095,True,True,False,True,False,Java
0841121,084112102,2.0,3.0,33.0,1.0,1.0,3.0,7.0,0.0,,4.0,33.0,2.0,,,,False,False,True,False,False,Java
0841121,084112106,3.0,3.0,17.0,1.0,1.0,6.0,2.0,0.0,4.0,4.0,33.0,2.0,50000.0,0.0,0.0,False,False,True,False,False,Java
0841651,084165101,1.0,1.0,34.0,1.0,9.0,6.0,7.0,1.0,7.0,75.0,32.0,1.0,0.0,0.0,0.0,True,True,False,True,False,Minang
0850100,085010001,1.0,1.0,67.0,2.0,4.0,5.0,7.0,1.0,5.0,73.0,31.0,1.0,0.0,0.0,0.0,True,True,False,True,False,Batak
0850100,085010002,2.0,3.0,64.0,2.0,4.0,5.0,7.0,0.0,,73.0,31.0,1.0,0.0,0.0,0.0,False,False,True,False,False,Batak
0850100,085010005,3.0,3.0,31.0,2.0,4.0,61.0,7.0,0.0,73.0,73.0,31.0,1.0,400000.0,0.0,0.0,False,False,True,False,False,Batak
0850211,085021105,3.0,3.0,47.0,1.0,1.0,5.0,7.0,0.0,,72.0,31.0,1.0,0.0,3100000.0,14.946912992035967,False,False,True,False,False,Java
0850900,085090001,1.0,1.0,67.0,2.0,4.0,6.0,7.0,1.0,17.0,73.0,31.0,1.0,,,,True,True,False,True,False,Batak
0851100,085110001,1.0,1.0,75.0,1.0,1.0,6.0,7.0,1.0,24.0,73.0,31.0,1.0,0.0,0.0,0.0,True,True,False,True,False,Java
0851100,085110002,2.0,3.0,65.0,1.0,1.0,2.0,7.0,1.0,10.0,73.0,31.0,1.0,0.0,0.0,0.0,True,False,True,False,True,Java
0851100,085110003,3.0,1.0,46.0,1.0,1.0,61.0,7.0,0.0,,16.0,32.0,1.0,500000.0,0.0,0.0,False,True,False,False,False,Java
0851100,085110005,3.0,3.0,40.0,1.0,1.0,61.0,7.0,0.0,73.0,73.0,31.0,1.0,500000.0,0.0,0.0,False,False,True,False,False,Java
0851100,085110013,5.0,1.0,44.0,1.0,17.0,60.0,7.0,0.0,73.0,73.0,31.0,1.0,0.0,0.0,0.0,False,True,False,False,False,Java
0851131,085113102,2.0,3.0,43.0,1.0,9.0,6.0,7.0,0.0,,16.0,32.0,1.0,0.0,0.0,0.0,False,False,True,False,False,Minang
0851400,085140001,1.0,1.0,72.0,1.0,9.0,61.0,5.0,0.0,,73.0,31.0,1.0,300000.0,0.0,0.0,False,True,False,False,False,Minang
0851400,085140002,2.0,3.0,68.0,1.0,9.0,5.0,7.0,0.0,,73.0,31.0,1.0,500000.0,0.0,0.0,False,False,True,False,False,Minang
0851922,085190009,1.0,1.0,48.0,1.0,1.0,5.0,7.0,1.0,28.0,75.0,32.0,1.0,0.0,0.0,0.0,True,True,False,True,False,Java
0851922,085192202,2.0,3.0,41.0,1.0,1.0,60.0,7.0,1.0,28.0,75.0,32.0,1.0,1500000.0,4500000.0,15.319588176962746,True,False,True,False,True,Java
0851922,085192203,3.0,3.0,18.0,1.0,1.0,61.0,0.0,0.0,75.0,75.0,32.0,1.0,0.0,1000000.0,13.815511557963774,False,False,True,False,False,Java
0860400,086040005,3.0,3.0,27.0,1.0,9.0,61.0,7.0,0.0,73.0,73.0,31.0,1.0,0.0,0.0,0.0,False,False,True,False,False,Minang
0860400,086040009,5.0,1.0,28.0,1.0,17.0,60.0,7.0,1.0,75.0,73.0,31.0,1.0,,,,True,True,False,True,False,Minang
0860551,086055101,1.0,1.0,38.0,1.0,1.0,61.0,7.0,0.0,73.0,73.0,31.0,1.0,5000000.0,0.0,0.0,False,True,False,False,False,Java
0860631,086063108,8.0,1.0,43.0,1.0,9.0,60.0,7.0,0.0,75.0,75.0,32.0,1.0,200000.0,0.0,0.0,False,True,False,False,False,Minang
0860631,086063110,13.0,3.0,15.0,1.0,9.0,5.0,0.0,1.0,73.0,75.0,32.0,1.0,0.0,0.0,0.0,True,False,True,False,True,Minang
0860731,086073101,1.0,1.0,43.0,1.0,1.0,3.0,7.0,0.0,,73.0,31.0,1.0,0.0,4000000.0,15.201805169084134,False,True,False,False,False,Java
0860731,086070007,2.0,3.0,44.0,1.0,1.0,60.0,7.0,0.0,,73.0,31.0,1.0,0.0,500000.0,13.122365377402328,False,False,True,False,False,Java
0861000,086100001,1.0,1.0,62.0,1.0,1.0,5.0,7.0,0.0,,73.0,31.0,1.0,0.0,0.0,0.0,False,True,False,False,False,Java
0861000,086100002,2.0,3.0,60.0,1.0,17.0,5.0,7.0,0.0,,73.0,31.0,1.0,250000.0,0.0,0.0,False,False,True,False,False,Java
0861000,086100003,3.0,3.0,31.0,1.0,1.0,5.0,7.0,0.0,,73.0,31.0,1.0,200000.0,0.0,0.0,False,False,True,False,False,Java
0861000,086100004,3.0,3.0,25.0,1.0,1.0,5.0,7.0,0.0,,73.0,31.0,1.0,1000000.0,0.0,0.0,False,False,True,False,False,Java
0861000,086100005,5.0,1.0,36.0,1.0,17.0,5.0,7.0,0.0,,73.0,31.0,1.0,200000.0,0.0,0.0,False,True,False,False,False,Java
0861131,086110002,2.0,3.0,48.0,1.0,1.0,2.0,3.0,0.0,,7.0,33.0,2.0,0.0,0.0,0.0,False,False,True,False,False,Java
0861131,086113106,1.0,1.0,47.0,1.0,1.0,3.0,2.0,0.0,,7.0,33.0,2.0,100000.0,0.0,0.0,False,True,False,False,False,Java
0861241,086120003,1.0,1.0,35.0,1.0,1.0,61.0,7.0,0.0,,15.0,35.0,1.0,0.0,0.0,0.0,False,True,False,False,False,Java
0861241,086124102,2.0,3.0,35.0,1.0,17.0,61.0,7.0,0.0,,15.0,35.0,1.0,0.0,0.0,0.0,False,False,True,False,False,Java
0861441,086144103,2.0,3.0,32.0,1.0,1.0,61.0,7.0,1.0,72.0,73.0,31.0,1.0,2500000.0,0.0,0.0,True,False,True,False,True,Java
0870141,087014102,2.0,3.0,36.0,1.0,1.0,61.0,0.0,0.0,,73.0,31.0,1.0,0.0,0.0,0.0,False,False,True,False,False,Java
0870200,087020001,1.0,1.0,56.0,1.0,1.0,2.0,7.0,0.0,,73.0,31.0,1.0,0.0,0.0,0.0,False,True,False,False,False,Java
0870200,087020002,2.0,3.0,52.0,1.0,1.0,2.0,7.0,0.0,,73.0,31.0,1.0,0.0,0.0,0.0,False,False,True,False,False,Java
0870200,087020003,3.0,3.0,38.0,1.0,1.0,6.0,7.0,0.0,,73.0,31.0,1.0,0.0,1500000.0,14.220976332738882,False,False,True,False,False,Java
0870200,087020005,3.0,1.0,30.0,1.0,1.0,3.0,7.0,0.0,73.0,73.0,31.0,1.0,0.0,0.0,0.0,False,True,False,False,False,Java
0870200,087020006,3.0,3.0,22.0,1.0,1.0,6.0,7.0,0.0,,73.0,31.0,1.0,0.0,0.0,0.0,False,False,True,False,False,Java
0870200,087020009,8.0,3.0,48.0,1.0,1.0,61.0,7.0,0.0,,73.0,31.0,1.0,0.0,0.0,0.0,False,False,True,False,False,Java
0870200,087020011,18.0,1.0,45.0,1.0,1.0,61.0,7.0,1.0,73.0,71.0,31.0,1.0,0.0,0.0,0.0,True,True,False,True,False,Java
0870200,087020012,16.0,1.0,52.0,1.0,2.0,5.0,7.0,0.0,,73.0,31.0,1.0,0.0,0.0,0.0,False,True,False,False,False,Java
0870200,087020013,13.0,3.0,17.0,1.0,1.0,6.0,7.0,0.0,73.0,73.0,31.0,1.0,0.0,1000000.0,13.815511557963774,False,False,True,False,False,Java
0870300,087030003,9.0,3.0,41.0,1.0,1.0,3.0,7.0,0.0,,76.0,32.0,1.0,150000.0,50000.0,10.819798284210286,False,False,True,False,False,Java
0870300,087030004,16.0,1.0,56.0,1.0,1.0,5.0,7.0,0.0,,76.0,32.0,1.0,75000.0,0.0,0.0,False,True,False,False,False,Java
0870300,087030005,13.0,3.0,19.0,1.0,1.0,6.0,7.0,1.0,73.0,76.0,32.0,1.0,200000.0,0.0,0.0,True,False,True,False,True,Java
0870300,087030006,2.0,3.0,38.0,1.0,1.0,2.0,7.0,0.0,,9.0,32.0,1.0,0.0,0.0,0.0,False,False,True,False,False,Java
0870300,087030007,1.0,1.0,49.0,1.0,1.0,3.0,1.0,0.0,,9.0,32.0,1.0,200000.0,200000.0,12.206077645517674,False,True,False,False,False,Java
0870300,087030008,3.0,3.0,15.0,1.0,1.0,3.0,2.0,0.0,9.0,9.0,32.0,1.0,0.0,200000.0,12.206077645517674,False,False,True,False,False,Java
0870300,087030009,3.0,3.0,15.0,1.0,1.0,3.0,0.0,0.0,9.0,9.0,32.0,1.0,0.0,0.0,0.0,False,False,True,False,False,Java
0870811,087080005,2.0,3.0,48.0,1.0,2.0,6.0,7.0,0.0,,73.0,31.0,1.0,200000.0,0.0,0.0,False,False,True,False,False,Java
0871021,087100005,1.0,3.0,41.0,1.0,1.0,2.0,7.0,0.0,,9.0,32.0,1.0,300000.0,8700000.0,15.978833698567334,False,False,True,False,False,Java
0871021,087100006,3.0,3.0,18.0,1.0,1.0,74.0,2.0,0.0,9.0,9.0,32.0,1.0,0.0,0.0,0.0,False,False,True,False,False,Java
0871021,087100002,2.0,1.0,46.0,1.0,1.0,3.0,7.0,0.0,,74.0,31.0,1.0,0.0,0.0,0.0,False,True,False,False,False,Java
0871021,087102104,3.0,1.0,16.0,1.0,1.0,6.0,0.0,0.0,9.0,9.0,32.0,1.0,0.0,50000.0,10.819798284210286,False,True,False,False,False,Java
0871600,087160004,8.0,1.0,47.0,1.0,1.0,5.0,7.0,0.0,,73.0,31.0,1.0,0.0,0.0,0.0,False,True,False,False,False,Java
0871600,087160006,3.0,1.0,30.0,1.0,1.0,6.0,7.0,0.0,,73.0,31.0,1.0,0.0,0.0,0.0,False,True,False,False,False,Java
0871600,087160007,3.0,1.0,27.0,1.0,1.0,5.0,7.0,0.0,,73.0,31.0,1.0,50000.0,0.0,0.0,False,True,False,False,False,Java
0871600,087160008,3.0,1.0,24.0,1.0,1.0,61.0,2.0,0.0,,73.0,31.0,1.0,,,,False,True,False,False,False,Java
0871600,087160009,3.0,3.0,18.0,1.0,1.0,5.0,7.0,0.0,73.0,73.0,31.0,1.0,0.0,0.0,0.0,False,False,True,False,False,Java
0871600,087160011,1.0,3.0,52.0,1.0,1.0,3.0,1.0,0.0,,73.0,31.0,1.0,200000.0,0.0,0.0,False,False,True,False,False,Java
0871611,087161101,1.0,1.0,50.0,1.0,1.0,5.0,7.0,0.0,,75.0,32.0,1.0,200000.0,0.0,0.0,False,True,False,False,False,Java
0871611,087161103,3.0,1.0,20.0,1.0,1.0,61.0,2.0,1.0,73.0,71.0,34.0,1.0,0.0,0.0,0.0,True,True,False,True,False,Java
0871631,087163102,2.0,3.0,34.0,1.0,1.0,3.0,7.0,0.0,,73.0,31.0,1.0,2000000.0,0.0,0.0,False,False,True,False,False,Java
0871900,087190001,1.0,3.0,65.0,1.0,1.0,5.0,0.0,0.0,,73.0,31.0,1.0,0.0,0.0,0.0,False,False,True,False,False,Java
0871900,087190003,3.0,1.0,40.0,1.0,1.0,6.0,7.0,0.0,,73.0,31.0,1.0,0.0,3000000.0,14.914123179965662,False,True,False,False,False,Java
0871941,087194102,2.0,3.0,34.0,1.0,1.0,6.0,7.0,0.0,,73.0,31.0,1.0,0.0,0.0,0.0,False,False,True,False,False,Java
0872000,087200001,2.0,1.0,62.0,1.0,1.0,61.0,7.0,0.0,,6.0,33.0,2.0,5000000.0,0.0,0.0,False,True,False,False,False,Java
0872000,087200002,1.0,3.0,50.0,1.0,1.0,5.0,7.0,0.0,,75.0,32.0,1.0,2000000.0,6000000.0,15.607270193858982,False,False,True,False,False,Java
0872000,087200003,13.0,3.0,41.0,1.0,1.0,5.0,7.0,0.0,,73.0,31.0,1.0,50000.0,0.0,0.0,False,False,True,False,False,Java
0872000,087200004,3.0,1.0,26.0,1.0,17.0,61.0,7.0,0.0,,75.0,32.0,1.0,0.0,0.0,0.0,False,True,False,False,False,Java
0872000,087200005,9.0,1.0,50.0,1.0,1.0,5.0,7.0,1.0,6.0,3.0,36.0,1.0,0.0,0.0,0.0,True,True,False,True,False,Java
0872000,087200006,9.0,3.0,47.0,1.0,1.0,5.0,7.0,1.0,15.0,3.0,36.0,1.0,0.0,0.0,0.0,True,False,True,False,True,Java
0872000,087200007,13.0,1.0,19.0,1.0,1.0,6.0,7.0,1.0,71.0,3.0,36.0,1.0,0.0,0.0,0.0,True,True,False,True,False,Java
0872021,087202101,1.0,1.0,56.0,1.0,1.0,61.0,6.0,0.0,,73.0,31.0,1.0,0.0,0.0,0.0,False,True,False,False,False,Java
0880551,088055101,1.0,1.0,31.0,1.0,1.0,3.0,7.0,1.0,72.0,73.0,31.0,1.0,0.0,0.0,0.0,True,True,False,True,False,Java
0880800,088080001,1.0,1.0,42.0,1.0,1.0,72.0,7.0,0.0,,4.0,33.0,2.0,0.0,100000.0,11.51293546492023,False,True,False,False,False,Java
0880800,088080002,2.0,3.0,37.0,1.0,1.0,72.0,7.0,0.0,,4.0,33.0,2.0,0.0,0.0,0.0,False,False,True,False,False,Java
0880900,088090001,1.0,3.0,65.0,1.0,1.0,5.0,7.0,0.0,,73.0,31.0,1.0,3000000.0,0.0,0.0,False,False,True,False,False,Java
0881600,088160001,1.0,1.0,51.0,1.0,17.0,6.0,7.0,1.0,74.0,73.0,31.0,1.0,0.0,0.0,0.0,True,True,False,True,False,Java
0881600,088160002,2.0,3.0,55.0,1.0,1.0,2.0,3.0,0.0,,73.0,31.0,1.0,300000.0,0.0,0.0,False,False,True,False,False,Java
0881600,088160003,4.0,3.0,39.0,1.0,1.0,2.0,3.0,1.0,2.0,73.0,31.0,1.0,0.0,0.0,0.0,True,False,True,False,True,Java
0881600,088160005,3.0,3.0,21.0,1.0,1.0,2.0,7.0,0.0,73.0,73.0,31.0,1.0,0.0,0.0,0.0,False,False,True,False,False,Java
0881600,088160006,3.0,3.0,18.0,1.0,1.0,3.0,7.0,0.0,73.0,73.0,31.0,1.0,0.0,0.0,0.0,False,False,True,False,False,Java
0881900,088190002,8.0,1.0,36.0,1.0,1.0,61.0,7.0,0.0,,73.0,31.0,1.0,100000.0,0.0,0.0,False,True,False,False,False,Java
0881900,088190004,1.0,3.0,30.0,1.0,1.0,60.0,7.0,0.0,,73.0,31.0,1.0,1000000.0,0.0,0.0,False,False,True,False,False,Java
0881900,088190005,13.0,1.0,15.0,1.0,1.0,3.0,1.0,0.0,73.0,73.0,31.0,1.0,20000.0,80000.0,11.289794413577894,False,True,False,False,False,Java
0881900,088190007,9.0,3.0,33.0,1.0,2.0,3.0,7.0,0.0,,73.0,31.0,1.0,50000.0,100000.0,11.51293546492023,False,False,True,False,False,Java
0881941,088194101,1.0,1.0,67.0,1.0,1.0,5.0,7.0,1.0,22.0,73.0,31.0,1.0,0.0,0.0,0.0,True,True,False,True,False,Java
0881941,088194102,2.0,3.0,62.0,1.0,1.0,5.0,7.0,0.0,73.0,73.0,31.0,1.0,1800000.0,0.0,0.0,False,False,True,False,False,Java
0900441,090044103,1.0,1.0,31.0,1.0,1.0,5.0,7.0,1.0,10.0,75.0,32.0,1.0,1500000.0,0.0,0.0,True,True,False,True,False,Java
0900500,090050001,1.0,1.0,46.0,1.0,1.0,73.0,7.0,0.0,,74.0,31.0,1.0,1000000.0,0.0,0.0,False,True,False,False,False,Java
0900500,090050002,14.0,3.0,40.0,1.0,1.0,73.0,7.0,0.0,,1.0,35.0,2.0,0.0,0.0,0.0,False,False,True,False,False,Java
0900500,090050003,2.0,3.0,40.0,1.0,1.0,73.0,2.0,0.0,,74.0,31.0,1.0,500000.0,0.0,0.0,False,False,True,False,False,Java
0900500,090050004,3.0,1.0,18.0,1.0,1.0,61.0,0.0,0.0,74.0,74.0,31.0,1.0,0.0,0.0,0.0,False,True,False,False,False,Java
0900531,090053102,3.0,3.0,18.0,1.0,1.0,73.0,7.0,0.0,1.0,1.0,35.0,2.0,100000.0,0.0,0.0,False,False,True,False,False,Java
0900531,090053103,1.0,1.0,42.0,1.0,1.0,72.0,7.0,1.0,3.0,1.0,35.0,2.0,0.0,0.0,0.0,True,True,False,True,False,Java
0900531,090053104,5.0,1.0,32.0,1.0,1.0,3.0,7.0,0.0,1.0,1.0,35.0,2.0,0.0,0.0,0.0,False,True,False,False,False,Java
0900700,090070001,1.0,1.0,50.0,1.0,9.0,5.0,7.0,0.0,,74.0,31.0,1.0,0.0,0.0,0.0,False,True,False,False,False,Minang
0900700,090070002,2.0,3.0,43.0,1.0,2.0,2.0,7.0,0.0,,74.0,31.0,1.0,0.0,0.0,0.0,False,False,True,False,False,Minang
0900700,090070003,3.0,3.0,22.0,1.0,9.0,61.0,0.0,0.0,,74.0,31.0,1.0,0.0,0.0,0.0,False,False,True,False,False,Minang
0900700,090070004,9.0,3.0,34.0,1.0,2.0,2.0,7.0,0.0,,10.0,32.0,1.0,0.0,0.0,0.0,False,False,True,False,False,Minang
0900700,090070005,3.0,1.0,20.0,1.0,9.0,6.0,7.0,0.0,74.0,74.0,31.0,1.0,0.0,0.0,0.0,False,True,False,False,False,Minang
0900700,090070006,3.0,3.0,18.0,1.0,9.0,6.0,7.0,1.0,10.0,74.0,31.0,1.0,0.0,0.0,0.0,True,False,True,False,True,Minang
0901042,090104202,2.0,3.0,37.0,1.0,1.0,3.0,7.0,0.0,,74.0,36.0,1.0,0.0,0.0,0.0,False,False,True,False,False,Java
0904100,090410001,1.0,1.0,68.0,1.0,1.0,60.0,7.0,0.0,,74.0,31.0,1.0,1000000.0,0.0,0.0,False,True,False,False,False,Java
0904100,090410002,2.0,3.0,68.0,1.0,1.0,5.0,7.0,0.0,,74.0,31.0,1.0,0.0,0.0,0.0,False,False,True,False,False,Java
0904100,090410003,3.0,1.0,41.0,1.0,1.0,61.0,7.0,0.0,74.0,74.0,31.0,1.0,0.0,0.0,0.0,False,True,False,False,False,Java
0904100,090410006,3.0,3.0,34.0,1.0,1.0,60.0,7.0,0.0,74.0,74.0,31.0,1.0,3000000.0,0.0,0.0,False,False,True,False,False,Java
0910400,091040004,7.0,3.0,68.0,1.0,1.0,1.0,96.0,0.0,12.0,12.0,33.0,1.0,0.0,0.0,0.0,False,False,True,False,False,Java
0910400,091040005,2.0,3.0,34.0,1.0,1.0,6.0,7.0,0.0,,12.0,33.0,1.0,300000.0,100000.0,11.51293546492023,False,False,True,False,False,Java
0910400,091040006,1.0,1.0,39.0,1.0,1.0,6.0,7.0,0.0,,12.0,33.0,1.0,0.0,0.0,0.0,False,True,False,False,False,Java
0910600,091060001,1.0,3.0,73.0,3.0,4.0,3.0,7.0,1.0,9.0,74.0,31.0,1.0,0.0,0.0,0.0,True,False,True,False,True,Batak
0910600,091060002,3.0,1.0,50.0,1.0,4.0,5.0,7.0,1.0,98.0,71.0,36.0,1.0,0.0,0.0,0.0,True,True,False,True,False,Batak
0910600,091060004,3.0,1.0,42.0,3.0,4.0,5.0,7.0,0.0,74.0,74.0,31.0,1.0,500000.0,0.0,0.0,False,True,False,False,False,Batak
0910600,091060005,3.0,3.0,40.0,3.0,4.0,5.0,7.0,0.0,,74.0,31.0,1.0,600000.0,0.0,0.0,False,False,True,False,False,Batak
0910600,091060008,5.0,3.0,43.0,1.0,25.0,5.0,7.0,0.0,,71.0,36.0,1.0,1000000.0,0.0,0.0,False,False,True,False,False,Batak
0910600,091060009,10.0,3.0,17.0,1.0,4.0,5.0,2.0,1.0,74.0,71.0,36.0,1.0,0.0,0.0,0.0,True,False,True,False,True,Batak
0910600,091060010,5.0,1.0,39.0,3.0,1.0,5.0,7.0,0.0,,74.0,31.0,1.0,1000000.0,500000.0,13.122365377402328,False,True,False,False,False,Batak
0910700,091070001,1.0,1.0,81.0,1.0,2.0,1.0,96.0,0.0,,9.0,32.0,1.0,0.0,0.0,0.0,False,True,False,False,False,Java
0910700,091070002,2.0,3.0,62.0,1.0,1.0,2.0,3.0,0.0,,9.0,32.0,1.0,0.0,0.0,0.0,False,False,True,False,False,Java
0910700,091070003,3.0,3.0,37.0,1.0,1.0,3.0,7.0,0.0,,9.0,32.0,1.0,0.0,200000.0,12.206077645517674,False,False,True,False,False,Java
0910700,091070004,10.0,3.0,18.0,1.0,1.0,6.0,2.0,1.0,74.0,9.0,32.0,1.0,0.0,0.0,0.0,True,False,True,False,True,Java
0910700,091073101,5.0,1.0,41.0,1.0,1.0,6.0,7.0,0.0,9.0,9.0,32.0,1.0,0.0,0.0,0.0,False,True,False,False,False,Java
0910841,091084105,3.0,3.0,35.0,1.0,1.0,5.0,7.0,0.0,74.0,74.0,31.0,1.0,250000.0,0.0,0.0,False,False,True,False,False,Java
0910952,091095201,1.0,1.0,37.0,1.0,1.0,3.0,7.0,0.0,28.0,28.0,33.0,2.0,0.0,0.0,0.0,False,True,False,False,False,Java
0911000,091100001,1.0,1.0,58.0,1.0,1.0,5.0,7.0,0.0,,74.0,31.0,1.0,400000.0,0.0,0.0,False,True,False,False,False,Java
0911000,091100002,2.0,3.0,55.0,1.0,1.0,2.0,7.0,0.0,,74.0,31.0,1.0,0.0,0.0,0.0,False,False,True,False,False,Java
0911000,091100003,3.0,1.0,34.0,1.0,1.0,6.0,7.0,0.0,,74.0,31.0,1.0,0.0,0.0,0.0,False,True,False,False,False,Java
0911000,091100004,3.0,1.0,21.0,1.0,1.0,6.0,7.0,0.0,74.0,74.0,31.0,1.0,0.0,0.0,0.0,False,True,False,False,False,Java
0911041,091104102,2.0,3.0,30.0,1.0,2.0,6.0,7.0,0.0,,74.0,31.0,1.0,3600000.0,0.0,0.0,False,False,True,False,False,Java
0911400,091140001,1.0,1.0,47.0,1.0,1.0,2.0,7.0,0.0,,74.0,31.0,1.0,0.0,0.0,0.0,False,True,False,False,False,Java
0911400,091140002,2.0,3.0,46.0,1.0,1.0,2.0,7.0,0.0,,74.0,31.0,1.0,200000.0,0.0,0.0,False,False,True,False,False,Java
0911400,091140003,3.0,3.0,23.0,1.0,1.0,6.0,7.0,0.0,,74.0,31.0,1.0,200000.0,0.0,0.0,False,False,True,False,False,Java
0911500,091150001,1.0,1.0,63.0,1.0,1.0,2.0,2.0,1.0,12.0,74.0,31.0,1.0,0.0,0.0,0.0,True,True,False,True,False,Java
0911500,091150002,2.0,3.0,42.0,1.0,1.0,2.0,7.0,0.0,,74.0,31.0,1.0,0.0,0.0,0.0,False,False,True,False,False,Java
0911500,091150003,3.0,1.0,25.0,1.0,1.0,60.0,1.0,0.0,,73.0,31.0,1.0,200000.0,0.0,0.0,False,True,False,False,False,Java
0911500,091150004,3.0,3.0,17.0,1.0,1.0,3.0,7.0,0.0,74.0,74.0,31.0,1.0,0.0,0.0,0.0,False,False,True,False,False,Java
0911700,091170001,1.0,1.0,64.0,1.0,1.0,2.0,1.0,0.0,,29.0,33.0,1.0,0.0,0.0,0.0,False,True,False,False,False,Java
0911700,091170002,2.0,3.0,53.0,1.0,1.0,1.0,96.0,0.0,,29.0,33.0,1.0,0.0,0.0,0.0,False,False,True,False,False,Java
0911700,091170005,3.0,3.0,33.0,1.0,1.0,2.0,7.0,0.0,,29.0,33.0,1.0,0.0,1000000.0,13.815511557963774,False,False,True,False,False,Java
0920200,092020002,1.0,3.0,46.0,1.0,1.0,5.0,1.0,0.0,,72.0,31.0,1.0,2000000.0,2000000.0,14.508658238524095,False,False,True,False,False,Java
0920200,092020009,18.0,3.0,38.0,1.0,1.0,61.0,7.0,0.0,,72.0,31.0,1.0,0.0,6000000.0,15.607270193858982,False,False,True,False,False,Java
0920300,092030005,1.0,1.0,46.0,1.0,1.0,5.0,7.0,1.0,10.0,74.0,31.0,1.0,200000.0,0.0,0.0,True,True,False,True,False,Java
0920300,092030008,3.0,3.0,20.0,1.0,1.0,3.0,7.0,0.0,74.0,74.0,31.0,1.0,0.0,0.0,0.0,False,False,True,False,False,Java
0920300,092030011,5.0,1.0,29.0,1.0,2.0,5.0,7.0,1.0,1.0,74.0,31.0,1.0,0.0,0.0,0.0,True,True,False,True,False,Java
0920400,092040004,13.0,3.0,32.0,1.0,1.0,3.0,7.0,0.0,,74.0,31.0,1.0,100000.0,0.0,0.0,False,False,True,False,False,Java
0920400,092040006,2.0,3.0,57.0,1.0,1.0,2.0,0.0,0.0,,4.0,33.0,1.0,0.0,0.0,0.0,False,False,True,False,False,Java
0920400,092040007,1.0,1.0,53.0,1.0,1.0,1.0,96.0,0.0,,4.0,33.0,1.0,0.0,0.0,0.0,False,True,False,False,False,Java
0920400,092040008,3.0,3.0,24.0,1.0,1.0,6.0,7.0,0.0,,4.0,33.0,1.0,500000.0,200000.0,12.206077645517674,False,False,True,False,False,Java
0920400,092040009,3.0,1.0,22.0,1.0,1.0,6.0,7.0,0.0,,4.0,33.0,1.0,250000.0,50000.0,10.819798284210286,False,True,False,False,False,Java
0920400,092040010,13.0,3.0,16.0,1.0,1.0,3.0,2.0,0.0,4.0,4.0,33.0,1.0,0.0,50000.0,10.819798284210286,False,False,True,False,False,Java
0920400,092040012,5.0,1.0,25.0,1.0,1.0,3.0,7.0,0.0,4.0,4.0,33.0,1.0,100000.0,100000.0,11.51293546492023,False,True,False,False,False,Java
0920652,092065201,1.0,1.0,40.0,1.0,1.0,5.0,7.0,1.0,73.0,3.0,36.0,2.0,0.0,0.0,0.0,True,True,False,True,False,Java
0920842,092084202,2.0,3.0,29.0,1.0,1.0,3.0,7.0,0.0,,75.0,31.0,1.0,0.0,0.0,0.0,False,False,True,False,False,Java
0921351,092135101,1.0,1.0,29.0,1.0,1.0,5.0,7.0,1.0,29.0,74.0,31.0,1.0,0.0,500000.0,13.122365377402328,True,True,False,True,False,Java
0921400,092140001,1.0,1.0,44.0,1.0,1.0,6.0,7.0,0.0,,74.0,31.0,1.0,0.0,0.0,0.0,False,True,False,False,False,Java
0921400,092140002,2.0,3.0,39.0,1.0,2.0,2.0,7.0,0.0,,74.0,31.0,1.0,300000.0,0.0,0.0,False,False,True,False,False,Java
0921400,092140003,3.0,3.0,21.0,1.0,1.0,6.0,7.0,0.0,74.0,74.0,31.0,1.0,0.0,100000.0,11.51293546492023,False,False,True,False,False,Java
0921400,092140004,3.0,3.0,19.0,1.0,1.0,6.0,7.0,1.0,14.0,74.0,31.0,1.0,0.0,50000.0,10.819798284210286,True,False,True,False,True,Java
0921400,092140005,3.0,1.0,17.0,1.0,1.0,6.0,1.0,0.0,74.0,74.0,31.0,1.0,0.0,100000.0,11.51293546492023,False,True,False,False,False,Java
0921700,092170001,7.0,1.0,49.0,1.0,1.0,3.0,7.0,1.0,5.0,71.0,36.0,1.0,0.0,0.0,0.0,True,True,False,True,False,Java
0921700,092170002,7.0,3.0,44.0,1.0,17.0,3.0,7.0,1.0,74.0,71.0,36.0,1.0,0.0,0.0,0.0,True,False,True,False,True,Java
0921700,092170003,2.0,3.0,25.0,1.0,1.0,6.0,7.0,0.0,74.0,74.0,31.0,1.0,0.0,0.0,0.0,False,False,True,False,False,Java
0930100,093010002,1.0,3.0,69.0,1.0,1.0,2.0,98.0,1.0,6.0,74.0,31.0,1.0,0.0,0.0,0.0,True,False,True,False,True,Java
0930100,093010003,3.0,3.0,51.0,1.0,1.0,6.0,7.0,0.0,,74.0,36.0,1.0,0.0,0.0,0.0,False,False,True,False,False,Java
0930100,093010004,3.0,3.0,46.0,1.0,1.0,6.0,2.0,0.0,,74.0,31.0,1.0,0.0,3000000.0,14.914123179965662,False,False,True,False,False,Java
0930100,093010005,3.0,3.0,45.0,1.0,1.0,3.0,7.0,0.0,,74.0,31.0,1.0,1000000.0,0.0,0.0,False,False,True,False,False,Java
0930100,093010006,3.0,1.0,42.0,1.0,1.0,6.0,7.0,0.0,,74.0,31.0,1.0,1000000.0,5000000.0,15.424948670398354,False,True,False,False,False,Java
0930100,093010007,3.0,3.0,40.0,1.0,1.0,5.0,7.0,0.0,,74.0,31.0,1.0,0.0,0.0,0.0,False,False,True,False,False,Java
0930100,093010008,5.0,1.0,51.0,1.0,17.0,5.0,7.0,0.0,,74.0,36.0,1.0,100000.0,0.0,0.0,False,True,False,False,False,Java
0930100,093010010,10.0,3.0,26.0,1.0,17.0,6.0,7.0,0.0,,74.0,36.0,1.0,0.0,0.0,0.0,False,False,True,False,False,Java
0930100,093010011,10.0,1.0,23.0,1.0,17.0,6.0,7.0,0.0,,74.0,31.0,1.0,0.0,5500000.0,15.520258832020865,False,True,False,False,False,Java
0930100,093010012,9.0,3.0,45.0,1.0,1.0,2.0,7.0,0.0,,8.0,33.0,2.0,100000.0,400000.0,12.899222326086994,False,False,True,False,False,Java
0930100,093010013,5.0,1.0,34.0,1.0,1.0,2.0,7.0,0.0,,74.0,31.0,1.0,50000.0,0.0,0.0,False,True,False,False,False,Java
0930131,093013102,1.0,1.0,46.0,1.0,1.0,2.0,0.0,0.0,,8.0,33.0,2.0,50000.0,40000.0,10.59665973278358,False,True,False,False,False,Java
0930131,093013105,3.0,1.0,18.0,1.0,1.0,6.0,1.0,0.0,8.0,8.0,33.0,2.0,0.0,350000.0,12.765691290604371,False,True,False,False,False,Java
0930131,093013106,3.0,3.0,17.0,1.0,1.0,6.0,2.0,0.0,8.0,8.0,33.0,2.0,0.0,50000.0,10.819798284210286,False,False,True,False,False,Java
0930141,093014101,1.0,1.0,33.0,1.0,1.0,6.0,7.0,0.0,,74.0,31.0,1.0,2000000.0,0.0,0.0,False,True,False,False,False,Java
0930152,093015202,2.0,3.0,19.0,1.0,1.0,6.0,7.0,1.0,1.0,74.0,31.0,1.0,0.0,0.0,0.0,True,False,True,False,True,Java
0930233,093020006,1.0,3.0,43.0,1.0,1.0,6.0,7.0,0.0,,73.0,31.0,1.0,400000.0,0.0,0.0,False,False,True,False,False,Java
0930233,093021106,3.0,1.0,19.0,1.0,1.0,61.0,0.0,0.0,73.0,73.0,31.0,1.0,300000.0,500000.0,13.122365377402328,False,True,False,False,False,Java
0930651,093065101,1.0,1.0,31.0,1.0,1.0,6.0,7.0,0.0,74.0,74.0,31.0,1.0,0.0,0.0,0.0,False,True,False,False,False,Java
0930652,093065201,1.0,1.0,27.0,1.0,17.0,3.0,7.0,0.0,74.0,74.0,31.0,1.0,0.0,0.0,0.0,False,True,False,False,False,Java
0931000,093100002,2.0,3.0,59.0,1.0,9.0,60.0,0.0,0.0,,74.0,31.0,1.0,0.0,0.0,0.0,False,False,True,False,False,Minang
0931000,093100004,3.0,1.0,27.0,1.0,9.0,61.0,2.0,0.0,,74.0,31.0,1.0,0.0,0.0,0.0,False,True,False,False,False,Minang
0931000,093100005,3.0,3.0,26.0,1.0,9.0,61.0,7.0,0.0,,73.0,32.0,1.0,1000000.0,5000000.0,15.424948670398354,False,False,True,False,False,Minang
0931000,093100007,15.0,3.0,47.0,1.0,1.0,3.0,7.0,0.0,,74.0,31.0,1.0,0.0,0.0,0.0,False,False,True,False,False,Minang
0931000,093100008,17.0,3.0,28.0,1.0,1.0,60.0,7.0,1.0,6.0,74.0,31.0,1.0,0.0,0.0,0.0,True,False,True,False,True,Minang
0931042,093104202,2.0,3.0,26.0,1.0,1.0,60.0,7.0,1.0,23.0,74.0,31.0,1.0,0.0,0.0,0.0,True,False,True,False,True,Java
0931242,093120004,1.0,3.0,33.0,1.0,1.0,5.0,7.0,0.0,,75.0,31.0,1.0,0.0,0.0,0.0,False,False,True,False,False,Java
0931243,093120005,2.0,3.0,31.0,1.0,1.0,60.0,7.0,0.0,,1.0,32.0,1.0,500000.0,200000.0,12.206077645517674,False,False,True,False,False,Java
0931243,093124302,1.0,1.0,35.0,1.0,1.0,60.0,7.0,1.0,78.0,1.0,32.0,1.0,0.0,0.0,0.0,True,True,False,True,False,Java
0931400,093140003,8.0,1.0,44.0,1.0,1.0,60.0,7.0,0.0,,74.0,31.0,1.0,0.0,0.0,0.0,False,True,False,False,False,Java
0931400,093140005,1.0,1.0,36.0,1.0,1.0,61.0,7.0,0.0,,74.0,31.0,1.0,0.0,5000000.0,15.424948670398354,False,True,False,False,False,Java
0931400,093140008,2.0,3.0,30.0,1.0,2.0,5.0,7.0,0.0,,74.0,31.0,1.0,1000000.0,0.0,0.0,False,False,True,False,False,Java
0931431,093143102,2.0,3.0,40.0,1.0,17.0,6.0,7.0,0.0,,74.0,31.0,1.0,2000000.0,0.0,0.0,False,False,True,False,False,Java
0931431,093143104,3.0,1.0,15.0,1.0,1.0,5.0,1.0,0.0,74.0,74.0,31.0,1.0,0.0,500000.0,13.122365377402328,False,True,False,False,False,Java
0931600,093160001,1.0,1.0,60.0,3.0,4.0,5.0,7.0,0.0,,74.0,31.0,1.0,0.0,0.0,0.0,False,True,False,False,False,Batak
0931600,093160002,2.0,3.0,53.0,3.0,4.0,5.0,2.0,0.0,,74.0,31.0,1.0,0.0,0.0,0.0,False,False,True,False,False,Batak
0931600,093160003,3.0,1.0,31.0,3.0,4.0,61.0,6.0,0.0,,74.0,31.0,1.0,600000.0,0.0,0.0,False,True,False,False,False,Batak
0931600,093160004,3.0,3.0,28.0,3.0,4.0,60.0,7.0,0.0,,11.0,12.0,1.0,0.0,0.0,0.0,False,False,True,False,False,Batak
0931600,093160005,3.0,3.0,23.0,3.0,4.0,60.0,7.0,0.0,,74.0,31.0,1.0,400000.0,0.0,0.0,False,False,True,False,False,Batak
0931600,093160006,3.0,3.0,36.0,3.0,4.0,6.0,7.0,0.0,,3.0,36.0,1.0,200000.0,1000000.0,13.815511557963774,False,False,True,False,False,Batak
0931631,093163102,1.0,1.0,37.0,3.0,4.0,3.0,7.0,1.0,73.0,3.0,36.0,1.0,0.0,0.0,0.0,True,True,False,True,False,Batak
0931642,093164202,1.0,1.0,30.0,3.0,4.0,5.0,7.0,0.0,11.0,11.0,12.0,1.0,0.0,0.0,0.0,False,True,False,False,False,Batak
0931700,093170002,1.0,3.0,55.0,1.0,1.0,2.0,7.0,0.0,,10.0,33.0,1.0,0.0,0.0,0.0,False,False,True,False,False,Java
0931700,093170003,3.0,3.0,31.0,3.0,1.0,61.0,7.0,0.0,,10.0,33.0,1.0,0.0,0.0,0.0,False,False,True,False,False,Java
0931751,093175101,1.0,1.0,40.0,3.0,1.0,62.0,0.0,0.0,10.0,10.0,33.0,1.0,0.0,0.0,0.0,False,True,False,False,False,Java
0931800,093180001,7.0,1.0,66.0,1.0,1.0,5.0,7.0,0.0,,71.0,36.0,1.0,0.0,0.0,0.0,False,True,False,False,False,Java
0931800,093180002,7.0,3.0,61.0,1.0,1.0,6.0,7.0,1.0,29.0,71.0,36.0,1.0,0.0,0.0,0.0,True,False,True,False,True,Java
0931800,093180003,2.0,3.0,39.0,1.0,1.0,60.0,7.0,0.0,,71.0,36.0,1.0,0.0,0.0,0.0,False,False,True,False,False,Java
0931800,093180004,9.0,3.0,37.0,1.0,1.0,60.0,7.0,0.0,,3.0,36.0,1.0,0.0,0.0,0.0,False,False,True,False,False,Java
0931800,093180007,1.0,1.0,43.0,1.0,2.0,6.0,7.0,0.0,,71.0,36.0,1.0,0.0,0.0,0.0,False,True,False,False,False,Java
0931841,093184103,2.0,3.0,40.0,1.0,1.0,62.0,7.0,1.0,75.0,71.0,36.0,1.0,0.0,0.0,0.0,True,False,True,False,True,Java
0931842,093184201,1.0,1.0,36.0,1.0,4.0,60.0,7.0,1.0,75.0,3.0,36.0,1.0,0.0,0.0,0.0,True,True,False,True,False,Java
0940231,094023102,2.0,3.0,37.0,1.0,1.0,2.0,3.0,0.0,,4.0,36.0,2.0,100000.0,0.0,0.0,False,False,True,False,False,Java
0940231,094023103,3.0,3.0,15.0,1.0,1.0,3.0,7.0,0.0,4.0,4.0,36.0,2.0,0.0,10000.0,9.210440366976515,False,False,True,False,False,Java
0940700,094070001,1.0,1.0,47.0,1.0,1.0,2.0,7.0,1.0,5.0,15.0,33.0,2.0,0.0,0.0,0.0,True,True,False,True,False,Java
0940700,094070002,2.0,3.0,48.0,1.0,1.0,3.0,7.0,0.0,,15.0,33.0,2.0,0.0,0.0,0.0,False,False,True,False,False,Java
0941500,094150001,6.0,3.0,60.0,2.0,2.0,5.0,7.0,0.0,,18.0,12.0,2.0,0.0,0.0,0.0,False,False,True,False,False,Batak
0941500,094150003,8.0,1.0,38.0,1.0,4.0,61.0,98.0,0.0,,71.0,14.0,1.0,0.0,0.0,0.0,False,True,False,False,False,Batak
0941500,094150007,2.0,3.0,36.0,1.0,1.0,5.0,7.0,1.0,75.0,74.0,31.0,1.0,0.0,0.0,0.0,True,False,True,False,True,Batak
0941531,094153101,1.0,1.0,67.0,2.0,4.0,5.0,7.0,0.0,,18.0,12.0,2.0,0.0,300000.0,12.611541086966117,False,True,False,False,False,Batak
0941541,094154102,2.0,3.0,30.0,1.0,17.0,6.0,7.0,0.0,,71.0,14.0,1.0,0.0,0.0,0.0,False,False,True,False,False,Batak
0950500,095050001,1.0,1.0,45.0,1.0,1.0,2.0,7.0,0.0,,74.0,31.0,1.0,8400000.0,400000.0,12.899222326086994,False,True,False,False,False,Java
0950500,095050002,2.0,3.0,45.0,1.0,1.0,2.0,7.0,0.0,,27.0,33.0,1.0,60000.0,50000.0,10.819798284210286,False,False,True,False,False,Java
0950500,095050003,3.0,1.0,21.0,1.0,1.0,6.0,7.0,0.0,,74.0,31.0,1.0,5000000.0,0.0,0.0,False,True,False,False,False,Java
0950500,095050004,9.0,1.0,35.0,1.0,1.0,2.0,7.0,0.0,,74.0,31.0,1.0,0.0,0.0,0.0,False,True,False,False,False,Java
0950500,095050005,3.0,1.0,20.0,1.0,1.0,6.0,7.0,1.0,27.0,74.0,31.0,1.0,2000000.0,0.0,0.0,True,True,False,True,False,Java
0950541,095054102,2.0,3.0,39.0,1.0,1.0,2.0,7.0,0.0,,74.0,31.0,1.0,0.0,0.0,0.0,False,False,True,False,False,Java
0951000,095100001,1.0,1.0,59.0,1.0,1.0,61.0,7.0,0.0,,15.0,32.0,1.0,,,,False,True,False,False,False,Java
0951100,095110004,3.0,1.0,30.0,1.0,1.0,6.0,7.0,0.0,,74.0,31.0,1.0,0.0,0.0,0.0,False,True,False,False,False,Java
0951441,095144103,3.0,3.0,16.0,1.0,1.0,3.0,2.0,0.0,2.0,2.0,34.0,1.0,0.0,10000.0,9.210440366976515,False,False,True,False,False,Java
0951611,095161102,2.0,3.0,46.0,1.0,1.0,72.0,7.0,1.0,13.0,74.0,31.0,1.0,0.0,0.0,0.0,True,False,True,False,True,Java
0951700,095170002,7.0,3.0,66.0,1.0,17.0,3.0,7.0,0.0,,74.0,31.0,1.0,1700000.0,0.0,0.0,False,False,True,False,False,Batak
0951700,095170003,1.0,1.0,49.0,1.0,4.0,61.0,2.0,0.0,,73.0,31.0,1.0,0.0,0.0,0.0,False,True,False,False,False,Batak
0951700,095170004,8.0,3.0,45.0,1.0,4.0,5.0,7.0,0.0,,74.0,31.0,1.0,0.0,0.0,0.0,False,False,True,False,False,Batak
0951700,095170007,13.0,1.0,18.0,1.0,19.0,6.0,7.0,0.0,74.0,74.0,31.0,1.0,100000.0,0.0,0.0,False,True,False,False,False,Batak
0951700,095173102,2.0,3.0,48.0,1.0,1.0,5.0,7.0,0.0,,73.0,31.0,1.0,0.0,0.0,0.0,False,False,True,False,False,Batak
0954100,095410001,1.0,1.0,41.0,1.0,1.0,73.0,7.0,0.0,,73.0,31.0,1.0,500000.0,0.0,0.0,False,True,False,False,False,Java
0954400,095440001,1.0,1.0,56.0,1.0,1.0,2.0,7.0,0.0,,74.0,31.0,1.0,0.0,0.0,0.0,False,True,False,False,False,Java
0954400,095440002,2.0,3.0,45.0,1.0,1.0,2.0,7.0,0.0,,74.0,31.0,1.0,0.0,0.0,0.0,False,False,True,False,False,Java
0954500,095450001,1.0,1.0,55.0,1.0,1.0,3.0,7.0,0.0,,74.0,31.0,1.0,0.0,0.0,0.0,False,True,False,False,False,Java
0954500,095450004,3.0,3.0,39.0,1.0,1.0,5.0,7.0,0.0,74.0,74.0,31.0,1.0,300000.0,500000.0,13.122365377402328,False,False,True,False,False,Java
0954500,095450005,3.0,3.0,37.0,1.0,1.0,3.0,7.0,0.0,,74.0,31.0,1.0,0.0,0.0,0.0,False,False,True,False,False,Java
0954500,095450006,3.0,3.0,34.0,1.0,1.0,5.0,7.0,0.0,,74.0,31.0,1.0,0.0,0.0,0.0,False,False,True,False,False,Java
0954500,095450008,2.0,3.0,36.0,1.0,1.0,2.0,98.0,0.0,,74.0,31.0,1.0,120000.0,0.0,0.0,False,False,True,False,False,Java
0954531,095453102,1.0,3.0,36.0,1.0,1.0,5.0,7.0,0.0,,25.0,33.0,1.0,0.0,2200000.0,14.603968372873895,False,False,True,False,False,Java
0954532,095453201,1.0,1.0,41.0,1.0,2.0,6.0,7.0,0.0,,74.0,31.0,1.0,0.0,0.0,0.0,False,True,False,False,False,Java
0954532,095453203,3.0,3.0,15.0,1.0,1.0,6.0,0.0,0.0,74.0,74.0,31.0,1.0,0.0,100000.0,11.51293546492023,False,False,True,False,False,Java
0954700,095470002,1.0,3.0,59.0,1.0,1.0,2.0,1.0,0.0,,74.0,31.0,1.0,500000.0,0.0,0.0,False,False,True,False,False,Java
0954700,095470004,3.0,3.0,32.0,1.0,1.0,6.0,7.0,0.0,,74.0,31.0,1.0,2000000.0,2000000.0,14.508658238524095,False,False,True,False,False,Java
0954731,095473101,1.0,1.0,35.0,1.0,2.0,73.0,7.0,0.0,,74.0,31.0,1.0,0.0,0.0,0.0,False,True,False,False,False,Java
0960221,096022101,1.0,1.0,64.0,1.0,1.0,3.0,7.0,1.0,74.0,3.0,36.0,1.0,0.0,0.0,0.0,True,True,False,True,False,Java
0960600,096060009,1.0,1.0,19.0,1.0,1.0,61.0,0.0,0.0,74.0,74.0,31.0,1.0,0.0,500000.0,13.122365377402328,False,True,False,False,False,Java
0960600,096060010,8.0,3.0,17.0,1.0,1.0,2.0,3.0,0.0,74.0,74.0,31.0,1.0,0.0,1100000.0,13.910821646859096,False,False,True,False,False,Java
0961500,096150001,1.0,1.0,50.0,1.0,1.0,3.0,7.0,0.0,,74.0,31.0,1.0,300000.0,0.0,0.0,False,True,False,False,False,Java
0961500,096150002,8.0,1.0,55.0,1.0,1.0,3.0,7.0,0.0,,74.0,31.0,1.0,200000.0,0.0,0.0,False,True,False,False,False,Java
0961800,096180002,2.0,3.0,63.0,1.0,1.0,2.0,4.0,0.0,,74.0,31.0,1.0,0.0,0.0,0.0,False,False,True,False,False,Java
0961800,096180003,3.0,3.0,24.0,1.0,1.0,61.0,2.0,0.0,,74.0,31.0,1.0,0.0,0.0,0.0,False,False,True,False,False,Java
0961800,096180007,3.0,3.0,37.0,1.0,1.0,61.0,7.0,0.0,,74.0,31.0,1.0,1000000.0,0.0,0.0,False,False,True,False,False,Java
0961900,096190001,1.0,1.0,52.0,1.0,1.0,73.0,7.0,0.0,,74.0,31.0,1.0,5000000.0,500000.0,13.122365377402328,False,True,False,False,False,Java
0961900,096190002,2.0,3.0,43.0,1.0,1.0,2.0,7.0,0.0,,5.0,33.0,1.0,300000.0,6600000.0,15.702580358511794,False,False,True,False,False,Java
0961900,096190003,9.0,3.0,41.0,1.0,1.0,73.0,7.0,0.0,5.0,5.0,33.0,1.0,0.0,20000.0,9.90353755128617,False,False,True,False,False,Java
0961900,096190004,3.0,3.0,20.0,1.0,1.0,61.0,2.0,1.0,5.0,74.0,33.0,1.0,0.0,0.0,0.0,True,False,True,False,True,Java
0961921,096192104,3.0,3.0,15.0,1.0,1.0,5.0,0.0,1.0,74.0,5.0,33.0,1.0,0.0,0.0,0.0,True,False,True,False,True,Java
0961951,096195101,1.0,1.0,47.0,1.0,1.0,60.0,7.0,0.0,5.0,5.0,33.0,1.0,0.0,0.0,0.0,False,True,False,False,False,Java
0970300,097030001,1.0,1.0,66.0,1.0,1.0,2.0,7.0,0.0,,3.0,32.0,2.0,0.0,355000.0,12.779875885354992,False,True,False,False,False,Java
0970300,097030002,21.0,3.0,41.0,1.0,2.0,2.0,7.0,1.0,14.0,3.0,32.0,2.0,1000000.0,5000000.0,15.424948670398354,True,False,True,False,True,Java
0970300,097030003,3.0,1.0,20.0,1.0,1.0,74.0,7.0,1.0,74.0,3.0,32.0,2.0,0.0,100000.0,11.51293546492023,True,True,False,True,False,Java
0970300,097030004,3.0,1.0,17.0,1.0,1.0,6.0,1.0,1.0,74.0,3.0,32.0,2.0,0.0,100000.0,11.51293546492023,True,True,False,True,False,Java
0971700,097170001,1.0,3.0,75.0,1.0,1.0,3.0,1.0,0.0,,74.0,31.0,1.0,0.0,1200000.0,13.997832948091215,False,False,True,False,False,Java
0971700,097170003,3.0,3.0,38.0,1.0,1.0,2.0,3.0,0.0,,74.0,31.0,1.0,0.0,0.0,0.0,False,False,True,False,False,Java
0971700,097170006,10.0,3.0,29.0,1.0,1.0,5.0,7.0,0.0,,76.0,32.0,1.0,200000.0,0.0,0.0,False,False,True,False,False,Java
0971700,097170010,10.0,3.0,19.0,1.0,2.0,5.0,7.0,0.0,74.0,74.0,31.0,1.0,600000.0,0.0,0.0,False,False,True,False,False,Java
0971700,097170011,10.0,1.0,19.0,1.0,1.0,3.0,2.0,1.0,74.0,2.0,32.0,2.0,0.0,0.0,0.0,True,True,False,True,False,Java
0971700,097170012,10.0,3.0,17.0,1.0,2.0,3.0,7.0,0.0,74.0,74.0,31.0,1.0,500000.0,0.0,0.0,False,False,True,False,False,Java
0971732,097173210,1.0,1.0,29.0,1.0,17.0,3.0,7.0,1.0,74.0,76.0,32.0,1.0,0.0,0.0,0.0,True,True,False,True,False,Java
0980500,098050001,1.0,1.0,52.0,1.0,6.0,3.0,7.0,0.0,74.0,74.0,31.0,1.0,0.0,0.0,0.0,False,True,False,False,False,Java
0980500,098050002,2.0,3.0,51.0,1.0,1.0,2.0,7.0,0.0,,74.0,31.0,1.0,0.0,0.0,0.0,False,False,True,False,False,Java
0981800,098180001,1.0,1.0,66.0,1.0,1.0,3.0,7.0,0.0,,74.0,31.0,1.0,6300000.0,1000000.0,13.815511557963774,False,True,False,False,False,Java
0981800,098180003,3.0,3.0,37.0,1.0,1.0,61.0,7.0,0.0,74.0,74.0,31.0,1.0,0.0,0.0,0.0,False,False,True,False,False,Java
0981800,098180004,3.0,1.0,34.0,1.0,1.0,5.0,7.0,0.0,74.0,74.0,31.0,1.0,0.0,0.0,0.0,False,True,False,False,False,Java
0981800,098180005,13.0,1.0,44.0,1.0,1.0,5.0,7.0,0.0,,72.0,31.0,1.0,100000.0,100000.0,11.51293546492023,False,True,False,False,False,Java
0981800,098180007,3.0,3.0,35.0,1.0,1.0,60.0,7.0,0.0,74.0,74.0,31.0,1.0,1200000.0,0.0,0.0,False,False,True,False,False,Java
0981800,098180008,3.0,3.0,39.0,1.0,1.0,5.0,7.0,0.0,74.0,74.0,31.0,1.0,200000.0,0.0,0.0,False,False,True,False,False,Java
0981800,098180011,5.0,1.0,37.0,1.0,1.0,61.0,7.0,1.0,20.0,74.0,31.0,1.0,0.0,0.0,0.0,True,True,False,True,False,Java
0981800,098180012,5.0,3.0,26.0,1.0,2.0,5.0,7.0,1.0,8.0,74.0,31.0,1.0,0.0,0.0,0.0,True,False,True,False,True,Java
0981800,098180013,5.0,1.0,27.0,1.0,2.0,5.0,7.0,0.0,74.0,74.0,31.0,1.0,1000000.0,2000000.0,14.508658238524095,False,True,False,False,False,Java
0981800,098180017,5.0,1.0,45.0,1.0,9.0,61.0,7.0,1.0,98.0,74.0,31.0,1.0,0.0,0.0,0.0,True,True,False,True,False,Java
0981831,098183102,2.0,3.0,39.0,1.0,1.0,5.0,7.0,0.0,,72.0,31.0,1.0,50000.0,0.0,0.0,False,False,True,False,False,Java
0982000,098200001,1.0,1.0,75.0,1.0,17.0,2.0,1.0,0.0,,74.0,31.0,1.0,0.0,0.0,0.0,False,True,False,False,False,Java
0982000,098200002,2.0,3.0,76.0,1.0,1.0,2.0,2.0,0.0,,74.0,31.0,1.0,0.0,0.0,0.0,False,False,True,False,False,Java
0990100,099010002,1.0,3.0,53.0,1.0,1.0,2.0,4.0,0.0,,75.0,31.0,1.0,0.0,2000000.0,14.508658238524095,False,False,True,False,False,Java
0990100,099010003,3.0,1.0,31.0,1.0,1.0,6.0,1.0,0.0,,75.0,31.0,1.0,0.0,0.0,0.0,False,True,False,False,False,Java
0990100,099010004,3.0,3.0,27.0,1.0,1.0,6.0,7.0,0.0,,75.0,31.0,1.0,300000.0,0.0,0.0,False,False,True,False,False,Java
0990100,099010005,3.0,1.0,25.0,1.0,1.0,60.0,7.0,0.0,,75.0,31.0,1.0,1000000.0,1000000.0,13.815511557963774,False,True,False,False,False,Java
0990100,099010006,5.0,3.0,27.0,1.0,1.0,2.0,98.0,1.0,9.0,75.0,31.0,1.0,0.0,0.0,0.0,True,False,True,False,True,Java
0990300,099030001,1.0,1.0,52.0,1.0,1.0,1.0,96.0,0.0,,75.0,31.0,1.0,0.0,0.0,0.0,False,True,False,False,False,Java
0990300,099030002,2.0,3.0,45.0,1.0,1.0,2.0,98.0,0.0,,75.0,31.0,1.0,0.0,0.0,0.0,False,False,True,False,False,Java
0990300,099030004,3.0,1.0,22.0,1.0,1.0,3.0,7.0,0.0,75.0,75.0,31.0,1.0,2000000.0,0.0,0.0,False,True,False,False,False,Java
0990300,099030005,3.0,3.0,20.0,1.0,1.0,6.0,7.0,0.0,75.0,75.0,31.0,1.0,0.0,0.0,0.0,False,False,True,False,False,Java
0990500,099050002,1.0,3.0,50.0,1.0,1.0,72.0,1.0,0.0,,75.0,31.0,1.0,0.0,0.0,0.0,False,False,True,False,False,Java
0990611,099061104,2.0,3.0,26.0,1.0,2.0,2.0,7.0,1.0,4.0,75.0,31.0,1.0,200000.0,100000.0,11.51293546492023,True,False,True,False,True,Java
0990700,099070001,1.0,1.0,51.0,1.0,1.0,2.0,7.0,0.0,,75.0,31.0,1.0,2000000.0,0.0,0.0,False,True,False,False,False,Java
0990700,099070002,2.0,3.0,47.0,1.0,1.0,2.0,7.0,0.0,,75.0,31.0,1.0,500000.0,1000000.0,13.815511557963774,False,False,True,False,False,Java
0990700,099070003,3.0,3.0,26.0,1.0,1.0,5.0,7.0,0.0,,72.0,31.0,1.0,500000.0,0.0,0.0,False,False,True,False,False,Java
0990700,099070005,3.0,1.0,20.0,1.0,1.0,6.0,1.0,0.0,75.0,75.0,31.0,1.0,500000.0,2000000.0,14.508658238524095,False,True,False,False,False,Java
0990751,099075105,3.0,1.0,30.0,1.0,1.0,5.0,7.0,0.0,72.0,72.0,31.0,1.0,0.0,0.0,0.0,False,True,False,False,False,Java
0991500,099150002,1.0,3.0,74.0,1.0,1.0,2.0,5.0,0.0,,75.0,31.0,1.0,0.0,0.0,0.0,False,False,True,False,False,Java
0991500,099150004,3.0,1.0,33.0,1.0,1.0,3.0,7.0,0.0,,75.0,31.0,1.0,0.0,100000.0,11.51293546492023,False,True,False,False,False,Java
0991500,099150005,10.0,1.0,18.0,1.0,1.0,2.0,5.0,0.0,75.0,75.0,31.0,1.0,0.0,500000.0,13.122365377402328,False,True,False,False,False,Java
0991500,099150006,5.0,1.0,40.0,1.0,2.0,2.0,5.0,0.0,,75.0,31.0,1.0,6020000.0,600000.0,13.304686600863562,False,True,False,False,False,Java
1000500,100050001,1.0,1.0,59.0,1.0,2.0,3.0,7.0,1.0,7.0,75.0,31.0,1.0,0.0,0.0,0.0,True,True,False,True,False,Java
1000500,100050002,21.0,3.0,48.0,1.0,1.0,3.0,7.0,1.0,74.0,29.0,33.0,1.0,0.0,0.0,0.0,True,False,True,False,True,Java
1000500,100050004,2.0,3.0,37.0,1.0,1.0,2.0,7.0,1.0,28.0,75.0,31.0,1.0,0.0,0.0,0.0,True,False,True,False,True,Java
1000500,100050005,4.0,1.0,17.0,1.0,1.0,3.0,7.0,1.0,28.0,75.0,31.0,1.0,0.0,0.0,0.0,True,True,False,True,False,Java
1000600,100060002,1.0,1.0,47.0,1.0,1.0,15.0,7.0,0.0,,75.0,31.0,1.0,800000.0,0.0,0.0,False,True,False,False,False,Java
1000600,100060004,8.0,1.0,44.0,1.0,1.0,3.0,7.0,0.0,,75.0,31.0,1.0,2200000.0,0.0,0.0,False,True,False,False,False,Java
1000600,100060005,2.0,3.0,43.0,1.0,1.0,61.0,2.0,0.0,,75.0,31.0,1.0,0.0,0.0,0.0,False,False,True,False,False,Java
1000600,100060006,3.0,1.0,18.0,1.0,1.0,60.0,0.0,1.0,75.0,72.0,31.0,1.0,0.0,0.0,0.0,True,True,False,True,False,Java
1000600,100060007,3.0,1.0,15.0,1.0,1.0,5.0,0.0,0.0,75.0,75.0,31.0,1.0,0.0,0.0,0.0,False,True,False,False,False,Java
1000600,100060009,13.0,1.0,25.0,1.0,1.0,6.0,7.0,1.0,8.0,75.0,31.0,1.0,0.0,0.0,0.0,True,True,False,True,False,Java
1000851,100085102,2.0,3.0,35.0,1.0,1.0,2.0,7.0,1.0,27.0,75.0,31.0,1.0,0.0,0.0,0.0,True,False,True,False,True,Java
1001100,100110002,1.0,3.0,72.0,1.0,1.0,1.0,96.0,0.0,,12.0,32.0,2.0,,,,False,False,True,False,False,Java
1001731,100173104,2.0,3.0,35.0,1.0,1.0,2.0,7.0,0.0,,75.0,31.0,1.0,100000.0,0.0,0.0,False,False,True,False,False,Java
1001741,100174105,2.0,3.0,40.0,1.0,1.0,3.0,7.0,1.0,15.0,75.0,31.0,1.0,1000000.0,0.0,0.0,True,False,True,False,True,Java
1010100,101010002,1.0,3.0,59.0,1.0,9.0,3.0,7.0,0.0,,75.0,31.0,1.0,0.0,0.0,0.0,False,False,True,False,False,Minang
1010500,101050001,1.0,1.0,51.0,1.0,1.0,2.0,7.0,0.0,,75.0,31.0,1.0,500000.0,0.0,0.0,False,True,False,False,False,Java
1010500,101050002,2.0,3.0,53.0,1.0,1.0,2.0,7.0,0.0,,75.0,31.0,1.0,0.0,0.0,0.0,False,False,True,False,False,Java
1010500,101050003,3.0,1.0,30.0,1.0,1.0,6.0,7.0,0.0,,75.0,31.0,1.0,0.0,0.0,0.0,False,True,False,False,False,Java
1010500,101050004,3.0,3.0,27.0,1.0,1.0,6.0,7.0,0.0,75.0,75.0,31.0,1.0,0.0,0.0,0.0,False,False,True,False,False,Java
1010500,101050008,3.0,3.0,16.0,1.0,1.0,5.0,1.0,0.0,75.0,75.0,31.0,1.0,0.0,0.0,0.0,False,False,True,False,False,Java
1010551,101055102,2.0,3.0,31.0,1.0,7.0,3.0,7.0,1.0,26.0,75.0,31.0,1.0,0.0,0.0,0.0,True,False,True,False,True,Java
1010552,101055201,1.0,1.0,30.0,1.0,2.0,5.0,7.0,1.0,8.0,75.0,31.0,1.0,0.0,1000000.0,13.815511557963774,True,True,False,True,False,Java
1010600,101060002,6.0,3.0,62.0,1.0,1.0,2.0,7.0,1.0,72.0,75.0,31.0,1.0,0.0,0.0,0.0,True,False,True,False,True,Java
1011000,101100002,1.0,3.0,71.0,1.0,1.0,2.0,4.0,0.0,,75.0,31.0,1.0,0.0,0.0,0.0,False,False,True,False,False,Java
1011000,101100003,3.0,1.0,45.0,1.0,1.0,2.0,7.0,0.0,75.0,75.0,31.0,1.0,0.0,0.0,0.0,False,True,False,False,False,Java
1011200,101120001,1.0,1.0,51.0,1.0,1.0,6.0,7.0,0.0,,71.0,32.0,1.0,0.0,0.0,0.0,False,True,False,False,False,Java
1011200,101120002,2.0,3.0,43.0,1.0,1.0,6.0,7.0,0.0,,71.0,32.0,1.0,200000.0,0.0,0.0,False,False,True,False,False,Java
1011200,101120003,3.0,3.0,24.0,1.0,1.0,61.0,1.0,0.0,,71.0,32.0,1.0,0.0,0.0,0.0,False,False,True,False,False,Java
1011200,101120004,7.0,3.0,79.0,1.0,1.0,2.0,98.0,1.0,98.0,75.0,31.0,1.0,0.0,0.0,0.0,True,False,True,False,True,Java
1011200,101120005,9.0,3.0,35.0,1.0,1.0,6.0,7.0,0.0,,75.0,31.0,1.0,0.0,0.0,0.0,False,False,True,False,False,Java
1011200,101120006,3.0,1.0,20.0,1.0,1.0,61.0,0.0,1.0,75.0,71.0,32.0,1.0,100000.0,0.0,0.0,True,True,False,True,False,Java
1011251,101125101,1.0,1.0,49.0,1.0,1.0,5.0,7.0,1.0,22.0,75.0,31.0,1.0,0.0,0.0,0.0,True,True,False,True,False,Java
1011341,101134104,1.0,1.0,39.0,1.0,1.0,5.0,0.0,1.0,3.0,75.0,31.0,1.0,20000.0,0.0,0.0,True,True,False,True,False,Java
1011342,101134202,1.0,3.0,28.0,1.0,1.0,6.0,7.0,0.0,,75.0,31.0,1.0,0.0,0.0,0.0,False,False,True,False,False,Java
1011343,101134302,2.0,3.0,31.0,1.0,1.0,6.0,7.0,0.0,,75.0,31.0,1.0,0.0,0.0,0.0,False,False,True,False,False,Java
1011611,101160002,1.0,3.0,42.0,1.0,1.0,2.0,7.0,0.0,,2.0,33.0,2.0,0.0,200000.0,12.206077645517674,False,False,True,False,False,Java
1011611,101160003,3.0,3.0,23.0,1.0,1.0,5.0,1.0,1.0,2.0,71.0,36.0,1.0,0.0,0.0,0.0,True,False,True,False,True,Java
1020352,102035201,1.0,1.0,37.0,1.0,1.0,5.0,7.0,0.0,75.0,75.0,31.0,1.0,0.0,0.0,0.0,False,True,False,False,False,Java
1020600,102060002,1.0,3.0,51.0,1.0,17.0,6.0,7.0,0.0,,73.0,31.0,1.0,0.0,0.0,0.0,False,False,True,False,False,Java
1020600,102060003,3.0,1.0,31.0,1.0,1.0,6.0,7.0,0.0,,75.0,31.0,1.0,0.0,0.0,0.0,False,True,False,False,False,Java
1020600,102060004,3.0,3.0,27.0,1.0,1.0,6.0,7.0,0.0,,73.0,31.0,1.0,0.0,0.0,0.0,False,False,True,False,False,Java
1020600,102060006,6.0,3.0,91.0,1.0,17.0,1.0,96.0,1.0,1.0,16.0,32.0,1.0,0.0,0.0,0.0,True,False,True,False,True,Java
1020641,102064103,1.0,1.0,66.0,1.0,1.0,5.0,7.0,1.0,73.0,16.0,32.0,1.0,0.0,0.0,0.0,True,True,False,True,False,Java
1020641,102064104,2.0,3.0,52.0,1.0,1.0,3.0,7.0,1.0,28.0,16.0,32.0,1.0,0.0,0.0,0.0,True,False,True,False,True,Java
1020651,102065102,2.0,3.0,22.0,1.0,1.0,5.0,1.0,0.0,75.0,75.0,31.0,1.0,0.0,0.0,0.0,False,False,True,False,False,Java
1020711,102071105,3.0,3.0,16.0,1.0,1.0,6.0,0.0,0.0,29.0,29.0,33.0,2.0,0.0,170000.0,12.04355959836804,False,False,True,False,False,Java
1020800,102080001,7.0,1.0,71.0,1.0,1.0,2.0,5.0,1.0,28.0,29.0,33.0,1.0,0.0,0.0,0.0,True,True,False,True,False,Java
1020800,102080002,7.0,3.0,65.0,1.0,1.0,1.0,96.0,0.0,,29.0,33.0,1.0,0.0,0.0,0.0,False,False,True,False,False,Java
1020800,102080003,3.0,3.0,40.0,1.0,1.0,3.0,7.0,0.0,,75.0,31.0,1.0,0.0,0.0,0.0,False,False,True,False,False,Java
1020800,102080004,2.0,3.0,30.0,1.0,1.0,6.0,7.0,0.0,,75.0,31.0,1.0,0.0,0.0,0.0,False,False,True,False,False,Java
1020800,102080005,5.0,1.0,43.0,1.0,1.0,6.0,7.0,0.0,,75.0,31.0,1.0,0.0,0.0,0.0,False,True,False,False,False,Java
1020800,102080009,10.0,3.0,15.0,1.0,1.0,5.0,0.0,1.0,29.0,75.0,31.0,1.0,20000.0,200000.0,12.206077645517674,True,False,True,False,True,Java
1020800,102080010,10.0,3.0,20.0,1.0,1.0,6.0,7.0,0.0,75.0,75.0,31.0,1.0,1000000.0,0.0,0.0,False,False,True,False,False,Java
1020800,102080012,1.0,1.0,32.0,1.0,19.0,98.0,98.0,0.0,,75.0,31.0,1.0,0.0,0.0,0.0,False,True,False,False,False,Java
1020841,102084105,5.0,1.0,24.0,1.0,1.0,5.0,7.0,0.0,75.0,75.0,31.0,1.0,1000000.0,0.0,0.0,False,True,False,False,False,Java
1020900,102090001,1.0,1.0,84.0,1.0,1.0,1.0,96.0,1.0,29.0,75.0,31.0,1.0,0.0,0.0,0.0,True,True,False,True,False,Java
1020900,102090002,2.0,3.0,77.0,1.0,1.0,1.0,96.0,1.0,28.0,75.0,31.0,1.0,0.0,0.0,0.0,True,False,True,False,True,Java
1020900,102090003,3.0,3.0,44.0,1.0,1.0,5.0,7.0,0.0,,16.0,32.0,1.0,200000.0,0.0,0.0,False,False,True,False,False,Java
1020900,102090004,5.0,1.0,47.0,1.0,1.0,5.0,7.0,0.0,,16.0,32.0,1.0,200000.0,0.0,0.0,False,True,False,False,False,Java
1020900,102090005,10.0,1.0,21.0,1.0,1.0,6.0,7.0,1.0,6.0,16.0,32.0,1.0,300000.0,600000.0,13.304686600863562,True,True,False,True,False,Java
1020900,102090011,3.0,1.0,47.0,1.0,1.0,3.0,7.0,0.0,75.0,75.0,31.0,1.0,0.0,0.0,0.0,False,True,False,False,False,Java
1021031,102100004,2.0,3.0,37.0,1.0,1.0,2.0,7.0,0.0,,29.0,33.0,1.0,0.0,0.0,0.0,False,False,True,False,False,Java
1021031,102103102,1.0,1.0,42.0,1.0,1.0,2.0,7.0,0.0,,29.0,33.0,1.0,0.0,0.0,0.0,False,True,False,False,False,Java
1021031,102103103,3.0,3.0,18.0,1.0,1.0,6.0,2.0,0.0,29.0,29.0,33.0,1.0,10000.0,10000.0,9.210440366976515,False,False,True,False,False,Java
1021032,102100005,1.0,3.0,37.0,1.0,1.0,2.0,7.0,0.0,,29.0,33.0,1.0,0.0,4900000.0,15.404745967162468,False,False,True,False,False,Java
1021100,102110001,6.0,1.0,78.0,1.0,1.0,2.0,1.0,0.0,,75.0,31.0,1.0,0.0,0.0,0.0,False,True,False,False,False,Java
1021100,102110003,8.0,3.0,52.0,1.0,1.0,1.0,96.0,0.0,,14.0,32.0,1.0,0.0,0.0,0.0,False,False,True,False,False,Java
1021100,102110004,8.0,1.0,48.0,1.0,1.0,2.0,2.0,0.0,,75.0,31.0,1.0,0.0,0.0,0.0,False,True,False,False,False,Java
1021100,102110005,8.0,1.0,48.0,1.0,1.0,2.0,2.0,0.0,75.0,75.0,31.0,1.0,0.0,0.0,0.0,False,True,False,False,False,Java
1021100,102110006,8.0,3.0,38.0,1.0,1.0,6.0,7.0,0.0,75.0,75.0,31.0,1.0,0.0,0.0,0.0,False,False,True,False,False,Java
1021100,102110007,13.0,3.0,31.0,1.0,1.0,2.0,7.0,0.0,,14.0,32.0,1.0,0.0,0.0,0.0,False,False,True,False,False,Java
1021100,102110008,13.0,3.0,30.0,1.0,1.0,6.0,7.0,0.0,,75.0,31.0,1.0,0.0,0.0,0.0,False,False,True,False,False,Java
1021100,102110010,9.0,1.0,54.0,1.0,2.0,2.0,98.0,0.0,,75.0,31.0,1.0,2400000.0,240000.0,12.388398368982116,False,True,False,False,False,Java
1021100,102110011,1.0,3.0,54.0,1.0,1.0,1.0,96.0,0.0,,75.0,31.0,1.0,0.0,0.0,0.0,False,False,True,False,False,Java
1021100,102110013,3.0,3.0,31.0,1.0,1.0,3.0,7.0,0.0,,75.0,31.0,1.0,0.0,200000.0,12.206077645517674,False,False,True,False,False,Java
1021100,102110016,13.0,3.0,20.0,1.0,1.0,3.0,7.0,1.0,75.0,14.0,32.0,1.0,0.0,0.0,0.0,True,False,True,False,True,Java
1021100,102110018,5.0,1.0,34.0,1.0,2.0,2.0,98.0,0.0,,75.0,31.0,1.0,0.0,0.0,0.0,False,True,False,False,False,Java
1021143,102114301,1.0,1.0,32.0,1.0,1.0,5.0,7.0,0.0,,75.0,31.0,1.0,0.0,1000000.0,13.815511557963774,False,True,False,False,False,Java
1021151,102115101,1.0,1.0,43.0,1.0,9.0,3.0,1.0,1.0,74.0,75.0,31.0,1.0,0.0,1000000.0,13.815511557963774,True,True,False,True,False,Minang
1021331,102130005,3.0,3.0,23.0,1.0,1.0,6.0,7.0,0.0,,5.0,33.0,1.0,0.0,0.0,0.0,False,False,True,False,False,Java
1021331,102133109,5.0,1.0,27.0,1.0,1.0,6.0,7.0,1.0,1.0,5.0,33.0,1.0,0.0,0.0,0.0,True,True,False,True,False,Java
1021341,102130001,1.0,1.0,57.0,1.0,1.0,5.0,2.0,0.0,,16.0,32.0,1.0,0.0,250000.0,12.429220196836384,False,True,False,False,False,Java
1021341,102130002,2.0,3.0,58.0,1.0,1.0,6.0,7.0,0.0,,16.0,32.0,1.0,0.0,400000.0,12.899222326086994,False,False,True,False,False,Java
1021400,102140002,1.0,1.0,62.0,1.0,1.0,2.0,1.0,0.0,,29.0,33.0,2.0,0.0,0.0,0.0,False,True,False,False,False,Java
1021400,102140003,2.0,3.0,63.0,1.0,1.0,1.0,96.0,0.0,,29.0,33.0,2.0,0.0,0.0,0.0,False,False,True,False,False,Java
1021741,102174105,1.0,1.0,23.0,1.0,1.0,3.0,7.0,1.0,13.0,75.0,31.0,1.0,0.0,0.0,0.0,True,True,False,True,False,Java
1021751,102175101,1.0,1.0,32.0,1.0,1.0,5.0,7.0,0.0,75.0,75.0,31.0,1.0,0.0,0.0,0.0,False,True,False,False,False,Java
1022051,102205101,1.0,1.0,25.0,1.0,1.0,5.0,7.0,1.0,27.0,75.0,31.0,1.0,0.0,0.0,0.0,True,True,False,True,False,Java
1030400,103040001,1.0,1.0,59.0,3.0,6.0,61.0,7.0,1.0,12.0,75.0,31.0,1.0,0.0,0.0,0.0,True,True,False,True,False,Java
1030400,103040002,2.0,3.0,52.0,3.0,6.0,61.0,7.0,1.0,16.0,75.0,31.0,1.0,0.0,0.0,0.0,True,False,True,False,True,Java
1030400,103040004,3.0,1.0,23.0,3.0,6.0,61.0,4.0,1.0,75.0,73.0,32.0,1.0,0.0,200000.0,12.206077645517674,True,True,False,True,False,Java
1040100,104010001,1.0,1.0,56.0,2.0,4.0,5.0,7.0,0.0,,75.0,31.0,1.0,0.0,0.0,0.0,False,True,False,False,False,Batak
1040100,104010002,2.0,3.0,52.0,2.0,4.0,5.0,7.0,0.0,,75.0,31.0,1.0,500000.0,0.0,0.0,False,False,True,False,False,Batak
1040100,104010003,3.0,1.0,29.0,2.0,4.0,61.0,7.0,0.0,,72.0,31.0,1.0,0.0,0.0,0.0,False,True,False,False,False,Batak
1040100,104010006,13.0,3.0,48.0,2.0,4.0,5.0,7.0,0.0,9.0,9.0,12.0,2.0,0.0,0.0,0.0,False,False,True,False,False,Batak
1040100,104010008,3.0,3.0,19.0,2.0,4.0,61.0,1.0,0.0,75.0,75.0,31.0,1.0,0.0,500000.0,13.122365377402328,False,False,True,False,False,Batak
1040131,104013101,1.0,1.0,56.0,3.0,4.0,61.0,2.0,0.0,9.0,9.0,12.0,2.0,0.0,0.0,0.0,False,True,False,False,False,Batak
1040131,104013104,3.0,3.0,17.0,3.0,4.0,6.0,7.0,1.0,75.0,9.0,12.0,2.0,0.0,0.0,0.0,True,False,True,False,True,Batak
1040141,104014102,2.0,3.0,27.0,2.0,4.0,61.0,7.0,1.0,71.0,72.0,31.0,1.0,0.0,0.0,0.0,True,False,True,False,True,Batak
1040700,104070001,1.0,1.0,48.0,1.0,1.0,6.0,7.0,1.0,5.0,75.0,31.0,1.0,1000000.0,0.0,0.0,True,True,False,True,False,Java
1040700,104070002,2.0,3.0,43.0,1.0,1.0,6.0,7.0,0.0,,75.0,31.0,1.0,700000.0,0.0,0.0,False,False,True,False,False,Java
1040700,104070003,3.0,1.0,18.0,1.0,1.0,61.0,1.0,0.0,75.0,75.0,31.0,1.0,200000.0,50000.0,10.819798284210286,False,True,False,False,False,Java
1040800,104080003,9.0,1.0,52.0,1.0,1.0,6.0,7.0,0.0,,1.0,34.0,1.0,0.0,0.0,0.0,False,True,False,False,False,Java
1040800,104080004,9.0,3.0,33.0,1.0,1.0,2.0,98.0,0.0,,2.0,33.0,2.0,0.0,0.0,0.0,False,False,True,False,False,Java
1040800,104080005,3.0,3.0,24.0,1.0,1.0,3.0,7.0,0.0,,75.0,31.0,1.0,1000000.0,300000.0,12.611541086966117,False,False,True,False,False,Java
1040800,104080007,13.0,3.0,16.0,1.0,1.0,2.0,7.0,1.0,2.0,76.0,32.0,1.0,200000.0,0.0,0.0,True,False,True,False,True,Java
1040800,104080008,1.0,1.0,47.0,1.0,1.0,5.0,7.0,0.0,,75.0,31.0,1.0,0.0,0.0,0.0,False,True,False,False,False,Java
1040800,104080009,2.0,3.0,49.0,1.0,1.0,5.0,7.0,0.0,,75.0,31.0,1.0,0.0,500000.0,13.122365377402328,False,False,True,False,False,Java
1040800,104080010,3.0,1.0,21.0,1.0,1.0,61.0,2.0,0.0,75.0,75.0,31.0,1.0,0.0,0.0,0.0,False,True,False,False,False,Java
1040800,104080011,3.0,3.0,18.0,1.0,1.0,6.0,7.0,0.0,75.0,75.0,31.0,1.0,500000.0,0.0,0.0,False,False,True,False,False,Java
1040900,104090003,9.0,1.0,35.0,1.0,17.0,3.0,98.0,0.0,75.0,75.0,31.0,1.0,0.0,0.0,0.0,False,True,False,False,False,Java
1040900,104090004,9.0,3.0,33.0,1.0,17.0,3.0,7.0,0.0,,75.0,32.0,1.0,0.0,0.0,0.0,False,False,True,False,False,Java
1040900,104090005,2.0,3.0,30.0,1.0,17.0,3.0,1.0,0.0,,75.0,31.0,1.0,200000.0,500000.0,13.122365377402328,False,False,True,False,False,Java
1040900,104090007,1.0,1.0,37.0,1.0,1.0,5.0,7.0,1.0,3.0,75.0,31.0,1.0,0.0,0.0,0.0,True,True,False,True,False,Java
1040942,104094201,1.0,1.0,35.0,1.0,1.0,6.0,7.0,0.0,,75.0,32.0,1.0,0.0,0.0,0.0,False,True,False,False,False,Java
1040951,104095102,2.0,3.0,30.0,1.0,8.0,5.0,7.0,1.0,3.0,75.0,31.0,1.0,0.0,0.0,0.0,True,False,True,False,True,Java
1041000,104100002,1.0,3.0,55.0,1.0,1.0,2.0,2.0,0.0,,75.0,31.0,1.0,0.0,0.0,0.0,False,False,True,False,False,Java
1041000,104100003,3.0,1.0,36.0,1.0,1.0,6.0,7.0,0.0,,75.0,31.0,1.0,1000000.0,0.0,0.0,False,True,False,False,False,Java
1041000,104100004,3.0,1.0,34.0,1.0,1.0,6.0,7.0,0.0,,75.0,31.0,1.0,0.0,0.0,0.0,False,True,False,False,False,Java
1041000,104100005,3.0,3.0,32.0,1.0,1.0,6.0,7.0,0.0,,75.0,31.0,1.0,0.0,0.0,0.0,False,False,True,False,False,Java
1041051,104105102,2.0,3.0,28.0,1.0,1.0,5.0,7.0,0.0,75.0,75.0,31.0,1.0,0.0,8000000.0,15.894952224644102,False,False,True,False,False,Java
1041200,104120001,1.0,1.0,77.0,1.0,1.0,2.0,7.0,0.0,,75.0,31.0,1.0,0.0,200000.0,12.206077645517674,False,True,False,False,False,Java
1041200,104120002,2.0,3.0,73.0,1.0,1.0,2.0,3.0,0.0,,75.0,31.0,1.0,0.0,0.0,0.0,False,False,True,False,False,Java
1041200,104120005,3.0,1.0,35.0,1.0,1.0,60.0,7.0,0.0,75.0,75.0,31.0,1.0,3000000.0,0.0,0.0,False,True,False,False,False,Java
1041200,104120006,3.0,3.0,32.0,1.0,1.0,60.0,7.0,0.0,75.0,75.0,31.0,1.0,0.0,0.0,0.0,False,False,True,False,False,Java
1041200,104120010,5.0,1.0,99.0,1.0,9.0,61.0,7.0,0.0,75.0,75.0,31.0,1.0,0.0,0.0,0.0,False,True,False,False,False,Java
1041232,104123202,2.0,3.0,37.0,1.0,1.0,61.0,7.0,1.0,4.0,75.0,31.0,1.0,0.0,0.0,0.0,True,False,True,False,True,Java
1041400,104140003,1.0,1.0,52.0,1.0,1.0,6.0,7.0,0.0,,75.0,31.0,1.0,100000.0,0.0,0.0,False,True,False,False,False,Java
1041400,104140004,8.0,1.0,45.0,1.0,1.0,5.0,7.0,0.0,,73.0,31.0,1.0,0.0,0.0,0.0,False,True,False,False,False,Java
1041400,104140005,8.0,1.0,43.0,1.0,1.0,5.0,7.0,0.0,73.0,73.0,31.0,1.0,0.0,0.0,0.0,False,True,False,False,False,Java
1041400,104140006,8.0,1.0,39.0,1.0,1.0,5.0,7.0,0.0,,73.0,31.0,1.0,50000.0,0.0,0.0,False,True,False,False,False,Java
1041400,104140007,8.0,3.0,36.0,1.0,1.0,5.0,7.0,0.0,,73.0,31.0,1.0,1000000.0,1000000.0,13.815511557963774,False,False,True,False,False,Java
1041400,104140008,2.0,3.0,42.0,1.0,1.0,3.0,7.0,0.0,,75.0,31.0,1.0,0.0,0.0,0.0,False,False,True,False,False,Java
1041400,104140009,3.0,1.0,20.0,1.0,1.0,3.0,7.0,0.0,75.0,75.0,31.0,1.0,0.0,1000000.0,13.815511557963774,False,True,False,False,False,Java
1041400,104140010,3.0,1.0,19.0,1.0,1.0,3.0,7.0,0.0,75.0,75.0,31.0,1.0,0.0,100000.0,11.51293546492023,False,True,False,False,False,Java
1041452,104145204,2.0,3.0,29.0,1.0,2.0,5.0,7.0,1.0,72.0,73.0,31.0,1.0,0.0,0.0,0.0,True,False,True,False,True,Java
1041542,104154201,1.0,1.0,40.0,1.0,1.0,6.0,7.0,0.0,,75.0,31.0,1.0,300000.0,0.0,0.0,False,True,False,False,False,Java
1041842,104184201,1.0,1.0,41.0,1.0,1.0,5.0,7.0,0.0,,75.0,31.0,1.0,500000.0,700000.0,13.45883704259595,False,True,False,False,False,Java
1041900,104190001,1.0,1.0,48.0,1.0,1.0,2.0,7.0,0.0,,16.0,32.0,1.0,0.0,0.0,0.0,False,True,False,False,False,Java
1041900,104190002,2.0,3.0,41.0,1.0,1.0,2.0,7.0,0.0,,16.0,32.0,1.0,0.0,0.0,0.0,False,False,True,False,False,Java
1041900,104190004,3.0,1.0,19.0,1.0,1.0,6.0,7.0,1.0,75.0,16.0,32.0,1.0,0.0,1000000.0,13.815511557963774,True,True,False,True,False,Java
1042000,104200001,1.0,1.0,66.0,1.0,1.0,2.0,4.0,0.0,,29.0,33.0,2.0,0.0,0.0,0.0,False,True,False,False,False,Java
1042000,104200002,2.0,3.0,49.0,1.0,1.0,2.0,0.0,0.0,,29.0,33.0,2.0,0.0,2000000.0,14.508658238524095,False,False,True,False,False,Java
1042000,104200003,3.0,1.0,27.0,1.0,1.0,2.0,7.0,0.0,,29.0,33.0,2.0,0.0,500000.0,13.122365377402328,False,True,False,False,False,Java
1042000,104203105,13.0,1.0,19.0,1.0,1.0,3.0,7.0,1.0,29.0,71.0,36.0,1.0,0.0,3600000.0,15.096444681204078,True,True,False,True,False,Java
1050200,105020002,6.0,3.0,56.0,1.0,9.0,1.0,96.0,0.0,,75.0,31.0,1.0,0.0,2400000.0,14.690979711984754,False,False,True,False,False,Minang
1050200,105020003,8.0,3.0,40.0,1.0,9.0,61.0,7.0,0.0,,6.0,13.0,2.0,0.0,1000000.0,13.815511557963774,False,False,True,False,False,Minang
1050200,105020004,1.0,1.0,38.0,1.0,9.0,6.0,7.0,0.0,,75.0,31.0,1.0,0.0,0.0,0.0,False,True,False,False,False,Minang
1050200,105020005,8.0,3.0,35.0,1.0,9.0,5.0,7.0,0.0,,75.0,32.0,1.0,0.0,0.0,0.0,False,False,True,False,False,Minang
1050200,105020008,8.0,3.0,22.0,1.0,9.0,5.0,7.0,0.0,,75.0,31.0,1.0,0.0,0.0,0.0,False,False,True,False,False,Minang
1050200,105020011,9.0,1.0,33.0,1.0,98.0,61.0,1.0,1.0,4.0,75.0,32.0,1.0,0.0,0.0,0.0,True,True,False,True,False,Minang
1050242,105024201,1.0,1.0,43.0,1.0,9.0,3.0,7.0,0.0,,6.0,13.0,2.0,0.0,0.0,0.0,False,True,False,False,False,Minang
1050300,105030002,2.0,3.0,40.0,1.0,1.0,3.0,7.0,0.0,,75.0,31.0,1.0,0.0,0.0,0.0,False,False,True,False,False,Java
1050641,105060003,10.0,3.0,17.0,1.0,1.0,5.0,2.0,0.0,27.0,27.0,33.0,2.0,0.0,0.0,0.0,False,False,True,False,False,Java
1050900,105090001,1.0,1.0,77.0,1.0,4.0,3.0,7.0,0.0,,75.0,31.0,1.0,0.0,0.0,0.0,False,True,False,False,False,Batak
1050900,105090002,2.0,3.0,59.0,1.0,1.0,2.0,7.0,0.0,,75.0,31.0,1.0,1000000.0,2500000.0,14.731801689838347,False,False,True,False,False,Batak
1050900,105090005,3.0,3.0,28.0,1.0,1.0,61.0,7.0,0.0,,71.0,36.0,1.0,200000.0,0.0,0.0,False,False,True,False,False,Batak
1050951,105095101,1.0,1.0,31.0,1.0,2.0,61.0,7.0,1.0,8.0,71.0,36.0,1.0,0.0,0.0,0.0,True,True,False,True,False,Java
1051241,105124101,1.0,1.0,42.0,1.0,1.0,6.0,7.0,0.0,,75.0,31.0,1.0,0.0,0.0,0.0,False,True,False,False,False,Java
1051400,105140002,7.0,3.0,54.0,1.0,1.0,1.0,96.0,0.0,,75.0,31.0,1.0,0.0,0.0,0.0,False,False,True,False,False,Java
1051400,105140007,3.0,3.0,19.0,1.0,1.0,6.0,7.0,0.0,75.0,75.0,31.0,1.0,0.0,0.0,0.0,False,False,True,False,False,Java
1051400,105140009,1.0,1.0,56.0,1.0,1.0,6.0,7.0,1.0,14.0,75.0,31.0,1.0,0.0,0.0,0.0,True,True,False,True,False,Java
1051400,105140010,2.0,3.0,46.0,1.0,17.0,2.0,2.0,0.0,,75.0,31.0,1.0,100000.0,0.0,0.0,False,False,True,False,False,Java
1051400,105140013,5.0,1.0,25.0,1.0,2.0,6.0,7.0,1.0,4.0,75.0,31.0,1.0,0.0,0.0,0.0,True,True,False,True,False,Java
1051641,105164101,1.0,1.0,34.0,1.0,1.0,6.0,7.0,0.0,75.0,75.0,31.0,1.0,,,,False,True,False,False,False,Java
1051800,105180002,1.0,3.0,52.0,1.0,1.0,2.0,4.0,0.0,,16.0,32.0,1.0,0.0,400000.0,12.899222326086994,False,False,True,False,False,Java
1051800,105180003,3.0,3.0,32.0,1.0,1.0,5.0,7.0,0.0,,16.0,32.0,1.0,200000.0,100000.0,11.51293546492023,False,False,True,False,False,Java
1051800,105180004,3.0,3.0,24.0,1.0,1.0,5.0,7.0,0.0,,16.0,32.0,1.0,0.0,0.0,0.0,False,False,True,False,False,Java
1051800,105180006,3.0,1.0,19.0,1.0,1.0,6.0,7.0,1.0,75.0,16.0,32.0,1.0,0.0,0.0,0.0,True,True,False,True,False,Java
1051800,105180007,3.0,1.0,19.0,1.0,1.0,60.0,0.0,0.0,75.0,75.0,12.0,1.0,0.0,0.0,0.0,False,True,False,False,False,Java
1051800,105180008,3.0,3.0,16.0,1.0,1.0,73.0,1.0,0.0,16.0,16.0,32.0,1.0,0.0,600000.0,13.304686600863562,False,False,True,False,False,Java
1051800,105180010,5.0,1.0,24.0,1.0,1.0,6.0,7.0,1.0,9.0,16.0,32.0,1.0,0.0,0.0,0.0,True,True,False,True,False,Java
1051841,105184101,1.0,1.0,36.0,1.0,1.0,5.0,7.0,1.0,7.0,16.0,32.0,1.0,0.0,0.0,0.0,True,True,False,True,False,Java
1061600,106160001,1.0,1.0,59.0,1.0,1.0,5.0,7.0,0.0,,15.0,32.0,1.0,0.0,0.0,0.0,False,True,False,False,False,Java
1061600,106160002,2.0,3.0,57.0,1.0,1.0,3.0,7.0,0.0,,15.0,32.0,1.0,0.0,0.0,0.0,False,False,True,False,False,Java
1070600,107060001,7.0,1.0,55.0,1.0,1.0,2.0,7.0,0.0,,1.0,36.0,2.0,100000.0,150000.0,11.918397239722838,False,True,False,False,False,Java
1070600,107060002,7.0,3.0,70.0,1.0,1.0,2.0,7.0,0.0,1.0,1.0,36.0,2.0,0.0,0.0,0.0,False,False,True,False,False,Java
1070600,107060003,9.0,3.0,32.0,1.0,1.0,2.0,7.0,0.0,,74.0,31.0,1.0,0.0,0.0,0.0,False,False,True,False,False,Java
1070600,107060004,2.0,3.0,32.0,1.0,1.0,2.0,7.0,0.0,,8.0,51.0,1.0,0.0,0.0,0.0,False,False,True,False,False,Java
1070600,107060006,9.0,3.0,25.0,1.0,1.0,2.0,7.0,0.0,,8.0,32.0,2.0,0.0,0.0,0.0,False,False,True,False,False,Java
1070600,107063201,1.0,1.0,41.0,1.0,1.0,2.0,7.0,0.0,,8.0,51.0,1.0,0.0,0.0,0.0,False,True,False,False,False,Java
1071442,107144201,1.0,1.0,35.0,1.0,1.0,6.0,7.0,1.0,3.0,1.0,36.0,1.0,0.0,20000.0,9.90353755128617,True,True,False,True,False,Java
1071741,107174102,2.0,3.0,29.0,1.0,1.0,73.0,7.0,1.0,27.0,74.0,31.0,1.0,0.0,0.0,0.0,True,False,True,False,True,Java
1071841,107184103,2.0,3.0,31.0,1.0,4.0,61.0,2.0,0.0,75.0,75.0,12.0,1.0,0.0,0.0,0.0,False,False,True,False,False,Batak
1071943,107194303,1.0,1.0,31.0,1.0,1.0,3.0,7.0,1.0,28.0,74.0,31.0,1.0,0.0,0.0,0.0,True,True,False,True,False,Java
1072322,107232209,3.0,1.0,37.0,1.0,1.0,6.0,7.0,0.0,,71.0,31.0,1.0,3000000.0,2000000.0,14.508658238524095,False,True,False,False,False,Java
1080342,108030004,1.0,1.0,28.0,1.0,1.0,6.0,7.0,0.0,,72.0,31.0,1.0,1000000.0,500000.0,13.122365377402328,False,True,False,False,False,Java
1080342,108034202,2.0,3.0,26.0,1.0,17.0,5.0,2.0,0.0,,72.0,31.0,1.0,0.0,0.0,0.0,False,False,True,False,False,Java
1080400,108040001,1.0,1.0,65.0,2.0,4.0,6.0,2.0,0.0,,3.0,32.0,2.0,0.0,3000000.0,14.914123179965662,False,True,False,False,False,Batak
1080400,108040003,3.0,1.0,32.0,2.0,4.0,60.0,7.0,0.0,,1.0,32.0,1.0,500000.0,0.0,0.0,False,True,False,False,False,Batak
1080400,108040004,3.0,1.0,30.0,1.0,4.0,6.0,7.0,0.0,,2.0,32.0,2.0,0.0,0.0,0.0,False,True,False,False,False,Batak
1080400,108040005,3.0,3.0,28.0,2.0,4.0,5.0,7.0,0.0,,3.0,32.0,2.0,3000000.0,2000000.0,14.508658238524095,False,False,True,False,False,Batak
1080400,108040007,5.0,3.0,30.0,2.0,4.0,5.0,7.0,0.0,,1.0,32.0,1.0,0.0,0.0,0.0,False,False,True,False,False,Batak
1080600,108060002,13.0,3.0,43.0,1.0,1.0,5.0,7.0,0.0,,19.0,35.0,1.0,0.0,0.0,0.0,False,False,True,False,False,Java
1080600,108060004,19.0,3.0,41.0,1.0,1.0,5.0,7.0,0.0,,19.0,35.0,1.0,0.0,0.0,0.0,False,False,True,False,False,Java
1080600,108060005,2.0,3.0,43.0,1.0,1.0,3.0,7.0,0.0,,71.0,32.0,1.0,300000.0,0.0,0.0,False,False,True,False,False,Java
1080600,108060006,1.0,1.0,45.0,1.0,1.0,5.0,7.0,0.0,,71.0,32.0,1.0,0.0,0.0,0.0,False,True,False,False,False,Java
1080600,108060007,3.0,1.0,15.0,1.0,1.0,6.0,0.0,0.0,71.0,71.0,32.0,1.0,0.0,0.0,0.0,False,True,False,False,False,Java
1080641,108064101,1.0,1.0,44.0,1.0,1.0,6.0,7.0,0.0,,19.0,35.0,1.0,0.0,0.0,0.0,False,True,False,False,False,Java
1080642,108064201,1.0,1.0,42.0,1.0,1.0,5.0,7.0,0.0,,19.0,35.0,1.0,0.0,0.0,0.0,False,True,False,False,False,Java
1081200,108120003,1.0,1.0,40.0,1.0,1.0,5.0,7.0,0.0,,3.0,33.0,2.0,500000.0,0.0,0.0,False,True,False,False,False,Java
1081400,108140001,1.0,1.0,57.0,2.0,4.0,6.0,7.0,0.0,,71.0,32.0,1.0,0.0,0.0,0.0,False,True,False,False,False,Batak
1081400,108140002,2.0,3.0,56.0,2.0,4.0,3.0,7.0,0.0,,71.0,32.0,1.0,0.0,50000.0,10.819798284210286,False,False,True,False,False,Batak
1081400,108140005,3.0,1.0,24.0,2.0,4.0,6.0,7.0,0.0,,71.0,32.0,1.0,0.0,1400000.0,14.151983508870948,False,True,False,False,False,Batak
1100441,110044104,2.0,3.0,29.0,1.0,1.0,5.0,7.0,0.0,75.0,75.0,31.0,1.0,0.0,0.0,0.0,False,False,True,False,False,Java
1110900,111090004,3.0,1.0,29.0,1.0,1.0,61.0,7.0,0.0,,77.0,32.0,1.0,4000000.0,0.0,0.0,False,True,False,False,False,Java
1111200,111120001,1.0,1.0,66.0,1.0,1.0,60.0,7.0,0.0,,77.0,32.0,1.0,0.0,0.0,0.0,False,True,False,False,False,Java
1111200,111120002,2.0,3.0,60.0,1.0,1.0,60.0,7.0,0.0,,77.0,32.0,1.0,0.0,0.0,0.0,False,False,True,False,False,Java
1111200,111120003,3.0,3.0,33.0,1.0,1.0,61.0,7.0,0.0,,77.0,32.0,1.0,0.0,0.0,0.0,False,False,True,False,False,Java
1111200,111120006,5.0,1.0,37.0,1.0,1.0,60.0,7.0,0.0,,77.0,32.0,1.0,0.0,0.0,0.0,False,True,False,False,False,Java
1111300,111130001,1.0,1.0,66.0,1.0,1.0,60.0,2.0,0.0,,77.0,32.0,1.0,0.0,0.0,0.0,False,True,False,False,False,Java
1111300,111130002,2.0,3.0,59.0,1.0,1.0,6.0,7.0,0.0,,77.0,32.0,1.0,0.0,0.0,0.0,False,False,True,False,False,Java
1111300,111130003,3.0,1.0,38.0,1.0,1.0,60.0,7.0,0.0,,15.0,32.0,1.0,100000.0,0.0,0.0,False,True,False,False,False,Java
1111300,111130006,3.0,1.0,27.0,1.0,1.0,61.0,3.0,0.0,,76.0,32.0,1.0,1000000.0,0.0,0.0,False,True,False,False,False,Java
1111441,111140003,2.0,3.0,37.0,1.0,2.0,61.0,7.0,0.0,,15.0,35.0,1.0,0.0,0.0,0.0,False,False,True,False,False,Java
1111441,111144102,1.0,1.0,42.0,1.0,1.0,63.0,7.0,1.0,11.0,15.0,35.0,1.0,0.0,0.0,0.0,True,True,False,True,False,Java
1111500,111150002,2.0,3.0,61.0,2.0,1.0,5.0,7.0,0.0,,77.0,32.0,1.0,0.0,0.0,0.0,False,False,True,False,False,Java
1111900,111190001,1.0,1.0,62.0,1.0,1.0,5.0,7.0,0.0,,72.0,31.0,1.0,500000.0,0.0,0.0,False,True,False,False,False,Java
1111900,111190002,2.0,3.0,59.0,1.0,9.0,6.0,7.0,0.0,,72.0,31.0,1.0,0.0,0.0,0.0,False,False,True,False,False,Java
1111900,111190005,3.0,1.0,30.0,1.0,1.0,61.0,7.0,0.0,,73.0,36.0,1.0,0.0,0.0,0.0,False,True,False,False,False,Java
1111951,111195102,2.0,3.0,29.0,1.0,2.0,60.0,7.0,1.0,75.0,73.0,36.0,1.0,1000000.0,0.0,0.0,True,False,True,False,True,Java
1120200,112020002,1.0,3.0,57.0,2.0,1.0,61.0,5.0,0.0,,77.0,32.0,1.0,0.0,900000.0,13.71015115341694,False,False,True,False,False,Java
1120200,112020003,9.0,1.0,49.0,2.0,1.0,60.0,7.0,1.0,6.0,77.0,32.0,1.0,0.0,1000000.0,13.815511557963774,True,True,False,True,False,Java
1120200,112020004,3.0,1.0,26.0,2.0,1.0,61.0,7.0,0.0,,77.0,32.0,1.0,0.0,5000000.0,15.424948670398354,False,True,False,False,False,Java
1120211,112021102,2.0,3.0,48.0,1.0,1.0,5.0,7.0,0.0,77.0,77.0,32.0,1.0,0.0,2500000.0,14.731801689838347,False,False,True,False,False,Java
1120211,112021103,3.0,1.0,21.0,1.0,1.0,61.0,2.0,0.0,77.0,77.0,32.0,1.0,0.0,900000.0,13.71015115341694,False,True,False,False,False,Java
1120211,112021105,3.0,1.0,16.0,1.0,1.0,6.0,1.0,1.0,17.0,77.0,32.0,1.0,0.0,1000000.0,13.815511557963774,True,True,False,True,False,Java
1121600,112160001,1.0,1.0,60.0,1.0,1.0,61.0,7.0,1.0,23.0,77.0,32.0,1.0,0.0,0.0,0.0,True,True,False,True,False,Java
1121600,112160002,2.0,3.0,55.0,1.0,14.0,6.0,7.0,0.0,,77.0,32.0,1.0,0.0,3500000.0,15.068273812173889,False,False,True,False,False,Java
1121600,112160006,9.0,1.0,33.0,1.0,14.0,5.0,7.0,0.0,5.0,5.0,16.0,2.0,0.0,500000.0,13.122365377402328,False,True,False,False,False,Java
1121700,112170002,2.0,3.0,45.0,1.0,1.0,5.0,7.0,0.0,,15.0,32.0,1.0,4800000.0,0.0,0.0,False,False,True,False,False,Java
1121700,112170003,3.0,3.0,27.0,1.0,1.0,62.0,7.0,0.0,,3.0,36.0,1.0,0.0,0.0,0.0,False,False,True,False,False,Java
1121700,112170004,3.0,3.0,22.0,1.0,1.0,61.0,3.0,0.0,73.0,73.0,31.0,1.0,0.0,0.0,0.0,False,False,True,False,False,Java
1130244,113024401,1.0,1.0,36.0,1.0,1.0,60.0,7.0,1.0,2.0,4.0,32.0,1.0,0.0,0.0,0.0,True,True,False,True,False,Java
1150853,115085301,1.0,1.0,26.0,1.0,1.0,5.0,7.0,0.0,78.0,78.0,32.0,1.0,0.0,0.0,0.0,False,True,False,False,False,Java
1161941,116194102,2.0,3.0,29.0,1.0,1.0,2.0,7.0,0.0,74.0,74.0,32.0,1.0,0.0,0.0,0.0,False,False,True,False,False,Java
1180351,118035101,1.0,1.0,26.0,1.0,1.0,2.0,7.0,1.0,7.0,18.0,32.0,2.0,0.0,300000.0,12.611541086966117,True,True,False,True,False,Java
1181242,118124201,1.0,1.0,32.0,1.0,1.0,2.0,7.0,0.0,,18.0,32.0,2.0,0.0,0.0,0.0,False,True,False,False,False,Java
1181300,118130001,1.0,1.0,63.0,1.0,1.0,2.0,0.0,0.0,,18.0,32.0,2.0,50000.0,0.0,0.0,False,True,False,False,False,Java
1181300,118130002,2.0,3.0,59.0,1.0,1.0,2.0,2.0,0.0,,18.0,32.0,2.0,0.0,0.0,0.0,False,False,True,False,False,Java
1181300,118130003,3.0,3.0,33.0,1.0,1.0,2.0,7.0,0.0,,7.0,32.0,1.0,0.0,0.0,0.0,False,False,True,False,False,Java
1181300,118130004,3.0,1.0,28.0,1.0,1.0,2.0,7.0,0.0,,18.0,32.0,2.0,0.0,200000.0,12.206077645517674,False,True,False,False,False,Java
1182431,118243101,1.0,1.0,40.0,1.0,1.0,2.0,7.0,1.0,27.0,18.0,32.0,2.0,0.0,0.0,0.0,True,True,False,True,False,Java
1182500,118250003,2.0,3.0,57.0,1.0,1.0,2.0,5.0,0.0,,7.0,32.0,2.0,0.0,0.0,0.0,False,False,True,False,False,Java
1182500,118250004,1.0,1.0,70.0,1.0,1.0,2.0,7.0,0.0,,7.0,32.0,2.0,0.0,0.0,0.0,False,True,False,False,False,Java
1182741,118274102,1.0,1.0,35.0,1.0,1.0,2.0,7.0,0.0,,18.0,32.0,2.0,0.0,0.0,0.0,False,True,False,False,False,Java
1190100,119010001,1.0,1.0,66.0,1.0,1.0,1.0,96.0,0.0,9.0,9.0,32.0,1.0,0.0,0.0,0.0,False,True,False,False,False,Java
1190100,119010002,2.0,3.0,61.0,1.0,1.0,1.0,96.0,0.0,,9.0,32.0,1.0,0.0,0.0,0.0,False,False,True,False,False,Java
1190100,119010003,3.0,1.0,30.0,1.0,1.0,2.0,4.0,0.0,,9.0,32.0,1.0,0.0,0.0,0.0,False,True,False,False,False,Java
1190200,119020001,5.0,1.0,44.0,1.0,1.0,5.0,7.0,0.0,,9.0,32.0,1.0,200000.0,0.0,0.0,False,True,False,False,False,Java
1190200,119020002,3.0,3.0,38.0,1.0,1.0,2.0,7.0,0.0,9.0,9.0,32.0,1.0,0.0,0.0,0.0,False,False,True,False,False,Java
1190200,119020003,10.0,1.0,21.0,1.0,1.0,5.0,7.0,1.0,9.0,71.0,31.0,1.0,500000.0,0.0,0.0,True,True,False,True,False,Java
1190200,119020004,1.0,1.0,62.0,1.0,1.0,2.0,2.0,0.0,,9.0,32.0,1.0,0.0,0.0,0.0,False,True,False,False,False,Java
1190200,119020005,2.0,3.0,57.0,1.0,1.0,1.0,96.0,0.0,,9.0,32.0,1.0,0.0,0.0,0.0,False,False,True,False,False,Java
1190200,119020007,3.0,1.0,31.0,1.0,1.0,61.0,2.0,0.0,9.0,9.0,32.0,1.0,0.0,0.0,0.0,False,True,False,False,False,Java
1190200,119020008,3.0,3.0,18.0,1.0,1.0,3.0,7.0,0.0,9.0,9.0,32.0,1.0,0.0,200000.0,12.206077645517674,False,False,True,False,False,Java
1190200,119020009,10.0,3.0,17.0,1.0,1.0,5.0,2.0,0.0,9.0,9.0,32.0,1.0,0.0,200000.0,12.206077645517674,False,False,True,False,False,Java
1190300,119030001,1.0,1.0,72.0,1.0,1.0,1.0,96.0,0.0,,9.0,32.0,1.0,20000.0,0.0,0.0,False,True,False,False,False,Java
1190300,119030003,3.0,1.0,38.0,1.0,1.0,2.0,7.0,0.0,,9.0,32.0,1.0,0.0,0.0,0.0,False,True,False,False,False,Java
1190331,119033102,2.0,3.0,32.0,1.0,1.0,3.0,1.0,0.0,,9.0,32.0,1.0,0.0,0.0,0.0,False,False,True,False,False,Java
1190400,119040001,1.0,1.0,60.0,1.0,1.0,2.0,7.0,0.0,,9.0,32.0,1.0,0.0,0.0,0.0,False,True,False,False,False,Java
1190600,119060001,1.0,3.0,69.0,1.0,1.0,1.0,96.0,0.0,,9.0,32.0,1.0,300000.0,0.0,0.0,False,False,True,False,False,Java
1190700,119070001,2.0,1.0,65.0,1.0,1.0,98.0,98.0,0.0,9.0,9.0,32.0,1.0,300000.0,0.0,0.0,False,True,False,False,False,Java
1190700,119070002,1.0,3.0,56.0,1.0,1.0,1.0,96.0,0.0,,9.0,32.0,1.0,50000.0,0.0,0.0,False,False,True,False,False,Java
1190700,119070003,3.0,1.0,39.0,1.0,1.0,2.0,7.0,0.0,,9.0,32.0,1.0,0.0,0.0,0.0,False,True,False,False,False,Java
1190700,119070005,13.0,3.0,31.0,1.0,1.0,2.0,7.0,0.0,9.0,9.0,32.0,1.0,0.0,0.0,0.0,False,False,True,False,False,Java
1190752,119075202,1.0,1.0,38.0,1.0,1.0,2.0,7.0,0.0,9.0,9.0,32.0,1.0,0.0,0.0,0.0,False,True,False,False,False,Java
1190800,119080002,7.0,3.0,77.0,1.0,1.0,1.0,96.0,0.0,9.0,9.0,32.0,1.0,0.0,0.0,0.0,False,False,True,False,False,Java
1190800,119080004,2.0,3.0,38.0,1.0,1.0,2.0,7.0,0.0,9.0,9.0,32.0,1.0,300000.0,0.0,0.0,False,False,True,False,False,Java
1190800,119080007,3.0,1.0,17.0,1.0,1.0,6.0,1.0,0.0,9.0,9.0,32.0,1.0,350000.0,200000.0,12.206077645517674,False,True,False,False,False,Java
1190800,119080008,1.0,1.0,40.0,1.0,1.0,2.0,7.0,0.0,,9.0,32.0,1.0,200000.0,800000.0,13.592368256649284,False,True,False,False,False,Java
1190900,119090001,1.0,1.0,66.0,1.0,1.0,2.0,2.0,0.0,9.0,9.0,32.0,1.0,0.0,0.0,0.0,False,True,False,False,False,Java
1190900,119090002,2.0,3.0,61.0,1.0,1.0,2.0,0.0,0.0,,9.0,32.0,1.0,0.0,0.0,0.0,False,False,True,False,False,Java
1190900,119090005,3.0,1.0,30.0,1.0,1.0,3.0,2.0,0.0,,9.0,32.0,1.0,0.0,0.0,0.0,False,True,False,False,False,Java
1190900,119090006,3.0,1.0,23.0,1.0,1.0,2.0,7.0,0.0,9.0,9.0,32.0,1.0,0.0,0.0,0.0,False,True,False,False,False,Java
1190900,119090010,5.0,3.0,26.0,1.0,1.0,2.0,7.0,0.0,9.0,9.0,32.0,1.0,0.0,0.0,0.0,False,False,True,False,False,Java
1190941,119094102,2.0,3.0,26.0,1.0,1.0,3.0,7.0,0.0,,9.0,32.0,1.0,500000.0,0.0,0.0,False,False,True,False,False,Java
1191100,119110002,1.0,3.0,42.0,1.0,1.0,2.0,7.0,0.0,,9.0,32.0,1.0,0.0,3000000.0,14.914123179965662,False,False,True,False,False,Java
1191100,119110003,3.0,1.0,21.0,1.0,1.0,3.0,1.0,0.0,9.0,9.0,32.0,1.0,100000.0,0.0,0.0,False,True,False,False,False,Java
1191100,119110006,5.0,3.0,22.0,1.0,1.0,3.0,7.0,0.0,9.0,9.0,32.0,1.0,100000.0,50000.0,10.819798284210286,False,False,True,False,False,Java
1191200,119120001,1.0,1.0,45.0,1.0,1.0,2.0,3.0,0.0,,9.0,32.0,2.0,0.0,0.0,0.0,False,True,False,False,False,Java
1191200,119120002,2.0,3.0,37.0,1.0,1.0,2.0,7.0,0.0,9.0,9.0,32.0,2.0,0.0,0.0,0.0,False,False,True,False,False,Java
1191300,119130001,1.0,1.0,47.0,1.0,1.0,2.0,2.0,0.0,,9.0,32.0,1.0,0.0,0.0,0.0,False,True,False,False,False,Java
1191300,119130002,2.0,3.0,38.0,1.0,1.0,2.0,7.0,0.0,,9.0,32.0,1.0,0.0,0.0,0.0,False,False,True,False,False,Java
1191441,119140003,1.0,1.0,37.0,1.0,1.0,2.0,7.0,0.0,,9.0,32.0,1.0,0.0,0.0,0.0,False,True,False,False,False,Java
1191441,119144102,2.0,3.0,32.0,1.0,1.0,2.0,7.0,0.0,,9.0,32.0,1.0,0.0,0.0,0.0,False,False,True,False,False,Java
1191441,119140002,6.0,3.0,77.0,1.0,1.0,1.0,96.0,0.0,9.0,9.0,32.0,1.0,0.0,0.0,0.0,False,False,True,False,False,Java
1191500,119150001,1.0,1.0,49.0,1.0,1.0,2.0,1.0,0.0,9.0,9.0,32.0,1.0,0.0,0.0,0.0,False,True,False,False,False,Java
1191500,119150002,2.0,3.0,46.0,1.0,1.0,1.0,96.0,0.0,,9.0,32.0,1.0,0.0,0.0,0.0,False,False,True,False,False,Java
1191500,119150003,3.0,1.0,29.0,1.0,1.0,2.0,7.0,0.0,,9.0,32.0,1.0,0.0,0.0,0.0,False,True,False,False,False,Java
1191500,119150004,3.0,1.0,25.0,1.0,1.0,2.0,7.0,0.0,,16.0,32.0,1.0,100000.0,0.0,0.0,False,True,False,False,False,Java
1191500,119150005,3.0,3.0,21.0,1.0,1.0,2.0,4.0,0.0,9.0,9.0,32.0,1.0,500000.0,0.0,0.0,False,False,True,False,False,Java
1191500,119150009,13.0,3.0,15.0,1.0,1.0,2.0,3.0,0.0,9.0,9.0,32.0,1.0,0.0,0.0,0.0,False,False,True,False,False,Java
1191551,119155102,2.0,3.0,37.0,1.0,1.0,2.0,7.0,0.0,9.0,9.0,32.0,1.0,0.0,0.0,0.0,False,False,True,False,False,Java
1191600,119160003,8.0,3.0,28.0,1.0,1.0,2.0,7.0,0.0,,10.0,32.0,1.0,0.0,0.0,0.0,False,False,True,False,False,Java
1191600,119160004,1.0,3.0,39.0,1.0,1.0,2.0,2.0,0.0,,9.0,32.0,1.0,0.0,3000000.0,14.914123179965662,False,False,True,False,False,Java
1191600,119160006,3.0,1.0,17.0,1.0,1.0,3.0,1.0,0.0,9.0,9.0,32.0,1.0,0.0,0.0,0.0,False,True,False,False,False,Java
1191700,119170002,6.0,3.0,67.0,1.0,1.0,2.0,0.0,0.0,,9.0,32.0,1.0,500000.0,100000.0,11.51293546492023,False,False,True,False,False,Java
1191700,119170003,1.0,1.0,25.0,1.0,1.0,2.0,7.0,0.0,9.0,9.0,32.0,1.0,1000000.0,0.0,0.0,False,True,False,False,False,Java
1191700,119170004,2.0,3.0,27.0,1.0,1.0,3.0,7.0,0.0,9.0,9.0,32.0,1.0,30000.0,0.0,0.0,False,False,True,False,False,Java
1191800,119180003,2.0,3.0,42.0,1.0,1.0,2.0,4.0,0.0,,9.0,32.0,1.0,150000.0,100000.0,11.51293546492023,False,False,True,False,False,Java
1191800,119180004,3.0,1.0,18.0,1.0,1.0,5.0,7.0,1.0,9.0,75.0,31.0,1.0,0.0,0.0,0.0,True,True,False,True,False,Java
1191800,119180005,1.0,1.0,47.0,1.0,1.0,2.0,7.0,0.0,9.0,9.0,32.0,1.0,0.0,0.0,0.0,False,True,False,False,False,Java
1191900,119190002,1.0,3.0,75.0,1.0,1.0,1.0,96.0,0.0,9.0,9.0,32.0,1.0,0.0,0.0,0.0,False,False,True,False,False,Java
1191900,119190003,3.0,1.0,34.0,1.0,1.0,6.0,7.0,0.0,9.0,9.0,32.0,1.0,0.0,0.0,0.0,False,True,False,False,False,Java
1191900,119190005,5.0,3.0,34.0,1.0,1.0,3.0,7.0,0.0,,9.0,32.0,1.0,300000.0,0.0,0.0,False,False,True,False,False,Java
1191900,119190006,10.0,1.0,24.0,1.0,1.0,5.0,7.0,0.0,,9.0,32.0,2.0,0.0,1000000.0,13.815511557963774,False,True,False,False,False,Java
1191900,119190007,10.0,3.0,17.0,1.0,1.0,5.0,2.0,0.0,9.0,9.0,32.0,2.0,0.0,800000.0,13.592368256649284,False,False,True,False,False,Java
1191951,119195102,2.0,3.0,25.0,1.0,1.0,5.0,7.0,0.0,9.0,9.0,32.0,2.0,0.0,0.0,0.0,False,False,True,False,False,Java
1192000,119200004,1.0,1.0,64.0,1.0,1.0,2.0,4.0,0.0,,9.0,32.0,1.0,0.0,0.0,0.0,False,True,False,False,False,Java
1192000,119200005,2.0,3.0,62.0,1.0,1.0,2.0,1.0,0.0,,9.0,32.0,1.0,0.0,2500000.0,14.731801689838347,False,False,True,False,False,Java
1192000,119200007,3.0,3.0,28.0,1.0,1.0,5.0,7.0,0.0,,9.0,32.0,1.0,0.0,0.0,0.0,False,False,True,False,False,Java
1192051,119205101,1.0,1.0,30.0,1.0,1.0,5.0,7.0,0.0,9.0,9.0,32.0,1.0,0.0,0.0,0.0,False,True,False,False,False,Java
1192100,119210001,1.0,1.0,62.0,1.0,1.0,2.0,2.0,0.0,9.0,9.0,32.0,1.0,0.0,0.0,0.0,False,True,False,False,False,Java
1192100,119210006,2.0,3.0,49.0,1.0,1.0,1.0,96.0,0.0,,9.0,32.0,1.0,0.0,0.0,0.0,False,False,True,False,False,Java
1192200,119220001,1.0,3.0,79.0,1.0,1.0,1.0,96.0,0.0,,9.0,32.0,1.0,0.0,50000.0,10.819798284210286,False,False,True,False,False,Java
1192200,119220002,10.0,3.0,32.0,1.0,1.0,2.0,5.0,0.0,,9.0,32.0,2.0,0.0,0.0,0.0,False,False,True,False,False,Java
1192200,119220003,2.0,1.0,77.0,1.0,1.0,2.0,7.0,0.0,9.0,9.0,32.0,1.0,0.0,0.0,0.0,False,True,False,False,False,Java
1192231,119223101,1.0,1.0,37.0,1.0,1.0,2.0,7.0,0.0,9.0,9.0,32.0,2.0,0.0,0.0,0.0,False,True,False,False,False,Java
1192400,119240001,1.0,1.0,52.0,1.0,1.0,1.0,96.0,0.0,,9.0,32.0,1.0,0.0,0.0,0.0,False,True,False,False,False,Java
1192400,119240002,2.0,3.0,47.0,1.0,1.0,2.0,4.0,0.0,9.0,9.0,32.0,1.0,50000.0,0.0,0.0,False,False,True,False,False,Java
1192400,119240003,3.0,1.0,32.0,1.0,1.0,2.0,7.0,0.0,9.0,9.0,32.0,1.0,0.0,0.0,0.0,False,True,False,False,False,Java
1192400,119240004,3.0,1.0,17.0,1.0,1.0,2.0,7.0,1.0,9.0,72.0,31.0,1.0,0.0,0.0,0.0,True,True,False,True,False,Java
1192400,119240005,5.0,3.0,20.0,1.0,1.0,2.0,7.0,0.0,9.0,9.0,32.0,1.0,0.0,0.0,0.0,False,False,True,False,False,Java
1192600,119260002,7.0,3.0,69.0,1.0,1.0,1.0,96.0,0.0,,9.0,32.0,1.0,500000.0,1000000.0,13.815511557963774,False,False,True,False,False,Java
1192600,119260003,2.0,3.0,28.0,1.0,1.0,73.0,7.0,0.0,,9.0,32.0,1.0,300000.0,0.0,0.0,False,False,True,False,False,Java
1192600,119260005,1.0,1.0,32.0,1.0,1.0,74.0,7.0,0.0,,9.0,32.0,1.0,2000000.0,0.0,0.0,False,True,False,False,False,Java
1192700,119270001,1.0,1.0,48.0,1.0,1.0,1.0,96.0,0.0,,9.0,32.0,1.0,0.0,0.0,0.0,False,True,False,False,False,Java
1192700,119270002,2.0,3.0,46.0,1.0,1.0,2.0,1.0,0.0,,9.0,32.0,1.0,0.0,0.0,0.0,False,False,True,False,False,Java
1192700,119270003,3.0,3.0,25.0,1.0,1.0,2.0,7.0,0.0,9.0,9.0,32.0,1.0,0.0,7000000.0,15.76142084987672,False,False,True,False,False,Java
1192800,119280004,1.0,3.0,56.0,1.0,1.0,1.0,96.0,0.0,9.0,9.0,32.0,1.0,50000.0,0.0,0.0,False,False,True,False,False,Java
1192800,119280005,8.0,1.0,42.0,1.0,1.0,2.0,7.0,0.0,,9.0,32.0,1.0,0.0,0.0,0.0,False,True,False,False,False,Java
1192800,119280006,3.0,1.0,34.0,1.0,1.0,2.0,4.0,0.0,,76.0,32.0,1.0,6000000.0,0.0,0.0,False,True,False,False,False,Java
1192800,119280007,3.0,1.0,37.0,1.0,1.0,2.0,7.0,0.0,,9.0,32.0,1.0,0.0,0.0,0.0,False,True,False,False,False,Java
1192831,119283102,3.0,3.0,32.0,1.0,1.0,2.0,7.0,0.0,,9.0,32.0,1.0,0.0,0.0,0.0,False,False,True,False,False,Java
1192900,119290002,1.0,3.0,63.0,1.0,1.0,2.0,4.0,0.0,,9.0,32.0,1.0,0.0,50000.0,10.819798284210286,False,False,True,False,False,Java
1192900,119290004,13.0,1.0,21.0,1.0,1.0,2.0,7.0,0.0,9.0,9.0,32.0,1.0,100000.0,100000.0,11.51293546492023,False,True,False,False,False,Java
1193000,119300001,1.0,1.0,64.0,1.0,1.0,2.0,1.0,0.0,,9.0,32.0,1.0,500000.0,500000.0,13.122365377402328,False,True,False,False,False,Java
1193000,119300002,2.0,3.0,62.0,1.0,1.0,2.0,1.0,0.0,,9.0,32.0,1.0,50000.0,0.0,0.0,False,False,True,False,False,Java
1193000,119300003,3.0,1.0,39.0,1.0,1.0,3.0,7.0,0.0,,72.0,31.0,1.0,0.0,0.0,0.0,False,True,False,False,False,Java
1193000,119300004,3.0,1.0,30.0,1.0,1.0,3.0,7.0,0.0,,9.0,32.0,1.0,0.0,0.0,0.0,False,True,False,False,False,Java
1193031,119303102,2.0,3.0,39.0,1.0,1.0,6.0,7.0,0.0,,72.0,31.0,1.0,0.0,0.0,0.0,False,False,True,False,False,Java
1210100,121010002,11.0,3.0,87.0,1.0,1.0,2.0,1.0,1.0,9.0,74.0,32.0,1.0,0.0,0.0,0.0,True,False,True,False,True,Java
1210100,121010003,5.0,1.0,61.0,1.0,1.0,62.0,98.0,1.0,9.0,74.0,32.0,1.0,0.0,0.0,0.0,True,True,False,True,False,Java
1210100,121010004,12.0,3.0,45.0,1.0,1.0,5.0,7.0,0.0,,74.0,32.0,1.0,500000.0,0.0,0.0,False,False,True,False,False,Java
1210100,121010006,2.0,3.0,38.0,1.0,1.0,60.0,7.0,0.0,,9.0,32.0,1.0,0.0,0.0,0.0,False,False,True,False,False,Java
1210100,121010007,9.0,3.0,36.0,1.0,1.0,60.0,7.0,0.0,,74.0,32.0,1.0,5000000.0,500000.0,13.122365377402328,False,False,True,False,False,Java
1210100,121010008,9.0,1.0,35.0,1.0,1.0,61.0,7.0,1.0,9.0,74.0,32.0,1.0,500000.0,300000.0,12.611541086966117,True,True,False,True,False,Java
1210100,121010009,9.0,3.0,31.0,1.0,1.0,5.0,7.0,0.0,,9.0,32.0,1.0,800000.0,0.0,0.0,False,False,True,False,False,Java
1210100,121011107,1.0,1.0,38.0,1.0,1.0,3.0,7.0,0.0,,9.0,32.0,1.0,0.0,0.0,0.0,False,True,False,False,False,Java
1210111,121014102,6.0,3.0,30.0,1.0,1.0,1.0,96.0,0.0,,74.0,32.0,1.0,1500000.0,300000.0,12.611541086966117,False,False,True,False,False,Java
1210151,121015102,2.0,3.0,31.0,1.0,1.0,5.0,7.0,1.0,9.0,74.0,32.0,1.0,50000.0,1000000.0,13.815511557963774,True,False,True,False,True,Java
1210152,121015202,1.0,1.0,33.0,1.0,1.0,61.0,7.0,1.0,12.0,9.0,32.0,1.0,500000.0,0.0,0.0,True,True,False,True,False,Java
1210200,121020001,1.0,1.0,52.0,1.0,1.0,2.0,7.0,0.0,,9.0,32.0,1.0,0.0,0.0,0.0,False,True,False,False,False,Java
1210200,121020003,3.0,3.0,28.0,1.0,1.0,6.0,7.0,0.0,,9.0,32.0,1.0,300000.0,0.0,0.0,False,False,True,False,False,Java
1210200,121020005,3.0,1.0,17.0,1.0,1.0,3.0,0.0,0.0,9.0,9.0,32.0,1.0,50000.0,0.0,0.0,False,True,False,False,False,Java
1210200,121020006,5.0,1.0,34.0,1.0,1.0,6.0,7.0,0.0,,9.0,32.0,1.0,0.0,0.0,0.0,False,True,False,False,False,Java
1210200,121020008,2.0,3.0,44.0,1.0,1.0,2.0,98.0,0.0,9.0,9.0,32.0,1.0,0.0,0.0,0.0,False,False,True,False,False,Java
1210400,121040002,1.0,3.0,53.0,1.0,1.0,2.0,3.0,0.0,,9.0,32.0,1.0,0.0,0.0,0.0,False,False,True,False,False,Java
1210400,121040004,3.0,1.0,35.0,1.0,1.0,6.0,7.0,0.0,,76.0,32.0,1.0,0.0,0.0,0.0,False,True,False,False,False,Java
1210441,121044102,1.0,3.0,33.0,1.0,1.0,5.0,7.0,0.0,,9.0,32.0,1.0,200000.0,300000.0,12.611541086966117,False,False,True,False,False,Java
1210500,121050002,1.0,1.0,45.0,1.0,1.0,6.0,7.0,0.0,,9.0,32.0,1.0,200000.0,0.0,0.0,False,True,False,False,False,Java
1210500,121050003,2.0,3.0,40.0,1.0,1.0,5.0,1.0,0.0,,9.0,32.0,1.0,550000.0,0.0,0.0,False,False,True,False,False,Java
1210500,121050005,3.0,3.0,20.0,1.0,1.0,6.0,7.0,0.0,9.0,9.0,32.0,1.0,100000.0,0.0,0.0,False,False,True,False,False,Java
1210500,121050006,3.0,1.0,15.0,1.0,1.0,3.0,2.0,0.0,9.0,9.0,32.0,1.0,0.0,500000.0,13.122365377402328,False,True,False,False,False,Java
1210800,121080001,1.0,1.0,59.0,1.0,1.0,4.0,2.0,0.0,,9.0,32.0,1.0,0.0,0.0,0.0,False,True,False,False,False,Java
1210800,121080002,2.0,3.0,59.0,1.0,1.0,2.0,2.0,0.0,,9.0,32.0,1.0,0.0,0.0,0.0,False,False,True,False,False,Java
1210800,121080003,3.0,3.0,35.0,1.0,1.0,2.0,7.0,0.0,,9.0,32.0,1.0,30000.0,0.0,0.0,False,False,True,False,False,Java
1210800,121080006,3.0,3.0,25.0,1.0,1.0,2.0,7.0,0.0,,9.0,32.0,1.0,200000.0,500000.0,13.122365377402328,False,False,True,False,False,Java
1210800,121080007,3.0,1.0,17.0,1.0,1.0,2.0,3.0,0.0,9.0,9.0,32.0,1.0,0.0,0.0,0.0,False,True,False,False,False,Java
1210900,121090002,1.0,3.0,83.0,1.0,1.0,2.0,2.0,0.0,9.0,9.0,32.0,1.0,0.0,0.0,0.0,False,False,True,False,False,Java
1210900,121090003,3.0,1.0,42.0,1.0,1.0,3.0,7.0,0.0,,74.0,32.0,1.0,0.0,0.0,0.0,False,True,False,False,False,Java
1210900,121090004,3.0,1.0,41.0,1.0,1.0,2.0,2.0,0.0,9.0,9.0,32.0,1.0,0.0,0.0,0.0,False,True,False,False,False,Java
1210931,121093102,2.0,3.0,47.0,1.0,1.0,61.0,3.0,0.0,,74.0,32.0,1.0,0.0,0.0,0.0,False,False,True,False,False,Java
1210931,121093103,3.0,1.0,17.0,1.0,1.0,74.0,2.0,1.0,9.0,74.0,32.0,1.0,0.0,0.0,0.0,True,True,False,True,False,Java
1210931,121093104,3.0,1.0,16.0,1.0,1.0,74.0,0.0,1.0,9.0,74.0,32.0,1.0,0.0,0.0,0.0,True,True,False,True,False,Java
1211000,121100001,1.0,1.0,71.0,1.0,1.0,2.0,7.0,0.0,,9.0,32.0,1.0,0.0,0.0,0.0,False,True,False,False,False,Java
1211000,121100002,2.0,3.0,69.0,1.0,1.0,2.0,5.0,0.0,,9.0,32.0,1.0,0.0,0.0,0.0,False,False,True,False,False,Java
1211000,121100003,3.0,1.0,43.0,1.0,1.0,5.0,7.0,0.0,,9.0,32.0,1.0,0.0,4000000.0,15.201805169084134,False,True,False,False,False,Java
1211000,121100004,3.0,3.0,41.0,1.0,1.0,6.0,7.0,0.0,,8.0,32.0,2.0,50000.0,4500000.0,15.319588176962746,False,False,True,False,False,Java
1211000,121100008,3.0,3.0,33.0,1.0,1.0,5.0,7.0,0.0,,9.0,32.0,1.0,100000.0,0.0,0.0,False,False,True,False,False,Java
1211000,121100009,3.0,1.0,31.0,1.0,1.0,6.0,7.0,0.0,,9.0,32.0,1.0,0.0,0.0,0.0,False,True,False,False,False,Java
1211000,121100010,3.0,1.0,29.0,1.0,1.0,6.0,7.0,0.0,,9.0,32.0,1.0,250000.0,250000.0,12.429220196836384,False,True,False,False,False,Java
1211031,121103103,3.0,3.0,15.0,1.0,1.0,6.0,0.0,1.0,12.0,9.0,32.0,1.0,0.0,55000.0,10.915106645867503,True,False,True,False,True,Java
1211131,121110001,2.0,1.0,50.0,1.0,1.0,3.0,7.0,0.0,9.0,9.0,32.0,1.0,0.0,0.0,0.0,False,True,False,False,False,Java
1211131,121110002,1.0,3.0,43.0,1.0,1.0,2.0,4.0,0.0,,9.0,32.0,1.0,1500000.0,2000000.0,14.508658238524095,False,False,True,False,False,Java
1211131,121110003,3.0,1.0,23.0,1.0,1.0,6.0,7.0,0.0,,9.0,32.0,1.0,2000000.0,0.0,0.0,False,True,False,False,False,Java
1211131,121110013,3.0,3.0,18.0,1.0,1.0,6.0,2.0,0.0,9.0,9.0,32.0,1.0,20000.0,0.0,0.0,False,False,True,False,False,Java
1211132,121110007,1.0,1.0,39.0,1.0,1.0,2.0,7.0,0.0,,9.0,32.0,1.0,100000.0,150000.0,11.918397239722838,False,True,False,False,False,Java
1211132,121113202,2.0,3.0,40.0,1.0,1.0,2.0,7.0,0.0,,9.0,32.0,1.0,0.0,0.0,0.0,False,False,True,False,False,Java
1211132,121113203,3.0,3.0,15.0,1.0,1.0,74.0,0.0,0.0,9.0,9.0,32.0,1.0,0.0,80000.0,11.289794413577894,False,False,True,False,False,Java
1211133,121110009,1.0,3.0,35.0,1.0,1.0,2.0,7.0,0.0,,9.0,32.0,1.0,1000000.0,2000000.0,14.508658238524095,False,False,True,False,False,Java
1211133,121110005,6.0,3.0,71.0,1.0,1.0,2.0,1.0,0.0,9.0,9.0,32.0,1.0,0.0,0.0,0.0,False,False,True,False,False,Java
1211134,121113401,1.0,1.0,54.0,1.0,1.0,2.0,1.0,0.0,9.0,9.0,32.0,1.0,0.0,0.0,0.0,False,True,False,False,False,Java
1211134,121110011,2.0,3.0,48.0,1.0,1.0,2.0,0.0,0.0,,9.0,32.0,1.0,0.0,0.0,0.0,False,False,True,False,False,Java
1211134,121113404,3.0,1.0,19.0,1.0,1.0,6.0,1.0,0.0,9.0,9.0,32.0,1.0,50000.0,50000.0,10.819798284210286,False,True,False,False,False,Java
1211142,121110010,1.0,1.0,34.0,1.0,1.0,3.0,7.0,0.0,,9.0,32.0,1.0,0.0,0.0,0.0,False,True,False,False,False,Java
1211142,121114202,2.0,3.0,33.0,1.0,1.0,6.0,7.0,0.0,,9.0,32.0,1.0,100000.0,0.0,0.0,False,False,True,False,False,Java
1211200,121120001,1.0,3.0,73.0,1.0,1.0,1.0,96.0,0.0,,9.0,32.0,1.0,0.0,20000.0,9.90353755128617,False,False,True,False,False,Java
1211200,121120002,3.0,3.0,48.0,1.0,1.0,5.0,1.0,0.0,,9.0,32.0,1.0,0.0,0.0,0.0,False,False,True,False,False,Java
1211251,121125102,1.0,1.0,51.0,1.0,1.0,2.0,1.0,1.0,12.0,9.0,32.0,1.0,0.0,0.0,0.0,True,True,False,True,False,Java
1211300,121130001,1.0,1.0,73.0,1.0,1.0,2.0,7.0,0.0,,9.0,32.0,1.0,30000.0,35000.0,10.463131911491969,False,True,False,False,False,Java
1211300,121130002,2.0,3.0,70.0,1.0,1.0,2.0,0.0,0.0,,9.0,32.0,1.0,0.0,0.0,0.0,False,False,True,False,False,Java
1211300,121130004,3.0,1.0,37.0,1.0,1.0,2.0,7.0,0.0,9.0,9.0,32.0,1.0,1000000.0,0.0,0.0,False,True,False,False,False,Java
1211351,121135102,2.0,3.0,37.0,1.0,1.0,5.0,7.0,0.0,9.0,9.0,32.0,1.0,0.0,0.0,0.0,False,False,True,False,False,Java
1211400,121140001,1.0,1.0,62.0,1.0,1.0,2.0,4.0,0.0,,9.0,32.0,1.0,0.0,0.0,0.0,False,True,False,False,False,Java
1211400,121140002,2.0,3.0,56.0,1.0,1.0,2.0,4.0,0.0,,9.0,32.0,1.0,100000.0,200000.0,12.206077645517674,False,False,True,False,False,Java
1211400,121140003,3.0,1.0,38.0,1.0,1.0,3.0,7.0,0.0,,9.0,32.0,1.0,0.0,0.0,0.0,False,True,False,False,False,Java
1211400,121140004,3.0,1.0,35.0,1.0,1.0,3.0,7.0,0.0,,9.0,32.0,1.0,0.0,0.0,0.0,False,True,False,False,False,Java
1211400,121140005,3.0,1.0,27.0,1.0,1.0,61.0,0.0,0.0,,9.0,32.0,1.0,100000.0,0.0,0.0,False,True,False,False,False,Java
1211400,121140007,3.0,3.0,20.0,1.0,1.0,6.0,7.0,0.0,9.0,9.0,32.0,1.0,50000.0,0.0,0.0,False,False,True,False,False,Java
1211400,121140008,3.0,1.0,17.0,1.0,1.0,6.0,2.0,0.0,9.0,9.0,32.0,1.0,0.0,20000.0,9.90353755128617,False,True,False,False,False,Java
1211431,121143102,2.0,3.0,34.0,1.0,1.0,2.0,7.0,0.0,,9.0,32.0,1.0,50000.0,0.0,0.0,False,False,True,False,False,Java
1211441,121144102,2.0,3.0,34.0,1.0,1.0,2.0,7.0,0.0,,9.0,32.0,1.0,0.0,0.0,0.0,False,False,True,False,False,Java
1211500,121150002,1.0,3.0,45.0,1.0,1.0,2.0,7.0,0.0,,9.0,32.0,1.0,0.0,0.0,0.0,False,False,True,False,False,Java
1211500,121150003,3.0,1.0,28.0,1.0,1.0,2.0,7.0,0.0,,74.0,31.0,1.0,0.0,0.0,0.0,False,True,False,False,False,Java
1211500,121150004,3.0,3.0,21.0,1.0,1.0,3.0,7.0,1.0,9.0,74.0,32.0,1.0,2500000.0,50000.0,10.819798284210286,True,False,True,False,True,Java
1211500,121150006,8.0,3.0,42.0,1.0,1.0,2.0,7.0,0.0,,9.0,32.0,1.0,0.0,0.0,0.0,False,False,True,False,False,Java
1211500,121150007,3.0,1.0,18.0,1.0,1.0,4.0,2.0,0.0,9.0,9.0,32.0,1.0,0.0,60000.0,11.002116507732016,False,True,False,False,False,Java
1211500,121150008,3.0,3.0,15.0,1.0,1.0,4.0,0.0,0.0,9.0,9.0,32.0,1.0,0.0,50000.0,10.819798284210286,False,False,True,False,False,Java
1211541,121154101,1.0,1.0,40.0,1.0,1.0,2.0,7.0,0.0,,9.0,32.0,1.0,260000.0,0.0,0.0,False,True,False,False,False,Java
1211552,121155202,1.0,1.0,27.0,1.0,1.0,15.0,7.0,0.0,74.0,74.0,32.0,1.0,0.0,0.0,0.0,False,True,False,False,False,Java
1211600,121160002,7.0,3.0,86.0,1.0,1.0,2.0,2.0,0.0,9.0,9.0,32.0,1.0,0.0,0.0,0.0,False,False,True,False,False,Java
1211600,121160003,2.0,3.0,42.0,1.0,1.0,3.0,7.0,0.0,,9.0,32.0,1.0,0.0,0.0,0.0,False,False,True,False,False,Java
1211600,121160004,1.0,1.0,44.0,1.0,1.0,2.0,7.0,0.0,,9.0,32.0,1.0,0.0,100000.0,11.51293546492023,False,True,False,False,False,Java
1211600,121160005,3.0,1.0,18.0,1.0,1.0,6.0,7.0,0.0,9.0,9.0,32.0,1.0,20000.0,0.0,0.0,False,True,False,False,False,Java
1211600,121160006,3.0,3.0,16.0,1.0,1.0,5.0,1.0,0.0,9.0,9.0,32.0,1.0,0.0,30000.0,10.308985993422082,False,False,True,False,False,Java
1211800,121180002,6.0,3.0,68.0,1.0,1.0,61.0,2.0,0.0,9.0,9.0,32.0,1.0,0.0,0.0,0.0,False,False,True,False,False,Java
1211800,121180005,1.0,1.0,38.0,1.0,1.0,60.0,7.0,0.0,,9.0,32.0,1.0,0.0,5000000.0,15.424948670398354,False,True,False,False,False,Java
1211800,121180007,2.0,3.0,33.0,1.0,1.0,5.0,1.0,0.0,,9.0,32.0,1.0,100000.0,0.0,0.0,False,False,True,False,False,Java
1211800,121180008,3.0,3.0,15.0,1.0,1.0,5.0,0.0,0.0,9.0,9.0,32.0,1.0,0.0,100000.0,11.51293546492023,False,False,True,False,False,Java
1211900,121190001,1.0,1.0,71.0,1.0,1.0,2.0,7.0,0.0,,9.0,32.0,1.0,500000.0,300000.0,12.611541086966117,False,True,False,False,False,Java
1211900,121190002,2.0,3.0,63.0,1.0,1.0,2.0,7.0,0.0,,9.0,32.0,1.0,0.0,0.0,0.0,False,False,True,False,False,Java
1211900,121190003,3.0,1.0,46.0,1.0,1.0,3.0,7.0,0.0,,9.0,32.0,1.0,1500000.0,0.0,0.0,False,True,False,False,False,Java
1211900,121190004,3.0,1.0,44.0,1.0,1.0,3.0,7.0,0.0,,9.0,32.0,1.0,0.0,100000.0,11.51293546492023,False,True,False,False,False,Java
1211900,121190005,3.0,3.0,42.0,1.0,1.0,2.0,7.0,0.0,,9.0,32.0,1.0,0.0,0.0,0.0,False,False,True,False,False,Java
1211900,121190006,3.0,1.0,40.0,1.0,1.0,3.0,7.0,0.0,,9.0,32.0,1.0,0.0,0.0,0.0,False,True,False,False,False,Java
1211900,121190007,3.0,1.0,38.0,1.0,1.0,3.0,7.0,0.0,9.0,9.0,32.0,1.0,0.0,0.0,0.0,False,True,False,False,False,Java
1211900,121190008,3.0,3.0,37.0,1.0,1.0,3.0,7.0,0.0,,9.0,32.0,1.0,300000.0,0.0,0.0,False,False,True,False,False,Java
1211900,121190009,3.0,3.0,34.0,1.0,1.0,3.0,7.0,0.0,,9.0,32.0,1.0,0.0,0.0,0.0,False,False,True,False,False,Java
1211900,121190010,3.0,1.0,32.0,1.0,1.0,5.0,7.0,0.0,,9.0,32.0,1.0,200000.0,0.0,0.0,False,True,False,False,False,Java
1211900,121190011,3.0,3.0,30.0,1.0,1.0,60.0,7.0,0.0,,9.0,32.0,1.0,0.0,200000.0,12.206077645517674,False,False,True,False,False,Java
1211900,121190012,3.0,3.0,29.0,1.0,1.0,5.0,7.0,0.0,,9.0,32.0,1.0,0.0,0.0,0.0,False,False,True,False,False,Java
1211900,121190014,5.0,1.0,46.0,1.0,1.0,3.0,7.0,0.0,,9.0,32.0,1.0,0.0,0.0,0.0,False,True,False,False,False,Java
1211900,121190015,10.0,1.0,21.0,1.0,1.0,5.0,7.0,0.0,9.0,9.0,32.0,1.0,0.0,200000.0,12.206077645517674,False,True,False,False,False,Java
1211900,121190016,10.0,3.0,18.0,1.0,1.0,5.0,7.0,0.0,9.0,9.0,32.0,1.0,150000.0,100000.0,11.51293546492023,False,False,True,False,False,Java
1211931,121193102,2.0,3.0,44.0,1.0,1.0,5.0,98.0,0.0,,9.0,32.0,1.0,1000000.0,500000.0,13.122365377402328,False,False,True,False,False,Java
1211931,121193103,3.0,3.0,15.0,1.0,1.0,3.0,2.0,0.0,9.0,9.0,32.0,1.0,0.0,0.0,0.0,False,False,True,False,False,Java
1211932,121193203,3.0,3.0,16.0,1.0,1.0,6.0,0.0,0.0,9.0,9.0,32.0,1.0,0.0,100000.0,11.51293546492023,False,False,True,False,False,Java
1211932,121193204,3.0,1.0,15.0,1.0,1.0,14.0,2.0,1.0,9.0,8.0,32.0,2.0,0.0,40000.0,10.59665973278358,True,True,False,True,False,Java
1211934,121193402,2.0,3.0,38.0,1.0,1.0,61.0,7.0,0.0,,9.0,32.0,1.0,200000.0,0.0,0.0,False,False,True,False,False,Java
1211935,121193502,2.0,3.0,37.0,1.0,1.0,2.0,7.0,0.0,,9.0,32.0,1.0,0.0,200000.0,12.206077645517674,False,False,True,False,False,Java
1211936,121193601,1.0,1.0,41.0,1.0,1.0,3.0,7.0,0.0,,9.0,32.0,1.0,300000.0,0.0,0.0,False,True,False,False,False,Java
1211937,121193704,1.0,1.0,37.0,1.0,1.0,5.0,7.0,0.0,,9.0,32.0,1.0,0.0,0.0,0.0,False,True,False,False,False,Java
1211951,121195103,2.0,3.0,29.0,1.0,1.0,2.0,7.0,0.0,9.0,9.0,32.0,1.0,0.0,0.0,0.0,False,False,True,False,False,Java
1211952,121195202,1.0,1.0,34.0,1.0,1.0,6.0,7.0,0.0,9.0,9.0,32.0,1.0,0.0,0.0,0.0,False,True,False,False,False,Java
1211953,121195301,1.0,1.0,36.0,1.0,1.0,5.0,7.0,0.0,9.0,9.0,32.0,1.0,40000.0,0.0,0.0,False,True,False,False,False,Java
1212000,121200001,1.0,1.0,60.0,1.0,1.0,2.0,7.0,0.0,,9.0,32.0,1.0,250000.0,0.0,0.0,False,True,False,False,False,Java
1212000,121200002,2.0,3.0,57.0,1.0,1.0,2.0,4.0,0.0,,9.0,32.0,1.0,150000.0,0.0,0.0,False,False,True,False,False,Java
1212000,121200003,3.0,3.0,38.0,1.0,1.0,2.0,7.0,0.0,9.0,9.0,32.0,1.0,0.0,2000000.0,14.508658238524095,False,False,True,False,False,Java
1212000,121200004,3.0,1.0,36.0,1.0,1.0,2.0,7.0,1.0,9.0,76.0,32.0,1.0,100000.0,1600000.0,14.285514812209817,True,True,False,True,False,Java
1212000,121200005,3.0,1.0,34.0,1.0,1.0,2.0,7.0,0.0,,9.0,32.0,1.0,0.0,0.0,0.0,False,True,False,False,False,Java
1212000,121200006,3.0,3.0,32.0,1.0,1.0,61.0,7.0,0.0,,9.0,32.0,1.0,0.0,0.0,0.0,False,False,True,False,False,Java
1212000,121200007,3.0,3.0,29.0,1.0,1.0,61.0,7.0,0.0,,9.0,32.0,1.0,0.0,200000.0,12.206077645517674,False,False,True,False,False,Java
1212000,121200008,5.0,3.0,35.0,1.0,2.0,61.0,4.0,1.0,10.0,9.0,32.0,1.0,0.0,5000000.0,15.424948670398354,True,False,True,False,True,Java
1212031,121203103,3.0,1.0,16.0,1.0,1.0,2.0,7.0,0.0,9.0,9.0,32.0,1.0,0.0,45000.0,10.714439990727769,False,True,False,False,False,Java
1212041,121204102,2.0,3.0,31.0,1.0,1.0,74.0,7.0,0.0,9.0,9.0,32.0,1.0,100000.0,0.0,0.0,False,False,True,False,False,Java
1212042,121204201,1.0,1.0,33.0,1.0,1.0,2.0,7.0,0.0,,9.0,32.0,1.0,20000.0,0.0,0.0,False,True,False,False,False,Java
1212043,121204301,1.0,1.0,31.0,1.0,1.0,2.0,7.0,0.0,9.0,9.0,32.0,1.0,0.0,0.0,0.0,False,True,False,False,False,Java
1212100,121210001,2.0,3.0,49.0,1.0,1.0,61.0,7.0,0.0,,9.0,32.0,1.0,0.0,0.0,0.0,False,False,True,False,False,Java
1212100,121210004,9.0,1.0,46.0,1.0,1.0,5.0,7.0,0.0,,9.0,32.0,1.0,0.0,0.0,0.0,False,True,False,False,False,Java
1212100,121210005,3.0,3.0,23.0,1.0,1.0,60.0,7.0,0.0,,73.0,32.0,1.0,1000000.0,0.0,0.0,False,False,True,False,False,Java
1212100,121210006,1.0,1.0,51.0,1.0,1.0,5.0,7.0,0.0,,9.0,32.0,1.0,0.0,0.0,0.0,False,True,False,False,False,Java
1212131,121213102,2.0,3.0,43.0,1.0,1.0,61.0,7.0,0.0,,9.0,32.0,1.0,0.0,0.0,0.0,False,False,True,False,False,Java
1212131,121213103,3.0,1.0,16.0,1.0,1.0,6.0,0.0,0.0,9.0,9.0,32.0,1.0,0.0,100000.0,11.51293546492023,False,True,False,False,False,Java
1212200,121220002,8.0,1.0,33.0,1.0,1.0,2.0,7.0,0.0,,9.0,32.0,1.0,100000.0,0.0,0.0,False,True,False,False,False,Java
1212200,121220003,1.0,1.0,30.0,1.0,1.0,3.0,7.0,0.0,,9.0,32.0,1.0,1500000.0,2500000.0,14.731801689838347,False,True,False,False,False,Java
1212200,121220004,2.0,3.0,26.0,1.0,1.0,3.0,7.0,0.0,9.0,9.0,32.0,1.0,100000.0,0.0,0.0,False,False,True,False,False,Java
1212241,121224102,2.0,3.0,27.0,1.0,1.0,3.0,7.0,0.0,,9.0,32.0,1.0,0.0,0.0,0.0,False,False,True,False,False,Java
1212300,121230001,1.0,1.0,51.0,1.0,1.0,2.0,5.0,0.0,,9.0,32.0,1.0,0.0,0.0,0.0,False,True,False,False,False,Java
1212300,121230002,2.0,3.0,48.0,1.0,1.0,2.0,3.0,0.0,,9.0,32.0,1.0,100000.0,200000.0,12.206077645517674,False,False,True,False,False,Java
1212300,121230004,3.0,3.0,24.0,1.0,1.0,6.0,7.0,0.0,,9.0,32.0,1.0,200000.0,0.0,0.0,False,False,True,False,False,Java
1212400,121240001,1.0,1.0,52.0,1.0,1.0,61.0,7.0,0.0,,9.0,32.0,1.0,500000.0,0.0,0.0,False,True,False,False,False,Java
1212400,121240002,2.0,3.0,52.0,1.0,1.0,5.0,7.0,0.0,,9.0,32.0,1.0,0.0,0.0,0.0,False,False,True,False,False,Java
1212400,121240003,3.0,3.0,27.0,1.0,1.0,61.0,7.0,0.0,,73.0,32.0,1.0,0.0,500000.0,13.122365377402328,False,False,True,False,False,Java
1212400,121240004,3.0,3.0,24.0,1.0,1.0,61.0,7.0,0.0,,9.0,32.0,1.0,200000.0,300000.0,12.611541086966117,False,False,True,False,False,Java
1212400,121240005,3.0,3.0,23.0,1.0,1.0,61.0,7.0,0.0,,73.0,32.0,1.0,0.0,0.0,0.0,False,False,True,False,False,Java
1212600,121260001,11.0,3.0,77.0,1.0,1.0,1.0,96.0,0.0,9.0,9.0,32.0,1.0,0.0,0.0,0.0,False,False,True,False,False,Java
1212600,121260002,8.0,1.0,34.0,1.0,1.0,6.0,7.0,0.0,,9.0,32.0,1.0,0.0,0.0,0.0,False,True,False,False,False,Java
1212600,121260003,1.0,1.0,38.0,1.0,1.0,2.0,7.0,0.0,,9.0,32.0,1.0,0.0,0.0,0.0,False,True,False,False,False,Java
1212600,121263102,2.0,3.0,34.0,1.0,1.0,3.0,7.0,0.0,,9.0,32.0,1.0,20000.0,0.0,0.0,False,False,True,False,False,Java
1212641,121264102,2.0,3.0,34.0,1.0,1.0,2.0,4.0,0.0,,9.0,32.0,1.0,0.0,100000.0,11.51293546492023,False,False,True,False,False,Java
1212700,121270001,6.0,3.0,74.0,1.0,1.0,1.0,96.0,0.0,,9.0,32.0,1.0,50000.0,150000.0,11.918397239722838,False,False,True,False,False,Java
1212700,121270002,1.0,3.0,48.0,1.0,1.0,2.0,5.0,0.0,,9.0,32.0,1.0,500000.0,8480000.0,15.953221125692608,False,False,True,False,False,Java
1212700,121270003,2.0,1.0,53.0,1.0,1.0,2.0,4.0,0.0,,71.0,31.0,1.0,7200000.0,0.0,0.0,False,True,False,False,False,Java
1212700,121270006,3.0,1.0,23.0,1.0,1.0,6.0,7.0,0.0,,16.0,32.0,1.0,0.0,300000.0,12.611541086966117,False,True,False,False,False,Java
1212800,121280002,6.0,3.0,65.0,1.0,1.0,2.0,2.0,0.0,,9.0,32.0,1.0,0.0,300000.0,12.611541086966117,False,False,True,False,False,Java
1212800,121280003,8.0,1.0,42.0,1.0,1.0,2.0,7.0,0.0,,9.0,32.0,1.0,200000.0,0.0,0.0,False,True,False,False,False,Java
1212800,121280004,1.0,3.0,44.0,1.0,1.0,2.0,2.0,0.0,,9.0,32.0,1.0,0.0,0.0,0.0,False,False,True,False,False,Java
1212800,121280005,8.0,1.0,39.0,1.0,1.0,6.0,7.0,0.0,,9.0,32.0,1.0,200000.0,0.0,0.0,False,True,False,False,False,Java
1212800,121280006,8.0,1.0,36.0,1.0,1.0,2.0,7.0,0.0,,9.0,32.0,1.0,0.0,0.0,0.0,False,True,False,False,False,Java
1212800,121284205,9.0,3.0,31.0,1.0,1.0,2.0,5.0,0.0,,9.0,32.0,1.0,0.0,350000.0,12.765691290604371,False,False,True,False,False,Java
1212831,121283102,2.0,3.0,39.0,1.0,1.0,2.0,7.0,0.0,,9.0,32.0,1.0,0.0,0.0,0.0,False,False,True,False,False,Java
1212831,121283103,3.0,1.0,15.0,1.0,1.0,6.0,0.0,0.0,9.0,9.0,32.0,1.0,0.0,0.0,0.0,False,True,False,False,False,Java
1212841,121284106,3.0,3.0,38.0,1.0,1.0,6.0,7.0,0.0,,9.0,32.0,1.0,0.0,0.0,0.0,False,False,True,False,False,Java
1212900,121290002,6.0,3.0,59.0,1.0,1.0,2.0,5.0,0.0,,9.0,32.0,1.0,0.0,7000.0,8.853808274977197,False,False,True,False,False,Java
1212900,121290003,8.0,1.0,35.0,1.0,1.0,2.0,2.0,0.0,,9.0,32.0,1.0,0.0,0.0,0.0,False,True,False,False,False,Java
1212900,121290004,1.0,1.0,32.0,1.0,1.0,2.0,4.0,0.0,,9.0,32.0,1.0,0.0,0.0,0.0,False,True,False,False,False,Java
1212900,121290005,8.0,1.0,30.0,1.0,1.0,2.0,2.0,0.0,,9.0,32.0,1.0,0.0,0.0,0.0,False,True,False,False,False,Java
1212900,121290006,8.0,3.0,20.0,1.0,1.0,5.0,1.0,0.0,9.0,9.0,32.0,1.0,0.0,0.0,0.0,False,False,True,False,False,Java
1212941,121294102,2.0,3.0,29.0,1.0,1.0,2.0,7.0,0.0,,9.0,32.0,1.0,0.0,0.0,0.0,False,False,True,False,False,Java
1220251,122025102,2.0,3.0,25.0,1.0,1.0,1.0,96.0,0.0,9.0,9.0,32.0,1.0,0.0,0.0,0.0,False,False,True,False,False,Java
1220300,122030001,1.0,1.0,61.0,1.0,2.0,2.0,4.0,0.0,,9.0,32.0,1.0,0.0,0.0,0.0,False,True,False,False,False,Java
1220300,122030002,2.0,3.0,62.0,1.0,1.0,2.0,5.0,0.0,,9.0,32.0,1.0,0.0,0.0,0.0,False,False,True,False,False,Java
1220300,122030003,3.0,3.0,39.0,1.0,1.0,74.0,7.0,0.0,,9.0,32.0,1.0,100000.0,100000.0,11.51293546492023,False,False,True,False,False,Java
1220300,122030005,3.0,1.0,33.0,1.0,1.0,6.0,7.0,0.0,,9.0,32.0,1.0,200000.0,0.0,0.0,False,True,False,False,False,Java
1220331,122033101,1.0,1.0,46.0,1.0,1.0,5.0,7.0,0.0,,9.0,32.0,1.0,0.0,0.0,0.0,False,True,False,False,False,Java
1220500,122050003,2.0,3.0,45.0,1.0,1.0,2.0,3.0,0.0,,9.0,32.0,1.0,0.0,0.0,0.0,False,False,True,False,False,Java
1220500,122050005,9.0,3.0,38.0,1.0,1.0,3.0,1.0,0.0,,9.0,32.0,1.0,0.0,0.0,0.0,False,False,True,False,False,Java
1220500,122050006,1.0,1.0,48.0,1.0,1.0,2.0,4.0,0.0,,9.0,32.0,1.0,0.0,0.0,0.0,False,True,False,False,False,Java
1220500,122050007,3.0,3.0,25.0,1.0,1.0,2.0,4.0,0.0,,9.0,32.0,1.0,200000.0,0.0,0.0,False,False,True,False,False,Java
1220500,122050008,3.0,1.0,24.0,1.0,1.0,2.0,7.0,0.0,,9.0,32.0,1.0,300000.0,0.0,0.0,False,True,False,False,False,Java
1220500,122050009,3.0,1.0,18.0,1.0,1.0,3.0,0.0,0.0,9.0,9.0,32.0,1.0,50000.0,50000.0,10.819798284210286,False,True,False,False,False,Java
1220500,122050010,3.0,3.0,15.0,1.0,1.0,2.0,3.0,0.0,9.0,9.0,32.0,1.0,0.0,30000.0,10.308985993422082,False,False,True,False,False,Java
1220531,122053102,1.0,3.0,39.0,1.0,1.0,3.0,7.0,0.0,,9.0,32.0,1.0,0.0,0.0,0.0,False,False,True,False,False,Java
1220531,122053103,3.0,3.0,15.0,1.0,1.0,73.0,2.0,0.0,9.0,9.0,32.0,1.0,0.0,0.0,0.0,False,False,True,False,False,Java
1220541,122051105,1.0,1.0,39.0,1.0,1.0,2.0,5.0,0.0,,9.0,32.0,1.0,0.0,0.0,0.0,False,True,False,False,False,Java
1220541,122051106,3.0,3.0,17.0,1.0,1.0,3.0,7.0,0.0,9.0,9.0,32.0,1.0,10000.0,0.0,0.0,False,False,True,False,False,Java
1220600,122060001,1.0,1.0,55.0,1.0,2.0,2.0,7.0,0.0,,72.0,31.0,1.0,0.0,0.0,0.0,False,True,False,False,False,Java
1220600,122060002,2.0,3.0,49.0,1.0,1.0,2.0,2.0,0.0,,72.0,31.0,1.0,0.0,150000.0,11.918397239722838,False,False,True,False,False,Java
1220600,122060003,3.0,1.0,29.0,1.0,1.0,2.0,5.0,0.0,,72.0,31.0,1.0,100000.0,0.0,0.0,False,True,False,False,False,Java
1220600,122060004,3.0,1.0,26.0,1.0,1.0,6.0,7.0,0.0,,72.0,31.0,1.0,400000.0,200000.0,12.206077645517674,False,True,False,False,False,Java
1220600,122060005,3.0,3.0,23.0,1.0,1.0,3.0,7.0,0.0,,72.0,31.0,1.0,0.0,0.0,0.0,False,False,True,False,False,Java
1220600,122060007,9.0,3.0,42.0,1.0,1.0,2.0,3.0,0.0,,9.0,32.0,1.0,0.0,2000000.0,14.508658238524095,False,False,True,False,False,Java
1220600,122060009,13.0,3.0,22.0,1.0,1.0,3.0,0.0,0.0,,16.0,32.0,1.0,0.0,0.0,0.0,False,False,True,False,False,Java
1220600,122060010,3.0,1.0,20.0,1.0,1.0,6.0,7.0,1.0,9.0,72.0,31.0,1.0,0.0,0.0,0.0,True,True,False,True,False,Java
1220600,122060011,13.0,3.0,18.0,1.0,1.0,3.0,1.0,0.0,9.0,9.0,32.0,1.0,100000.0,10000.0,9.210440366976515,False,False,True,False,False,Java
1220600,122060012,3.0,3.0,16.0,1.0,1.0,3.0,2.0,0.0,9.0,9.0,32.0,1.0,100000.0,50000.0,10.819798284210286,False,False,True,False,False,Java
1220631,122063103,2.0,3.0,24.0,1.0,1.0,74.0,7.0,1.0,9.0,72.0,31.0,1.0,100000.0,50000.0,10.819798284210286,True,False,True,False,True,Java
1220632,122063205,3.0,1.0,16.0,1.0,1.0,73.0,1.0,0.0,9.0,9.0,32.0,1.0,0.0,0.0,0.0,False,True,False,False,False,Java
1220651,122065102,1.0,1.0,29.0,1.0,1.0,6.0,7.0,1.0,9.0,16.0,32.0,1.0,0.0,0.0,0.0,True,True,False,True,False,Java
1220700,122070001,1.0,1.0,54.0,1.0,1.0,2.0,4.0,0.0,,9.0,32.0,1.0,200000.0,0.0,0.0,False,True,False,False,False,Java
1220700,122070002,2.0,3.0,51.0,1.0,1.0,2.0,2.0,0.0,,9.0,32.0,1.0,0.0,0.0,0.0,False,False,True,False,False,Java
1220700,122070003,3.0,1.0,33.0,1.0,1.0,6.0,7.0,0.0,,9.0,32.0,1.0,50000.0,0.0,0.0,False,True,False,False,False,Java
1220700,122070004,3.0,1.0,28.0,1.0,1.0,6.0,7.0,0.0,,9.0,32.0,1.0,500000.0,0.0,0.0,False,True,False,False,False,Java
1220700,122070005,3.0,3.0,19.0,1.0,1.0,5.0,7.0,0.0,9.0,9.0,32.0,1.0,0.0,0.0,0.0,False,False,True,False,False,Java
1220742,122074202,2.0,3.0,26.0,1.0,1.0,3.0,7.0,0.0,9.0,9.0,32.0,1.0,0.0,0.0,0.0,False,False,True,False,False,Java
1220800,122080001,1.0,1.0,56.0,1.0,1.0,2.0,4.0,0.0,,9.0,32.0,1.0,0.0,0.0,0.0,False,True,False,False,False,Java
1220800,122080002,2.0,3.0,52.0,1.0,1.0,2.0,0.0,0.0,,9.0,32.0,1.0,0.0,0.0,0.0,False,False,True,False,False,Java
1220800,122080003,3.0,3.0,34.0,1.0,1.0,6.0,7.0,0.0,,9.0,32.0,1.0,500000.0,0.0,0.0,False,False,True,False,False,Java
1220800,122080004,3.0,1.0,31.0,1.0,1.0,3.0,7.0,0.0,,9.0,32.0,1.0,300000.0,0.0,0.0,False,True,False,False,False,Java
1220800,122080005,3.0,3.0,25.0,1.0,1.0,6.0,7.0,0.0,,9.0,32.0,1.0,0.0,0.0,0.0,False,False,True,False,False,Java
1220841,122084104,2.0,3.0,28.0,1.0,1.0,6.0,7.0,0.0,,9.0,32.0,1.0,200000.0,0.0,0.0,False,False,True,False,False,Java
1220900,122090001,1.0,1.0,50.0,1.0,1.0,2.0,7.0,0.0,,9.0,32.0,1.0,0.0,0.0,0.0,False,True,False,False,False,Java
1220900,122090002,2.0,3.0,45.0,1.0,1.0,2.0,98.0,0.0,,9.0,32.0,1.0,100000.0,0.0,0.0,False,False,True,False,False,Java
1220900,122090003,3.0,1.0,29.0,1.0,1.0,60.0,3.0,0.0,,9.0,32.0,1.0,0.0,0.0,0.0,False,True,False,False,False,Java
1220900,122090004,3.0,3.0,24.0,1.0,1.0,6.0,7.0,0.0,,9.0,32.0,1.0,200000.0,0.0,0.0,False,False,True,False,False,Java
1220900,122090005,3.0,1.0,20.0,1.0,1.0,61.0,2.0,0.0,9.0,9.0,32.0,1.0,100000.0,0.0,0.0,False,True,False,False,False,Java
1221000,122100001,1.0,1.0,61.0,1.0,1.0,2.0,3.0,0.0,,9.0,32.0,1.0,0.0,0.0,0.0,False,True,False,False,False,Java
1221000,122100002,2.0,3.0,54.0,1.0,1.0,2.0,0.0,0.0,,9.0,32.0,1.0,0.0,0.0,0.0,False,False,True,False,False,Java
1221000,122100003,3.0,3.0,37.0,1.0,1.0,2.0,7.0,0.0,,9.0,32.0,1.0,150000.0,0.0,0.0,False,False,True,False,False,Java
1221000,122100004,3.0,1.0,36.0,1.0,1.0,5.0,0.0,0.0,,9.0,32.0,1.0,0.0,0.0,0.0,False,True,False,False,False,Java
1221000,122100005,3.0,3.0,33.0,1.0,1.0,3.0,7.0,0.0,,9.0,32.0,1.0,0.0,0.0,0.0,False,False,True,False,False,Java
1221000,122100006,3.0,3.0,31.0,1.0,1.0,3.0,7.0,0.0,,9.0,32.0,1.0,0.0,0.0,0.0,False,False,True,False,False,Java
1221000,122100007,3.0,1.0,23.0,1.0,1.0,6.0,7.0,0.0,,9.0,32.0,1.0,0.0,0.0,0.0,False,True,False,False,False,Java
1221041,122104101,1.0,1.0,43.0,1.0,1.0,2.0,7.0,0.0,,9.0,32.0,1.0,50000.0,0.0,0.0,False,True,False,False,False,Java
1221042,122104202,2.0,3.0,28.0,1.0,1.0,5.0,1.0,0.0,,9.0,32.0,1.0,100000.0,0.0,0.0,False,False,True,False,False,Java
1221043,122104301,1.0,1.0,38.0,1.0,1.0,2.0,2.0,0.0,,9.0,32.0,1.0,25000.0,0.0,0.0,False,True,False,False,False,Java
1221051,122105101,1.0,1.0,32.0,1.0,1.0,72.0,7.0,0.0,9.0,9.0,32.0,1.0,100000.0,0.0,0.0,False,True,False,False,False,Java
1221100,122110003,1.0,3.0,50.0,1.0,1.0,5.0,7.0,0.0,9.0,9.0,32.0,1.0,0.0,0.0,0.0,False,False,True,False,False,Java
1221100,122110004,13.0,1.0,30.0,1.0,1.0,6.0,7.0,0.0,,9.0,32.0,1.0,100000.0,200000.0,12.206077645517674,False,True,False,False,False,Java
1221300,122130002,7.0,3.0,69.0,1.0,1.0,2.0,7.0,0.0,,9.0,32.0,1.0,0.0,0.0,0.0,False,False,True,False,False,Java
1221300,122130003,9.0,3.0,44.0,1.0,1.0,2.0,7.0,0.0,,9.0,32.0,1.0,0.0,0.0,0.0,False,False,True,False,False,Java
1221300,122130004,2.0,3.0,40.0,1.0,1.0,5.0,7.0,0.0,,9.0,32.0,1.0,0.0,0.0,0.0,False,False,True,False,False,Java
1221300,122130005,1.0,1.0,38.0,1.0,1.0,5.0,7.0,0.0,,9.0,32.0,1.0,0.0,0.0,0.0,False,True,False,False,False,Java
1221311,122131101,1.0,1.0,47.0,1.0,2.0,3.0,7.0,0.0,,9.0,32.0,1.0,0.0,0.0,0.0,False,True,False,False,False,Java
1221311,122131103,3.0,3.0,20.0,1.0,1.0,5.0,7.0,0.0,9.0,9.0,32.0,1.0,0.0,700000.0,13.45883704259595,False,False,True,False,False,Java
1221500,122150001,1.0,1.0,56.0,1.0,1.0,2.0,5.0,0.0,,9.0,32.0,1.0,0.0,0.0,0.0,False,True,False,False,False,Java
1221500,122150002,2.0,3.0,53.0,1.0,1.0,2.0,1.0,0.0,,9.0,32.0,1.0,0.0,0.0,0.0,False,False,True,False,False,Java
1221500,122150003,3.0,3.0,35.0,1.0,1.0,6.0,7.0,0.0,,9.0,32.0,1.0,200000.0,0.0,0.0,False,False,True,False,False,Java
1221500,122150004,3.0,3.0,33.0,1.0,1.0,3.0,7.0,0.0,,9.0,32.0,1.0,0.0,6000000.0,15.607270193858982,False,False,True,False,False,Java
1221600,122160002,1.0,3.0,61.0,1.0,1.0,1.0,96.0,0.0,,9.0,32.0,1.0,0.0,0.0,0.0,False,False,True,False,False,Java
1221700,122170001,1.0,1.0,55.0,1.0,1.0,2.0,7.0,0.0,,9.0,32.0,1.0,0.0,0.0,0.0,False,True,False,False,False,Java
1221700,122170002,2.0,3.0,52.0,1.0,2.0,5.0,7.0,0.0,,9.0,32.0,1.0,0.0,0.0,0.0,False,False,True,False,False,Java
1221700,122170003,3.0,3.0,33.0,1.0,2.0,60.0,7.0,0.0,,9.0,32.0,1.0,200000.0,3000000.0,14.914123179965662,False,False,True,False,False,Java
1221700,122170004,3.0,1.0,29.0,1.0,2.0,6.0,7.0,0.0,,9.0,32.0,1.0,0.0,500000.0,13.122365377402328,False,True,False,False,False,Java
1221700,122170005,3.0,1.0,25.0,1.0,1.0,5.0,7.0,0.0,,9.0,32.0,1.0,1000000.0,0.0,0.0,False,True,False,False,False,Java
1221700,122170006,3.0,3.0,17.0,1.0,2.0,60.0,1.0,0.0,9.0,9.0,32.0,1.0,0.0,0.0,0.0,False,False,True,False,False,Java
1221800,122180002,7.0,3.0,62.0,1.0,1.0,1.0,96.0,0.0,,9.0,32.0,1.0,30000.0,75000.0,11.225256725762891,False,False,True,False,False,Java
1221800,122180003,9.0,3.0,42.0,1.0,1.0,2.0,7.0,0.0,,9.0,32.0,1.0,0.0,0.0,0.0,False,False,True,False,False,Java
1221800,122180004,9.0,3.0,40.0,1.0,1.0,6.0,7.0,0.0,,9.0,32.0,1.0,0.0,1500000.0,14.220976332738882,False,False,True,False,False,Java
1221800,122180006,9.0,1.0,34.0,1.0,1.0,6.0,7.0,0.0,,71.0,32.0,1.0,0.0,0.0,0.0,False,True,False,False,False,Java
1221800,122180007,9.0,1.0,32.0,1.0,1.0,6.0,7.0,0.0,,9.0,32.0,1.0,0.0,0.0,0.0,False,True,False,False,False,Java
1221800,122180008,9.0,3.0,30.0,1.0,1.0,3.0,2.0,0.0,,9.0,32.0,1.0,0.0,0.0,0.0,False,False,True,False,False,Java
1221800,122180009,2.0,3.0,28.0,1.0,1.0,2.0,7.0,0.0,,9.0,32.0,1.0,0.0,0.0,0.0,False,False,True,False,False,Java
1221800,122180011,16.0,1.0,48.0,1.0,1.0,98.0,98.0,0.0,9.0,9.0,32.0,1.0,0.0,0.0,0.0,False,True,False,False,False,Java
1221800,122180013,16.0,1.0,43.0,1.0,1.0,98.0,98.0,0.0,,9.0,32.0,1.0,0.0,0.0,0.0,False,True,False,False,False,Java
1221800,122180015,13.0,1.0,19.0,1.0,1.0,60.0,7.0,0.0,9.0,9.0,32.0,1.0,100000.0,0.0,0.0,False,True,False,False,False,Java
1221800,122184301,1.0,1.0,34.0,1.0,1.0,3.0,7.0,0.0,,9.0,32.0,1.0,0.0,0.0,0.0,False,True,False,False,False,Java
1221832,122183205,2.0,3.0,27.0,1.0,1.0,61.0,7.0,1.0,74.0,71.0,32.0,1.0,0.0,0.0,0.0,True,False,True,False,True,Java
1221841,122184102,2.0,3.0,30.0,1.0,1.0,3.0,7.0,0.0,,9.0,32.0,1.0,0.0,0.0,0.0,False,False,True,False,False,Java
1221842,122184201,1.0,1.0,37.0,1.0,1.0,2.0,7.0,0.0,,9.0,32.0,1.0,0.0,0.0,0.0,False,True,False,False,False,Java
1221900,122190001,6.0,3.0,61.0,1.0,1.0,2.0,4.0,0.0,,9.0,32.0,1.0,0.0,800000.0,13.592368256649284,False,False,True,False,False,Java
1221900,122190002,8.0,1.0,42.0,1.0,1.0,3.0,98.0,0.0,,9.0,32.0,1.0,0.0,0.0,0.0,False,True,False,False,False,Java
1221900,122190003,8.0,3.0,40.0,1.0,1.0,3.0,0.0,0.0,,9.0,32.0,1.0,0.0,0.0,0.0,False,False,True,False,False,Java
1221900,122190004,8.0,3.0,38.0,1.0,1.0,2.0,3.0,0.0,,9.0,32.0,1.0,0.0,0.0,0.0,False,False,True,False,False,Java
1221900,122190005,8.0,3.0,38.0,1.0,1.0,2.0,3.0,0.0,,9.0,32.0,1.0,0.0,50000.0,10.819798284210286,False,False,True,False,False,Java
1221900,122190007,1.0,3.0,32.0,1.0,1.0,2.0,2.0,0.0,,9.0,32.0,1.0,0.0,150000.0,11.918397239722838,False,False,True,False,False,Java
1221900,122190008,8.0,1.0,28.0,1.0,1.0,2.0,4.0,0.0,,9.0,32.0,1.0,0.0,300000.0,12.611541086966117,False,True,False,False,False,Java
1221900,122190009,9.0,1.0,46.0,1.0,1.0,2.0,98.0,0.0,,9.0,32.0,1.0,100000.0,0.0,0.0,False,True,False,False,False,Java
1221900,122190010,13.0,3.0,22.0,1.0,1.0,3.0,2.0,0.0,,9.0,32.0,1.0,100000.0,50000.0,10.819798284210286,False,False,True,False,False,Java
1221932,122193204,3.0,1.0,16.0,1.0,1.0,3.0,2.0,0.0,9.0,9.0,32.0,1.0,30000.0,0.0,0.0,False,True,False,False,False,Java
1221933,122193301,1.0,1.0,41.0,1.0,1.0,2.0,7.0,0.0,9.0,9.0,32.0,1.0,500000.0,300000.0,12.611541086966117,False,True,False,False,False,Java
1221933,122193304,3.0,3.0,15.0,1.0,1.0,2.0,7.0,0.0,9.0,9.0,32.0,1.0,0.0,0.0,0.0,False,False,True,False,False,Java
1221934,122193402,3.0,3.0,16.0,1.0,1.0,3.0,2.0,0.0,9.0,9.0,32.0,1.0,0.0,10000.0,9.210440366976515,False,False,True,False,False,Java
1221934,122193403,1.0,1.0,46.0,1.0,1.0,2.0,7.0,0.0,,9.0,32.0,1.0,300000.0,200000.0,12.206077645517674,False,True,False,False,False,Java
1221951,122195102,2.0,3.0,20.0,1.0,1.0,2.0,4.0,1.0,74.0,9.0,32.0,1.0,0.0,0.0,0.0,True,False,True,False,True,Java
1222000,122200001,1.0,1.0,49.0,1.0,1.0,3.0,98.0,0.0,,9.0,32.0,1.0,200000.0,0.0,0.0,False,True,False,False,False,Java
1222000,122200002,2.0,3.0,46.0,1.0,1.0,2.0,7.0,0.0,,9.0,32.0,1.0,0.0,0.0,0.0,False,False,True,False,False,Java
1222000,122200004,3.0,3.0,24.0,1.0,2.0,3.0,7.0,0.0,,9.0,32.0,1.0,0.0,0.0,0.0,False,False,True,False,False,Java
1222000,122200005,3.0,1.0,16.0,1.0,1.0,6.0,0.0,0.0,9.0,9.0,32.0,1.0,0.0,0.0,0.0,False,True,False,False,False,Java
1222000,122200006,5.0,1.0,30.0,1.0,1.0,5.0,1.0,0.0,,9.0,32.0,1.0,0.0,150000.0,11.918397239722838,False,True,False,False,False,Java
1230100,123010001,21.0,1.0,58.0,1.0,1.0,2.0,5.0,0.0,,9.0,32.0,1.0,200000.0,600000.0,13.304686600863562,False,True,False,False,False,Java
1230100,123010002,1.0,3.0,53.0,1.0,1.0,3.0,0.0,0.0,,9.0,32.0,1.0,0.0,0.0,0.0,False,False,True,False,False,Java
1230100,123010003,3.0,1.0,31.0,1.0,1.0,2.0,7.0,1.0,9.0,8.0,32.0,1.0,0.0,2000000.0,14.508658238524095,True,True,False,True,False,Java
1230100,123010004,3.0,1.0,31.0,1.0,1.0,15.0,7.0,0.0,,75.0,31.0,1.0,0.0,0.0,0.0,False,True,False,False,False,Java
1230100,123010005,3.0,1.0,23.0,1.0,1.0,6.0,7.0,0.0,,9.0,32.0,1.0,100000.0,1000000.0,13.815511557963774,False,True,False,False,False,Java
1230100,123010006,6.0,3.0,71.0,1.0,1.0,1.0,96.0,0.0,,9.0,32.0,1.0,0.0,0.0,0.0,False,False,True,False,False,Java
1230100,123010008,8.0,3.0,42.0,1.0,1.0,2.0,7.0,0.0,9.0,9.0,32.0,1.0,0.0,500000.0,13.122365377402328,False,False,True,False,False,Java
1230100,123010012,13.0,1.0,20.0,1.0,1.0,3.0,7.0,0.0,9.0,9.0,32.0,1.0,1000000.0,0.0,0.0,False,True,False,False,False,Java
1230131,123013102,2.0,3.0,46.0,1.0,1.0,2.0,1.0,0.0,,9.0,32.0,1.0,0.0,0.0,0.0,False,False,True,False,False,Java
1230132,123013204,13.0,3.0,16.0,1.0,1.0,3.0,1.0,0.0,9.0,9.0,32.0,1.0,0.0,30000.0,10.308985993422082,False,False,True,False,False,Java
1230153,123015302,2.0,3.0,20.0,1.0,1.0,3.0,7.0,0.0,9.0,9.0,32.0,1.0,0.0,100000.0,11.51293546492023,False,False,True,False,False,Java
1230200,123020002,7.0,3.0,62.0,1.0,1.0,1.0,96.0,0.0,9.0,9.0,32.0,1.0,0.0,0.0,0.0,False,False,True,False,False,Java
1230200,123020003,9.0,3.0,45.0,1.0,1.0,2.0,7.0,0.0,9.0,9.0,32.0,1.0,1000000.0,0.0,0.0,False,False,True,False,False,Java
1230200,123020005,9.0,3.0,39.0,1.0,1.0,2.0,7.0,0.0,9.0,9.0,32.0,1.0,0.0,0.0,0.0,False,False,True,False,False,Java
1230200,123020007,9.0,1.0,34.0,1.0,1.0,2.0,7.0,0.0,,9.0,32.0,1.0,0.0,0.0,0.0,False,True,False,False,False,Java
1230200,123020008,9.0,3.0,32.0,1.0,1.0,3.0,7.0,0.0,,9.0,32.0,1.0,200000.0,1700000.0,14.346139397261563,False,False,True,False,False,Java
1230200,123020009,9.0,3.0,30.0,1.0,1.0,2.0,7.0,0.0,,9.0,32.0,1.0,200000.0,0.0,0.0,False,False,True,False,False,Java
1230200,123020010,9.0,3.0,25.0,1.0,1.0,2.0,7.0,0.0,,9.0,32.0,1.0,0.0,1000000.0,13.815511557963774,False,False,True,False,False,Java
1230200,123020011,2.0,3.0,22.0,1.0,1.0,2.0,7.0,0.0,,9.0,32.0,1.0,0.0,0.0,0.0,False,False,True,False,False,Java
1230200,123020012,9.0,1.0,47.0,1.0,2.0,98.0,98.0,0.0,,9.0,32.0,1.0,0.0,0.0,0.0,False,True,False,False,False,Java
1230200,123020013,13.0,1.0,22.0,1.0,1.0,3.0,7.0,0.0,,9.0,32.0,1.0,100000.0,300000.0,12.611541086966117,False,True,False,False,False,Java
1230200,123020014,9.0,1.0,41.0,1.0,1.0,98.0,98.0,0.0,9.0,9.0,32.0,1.0,0.0,0.0,0.0,False,True,False,False,False,Java
1230200,123020015,13.0,3.0,18.0,1.0,1.0,5.0,2.0,0.0,9.0,9.0,32.0,1.0,0.0,0.0,0.0,False,False,True,False,False,Java
1230200,123020017,1.0,1.0,24.0,1.0,1.0,5.0,7.0,0.0,9.0,9.0,32.0,1.0,20000.0,0.0,0.0,False,True,False,False,False,Java
1230211,123021104,3.0,3.0,20.0,1.0,1.0,2.0,7.0,0.0,9.0,9.0,32.0,1.0,0.0,0.0,0.0,False,False,True,False,False,Java
1230211,123021105,3.0,1.0,19.0,1.0,1.0,2.0,7.0,1.0,7.0,9.0,32.0,1.0,100000.0,50000.0,10.819798284210286,True,True,False,True,False,Java
1230211,123021106,5.0,3.0,22.0,1.0,1.0,98.0,98.0,1.0,74.0,9.0,32.0,1.0,0.0,0.0,0.0,True,False,True,False,True,Java
1230251,123025102,2.0,3.0,28.0,1.0,1.0,6.0,7.0,0.0,9.0,9.0,32.0,1.0,0.0,0.0,0.0,False,False,True,False,False,Java
1230300,123030001,1.0,1.0,52.0,1.0,1.0,2.0,2.0,0.0,,9.0,32.0,1.0,0.0,0.0,0.0,False,True,False,False,False,Java
1230300,123030002,2.0,3.0,49.0,1.0,2.0,2.0,7.0,0.0,,9.0,32.0,1.0,0.0,0.0,0.0,False,False,True,False,False,Java
1230300,123030003,3.0,1.0,31.0,1.0,1.0,60.0,7.0,0.0,,9.0,32.0,1.0,200000.0,0.0,0.0,False,True,False,False,False,Java
1230300,123030004,3.0,1.0,30.0,1.0,1.0,3.0,7.0,0.0,,74.0,32.0,1.0,0.0,0.0,0.0,False,True,False,False,False,Java
1230300,123030005,3.0,1.0,23.0,1.0,1.0,6.0,7.0,0.0,,9.0,32.0,1.0,0.0,0.0,0.0,False,True,False,False,False,Java
1230300,123030006,3.0,1.0,19.0,1.0,1.0,6.0,7.0,1.0,9.0,16.0,32.0,1.0,500000.0,0.0,0.0,True,True,False,True,False,Java
1230342,123034202,2.0,3.0,28.0,1.0,1.0,5.0,7.0,0.0,,74.0,32.0,1.0,100000.0,100000.0,11.51293546492023,False,False,True,False,False,Java
1230351,123035102,2.0,3.0,24.0,1.0,1.0,2.0,7.0,0.0,9.0,9.0,32.0,1.0,0.0,0.0,0.0,False,False,True,False,False,Java
1230400,123040001,1.0,1.0,60.0,1.0,1.0,2.0,3.0,0.0,,9.0,32.0,1.0,0.0,0.0,0.0,False,True,False,False,False,Java
1230400,123040002,2.0,3.0,57.0,1.0,1.0,1.0,96.0,0.0,,9.0,32.0,1.0,0.0,0.0,0.0,False,False,True,False,False,Java
1230400,123040003,3.0,1.0,34.0,1.0,1.0,2.0,3.0,0.0,9.0,9.0,32.0,2.0,100000.0,100000.0,11.51293546492023,False,True,False,False,False,Java
1230400,123040004,3.0,3.0,32.0,1.0,1.0,5.0,7.0,0.0,9.0,9.0,32.0,1.0,0.0,2000000.0,14.508658238524095,False,False,True,False,False,Java
1230451,123045102,2.0,3.0,31.0,1.0,1.0,2.0,7.0,0.0,9.0,9.0,32.0,2.0,0.0,0.0,0.0,False,False,True,False,False,Java
1230500,123050001,1.0,1.0,59.0,1.0,1.0,2.0,98.0,0.0,,9.0,32.0,1.0,0.0,0.0,0.0,False,True,False,False,False,Java
1230500,123050002,2.0,3.0,54.0,1.0,1.0,2.0,98.0,0.0,,9.0,32.0,1.0,200000.0,0.0,0.0,False,False,True,False,False,Java
1230500,123050004,3.0,3.0,36.0,1.0,1.0,2.0,7.0,0.0,,9.0,32.0,1.0,0.0,0.0,0.0,False,False,True,False,False,Java
1230500,123050006,3.0,1.0,30.0,1.0,1.0,2.0,7.0,0.0,,9.0,32.0,1.0,0.0,0.0,0.0,False,True,False,False,False,Java
1230500,123050007,3.0,1.0,25.0,1.0,1.0,2.0,7.0,0.0,,9.0,32.0,1.0,50000.0,0.0,0.0,False,True,False,False,False,Java
1230500,123050009,3.0,3.0,19.0,1.0,1.0,6.0,2.0,0.0,9.0,9.0,32.0,1.0,500000.0,0.0,0.0,False,False,True,False,False,Java
1230500,123050010,5.0,1.0,43.0,1.0,1.0,3.0,0.0,0.0,,9.0,32.0,1.0,0.0,0.0,0.0,False,True,False,False,False,Java
1230500,123050011,10.0,3.0,17.0,1.0,1.0,3.0,2.0,0.0,9.0,9.0,32.0,1.0,0.0,500000.0,13.122365377402328,False,False,True,False,False,Java
1230600,123060001,1.0,1.0,50.0,1.0,1.0,3.0,0.0,0.0,,9.0,32.0,1.0,0.0,100000.0,11.51293546492023,False,True,False,False,False,Java
1230600,123060003,3.0,1.0,28.0,1.0,1.0,5.0,2.0,0.0,,9.0,32.0,1.0,0.0,0.0,0.0,False,True,False,False,False,Java
1230600,123060005,3.0,1.0,22.0,1.0,1.0,60.0,0.0,0.0,,9.0,32.0,1.0,1000000.0,100000.0,11.51293546492023,False,True,False,False,False,Java
1230600,123060007,3.0,1.0,18.0,1.0,1.0,6.0,2.0,0.0,9.0,9.0,32.0,1.0,0.0,100000.0,11.51293546492023,False,True,False,False,False,Java
1230600,123060008,3.0,1.0,15.0,1.0,1.0,3.0,1.0,0.0,9.0,9.0,32.0,1.0,0.0,50000.0,10.819798284210286,False,True,False,False,False,Java
1230651,123065102,2.0,3.0,31.0,1.0,1.0,3.0,7.0,0.0,9.0,9.0,32.0,1.0,300000.0,100000.0,11.51293546492023,False,False,True,False,False,Java
1230700,123070001,1.0,1.0,57.0,1.0,1.0,2.0,2.0,0.0,,9.0,32.0,1.0,0.0,20000.0,9.90353755128617,False,True,False,False,False,Java
1230700,123070002,2.0,3.0,47.0,1.0,1.0,2.0,5.0,0.0,9.0,9.0,32.0,1.0,0.0,0.0,0.0,False,False,True,False,False,Java
1230700,123070006,3.0,3.0,23.0,1.0,1.0,6.0,7.0,0.0,,9.0,32.0,1.0,200000.0,200000.0,12.206077645517674,False,False,True,False,False,Java
1230831,123083103,3.0,3.0,17.0,1.0,1.0,3.0,1.0,0.0,9.0,9.0,32.0,1.0,0.0,25000.0,10.12667110305036,False,False,True,False,False,Java
1230831,123083104,3.0,1.0,15.0,1.0,1.0,2.0,7.0,0.0,9.0,9.0,32.0,1.0,0.0,50000.0,10.819798284210286,False,True,False,False,False,Java
1230842,123080006,1.0,3.0,30.0,1.0,1.0,2.0,4.0,0.0,,9.0,32.0,1.0,0.0,0.0,0.0,False,False,True,False,False,Java
1230900,123090001,6.0,1.0,74.0,1.0,1.0,2.0,7.0,0.0,9.0,9.0,32.0,1.0,0.0,0.0,0.0,False,True,False,False,False,Java
1230900,123090002,6.0,3.0,64.0,1.0,1.0,2.0,2.0,0.0,,9.0,32.0,1.0,0.0,0.0,0.0,False,False,True,False,False,Java
1230900,123090003,8.0,1.0,41.0,1.0,1.0,3.0,2.0,0.0,,9.0,32.0,1.0,0.0,0.0,0.0,False,True,False,False,False,Java
1230900,123090004,8.0,1.0,38.0,1.0,1.0,3.0,7.0,0.0,,9.0,32.0,1.0,0.0,0.0,0.0,False,True,False,False,False,Java
1230900,123090005,8.0,1.0,33.0,1.0,1.0,3.0,2.0,0.0,,9.0,32.0,1.0,0.0,0.0,0.0,False,True,False,False,False,Java
1230900,123090006,1.0,1.0,29.0,1.0,1.0,2.0,2.0,0.0,,9.0,32.0,1.0,50000.0,0.0,0.0,False,True,False,False,False,Java
1230900,123090007,8.0,1.0,27.0,1.0,1.0,3.0,7.0,0.0,,9.0,32.0,1.0,0.0,0.0,0.0,False,True,False,False,False,Java
1230900,123090008,2.0,3.0,26.0,1.0,1.0,2.0,7.0,0.0,9.0,9.0,32.0,1.0,0.0,0.0,0.0,False,False,True,False,False,Java
1230931,123093107,3.0,3.0,36.0,1.0,1.0,2.0,4.0,0.0,9.0,9.0,32.0,1.0,100000.0,0.0,0.0,False,False,True,False,False,Java
1230932,123093204,2.0,3.0,33.0,1.0,1.0,2.0,7.0,0.0,,9.0,32.0,1.0,0.0,0.0,0.0,False,False,True,False,False,Java
1230942,123094210,3.0,3.0,27.0,1.0,1.0,3.0,1.0,0.0,9.0,9.0,32.0,1.0,0.0,0.0,0.0,False,False,True,False,False,Java
1230951,123095102,2.0,3.0,32.0,1.0,1.0,3.0,2.0,0.0,9.0,9.0,32.0,1.0,50000.0,0.0,0.0,False,False,True,False,False,Java
1231000,123100002,1.0,3.0,62.0,1.0,1.0,2.0,7.0,0.0,,9.0,32.0,1.0,300000.0,0.0,0.0,False,False,True,False,False,Java
1231000,123100003,3.0,3.0,42.0,1.0,1.0,2.0,7.0,0.0,9.0,9.0,32.0,1.0,500000.0,1000000.0,13.815511557963774,False,False,True,False,False,Java
1231000,123100005,3.0,1.0,36.0,1.0,1.0,2.0,7.0,0.0,,8.0,32.0,1.0,0.0,0.0,0.0,False,True,False,False,False,Java
1231000,123100007,3.0,1.0,34.0,1.0,1.0,2.0,7.0,0.0,,9.0,32.0,1.0,200000.0,0.0,0.0,False,True,False,False,False,Java
1231000,123100009,10.0,3.0,15.0,1.0,1.0,5.0,1.0,0.0,9.0,9.0,32.0,1.0,50000.0,200000.0,12.206077645517674,False,False,True,False,False,Java
1231100,123110001,1.0,1.0,66.0,1.0,1.0,2.0,3.0,0.0,9.0,9.0,32.0,1.0,0.0,0.0,0.0,False,True,False,False,False,Java
1231100,123110002,2.0,3.0,60.0,1.0,1.0,1.0,96.0,0.0,,9.0,32.0,1.0,15000.0,0.0,0.0,False,False,True,False,False,Java
1231100,123110005,4.0,3.0,30.0,1.0,1.0,2.0,5.0,0.0,,9.0,32.0,1.0,0.0,0.0,0.0,False,False,True,False,False,Java
1231200,123120002,1.0,1.0,49.0,1.0,1.0,5.0,7.0,0.0,,9.0,32.0,2.0,150000.0,150000.0,11.918397239722838,False,True,False,False,False,Java
1231200,123120003,2.0,3.0,41.0,1.0,1.0,6.0,7.0,0.0,,9.0,32.0,2.0,300000.0,0.0,0.0,False,False,True,False,False,Java
1231200,123120005,3.0,3.0,17.0,1.0,1.0,5.0,2.0,0.0,9.0,9.0,32.0,2.0,100000.0,250000.0,12.429220196836384,False,False,True,False,False,Java
1231300,123130001,1.0,1.0,62.0,1.0,1.0,2.0,4.0,0.0,,9.0,32.0,1.0,0.0,0.0,0.0,False,True,False,False,False,Java
1231300,123130002,2.0,3.0,57.0,1.0,1.0,2.0,1.0,0.0,,9.0,32.0,1.0,50000.0,0.0,0.0,False,False,True,False,False,Java
1231300,123130005,3.0,3.0,24.0,1.0,1.0,6.0,7.0,0.0,,9.0,32.0,1.0,0.0,0.0,0.0,False,False,True,False,False,Java
1231300,123130006,3.0,1.0,21.0,1.0,1.0,6.0,7.0,0.0,9.0,9.0,32.0,1.0,600000.0,500000.0,13.122365377402328,False,True,False,False,False,Java
1231341,123134102,2.0,3.0,28.0,1.0,1.0,3.0,7.0,0.0,,9.0,32.0,1.0,0.0,0.0,0.0,False,False,True,False,False,Java
1231400,123140003,1.0,1.0,35.0,1.0,1.0,3.0,7.0,0.0,,9.0,32.0,1.0,0.0,0.0,0.0,False,True,False,False,False,Java
1231400,123140004,2.0,3.0,33.0,1.0,1.0,5.0,0.0,0.0,,9.0,32.0,1.0,0.0,5000000.0,15.424948670398354,False,False,True,False,False,Java
1231500,123150001,1.0,1.0,50.0,1.0,1.0,2.0,5.0,0.0,,9.0,32.0,1.0,300000.0,0.0,0.0,False,True,False,False,False,Java
1231500,123150002,2.0,3.0,46.0,1.0,1.0,1.0,96.0,0.0,9.0,9.0,32.0,1.0,10000.0,0.0,0.0,False,False,True,False,False,Java
1231500,123150003,3.0,1.0,26.0,1.0,1.0,3.0,7.0,0.0,,9.0,32.0,1.0,700000.0,800000.0,13.592368256649284,False,True,False,False,False,Java
1231500,123150004,3.0,1.0,25.0,1.0,1.0,2.0,3.0,0.0,,9.0,32.0,1.0,0.0,0.0,0.0,False,True,False,False,False,Java
1231500,123150005,3.0,3.0,19.0,1.0,1.0,2.0,5.0,0.0,9.0,9.0,32.0,1.0,0.0,0.0,0.0,False,False,True,False,False,Java
1231551,123155102,2.0,3.0,20.0,1.0,1.0,3.0,7.0,0.0,9.0,9.0,32.0,1.0,0.0,0.0,0.0,False,False,True,False,False,Java
1231700,123170002,1.0,3.0,71.0,1.0,1.0,2.0,0.0,0.0,,9.0,32.0,1.0,0.0,220000.0,12.301387370778713,False,False,True,False,False,Java
1231700,123170005,10.0,3.0,24.0,1.0,1.0,2.0,5.0,0.0,,9.0,32.0,1.0,0.0,0.0,0.0,False,False,True,False,False,Java
1231700,123170006,10.0,1.0,18.0,1.0,1.0,2.0,7.0,0.0,9.0,9.0,32.0,1.0,0.0,50000.0,10.819798284210286,False,True,False,False,False,Java
1231700,123170008,5.0,1.0,33.0,1.0,1.0,2.0,2.0,0.0,9.0,9.0,32.0,1.0,0.0,0.0,0.0,False,True,False,False,False,Java
1231800,123180002,1.0,3.0,60.0,1.0,1.0,2.0,0.0,0.0,,9.0,32.0,1.0,200000.0,50000.0,10.819798284210286,False,False,True,False,False,Java
1231900,123190002,1.0,3.0,65.0,1.0,1.0,2.0,2.0,0.0,,9.0,32.0,1.0,40000.0,0.0,0.0,False,False,True,False,False,Java
1231900,123190003,3.0,1.0,43.0,1.0,1.0,5.0,7.0,0.0,9.0,9.0,32.0,1.0,320000.0,0.0,0.0,False,True,False,False,False,Java
1231900,123190004,3.0,1.0,33.0,1.0,1.0,5.0,7.0,0.0,,71.0,31.0,1.0,4100000.0,100000.0,11.51293546492023,False,True,False,False,False,Java
1231931,123193102,2.0,3.0,46.0,1.0,1.0,2.0,7.0,0.0,,9.0,32.0,1.0,0.0,0.0,0.0,False,False,True,False,False,Java
1231931,123193103,3.0,3.0,18.0,1.0,1.0,60.0,0.0,1.0,8.0,2.0,33.0,1.0,0.0,0.0,0.0,True,False,True,False,True,Java
1231931,123193104,3.0,3.0,16.0,1.0,1.0,5.0,1.0,0.0,8.0,8.0,32.0,1.0,0.0,0.0,0.0,False,False,True,False,False,Java
1232000,123200002,1.0,1.0,48.0,1.0,1.0,2.0,4.0,0.0,,9.0,32.0,1.0,100000.0,0.0,0.0,False,True,False,False,False,Java
1232000,123200003,2.0,3.0,42.0,1.0,1.0,2.0,3.0,0.0,9.0,9.0,32.0,1.0,0.0,0.0,0.0,False,False,True,False,False,Java
1232000,123200005,3.0,1.0,25.0,1.0,1.0,2.0,5.0,0.0,,9.0,32.0,1.0,200000.0,300000.0,12.611541086966117,False,True,False,False,False,Java
1232000,123200007,5.0,3.0,26.0,1.0,1.0,3.0,7.0,0.0,,9.0,32.0,1.0,200000.0,100000.0,11.51293546492023,False,False,True,False,False,Java
1240400,124040001,1.0,1.0,59.0,1.0,1.0,1.0,96.0,0.0,,9.0,32.0,1.0,0.0,0.0,0.0,False,True,False,False,False,Java
1240400,124040002,2.0,3.0,59.0,1.0,1.0,2.0,3.0,0.0,,9.0,32.0,1.0,100000.0,0.0,0.0,False,False,True,False,False,Java
1240400,124040004,3.0,3.0,38.0,1.0,1.0,2.0,7.0,0.0,,8.0,32.0,1.0,0.0,0.0,0.0,False,False,True,False,False,Java
1240400,124040005,3.0,3.0,37.0,1.0,1.0,2.0,4.0,0.0,,9.0,32.0,1.0,0.0,0.0,0.0,False,False,True,False,False,Java
1240400,124040008,3.0,3.0,23.0,1.0,1.0,6.0,7.0,0.0,,9.0,32.0,1.0,500000.0,1100000.0,13.910821646859096,False,False,True,False,False,Java
1240400,124040009,22.0,1.0,45.0,1.0,17.0,5.0,7.0,0.0,,9.0,32.0,1.0,50000.0,0.0,0.0,False,True,False,False,False,Java
1240500,124050001,1.0,1.0,64.0,1.0,1.0,61.0,7.0,0.0,,9.0,32.0,1.0,200000.0,0.0,0.0,False,True,False,False,False,Java
1240500,124050002,2.0,3.0,57.0,1.0,1.0,61.0,7.0,0.0,,9.0,32.0,1.0,300000.0,0.0,0.0,False,False,True,False,False,Java
1240500,124050003,3.0,1.0,33.0,1.0,1.0,62.0,2.0,0.0,,11.0,33.0,1.0,0.0,0.0,0.0,False,True,False,False,False,Java
1240500,124050004,3.0,3.0,32.0,1.0,1.0,61.0,7.0,0.0,,9.0,32.0,1.0,0.0,0.0,0.0,False,False,True,False,False,Java
1240500,124050005,5.0,1.0,33.0,1.0,1.0,61.0,7.0,0.0,,9.0,32.0,1.0,0.0,0.0,0.0,False,True,False,False,False,Java
1240531,124053102,2.0,3.0,33.0,1.0,1.0,62.0,2.0,0.0,,11.0,33.0,1.0,100000.0,0.0,0.0,False,False,True,False,False,Java
1240600,124060001,1.0,1.0,51.0,1.0,1.0,6.0,7.0,0.0,,9.0,32.0,1.0,0.0,0.0,0.0,False,True,False,False,False,Java
1240600,124060002,2.0,3.0,54.0,1.0,1.0,2.0,2.0,0.0,,9.0,32.0,1.0,0.0,0.0,0.0,False,False,True,False,False,Java
1240600,124060004,3.0,3.0,32.0,1.0,1.0,6.0,7.0,0.0,,9.0,32.0,1.0,0.0,50000.0,10.819798284210286,False,False,True,False,False,Java
1240600,124060005,3.0,1.0,27.0,1.0,1.0,6.0,7.0,0.0,,9.0,32.0,1.0,1000000.0,0.0,0.0,False,True,False,False,False,Java
1240600,124060006,3.0,1.0,25.0,1.0,1.0,6.0,1.0,0.0,,74.0,31.0,1.0,0.0,0.0,0.0,False,True,False,False,False,Java
1240600,124060007,3.0,1.0,17.0,1.0,1.0,3.0,2.0,1.0,9.0,74.0,31.0,1.0,0.0,50000.0,10.819798284210286,True,True,False,True,False,Java
1240600,124060008,5.0,1.0,37.0,1.0,1.0,5.0,7.0,0.0,9.0,9.0,32.0,1.0,0.0,8000000.0,15.894952224644102,False,True,False,False,False,Java
1240600,124060009,10.0,3.0,15.0,1.0,1.0,6.0,0.0,0.0,9.0,9.0,32.0,1.0,0.0,100000.0,11.51293546492023,False,False,True,False,False,Java
1240600,124060012,5.0,3.0,22.0,1.0,1.0,5.0,7.0,0.0,9.0,9.0,32.0,1.0,300000.0,800000.0,13.592368256649284,False,False,True,False,False,Java
1240642,124064202,2.0,3.0,27.0,1.0,1.0,61.0,7.0,0.0,9.0,9.0,32.0,1.0,400000.0,0.0,0.0,False,False,True,False,False,Java
1240700,124070002,1.0,3.0,78.0,1.0,1.0,3.0,1.0,0.0,,9.0,32.0,1.0,500000.0,0.0,0.0,False,False,True,False,False,Java
1240700,124070003,3.0,3.0,49.0,1.0,1.0,62.0,7.0,0.0,,9.0,32.0,1.0,0.0,0.0,0.0,False,False,True,False,False,Java
1240700,124070004,3.0,1.0,43.0,1.0,1.0,5.0,7.0,0.0,,9.0,32.0,1.0,1000000.0,0.0,0.0,False,True,False,False,False,Java
1240700,124070006,3.0,1.0,35.0,1.0,1.0,5.0,7.0,0.0,,9.0,32.0,1.0,0.0,0.0,0.0,False,True,False,False,False,Java
1240732,124073202,2.0,3.0,35.0,1.0,1.0,60.0,7.0,0.0,,9.0,32.0,1.0,500000.0,0.0,0.0,False,False,True,False,False,Java
1240751,124075102,2.0,3.0,44.0,1.0,1.0,5.0,7.0,0.0,9.0,9.0,32.0,1.0,0.0,0.0,0.0,False,False,True,False,False,Java
1240800,124080002,6.0,3.0,54.0,1.0,1.0,2.0,2.0,0.0,9.0,9.0,32.0,1.0,0.0,0.0,0.0,False,False,True,False,False,Java
1240800,124080003,8.0,1.0,40.0,1.0,1.0,3.0,7.0,0.0,9.0,9.0,32.0,1.0,3500000.0,0.0,0.0,False,True,False,False,False,Java
1240800,124080004,1.0,1.0,37.0,1.0,1.0,5.0,1.0,0.0,9.0,9.0,32.0,1.0,300000.0,4000000.0,15.201805169084134,False,True,False,False,False,Java
1240800,124080006,8.0,3.0,31.0,1.0,1.0,5.0,7.0,0.0,9.0,9.0,32.0,1.0,0.0,0.0,0.0,False,False,True,False,False,Java
1240900,124090001,7.0,3.0,79.0,1.0,1.0,1.0,96.0,0.0,9.0,9.0,32.0,1.0,0.0,0.0,0.0,False,False,True,False,False,Java
1240900,124090002,2.0,3.0,42.0,1.0,1.0,2.0,7.0,0.0,9.0,9.0,32.0,1.0,0.0,0.0,0.0,False,False,True,False,False,Java
1240900,124090003,1.0,1.0,46.0,1.0,1.0,5.0,7.0,0.0,9.0,9.0,32.0,1.0,150000.0,0.0,0.0,False,True,False,False,False,Java
1240900,124090005,3.0,1.0,21.0,1.0,1.0,6.0,1.0,0.0,9.0,9.0,32.0,1.0,0.0,120000.0,11.695255355062796,False,True,False,False,False,Java
1240900,124090006,3.0,3.0,18.0,1.0,1.0,5.0,2.0,0.0,9.0,9.0,32.0,1.0,0.0,500000.0,13.122365377402328,False,False,True,False,False,Java
1241000,124100002,1.0,3.0,62.0,1.0,1.0,2.0,2.0,0.0,,9.0,32.0,1.0,0.0,0.0,0.0,False,False,True,False,False,Java
1241000,124100003,3.0,1.0,41.0,1.0,1.0,5.0,7.0,0.0,,9.0,32.0,1.0,0.0,0.0,0.0,False,True,False,False,False,Java
1241000,124100004,3.0,3.0,37.0,1.0,1.0,5.0,7.0,0.0,,9.0,32.0,1.0,0.0,0.0,0.0,False,False,True,False,False,Java
1241000,124103203,10.0,1.0,15.0,1.0,1.0,3.0,2.0,0.0,9.0,9.0,32.0,1.0,0.0,0.0,0.0,False,True,False,False,False,Java
1241031,124103102,2.0,3.0,38.0,1.0,1.0,5.0,7.0,0.0,,9.0,32.0,1.0,0.0,0.0,0.0,False,False,True,False,False,Java
1241032,124103201,1.0,1.0,37.0,1.0,2.0,5.0,7.0,0.0,9.0,9.0,32.0,1.0,0.0,0.0,0.0,False,True,False,False,False,Java
1241100,124110001,7.0,3.0,81.0,1.0,1.0,1.0,96.0,0.0,9.0,9.0,32.0,1.0,0.0,0.0,0.0,False,False,True,False,False,Java
1241100,124110002,2.0,3.0,38.0,1.0,1.0,60.0,7.0,0.0,,9.0,32.0,1.0,0.0,0.0,0.0,False,False,True,False,False,Java
1241100,124114101,1.0,1.0,50.0,1.0,2.0,61.0,7.0,0.0,,9.0,32.0,1.0,0.0,0.0,0.0,False,True,False,False,False,Java
1241200,124120003,1.0,1.0,27.0,1.0,1.0,5.0,7.0,0.0,,9.0,32.0,1.0,0.0,0.0,0.0,False,True,False,False,False,Java
1241200,124120004,8.0,1.0,20.0,1.0,1.0,5.0,7.0,0.0,9.0,9.0,32.0,1.0,0.0,0.0,0.0,False,True,False,False,False,Java
1241400,124140001,1.0,1.0,56.0,1.0,1.0,2.0,7.0,0.0,,9.0,32.0,1.0,300000.0,0.0,0.0,False,True,False,False,False,Java
1241400,124140002,2.0,3.0,47.0,1.0,1.0,2.0,7.0,0.0,,9.0,32.0,1.0,200000.0,0.0,0.0,False,False,True,False,False,Java
1241400,124140004,3.0,1.0,17.0,1.0,1.0,6.0,7.0,0.0,9.0,9.0,32.0,1.0,0.0,200000.0,12.206077645517674,False,True,False,False,False,Java
1241500,124150001,1.0,3.0,49.0,1.0,1.0,2.0,7.0,0.0,,9.0,32.0,1.0,0.0,0.0,0.0,False,False,True,False,False,Java
1241500,124150002,3.0,3.0,26.0,1.0,1.0,5.0,7.0,0.0,,9.0,32.0,1.0,1000000.0,3000000.0,14.914123179965662,False,False,True,False,False,Java
1241700,124170001,1.0,1.0,61.0,1.0,1.0,6.0,7.0,0.0,,9.0,32.0,1.0,100000.0,0.0,0.0,False,True,False,False,False,Java
1241700,124170002,3.0,1.0,38.0,1.0,1.0,6.0,7.0,0.0,,9.0,32.0,1.0,0.0,0.0,0.0,False,True,False,False,False,Java
1241700,124170004,3.0,1.0,29.0,1.0,1.0,6.0,7.0,0.0,,9.0,32.0,1.0,300000.0,300000.0,12.611541086966117,False,True,False,False,False,Java
1241700,124170005,2.0,3.0,55.0,1.0,1.0,2.0,4.0,0.0,,9.0,32.0,1.0,200000.0,100000.0,11.51293546492023,False,False,True,False,False,Java
1241741,124174102,2.0,3.0,33.0,1.0,1.0,3.0,7.0,0.0,,9.0,32.0,1.0,100000.0,0.0,0.0,False,False,True,False,False,Java
1241751,124175102,2.0,3.0,35.0,1.0,1.0,73.0,7.0,0.0,9.0,9.0,32.0,1.0,200000.0,0.0,0.0,False,False,True,False,False,Java
1241800,124180002,1.0,3.0,59.0,1.0,1.0,2.0,4.0,0.0,,9.0,32.0,1.0,0.0,1000000.0,13.815511557963774,False,False,True,False,False,Java
1241800,124180003,3.0,3.0,40.0,1.0,1.0,5.0,7.0,0.0,,9.0,32.0,1.0,0.0,0.0,0.0,False,False,True,False,False,Java
1241800,124180004,3.0,1.0,38.0,1.0,1.0,5.0,7.0,0.0,,9.0,32.0,1.0,0.0,0.0,0.0,False,True,False,False,False,Java
1241800,124180005,3.0,1.0,21.0,1.0,1.0,61.0,3.0,1.0,1.0,9.0,32.0,1.0,300000.0,200000.0,12.206077645517674,True,True,False,True,False,Java
1241831,124183103,3.0,3.0,15.0,1.0,1.0,5.0,0.0,0.0,9.0,9.0,32.0,1.0,0.0,0.0,0.0,False,False,True,False,False,Java
1241841,124184102,2.0,3.0,34.0,1.0,1.0,6.0,7.0,0.0,,9.0,32.0,1.0,100000.0,0.0,0.0,False,False,True,False,False,Java
1241900,124190002,6.0,3.0,67.0,1.0,1.0,1.0,96.0,0.0,9.0,9.0,32.0,1.0,0.0,0.0,0.0,False,False,True,False,False,Java
1241900,124190003,8.0,1.0,47.0,1.0,1.0,1.0,96.0,0.0,,9.0,32.0,1.0,0.0,0.0,0.0,False,True,False,False,False,Java
1241900,124190004,8.0,3.0,44.0,1.0,1.0,2.0,7.0,0.0,,9.0,32.0,1.0,0.0,0.0,0.0,False,False,True,False,False,Java
1241900,124190006,9.0,1.0,44.0,1.0,1.0,1.0,96.0,0.0,,9.0,32.0,1.0,100000.0,0.0,0.0,False,True,False,False,False,Java
1241900,124190009,8.0,1.0,35.0,1.0,1.0,1.0,96.0,0.0,,9.0,32.0,1.0,200000.0,0.0,0.0,False,True,False,False,False,Java
1241900,124190010,1.0,3.0,33.0,1.0,1.0,2.0,7.0,0.0,9.0,9.0,32.0,1.0,0.0,130000.0,11.775297421715829,False,False,True,False,False,Java
1241900,124190011,13.0,3.0,21.0,1.0,1.0,3.0,7.0,0.0,9.0,9.0,32.0,1.0,50000.0,300000.0,12.611541086966117,False,False,True,False,False,Java
1241911,124191102,2.0,3.0,45.0,1.0,1.0,2.0,1.0,0.0,,9.0,32.0,1.0,0.0,0.0,0.0,False,False,True,False,False,Java
1241941,124194102,2.0,3.0,25.0,1.0,1.0,2.0,7.0,0.0,,9.0,32.0,1.0,0.0,0.0,0.0,False,False,True,False,False,Java
1242000,124200001,1.0,1.0,69.0,1.0,1.0,2.0,7.0,0.0,,9.0,32.0,1.0,7000000.0,0.0,0.0,False,True,False,False,False,Java
1242000,124200005,3.0,3.0,35.0,1.0,1.0,60.0,7.0,0.0,,9.0,32.0,1.0,200000.0,0.0,0.0,False,False,True,False,False,Java
1242000,124200006,3.0,3.0,41.0,1.0,1.0,61.0,7.0,0.0,,9.0,32.0,1.0,0.0,0.0,0.0,False,False,True,False,False,Java
1242051,124205102,1.0,1.0,40.0,1.0,1.0,5.0,7.0,0.0,9.0,9.0,32.0,1.0,0.0,0.0,0.0,False,True,False,False,False,Java
1252751,125275102,2.0,3.0,26.0,1.0,1.0,6.0,7.0,1.0,4.0,16.0,32.0,1.0,0.0,0.0,0.0,True,False,True,False,True,Java
1290900,129090001,1.0,1.0,41.0,1.0,1.0,3.0,7.0,0.0,,11.0,32.0,1.0,0.0,0.0,0.0,False,True,False,False,False,Java
1290900,129090007,2.0,3.0,43.0,1.0,2.0,5.0,7.0,0.0,,11.0,32.0,1.0,100000.0,0.0,0.0,False,False,True,False,False,Java
1290900,129090008,3.0,1.0,15.0,1.0,2.0,3.0,2.0,0.0,11.0,11.0,32.0,1.0,10000.0,0.0,0.0,False,True,False,False,False,Java
1291600,129160001,1.0,1.0,70.0,1.0,1.0,2.0,7.0,0.0,,11.0,33.0,1.0,50000.0,300000.0,12.611541086966117,False,True,False,False,False,Java
1291600,129160002,19.0,1.0,50.0,1.0,1.0,2.0,98.0,0.0,,12.0,33.0,1.0,400000.0,0.0,0.0,False,True,False,False,False,Java
1291600,129160003,19.0,3.0,49.0,1.0,1.0,2.0,98.0,1.0,11.0,12.0,33.0,1.0,500000.0,0.0,0.0,True,False,True,False,True,Java
1291600,129160004,19.0,1.0,25.0,1.0,1.0,98.0,98.0,0.0,,71.0,21.0,1.0,0.0,0.0,0.0,False,True,False,False,False,Java
1291600,129160005,19.0,3.0,22.0,1.0,1.0,98.0,98.0,0.0,12.0,12.0,33.0,1.0,100000.0,0.0,0.0,False,False,True,False,False,Java
1291641,129164101,1.0,3.0,49.0,1.0,1.0,5.0,7.0,0.0,11.0,11.0,33.0,1.0,0.0,100000.0,11.51293546492023,False,False,True,False,False,Java
1291641,129164102,3.0,3.0,19.0,1.0,1.0,61.0,0.0,0.0,11.0,11.0,33.0,1.0,20000.0,500000.0,13.122365377402328,False,False,True,False,False,Java
1300100,130010001,1.0,1.0,71.0,1.0,1.0,1.0,96.0,0.0,,12.0,32.0,2.0,0.0,0.0,0.0,False,True,False,False,False,Java
1300100,130010003,3.0,1.0,39.0,1.0,1.0,2.0,2.0,0.0,,12.0,32.0,2.0,0.0,0.0,0.0,False,True,False,False,False,Java
1300100,130010005,3.0,1.0,36.0,1.0,1.0,2.0,3.0,0.0,,12.0,32.0,2.0,0.0,0.0,0.0,False,True,False,False,False,Java
1300100,130010006,3.0,3.0,31.0,1.0,1.0,2.0,2.0,0.0,12.0,12.0,32.0,2.0,50000.0,8400000.0,15.943742382861156,False,False,True,False,False,Java
1300100,130010007,3.0,1.0,28.0,1.0,1.0,2.0,1.0,0.0,,74.0,31.0,1.0,500000.0,0.0,0.0,False,True,False,False,False,Java
1300100,130010011,10.0,1.0,19.0,1.0,1.0,2.0,1.0,0.0,12.0,12.0,32.0,2.0,0.0,200000.0,12.206077645517674,False,True,False,False,False,Java
1300100,130010015,2.0,3.0,46.0,1.0,1.0,1.0,96.0,0.0,12.0,12.0,32.0,2.0,30000.0,0.0,0.0,False,False,True,False,False,Java
1300111,130011102,2.0,3.0,36.0,1.0,1.0,2.0,7.0,0.0,,12.0,32.0,2.0,0.0,0.0,0.0,False,False,True,False,False,Java
1300141,130014102,2.0,3.0,25.0,1.0,1.0,3.0,7.0,0.0,,12.0,32.0,2.0,0.0,0.0,0.0,False,False,True,False,False,Java
1300151,130015102,2.0,3.0,18.0,1.0,1.0,2.0,2.0,0.0,74.0,74.0,31.0,1.0,0.0,0.0,0.0,False,False,True,False,False,Java
1300200,130020001,1.0,1.0,68.0,1.0,1.0,1.0,96.0,0.0,,12.0,32.0,2.0,20000.0,30000.0,10.308985993422082,False,True,False,False,False,Java
1300200,130020002,2.0,3.0,59.0,1.0,1.0,1.0,96.0,0.0,,12.0,32.0,2.0,0.0,0.0,0.0,False,False,True,False,False,Java
1300200,130020003,3.0,1.0,40.0,1.0,1.0,2.0,4.0,0.0,,12.0,32.0,2.0,500000.0,0.0,0.0,False,True,False,False,False,Java
1300200,130020004,3.0,1.0,39.0,1.0,1.0,2.0,4.0,0.0,,12.0,32.0,2.0,200000.0,0.0,0.0,False,True,False,False,False,Java
1300300,130030001,1.0,1.0,49.0,1.0,1.0,1.0,96.0,0.0,,12.0,32.0,2.0,0.0,0.0,0.0,False,True,False,False,False,Java
1300300,130030002,2.0,3.0,44.0,1.0,1.0,1.0,96.0,0.0,,12.0,32.0,2.0,0.0,0.0,0.0,False,False,True,False,False,Java
1300300,130030004,3.0,3.0,21.0,1.0,1.0,2.0,4.0,0.0,,12.0,32.0,2.0,0.0,0.0,0.0,False,False,True,False,False,Java
1300300,130030007,5.0,1.0,25.0,1.0,1.0,2.0,7.0,0.0,12.0,12.0,32.0,2.0,200000.0,500000.0,13.122365377402328,False,True,False,False,False,Java
1300500,130050001,1.0,1.0,51.0,1.0,1.0,1.0,96.0,0.0,,12.0,32.0,2.0,0.0,0.0,0.0,False,True,False,False,False,Java
1300500,130050002,2.0,3.0,48.0,1.0,1.0,1.0,96.0,0.0,,12.0,32.0,2.0,50000.0,20000.0,9.90353755128617,False,False,True,False,False,Java
1300500,130050003,3.0,3.0,30.0,1.0,1.0,2.0,7.0,0.0,,12.0,32.0,2.0,100000.0,0.0,0.0,False,False,True,False,False,Java
1300500,130050004,3.0,1.0,20.0,1.0,1.0,14.0,5.0,1.0,12.0,9.0,32.0,1.0,0.0,300000.0,12.611541086966117,True,True,False,True,False,Java
1300500,130050005,3.0,1.0,16.0,1.0,1.0,5.0,0.0,0.0,12.0,12.0,32.0,2.0,0.0,0.0,0.0,False,True,False,False,False,Java
1300531,130053102,1.0,1.0,36.0,1.0,1.0,5.0,2.0,0.0,,12.0,32.0,2.0,1000000.0,0.0,0.0,False,True,False,False,False,Java
1300600,130060001,1.0,1.0,46.0,1.0,1.0,3.0,7.0,0.0,,12.0,32.0,2.0,0.0,0.0,0.0,False,True,False,False,False,Java
1300600,130060002,2.0,3.0,41.0,1.0,1.0,2.0,1.0,0.0,,12.0,32.0,2.0,0.0,0.0,0.0,False,False,True,False,False,Java
1300600,130060003,3.0,3.0,22.0,1.0,1.0,2.0,7.0,0.0,,12.0,32.0,2.0,0.0,0.0,0.0,False,False,True,False,False,Java
1300700,130070003,9.0,1.0,33.0,1.0,1.0,5.0,7.0,0.0,,12.0,32.0,2.0,0.0,0.0,0.0,False,True,False,False,False,Java
1300700,130070004,2.0,3.0,31.0,1.0,1.0,2.0,7.0,0.0,,12.0,32.0,2.0,0.0,0.0,0.0,False,False,True,False,False,Java
1300700,130070005,1.0,1.0,36.0,1.0,1.0,2.0,7.0,0.0,,12.0,32.0,2.0,800000.0,200000.0,12.206077645517674,False,True,False,False,False,Java
1300741,130074102,2.0,3.0,28.0,1.0,1.0,3.0,1.0,0.0,,12.0,32.0,2.0,0.0,0.0,0.0,False,False,True,False,False,Java
1300800,130080002,2.0,3.0,44.0,1.0,1.0,2.0,7.0,0.0,,12.0,32.0,2.0,0.0,0.0,0.0,False,False,True,False,False,Java
1300800,130080003,4.0,1.0,28.0,1.0,1.0,5.0,7.0,0.0,,12.0,32.0,2.0,3000000.0,1500000.0,14.220976332738882,False,True,False,False,False,Java
1300800,130080005,1.0,1.0,45.0,1.0,1.0,5.0,7.0,0.0,,12.0,32.0,2.0,100000.0,0.0,0.0,False,True,False,False,False,Java
1300900,130090001,1.0,1.0,49.0,1.0,1.0,2.0,2.0,0.0,,12.0,32.0,2.0,300000.0,600000.0,13.304686600863562,False,True,False,False,False,Java
1300900,130090002,2.0,3.0,41.0,1.0,1.0,2.0,5.0,0.0,,12.0,32.0,2.0,0.0,0.0,0.0,False,False,True,False,False,Java
1300900,130090003,3.0,1.0,25.0,1.0,1.0,3.0,7.0,0.0,,12.0,32.0,2.0,0.0,0.0,0.0,False,True,False,False,False,Java
1300900,130090004,5.0,3.0,23.0,1.0,1.0,2.0,7.0,0.0,,12.0,32.0,2.0,50000.0,0.0,0.0,False,False,True,False,False,Java
1301000,130100002,6.0,3.0,66.0,1.0,1.0,1.0,96.0,0.0,12.0,12.0,32.0,2.0,0.0,0.0,0.0,False,False,True,False,False,Java
1301000,130100003,8.0,1.0,44.0,1.0,1.0,2.0,7.0,0.0,,12.0,32.0,2.0,0.0,50000.0,10.819798284210286,False,True,False,False,False,Java
1301000,130100004,8.0,1.0,39.0,1.0,1.0,2.0,7.0,0.0,,12.0,32.0,2.0,500000.0,2000000.0,14.508658238524095,False,True,False,False,False,Java
1301000,130100005,8.0,3.0,35.0,1.0,1.0,2.0,7.0,0.0,,12.0,32.0,2.0,500000.0,200000.0,12.206077645517674,False,False,True,False,False,Java
1301000,130100006,1.0,3.0,32.0,1.0,1.0,3.0,2.0,0.0,12.0,12.0,32.0,2.0,0.0,1000000.0,13.815511557963774,False,False,True,False,False,Java
1301000,130100007,9.0,3.0,32.0,1.0,1.0,2.0,7.0,0.0,,12.0,32.0,2.0,0.0,0.0,0.0,False,False,True,False,False,Java
1301000,130100008,13.0,3.0,18.0,1.0,1.0,3.0,7.0,1.0,12.0,9.0,32.0,1.0,0.0,0.0,0.0,True,False,True,False,True,Java
1301032,130103205,1.0,1.0,40.0,1.0,1.0,2.0,7.0,0.0,,12.0,32.0,2.0,100000.0,0.0,0.0,False,True,False,False,False,Java
1301100,130110001,1.0,1.0,58.0,1.0,1.0,2.0,0.0,0.0,,12.0,32.0,2.0,0.0,0.0,0.0,False,True,False,False,False,Java
1301100,130110002,2.0,3.0,54.0,1.0,1.0,1.0,96.0,0.0,,12.0,32.0,2.0,0.0,0.0,0.0,False,False,True,False,False,Java
1301100,130110003,3.0,1.0,34.0,1.0,1.0,2.0,4.0,0.0,,12.0,32.0,2.0,0.0,500000.0,13.122365377402328,False,True,False,False,False,Java
1301100,130110004,3.0,1.0,31.0,1.0,1.0,5.0,2.0,0.0,,12.0,32.0,2.0,0.0,0.0,0.0,False,True,False,False,False,Java
1301100,130110005,3.0,3.0,30.0,1.0,1.0,2.0,4.0,0.0,,12.0,32.0,2.0,0.0,0.0,0.0,False,False,True,False,False,Java
1301100,130110006,3.0,3.0,27.0,1.0,1.0,2.0,7.0,0.0,,12.0,32.0,2.0,200000.0,0.0,0.0,False,False,True,False,False,Java
1301100,130110007,3.0,1.0,15.0,1.0,1.0,3.0,0.0,0.0,12.0,12.0,32.0,2.0,0.0,100000.0,11.51293546492023,False,True,False,False,False,Java
1301131,130113101,1.0,1.0,43.0,1.0,1.0,2.0,4.0,0.0,,12.0,32.0,2.0,0.0,0.0,0.0,False,True,False,False,False,Java
1301141,130114102,2.0,3.0,24.0,1.0,1.0,2.0,7.0,0.0,,12.0,32.0,2.0,100000.0,70000.0,11.156264806643742,False,False,True,False,False,Java
1301151,130115102,2.0,3.0,24.0,1.0,1.0,73.0,7.0,0.0,12.0,12.0,32.0,2.0,0.0,0.0,0.0,False,False,True,False,False,Java
1301200,130120002,1.0,3.0,66.0,1.0,1.0,1.0,96.0,0.0,12.0,12.0,32.0,2.0,0.0,0.0,0.0,False,False,True,False,False,Java
1301300,130130002,6.0,3.0,74.0,1.0,1.0,1.0,96.0,0.0,12.0,12.0,32.0,2.0,0.0,0.0,0.0,False,False,True,False,False,Java
1301300,130130003,1.0,1.0,37.0,1.0,1.0,2.0,7.0,0.0,,12.0,32.0,2.0,100000.0,0.0,0.0,False,True,False,False,False,Java
1301300,130130004,13.0,3.0,29.0,1.0,1.0,2.0,7.0,0.0,,12.0,32.0,2.0,0.0,0.0,0.0,False,False,True,False,False,Java
1301300,130130005,2.0,3.0,35.0,1.0,1.0,2.0,2.0,0.0,,12.0,32.0,2.0,0.0,0.0,0.0,False,False,True,False,False,Java
1301300,130130006,3.0,1.0,16.0,1.0,1.0,5.0,0.0,0.0,12.0,12.0,32.0,2.0,0.0,0.0,0.0,False,True,False,False,False,Java
1301400,130140001,1.0,1.0,46.0,1.0,1.0,2.0,7.0,0.0,,12.0,32.0,2.0,0.0,0.0,0.0,False,True,False,False,False,Java
1301400,130140002,2.0,3.0,46.0,1.0,1.0,2.0,2.0,0.0,,12.0,32.0,2.0,0.0,0.0,0.0,False,False,True,False,False,Java
1301400,130140003,3.0,1.0,23.0,1.0,1.0,61.0,7.0,0.0,,12.0,32.0,2.0,0.0,0.0,0.0,False,True,False,False,False,Java
1301400,130140004,3.0,1.0,16.0,1.0,1.0,5.0,0.0,0.0,12.0,12.0,32.0,2.0,0.0,200000.0,12.206077645517674,False,True,False,False,False,Java
1301400,130140006,5.0,3.0,21.0,1.0,1.0,61.0,0.0,0.0,12.0,12.0,32.0,2.0,0.0,0.0,0.0,False,False,True,False,False,Java
1301500,130150001,1.0,1.0,48.0,1.0,1.0,1.0,96.0,0.0,,12.0,32.0,2.0,0.0,0.0,0.0,False,True,False,False,False,Java
1301500,130150002,2.0,3.0,41.0,1.0,1.0,2.0,1.0,0.0,,12.0,32.0,2.0,0.0,0.0,0.0,False,False,True,False,False,Java
1301500,130150004,3.0,1.0,18.0,1.0,1.0,3.0,7.0,0.0,12.0,12.0,32.0,2.0,0.0,300000.0,12.611541086966117,False,True,False,False,False,Java
1301500,130150005,3.0,1.0,17.0,1.0,1.0,3.0,7.0,0.0,12.0,12.0,32.0,2.0,0.0,0.0,0.0,False,True,False,False,False,Java
1301600,130160001,1.0,1.0,81.0,1.0,1.0,1.0,96.0,0.0,,12.0,32.0,2.0,0.0,200000.0,12.206077645517674,False,True,False,False,False,Java
1301600,130160002,2.0,3.0,75.0,1.0,1.0,1.0,96.0,0.0,,12.0,32.0,2.0,0.0,0.0,0.0,False,False,True,False,False,Java
1301600,130160003,3.0,1.0,41.0,1.0,1.0,2.0,7.0,0.0,,12.0,32.0,2.0,0.0,0.0,0.0,False,True,False,False,False,Java
1301600,130160005,3.0,1.0,29.0,1.0,1.0,2.0,4.0,0.0,,12.0,32.0,2.0,0.0,0.0,0.0,False,True,False,False,False,Java
1301600,130160006,10.0,3.0,35.0,1.0,1.0,1.0,96.0,0.0,,12.0,32.0,2.0,0.0,0.0,0.0,False,False,True,False,False,Java
1301600,130160008,5.0,3.0,36.0,1.0,1.0,2.0,7.0,0.0,,12.0,32.0,2.0,0.0,0.0,0.0,False,False,True,False,False,Java
1301600,130160009,10.0,3.0,18.0,1.0,1.0,5.0,1.0,0.0,12.0,12.0,32.0,2.0,0.0,100000.0,11.51293546492023,False,False,True,False,False,Java
1301632,130163201,1.0,1.0,36.0,1.0,1.0,2.0,7.0,0.0,,12.0,32.0,2.0,0.0,0.0,0.0,False,True,False,False,False,Java
1301632,130163203,3.0,1.0,15.0,1.0,1.0,3.0,2.0,0.0,12.0,12.0,32.0,2.0,0.0,0.0,0.0,False,True,False,False,False,Java
1301651,130165102,2.0,3.0,27.0,1.0,1.0,3.0,7.0,0.0,12.0,12.0,32.0,2.0,0.0,0.0,0.0,False,False,True,False,False,Java
1301700,130170001,1.0,1.0,62.0,1.0,1.0,1.0,96.0,0.0,,12.0,32.0,2.0,50000.0,0.0,0.0,False,True,False,False,False,Java
1301700,130170002,2.0,3.0,53.0,1.0,1.0,1.0,96.0,0.0,,12.0,32.0,2.0,0.0,0.0,0.0,False,False,True,False,False,Java
1301700,130170003,3.0,3.0,31.0,1.0,1.0,2.0,7.0,0.0,,12.0,32.0,2.0,0.0,0.0,0.0,False,False,True,False,False,Java
1301700,130170004,3.0,3.0,21.0,1.0,1.0,2.0,7.0,0.0,12.0,12.0,32.0,2.0,30000.0,0.0,0.0,False,False,True,False,False,Java
1301700,130200001,6.0,3.0,81.0,1.0,1.0,1.0,96.0,0.0,12.0,12.0,32.0,2.0,0.0,0.0,0.0,False,False,True,False,False,Java
1301731,130173101,1.0,1.0,41.0,1.0,1.0,2.0,3.0,0.0,,12.0,32.0,2.0,100000.0,0.0,0.0,False,True,False,False,False,Java
1301751,130175102,1.0,1.0,22.0,1.0,1.0,3.0,1.0,0.0,12.0,12.0,32.0,2.0,0.0,500000.0,13.122365377402328,False,True,False,False,False,Java
1301800,130180002,1.0,3.0,61.0,1.0,1.0,1.0,96.0,0.0,,12.0,32.0,2.0,0.0,50000.0,10.819798284210286,False,False,True,False,False,Java
1301800,130180003,10.0,1.0,20.0,1.0,1.0,3.0,7.0,0.0,12.0,12.0,32.0,2.0,0.0,0.0,0.0,False,True,False,False,False,Java
1301900,130190001,1.0,1.0,81.0,1.0,1.0,1.0,96.0,0.0,,12.0,32.0,2.0,0.0,0.0,0.0,False,True,False,False,False,Java
1301900,130190003,3.0,3.0,46.0,1.0,1.0,1.0,96.0,0.0,,12.0,32.0,2.0,0.0,0.0,0.0,False,False,True,False,False,Java
1302100,130210001,1.0,1.0,59.0,1.0,1.0,2.0,3.0,0.0,,12.0,32.0,2.0,50000.0,50000.0,10.819798284210286,False,True,False,False,False,Java
1302100,130210002,2.0,3.0,54.0,1.0,1.0,2.0,1.0,0.0,,12.0,32.0,2.0,0.0,0.0,0.0,False,False,True,False,False,Java
1302100,130210004,3.0,1.0,39.0,1.0,1.0,1.0,96.0,0.0,,12.0,32.0,2.0,300000.0,500000.0,13.122365377402328,False,True,False,False,False,Java
1302100,130210006,3.0,3.0,30.0,1.0,1.0,2.0,1.0,0.0,,12.0,32.0,2.0,100000.0,0.0,0.0,False,False,True,False,False,Java
1302100,130210007,3.0,1.0,26.0,1.0,1.0,2.0,2.0,0.0,,12.0,32.0,2.0,0.0,0.0,0.0,False,True,False,False,False,Java
1302111,130211101,1.0,1.0,40.0,1.0,1.0,2.0,7.0,0.0,,12.0,32.0,2.0,2000000.0,5000000.0,15.424948670398354,False,True,False,False,False,Java
1302112,130211202,2.0,3.0,35.0,1.0,1.0,2.0,7.0,0.0,,12.0,32.0,2.0,100000.0,0.0,0.0,False,False,True,False,False,Java
1302112,130211203,3.0,3.0,17.0,1.0,1.0,3.0,7.0,0.0,12.0,12.0,32.0,2.0,100000.0,50000.0,10.819798284210286,False,False,True,False,False,Java
1302141,130214105,1.0,1.0,35.0,1.0,1.0,73.0,7.0,0.0,12.0,12.0,32.0,2.0,0.0,100000.0,11.51293546492023,False,True,False,False,False,Java
1302142,130214202,2.0,3.0,24.0,1.0,1.0,2.0,7.0,0.0,12.0,12.0,32.0,2.0,300000.0,0.0,0.0,False,False,True,False,False,Java
1302200,130220001,1.0,1.0,52.0,1.0,1.0,2.0,0.0,0.0,,12.0,32.0,2.0,100000.0,10000.0,9.210440366976515,False,True,False,False,False,Java
1302200,130220002,2.0,3.0,46.0,1.0,1.0,1.0,96.0,0.0,,12.0,32.0,2.0,50000.0,30000.0,10.308985993422082,False,False,True,False,False,Java
1302200,130220003,3.0,3.0,28.0,1.0,1.0,2.0,7.0,0.0,12.0,12.0,32.0,2.0,50000.0,500000.0,13.122365377402328,False,False,True,False,False,Java
1302300,130230001,10.0,3.0,71.0,1.0,1.0,2.0,98.0,0.0,12.0,12.0,32.0,2.0,0.0,0.0,0.0,False,False,True,False,False,Java
1302300,130230005,2.0,3.0,23.0,1.0,1.0,2.0,7.0,0.0,12.0,12.0,32.0,2.0,0.0,0.0,0.0,False,False,True,False,False,Java
1302300,130230006,1.0,1.0,30.0,1.0,1.0,2.0,7.0,0.0,12.0,12.0,32.0,2.0,300000.0,500000.0,13.122365377402328,False,True,False,False,False,Java
1302500,130250001,1.0,1.0,43.0,1.0,1.0,2.0,2.0,0.0,,12.0,32.0,2.0,300000.0,3000000.0,14.914123179965662,False,True,False,False,False,Java
1302500,130250004,21.0,3.0,58.0,1.0,1.0,1.0,96.0,0.0,,12.0,32.0,2.0,0.0,9600000.0,16.077273760604726,False,False,True,False,False,Java
1302500,130250005,4.0,1.0,16.0,1.0,1.0,74.0,1.0,0.0,12.0,12.0,32.0,2.0,200000.0,350000.0,12.765691290604371,False,True,False,False,False,Java
1302500,130250006,2.0,3.0,39.0,1.0,1.0,2.0,2.0,0.0,12.0,12.0,32.0,2.0,0.0,0.0,0.0,False,False,True,False,False,Java
1302600,130260001,1.0,1.0,51.0,1.0,1.0,1.0,96.0,0.0,,12.0,32.0,2.0,0.0,0.0,0.0,False,True,False,False,False,Java
1302700,130270001,1.0,1.0,52.0,1.0,1.0,1.0,96.0,0.0,,12.0,32.0,2.0,0.0,0.0,0.0,False,True,False,False,False,Java
1302700,130270003,3.0,1.0,23.0,1.0,1.0,2.0,7.0,0.0,,12.0,32.0,2.0,150000.0,300000.0,12.611541086966117,False,True,False,False,False,Java
1302800,130280002,1.0,3.0,50.0,1.0,1.0,1.0,96.0,0.0,,12.0,32.0,2.0,50000.0,200000.0,12.206077645517674,False,False,True,False,False,Java
1302800,130280007,8.0,3.0,47.0,1.0,1.0,1.0,96.0,0.0,12.0,12.0,32.0,2.0,0.0,0.0,0.0,False,False,True,False,False,Java
1302800,130280008,13.0,1.0,34.0,1.0,1.0,2.0,1.0,0.0,12.0,12.0,32.0,2.0,0.0,0.0,0.0,False,True,False,False,False,Java
1302800,130280009,16.0,3.0,31.0,1.0,1.0,2.0,7.0,0.0,12.0,12.0,32.0,2.0,0.0,0.0,0.0,False,False,True,False,False,Java
1302831,130283103,1.0,1.0,34.0,1.0,1.0,2.0,1.0,0.0,12.0,12.0,32.0,2.0,0.0,100000.0,11.51293546492023,False,True,False,False,False,Java
1302900,130290001,1.0,1.0,39.0,1.0,1.0,2.0,5.0,0.0,,12.0,32.0,2.0,0.0,0.0,0.0,False,True,False,False,False,Java
1302900,130290002,2.0,3.0,36.0,1.0,1.0,2.0,3.0,0.0,,12.0,32.0,2.0,10000.0,0.0,0.0,False,False,True,False,False,Java
1303000,130300001,1.0,1.0,56.0,1.0,1.0,2.0,7.0,0.0,,12.0,32.0,2.0,500000.0,0.0,0.0,False,True,False,False,False,Java
1303000,130300003,3.0,1.0,35.0,1.0,1.0,61.0,7.0,0.0,,12.0,32.0,2.0,0.0,0.0,0.0,False,True,False,False,False,Java
1303000,130300005,3.0,1.0,28.0,1.0,1.0,5.0,7.0,0.0,,12.0,32.0,2.0,0.0,0.0,0.0,False,True,False,False,False,Java
1303041,130304102,2.0,3.0,33.0,1.0,1.0,2.0,2.0,0.0,,12.0,32.0,2.0,200000.0,0.0,0.0,False,False,True,False,False,Java
1303042,130304202,2.0,3.0,21.0,1.0,1.0,15.0,7.0,0.0,12.0,12.0,32.0,2.0,0.0,0.0,0.0,False,False,True,False,False,Java
1310851,131085102,3.0,3.0,29.0,1.0,1.0,5.0,7.0,1.0,73.0,71.0,36.0,1.0,,,,True,False,True,False,True,Java
1311441,131144102,2.0,3.0,43.0,1.0,1.0,6.0,7.0,0.0,,13.0,32.0,1.0,50000.0,0.0,0.0,False,False,True,False,False,Java
1311851,131185102,2.0,3.0,24.0,1.0,1.0,5.0,7.0,0.0,13.0,13.0,32.0,1.0,0.0,0.0,0.0,False,False,True,False,False,Java
1320100,132010001,1.0,1.0,61.0,1.0,1.0,2.0,7.0,0.0,,12.0,33.0,2.0,0.0,0.0,0.0,False,True,False,False,False,Java
1320100,132010002,2.0,3.0,57.0,1.0,1.0,2.0,7.0,0.0,,12.0,33.0,2.0,0.0,0.0,0.0,False,False,True,False,False,Java
1320500,132050001,1.0,1.0,82.0,1.0,2.0,98.0,98.0,1.0,98.0,14.0,32.0,1.0,0.0,0.0,0.0,True,True,False,True,False,Java
1320500,132050002,2.0,3.0,81.0,1.0,1.0,98.0,98.0,1.0,98.0,14.0,32.0,1.0,0.0,0.0,0.0,True,False,True,False,True,Java
1321411,132141104,3.0,1.0,21.0,1.0,1.0,61.0,2.0,1.0,14.0,15.0,35.0,1.0,0.0,500000.0,13.122365377402328,True,True,False,True,False,Java
1321411,132141105,3.0,3.0,19.0,1.0,1.0,61.0,0.0,0.0,15.0,15.0,35.0,1.0,0.0,300000.0,12.611541086966117,False,False,True,False,False,Java
1321443,132144302,2.0,3.0,33.0,1.0,2.0,6.0,7.0,0.0,,14.0,32.0,1.0,0.0,0.0,0.0,False,False,True,False,False,Java
1322000,132200001,1.0,1.0,61.0,1.0,1.0,61.0,7.0,0.0,,14.0,32.0,1.0,0.0,0.0,0.0,False,True,False,False,False,Java
1322000,132200002,2.0,3.0,51.0,1.0,1.0,60.0,7.0,0.0,,14.0,32.0,1.0,0.0,0.0,0.0,False,False,True,False,False,Java
1322000,132200003,3.0,1.0,28.0,1.0,1.0,61.0,7.0,0.0,,14.0,32.0,1.0,1000000.0,0.0,0.0,False,True,False,False,False,Java
1322000,132200004,3.0,3.0,26.0,1.0,1.0,62.0,7.0,0.0,,73.0,31.0,1.0,1500000.0,0.0,0.0,False,False,True,False,False,Java
1322000,132200005,3.0,3.0,21.0,1.0,1.0,61.0,3.0,1.0,14.0,76.0,32.0,1.0,0.0,0.0,0.0,True,False,True,False,True,Java
1322041,132204102,2.0,3.0,28.0,1.0,2.0,61.0,7.0,1.0,98.0,14.0,32.0,1.0,0.0,0.0,0.0,True,False,True,False,True,Java
1330232,133023203,2.0,3.0,30.0,1.0,1.0,6.0,7.0,0.0,,14.0,32.0,1.0,500000.0,0.0,0.0,False,False,True,False,False,Java
1333051,133305101,1.0,1.0,56.0,1.0,1.0,2.0,4.0,1.0,73.0,15.0,32.0,2.0,0.0,0.0,0.0,True,True,False,True,False,Java
1362251,136225102,2.0,3.0,23.0,1.0,1.0,3.0,7.0,1.0,7.0,15.0,32.0,2.0,0.0,0.0,0.0,True,False,True,False,True,Java
1370100,137010001,1.0,1.0,54.0,1.0,1.0,12.0,7.0,0.0,,15.0,32.0,2.0,0.0,0.0,0.0,False,True,False,False,False,Java
1370100,137010002,2.0,3.0,49.0,1.0,2.0,2.0,7.0,0.0,,15.0,32.0,2.0,0.0,0.0,0.0,False,False,True,False,False,Java
1370100,137010004,4.0,1.0,34.0,1.0,1.0,2.0,7.0,1.0,15.0,16.0,32.0,1.0,0.0,0.0,0.0,True,True,False,True,False,Java
1370100,137010005,3.0,3.0,22.0,1.0,1.0,61.0,3.0,0.0,,73.0,31.0,1.0,300000.0,1000000.0,13.815511557963774,False,False,True,False,False,Java
1370200,137020001,1.0,1.0,60.0,1.0,1.0,2.0,2.0,0.0,,15.0,32.0,2.0,0.0,0.0,0.0,False,True,False,False,False,Java
1370200,137020002,2.0,3.0,56.0,1.0,1.0,2.0,2.0,0.0,,15.0,32.0,2.0,1000000.0,200000.0,12.206077645517674,False,False,True,False,False,Java
1370200,137020003,3.0,3.0,37.0,1.0,1.0,61.0,7.0,0.0,,15.0,32.0,2.0,2000000.0,0.0,0.0,False,False,True,False,False,Java
1370200,137020004,3.0,3.0,33.0,1.0,1.0,5.0,7.0,0.0,,15.0,32.0,2.0,500000.0,2500000.0,14.731801689838347,False,False,True,False,False,Java
1370200,137020005,3.0,1.0,29.0,1.0,1.0,61.0,7.0,0.0,,1.0,32.0,1.0,0.0,0.0,0.0,False,True,False,False,False,Java
1370200,137020007,7.0,3.0,70.0,1.0,1.0,1.0,96.0,0.0,15.0,15.0,32.0,2.0,0.0,0.0,0.0,False,False,True,False,False,Java
1370200,137020008,5.0,1.0,40.0,1.0,2.0,74.0,7.0,0.0,15.0,15.0,32.0,2.0,0.0,5000000.0,15.424948670398354,False,True,False,False,False,Java
1370231,137023103,2.0,3.0,27.0,1.0,1.0,60.0,7.0,1.0,74.0,1.0,32.0,1.0,0.0,0.0,0.0,True,False,True,False,True,Java
1370241,137024101,1.0,1.0,44.0,1.0,1.0,61.0,7.0,0.0,,15.0,32.0,2.0,2000000.0,0.0,0.0,False,True,False,False,False,Java
1370300,137030001,1.0,1.0,73.0,1.0,1.0,2.0,1.0,0.0,,15.0,32.0,2.0,0.0,0.0,0.0,False,True,False,False,False,Java
1370300,137030003,3.0,1.0,42.0,1.0,1.0,5.0,7.0,0.0,,15.0,32.0,2.0,0.0,300000.0,12.611541086966117,False,True,False,False,False,Java
1370300,137030004,3.0,1.0,37.0,1.0,1.0,2.0,7.0,0.0,,15.0,32.0,2.0,200000.0,0.0,0.0,False,True,False,False,False,Java
1370300,137040004,10.0,3.0,27.0,1.0,1.0,2.0,7.0,1.0,15.0,71.0,36.0,1.0,0.0,0.0,0.0,True,False,True,False,True,Java
1370300,137040005,10.0,3.0,24.0,1.0,1.0,2.0,7.0,0.0,,71.0,36.0,1.0,100000.0,0.0,0.0,False,False,True,False,False,Java
1370300,137040006,10.0,1.0,21.0,1.0,1.0,2.0,7.0,1.0,15.0,71.0,36.0,1.0,100000.0,50000.0,10.819798284210286,True,True,False,True,False,Java
1370300,137031104,5.0,3.0,39.0,1.0,1.0,5.0,7.0,0.0,,15.0,32.0,2.0,0.0,0.0,0.0,False,False,True,False,False,Java
1370300,137031107,10.0,3.0,16.0,1.0,1.0,5.0,1.0,0.0,15.0,15.0,32.0,2.0,0.0,0.0,0.0,False,False,True,False,False,Java
1370400,137040002,2.0,3.0,50.0,1.0,1.0,1.0,96.0,0.0,,71.0,36.0,1.0,0.0,0.0,0.0,False,False,True,False,False,Java
1370400,137040008,1.0,1.0,39.0,1.0,1.0,2.0,7.0,0.0,71.0,71.0,36.0,1.0,0.0,0.0,0.0,False,True,False,False,False,Java
1370452,137045201,1.0,1.0,28.0,1.0,1.0,2.0,4.0,1.0,15.0,71.0,36.0,1.0,200000.0,50000.0,10.819798284210286,True,True,False,True,False,Java
1370511,137050003,1.0,1.0,52.0,1.0,2.0,3.0,7.0,0.0,,15.0,32.0,2.0,500000.0,0.0,0.0,False,True,False,False,False,Java
1370511,137051102,2.0,3.0,40.0,1.0,1.0,2.0,7.0,0.0,,15.0,32.0,2.0,0.0,0.0,0.0,False,False,True,False,False,Java
1370512,137051202,8.0,3.0,41.0,1.0,1.0,2.0,7.0,0.0,,15.0,32.0,2.0,0.0,0.0,0.0,False,False,True,False,False,Java
1370512,137051203,13.0,3.0,18.0,1.0,1.0,6.0,7.0,0.0,15.0,15.0,32.0,2.0,0.0,2000000.0,14.508658238524095,False,False,True,False,False,Java
1370600,137060001,1.0,1.0,54.0,1.0,1.0,2.0,1.0,0.0,,15.0,32.0,2.0,0.0,2000000.0,14.508658238524095,False,True,False,False,False,Java
1370600,137060002,2.0,3.0,50.0,1.0,1.0,2.0,0.0,0.0,,15.0,32.0,2.0,0.0,0.0,0.0,False,False,True,False,False,Java
1370600,137060003,3.0,3.0,30.0,1.0,1.0,3.0,7.0,0.0,,15.0,32.0,2.0,0.0,0.0,0.0,False,False,True,False,False,Java
1370600,137060004,3.0,3.0,27.0,1.0,1.0,3.0,7.0,0.0,15.0,15.0,32.0,2.0,0.0,0.0,0.0,False,False,True,False,False,Java
1370641,137064103,1.0,1.0,36.0,1.0,1.0,73.0,0.0,0.0,15.0,15.0,32.0,2.0,0.0,0.0,0.0,False,True,False,False,False,Java
1370800,137080001,1.0,1.0,52.0,1.0,1.0,2.0,7.0,0.0,,15.0,32.0,2.0,0.0,0.0,0.0,False,True,False,False,False,Java
1370800,137080002,21.0,3.0,45.0,1.0,1.0,2.0,7.0,0.0,15.0,15.0,32.0,2.0,0.0,0.0,0.0,False,False,True,False,False,Java
1370800,137080007,2.0,3.0,43.0,1.0,1.0,3.0,7.0,0.0,,15.0,32.0,2.0,0.0,0.0,0.0,False,False,True,False,False,Java
1370831,137083102,1.0,1.0,57.0,1.0,1.0,2.0,98.0,0.0,,15.0,32.0,2.0,0.0,0.0,0.0,False,True,False,False,False,Java
1370841,137084102,1.0,3.0,27.0,1.0,1.0,2.0,7.0,0.0,15.0,15.0,32.0,2.0,900000.0,600000.0,13.304686600863562,False,False,True,False,False,Java
1370900,137090001,1.0,1.0,50.0,1.0,1.0,2.0,7.0,0.0,,15.0,32.0,2.0,0.0,0.0,0.0,False,True,False,False,False,Java
1370900,137090002,2.0,3.0,45.0,1.0,1.0,2.0,7.0,0.0,,15.0,32.0,2.0,0.0,0.0,0.0,False,False,True,False,False,Java
1370900,137090003,3.0,1.0,35.0,1.0,1.0,3.0,1.0,0.0,,15.0,32.0,2.0,0.0,3050000.0,14.930652476452392,False,True,False,False,False,Java
1370900,137090004,3.0,1.0,33.0,1.0,1.0,2.0,7.0,0.0,,15.0,32.0,2.0,0.0,0.0,0.0,False,True,False,False,False,Java
1370900,137090005,3.0,1.0,29.0,1.0,1.0,5.0,1.0,0.0,,15.0,32.0,2.0,0.0,2000000.0,14.508658238524095,False,True,False,False,False,Java
1370900,137094202,5.0,3.0,28.0,1.0,1.0,98.0,98.0,0.0,,15.0,32.0,2.0,0.0,0.0,0.0,False,False,True,False,False,Java
1371000,137100001,1.0,1.0,55.0,1.0,1.0,2.0,2.0,0.0,,15.0,32.0,2.0,0.0,0.0,0.0,False,True,False,False,False,Java
1371000,137100006,2.0,3.0,53.0,1.0,1.0,1.0,96.0,0.0,15.0,15.0,32.0,2.0,30000.0,0.0,0.0,False,False,True,False,False,Java
1371131,137113101,1.0,1.0,46.0,1.0,1.0,2.0,98.0,0.0,15.0,15.0,32.0,2.0,0.0,0.0,0.0,False,True,False,False,False,Java
1371200,137120003,1.0,1.0,44.0,1.0,1.0,2.0,7.0,0.0,,15.0,32.0,2.0,0.0,0.0,0.0,False,True,False,False,False,Java
1371200,137120006,2.0,3.0,52.0,1.0,1.0,2.0,7.0,0.0,,15.0,32.0,2.0,0.0,0.0,0.0,False,False,True,False,False,Java
1371200,137120008,4.0,1.0,21.0,1.0,1.0,3.0,7.0,0.0,15.0,15.0,32.0,2.0,0.0,0.0,0.0,False,True,False,False,False,Java
1371200,137120009,4.0,1.0,27.0,1.0,1.0,3.0,7.0,0.0,15.0,15.0,32.0,2.0,0.0,0.0,0.0,False,True,False,False,False,Java
1371300,137130001,1.0,1.0,66.0,1.0,1.0,2.0,0.0,0.0,,15.0,32.0,2.0,0.0,0.0,0.0,False,True,False,False,False,Java
1371300,137130002,2.0,3.0,61.0,1.0,1.0,2.0,0.0,0.0,,15.0,32.0,2.0,0.0,0.0,0.0,False,False,True,False,False,Java
1371300,137130003,3.0,3.0,39.0,1.0,1.0,3.0,1.0,0.0,15.0,15.0,32.0,2.0,100000.0,50000.0,10.819798284210286,False,False,True,False,False,Java
1371300,137130004,3.0,1.0,31.0,1.0,1.0,2.0,2.0,0.0,,15.0,32.0,2.0,200000.0,200000.0,12.206077645517674,False,True,False,False,False,Java
1371300,137130005,5.0,1.0,39.0,1.0,1.0,2.0,7.0,0.0,15.0,15.0,32.0,2.0,0.0,0.0,0.0,False,True,False,False,False,Java
1371300,137130006,10.0,1.0,20.0,1.0,1.0,2.0,7.0,0.0,15.0,15.0,32.0,2.0,0.0,1000000.0,13.815511557963774,False,True,False,False,False,Java
1371300,137130011,3.0,3.0,36.0,1.0,1.0,2.0,0.0,0.0,15.0,15.0,32.0,2.0,1000000.0,0.0,0.0,False,False,True,False,False,Java
1371341,137134102,2.0,3.0,31.0,1.0,1.0,3.0,7.0,0.0,,15.0,32.0,2.0,200000.0,200000.0,12.206077645517674,False,False,True,False,False,Java
1371351,137135103,3.0,3.0,18.0,1.0,1.0,6.0,7.0,0.0,15.0,15.0,32.0,2.0,0.0,1515000.0,14.230926656991397,False,False,True,False,False,Java
1371400,137140001,1.0,1.0,61.0,1.0,2.0,1.0,96.0,0.0,,15.0,32.0,2.0,50000.0,300000.0,12.611541086966117,False,True,False,False,False,Java
1371400,137140002,2.0,3.0,60.0,1.0,1.0,1.0,96.0,0.0,,15.0,32.0,2.0,100000.0,30000.0,10.308985993422082,False,False,True,False,False,Java
1371400,137140003,3.0,3.0,37.0,1.0,1.0,2.0,7.0,0.0,,15.0,32.0,2.0,50000.0,100000.0,11.51293546492023,False,False,True,False,False,Java
1371400,137140004,5.0,1.0,39.0,1.0,1.0,98.0,98.0,0.0,,15.0,32.0,2.0,100000.0,800000.0,13.592368256649284,False,True,False,False,False,Java
1371400,137140005,10.0,1.0,21.0,1.0,1.0,6.0,7.0,0.0,15.0,15.0,32.0,1.0,2000000.0,2000000.0,14.508658238524095,False,True,False,False,False,Java
1371500,137150001,1.0,1.0,46.0,1.0,1.0,2.0,7.0,0.0,,15.0,32.0,2.0,200000.0,0.0,0.0,False,True,False,False,False,Java
1371500,137150002,2.0,3.0,45.0,1.0,1.0,2.0,7.0,0.0,,15.0,32.0,2.0,0.0,0.0,0.0,False,False,True,False,False,Java
1371500,137150003,3.0,3.0,25.0,1.0,1.0,5.0,7.0,0.0,,15.0,32.0,2.0,0.0,0.0,0.0,False,False,True,False,False,Java
1371500,137150007,5.0,1.0,24.0,1.0,1.0,6.0,7.0,0.0,15.0,15.0,32.0,2.0,0.0,0.0,0.0,False,True,False,False,False,Java
1371551,137155102,3.0,3.0,20.0,1.0,1.0,3.0,7.0,0.0,15.0,15.0,32.0,2.0,100000.0,0.0,0.0,False,False,True,False,False,Java
1371600,137160001,1.0,3.0,71.0,1.0,1.0,1.0,96.0,0.0,15.0,15.0,32.0,2.0,0.0,0.0,0.0,False,False,True,False,False,Java
1371600,137160002,3.0,1.0,38.0,1.0,1.0,2.0,7.0,0.0,,15.0,32.0,2.0,250000.0,300000.0,12.611541086966117,False,True,False,False,False,Java
1371600,137160003,3.0,1.0,37.0,1.0,1.0,2.0,7.0,0.0,,15.0,32.0,2.0,200000.0,100000.0,11.51293546492023,False,True,False,False,False,Java
1371600,137160004,10.0,3.0,34.0,1.0,1.0,2.0,7.0,0.0,,15.0,32.0,2.0,0.0,700000.0,13.45883704259595,False,False,True,False,False,Java
1371611,137161102,2.0,3.0,35.0,1.0,1.0,3.0,7.0,0.0,15.0,15.0,32.0,2.0,200000.0,200000.0,12.206077645517674,False,False,True,False,False,Java
1371611,137161106,3.0,3.0,16.0,1.0,1.0,5.0,1.0,0.0,15.0,15.0,32.0,2.0,0.0,300000.0,12.611541086966117,False,False,True,False,False,Java
1371631,137163101,1.0,1.0,36.0,1.0,1.0,3.0,7.0,0.0,15.0,15.0,32.0,2.0,300000.0,200000.0,12.206077645517674,False,True,False,False,False,Java
1371641,137164102,2.0,3.0,35.0,1.0,1.0,3.0,7.0,0.0,,15.0,32.0,2.0,0.0,0.0,0.0,False,False,True,False,False,Java
1371700,137170002,1.0,3.0,50.0,1.0,1.0,1.0,96.0,0.0,,15.0,32.0,2.0,3600000.0,0.0,0.0,False,False,True,False,False,Java
1371700,137170003,3.0,1.0,28.0,1.0,1.0,3.0,0.0,0.0,,1.0,32.0,1.0,500000.0,0.0,0.0,False,True,False,False,False,Java
1371700,137170005,3.0,3.0,20.0,1.0,1.0,3.0,7.0,0.0,15.0,15.0,32.0,2.0,0.0,0.0,0.0,False,False,True,False,False,Java
1371700,137170009,5.0,1.0,23.0,1.0,1.0,2.0,7.0,0.0,15.0,15.0,32.0,2.0,100000.0,0.0,0.0,False,True,False,False,False,Java
1371700,137170010,6.0,3.0,64.0,1.0,1.0,1.0,96.0,0.0,15.0,15.0,32.0,2.0,0.0,100000.0,11.51293546492023,False,False,True,False,False,Java
1371741,137174102,2.0,3.0,29.0,1.0,1.0,3.0,7.0,0.0,,1.0,32.0,1.0,600000.0,0.0,0.0,False,False,True,False,False,Java
1371800,137180005,13.0,1.0,37.0,1.0,1.0,2.0,7.0,0.0,,1.0,32.0,1.0,0.0,0.0,0.0,False,True,False,False,False,Java
1371800,137180006,16.0,3.0,32.0,1.0,1.0,2.0,7.0,0.0,,1.0,32.0,1.0,200000.0,0.0,0.0,False,False,True,False,False,Java
1371800,137180007,1.0,3.0,56.0,1.0,1.0,1.0,96.0,0.0,15.0,15.0,32.0,2.0,0.0,0.0,0.0,False,False,True,False,False,Java
1371800,137180008,13.0,3.0,21.0,1.0,1.0,2.0,7.0,0.0,15.0,15.0,32.0,2.0,500000.0,1000000.0,13.815511557963774,False,False,True,False,False,Java
1372000,137200001,1.0,1.0,50.0,1.0,1.0,2.0,1.0,0.0,,15.0,32.0,2.0,200000.0,7000000.0,15.76142084987672,False,True,False,False,False,Java
1372000,137200003,3.0,3.0,27.0,1.0,1.0,6.0,7.0,0.0,,15.0,32.0,1.0,0.0,0.0,0.0,False,False,True,False,False,Java
1372000,137200005,3.0,3.0,19.0,1.0,1.0,61.0,0.0,0.0,15.0,15.0,32.0,2.0,350000.0,50000.0,10.819798284210286,False,False,True,False,False,Java
1372200,137220001,2.0,3.0,49.0,1.0,1.0,2.0,7.0,0.0,,15.0,32.0,2.0,0.0,0.0,0.0,False,False,True,False,False,Java
1372200,137220003,4.0,3.0,32.0,1.0,1.0,5.0,1.0,0.0,,15.0,32.0,2.0,200000.0,400000.0,12.899222326086994,False,False,True,False,False,Java
1372232,137223201,1.0,1.0,37.0,1.0,1.0,2.0,7.0,0.0,,15.0,32.0,2.0,200000.0,400000.0,12.899222326086994,False,True,False,False,False,Java
1372300,137230008,2.0,3.0,19.0,1.0,1.0,2.0,7.0,0.0,15.0,15.0,32.0,2.0,0.0,0.0,0.0,False,False,True,False,False,Java
1372300,137230009,1.0,1.0,27.0,1.0,1.0,2.0,7.0,0.0,15.0,15.0,32.0,2.0,0.0,0.0,0.0,False,True,False,False,False,Java
1372400,137240008,1.0,3.0,35.0,1.0,1.0,2.0,7.0,0.0,,15.0,32.0,2.0,1500000.0,0.0,0.0,False,False,True,False,False,Java
1372441,137244102,1.0,3.0,27.0,1.0,1.0,2.0,7.0,0.0,,15.0,32.0,2.0,0.0,0.0,0.0,False,False,True,False,False,Java
1372500,137250001,1.0,1.0,62.0,1.0,1.0,2.0,2.0,0.0,,15.0,32.0,2.0,0.0,0.0,0.0,False,True,False,False,False,Java
1372500,137250002,2.0,3.0,61.0,1.0,1.0,2.0,0.0,0.0,,15.0,32.0,2.0,0.0,0.0,0.0,False,False,True,False,False,Java
1372500,137250003,3.0,1.0,40.0,1.0,1.0,2.0,7.0,1.0,15.0,9.0,32.0,2.0,700000.0,2500000.0,14.731801689838347,True,True,False,True,False,Java
1372500,137250006,7.0,3.0,87.0,1.0,1.0,1.0,96.0,0.0,15.0,15.0,32.0,2.0,0.0,0.0,0.0,False,False,True,False,False,Java
1372500,137250007,5.0,3.0,39.0,1.0,1.0,74.0,7.0,0.0,9.0,9.0,32.0,2.0,0.0,50000.0,10.819798284210286,False,False,True,False,False,Java
1372500,137250008,3.0,1.0,16.0,1.0,1.0,3.0,2.0,0.0,15.0,15.0,32.0,2.0,0.0,20000.0,9.90353755128617,False,True,False,False,False,Java
1372500,137250009,10.0,3.0,18.0,1.0,1.0,6.0,2.0,0.0,9.0,9.0,32.0,2.0,0.0,50000.0,10.819798284210286,False,False,True,False,False,Java
1372531,137253102,3.0,3.0,32.0,1.0,1.0,2.0,7.0,0.0,,15.0,32.0,2.0,0.0,300000.0,12.611541086966117,False,False,True,False,False,Java
1372700,137270007,1.0,3.0,15.0,1.0,1.0,3.0,2.0,0.0,15.0,15.0,32.0,2.0,0.0,300000.0,12.611541086966117,False,False,True,False,False,Java
1372900,137290004,9.0,1.0,33.0,1.0,1.0,1.0,96.0,0.0,,15.0,32.0,2.0,0.0,0.0,0.0,False,True,False,False,False,Java
1372900,137290006,9.0,1.0,28.0,1.0,1.0,2.0,7.0,0.0,,1.0,32.0,1.0,0.0,0.0,0.0,False,True,False,False,False,Java
1372900,137290007,2.0,3.0,26.0,1.0,1.0,2.0,7.0,0.0,15.0,15.0,32.0,2.0,0.0,500000.0,13.122365377402328,False,False,True,False,False,Java
1372900,137290009,1.0,1.0,32.0,1.0,1.0,1.0,96.0,0.0,15.0,15.0,32.0,2.0,0.0,0.0,0.0,False,True,False,False,False,Java
1372911,137291103,12.0,3.0,47.0,1.0,1.0,2.0,5.0,0.0,,15.0,32.0,2.0,0.0,600000.0,13.304686600863562,False,False,True,False,False,Java
1372911,137291111,14.0,3.0,17.0,1.0,1.0,3.0,7.0,0.0,15.0,15.0,32.0,2.0,0.0,500000.0,13.122365377402328,False,False,True,False,False,Java
1372951,137295110,3.0,3.0,25.0,1.0,1.0,2.0,2.0,0.0,15.0,15.0,32.0,2.0,0.0,0.0,0.0,False,False,True,False,False,Java
1372952,137295202,2.0,3.0,28.0,1.0,1.0,2.0,7.0,1.0,15.0,1.0,32.0,1.0,200000.0,0.0,0.0,True,False,True,False,True,Java
1373000,137300002,1.0,3.0,73.0,1.0,1.0,1.0,96.0,0.0,,15.0,32.0,2.0,1000000.0,0.0,0.0,False,False,True,False,False,Java
1381442,138140006,1.0,1.0,33.0,1.0,2.0,2.0,7.0,1.0,15.0,16.0,32.0,2.0,0.0,0.0,0.0,True,True,False,True,False,Java
1381442,138144202,2.0,3.0,30.0,1.0,1.0,2.0,7.0,0.0,,16.0,32.0,2.0,0.0,0.0,0.0,False,False,True,False,False,Java
1381700,138170005,1.0,1.0,52.0,1.0,1.0,2.0,7.0,0.0,15.0,15.0,32.0,2.0,500000.0,0.0,0.0,False,True,False,False,False,Java
1381700,138170009,2.0,3.0,47.0,1.0,1.0,2.0,3.0,0.0,15.0,15.0,32.0,2.0,0.0,0.0,0.0,False,False,True,False,False,Java
1390100,139010001,6.0,1.0,62.0,1.0,1.0,2.0,3.0,1.0,16.0,15.0,33.0,2.0,0.0,0.0,0.0,True,True,False,True,False,Java
1390100,139010002,6.0,3.0,55.0,1.0,1.0,1.0,96.0,0.0,21.0,21.0,35.0,2.0,0.0,0.0,0.0,False,False,True,False,False,Java
1390100,139010003,8.0,1.0,36.0,1.0,1.0,2.0,7.0,0.0,,16.0,33.0,2.0,0.0,0.0,0.0,False,True,False,False,False,Java
1390100,139010004,8.0,3.0,34.0,1.0,1.0,2.0,7.0,0.0,,21.0,35.0,2.0,0.0,0.0,0.0,False,False,True,False,False,Java
1390100,139010007,11.0,3.0,87.0,1.0,1.0,1.0,96.0,1.0,16.0,15.0,33.0,2.0,0.0,0.0,0.0,True,False,True,False,True,Java
1390100,139010008,1.0,3.0,21.0,1.0,1.0,5.0,7.0,1.0,75.0,15.0,33.0,2.0,0.0,2000000.0,14.508658238524095,True,False,True,False,True,Java
1390131,139013105,2.0,3.0,37.0,1.0,1.0,2.0,1.0,1.0,16.0,15.0,33.0,2.0,0.0,0.0,0.0,True,False,True,False,True,Java
1390132,139013201,1.0,1.0,42.0,1.0,1.0,5.0,7.0,0.0,,21.0,35.0,2.0,,,,False,True,False,False,False,Java
1390140,139014002,2.0,3.0,33.0,1.0,1.0,73.0,7.0,0.0,,16.0,33.0,2.0,150000.0,300000.0,12.611541086966117,False,False,True,False,False,Java
1390300,139030001,1.0,1.0,55.0,1.0,1.0,61.0,7.0,0.0,,75.0,32.0,1.0,500000.0,0.0,0.0,False,True,False,False,False,Java
1390300,139030002,2.0,3.0,48.0,1.0,1.0,6.0,7.0,0.0,,75.0,32.0,1.0,0.0,0.0,0.0,False,False,True,False,False,Java
1390300,139030003,3.0,3.0,28.0,1.0,1.0,61.0,6.0,0.0,,75.0,32.0,1.0,800000.0,500000.0,13.122365377402328,False,False,True,False,False,Java
1390300,139030004,3.0,3.0,25.0,1.0,1.0,60.0,3.0,0.0,,75.0,32.0,1.0,0.0,0.0,0.0,False,False,True,False,False,Java
1390300,139030005,3.0,1.0,23.0,1.0,1.0,61.0,6.0,0.0,,75.0,32.0,1.0,350000.0,50000.0,10.819798284210286,False,True,False,False,False,Java
1390300,139030006,3.0,3.0,20.0,1.0,1.0,5.0,7.0,0.0,75.0,75.0,32.0,1.0,50000.0,0.0,0.0,False,False,True,False,False,Java
1390300,139030007,5.0,1.0,27.0,1.0,3.0,61.0,7.0,1.0,72.0,75.0,32.0,1.0,0.0,20000.0,9.90353755128617,True,True,False,True,False,Java
1390942,139094202,2.0,3.0,26.0,1.0,1.0,5.0,7.0,1.0,5.0,16.0,32.0,1.0,150000.0,0.0,0.0,True,False,True,False,True,Java
1390943,139094302,2.0,3.0,21.0,1.0,1.0,6.0,7.0,1.0,12.0,75.0,32.0,1.0,0.0,0.0,0.0,True,False,True,False,True,Java
1391400,139140001,1.0,1.0,60.0,1.0,1.0,60.0,7.0,0.0,,75.0,32.0,1.0,700000.0,0.0,0.0,False,True,False,False,False,Java
1391400,139140002,2.0,3.0,48.0,1.0,1.0,5.0,7.0,0.0,,75.0,32.0,1.0,1500000.0,0.0,0.0,False,False,True,False,False,Java
1391400,139140003,3.0,3.0,28.0,1.0,1.0,5.0,7.0,0.0,,75.0,32.0,1.0,0.0,0.0,0.0,False,False,True,False,False,Java
1391400,139140005,3.0,3.0,22.0,1.0,1.0,5.0,7.0,0.0,,75.0,32.0,1.0,0.0,0.0,0.0,False,False,True,False,False,Java
1391400,139140006,3.0,1.0,20.0,1.0,1.0,61.0,3.0,0.0,75.0,75.0,32.0,1.0,0.0,0.0,0.0,False,True,False,False,False,Java
1391441,139144102,1.0,1.0,25.0,1.0,1.0,5.0,7.0,1.0,16.0,75.0,32.0,1.0,500000.0,1000000.0,13.815511557963774,True,True,False,True,False,Java
1391800,139180001,1.0,1.0,59.0,1.0,1.0,61.0,7.0,0.0,,75.0,32.0,1.0,0.0,300000.0,12.611541086966117,False,True,False,False,False,Java
1391800,139180002,2.0,3.0,53.0,1.0,1.0,3.0,7.0,0.0,,75.0,32.0,1.0,500000.0,300000.0,12.611541086966117,False,False,True,False,False,Java
1391800,139180005,3.0,3.0,24.0,1.0,1.0,60.0,7.0,0.0,,75.0,32.0,1.0,0.0,1500000.0,14.220976332738882,False,False,True,False,False,Java
1391800,139180006,3.0,1.0,16.0,1.0,1.0,6.0,1.0,0.0,75.0,75.0,32.0,1.0,0.0,500000.0,13.122365377402328,False,True,False,False,False,Java
1391800,139180007,3.0,3.0,15.0,1.0,1.0,6.0,0.0,0.0,75.0,75.0,32.0,1.0,0.0,50000.0,10.819798284210286,False,False,True,False,False,Java
1392000,139200002,1.0,3.0,51.0,1.0,1.0,5.0,7.0,0.0,,75.0,32.0,1.0,0.0,3500000.0,15.068273812173889,False,False,True,False,False,Java
1392000,139200004,3.0,1.0,24.0,1.0,1.0,61.0,6.0,0.0,,75.0,32.0,1.0,0.0,0.0,0.0,False,True,False,False,False,Java
1400500,140050001,1.0,1.0,57.0,1.0,9.0,5.0,7.0,0.0,,75.0,32.0,1.0,0.0,2000000.0,14.508658238524095,False,True,False,False,False,Minang
1400500,140050002,2.0,3.0,54.0,1.0,9.0,5.0,7.0,0.0,,75.0,32.0,1.0,0.0,1000000.0,13.815511557963774,False,False,True,False,False,Minang
1400500,140050006,3.0,1.0,17.0,1.0,9.0,5.0,2.0,0.0,75.0,75.0,32.0,1.0,0.0,500000.0,13.122365377402328,False,True,False,False,False,Minang
1400751,140075102,2.0,3.0,26.0,1.0,1.0,60.0,7.0,1.0,72.0,16.0,32.0,1.0,0.0,0.0,0.0,True,False,True,False,True,Java
1400800,140080001,1.0,1.0,55.0,1.0,1.0,6.0,7.0,0.0,,75.0,32.0,1.0,0.0,0.0,0.0,False,True,False,False,False,Java
1400800,140080002,2.0,3.0,51.0,1.0,2.0,62.0,7.0,0.0,,75.0,32.0,1.0,1500000.0,0.0,0.0,False,False,True,False,False,Java
1400800,140080003,3.0,3.0,28.0,1.0,1.0,61.0,7.0,0.0,,75.0,32.0,1.0,1000000.0,0.0,0.0,False,False,True,False,False,Java
1400800,140080004,3.0,3.0,22.0,1.0,2.0,61.0,7.0,0.0,,75.0,32.0,1.0,0.0,300000.0,12.611541086966117,False,False,True,False,False,Java
1400800,140080005,13.0,1.0,41.0,1.0,1.0,6.0,7.0,0.0,,15.0,35.0,1.0,0.0,0.0,0.0,False,True,False,False,False,Java
1400832,140083202,2.0,3.0,43.0,1.0,1.0,2.0,7.0,0.0,,15.0,35.0,1.0,2000000.0,0.0,0.0,False,False,True,False,False,Java
1400900,140090002,1.0,3.0,56.0,1.0,1.0,3.0,7.0,0.0,,75.0,32.0,1.0,0.0,300000.0,12.611541086966117,False,False,True,False,False,Java
1401100,140110001,1.0,1.0,53.0,1.0,1.0,3.0,7.0,0.0,,75.0,32.0,1.0,0.0,0.0,0.0,False,True,False,False,False,Java
1401100,140110002,2.0,3.0,54.0,1.0,1.0,2.0,7.0,0.0,,75.0,32.0,1.0,0.0,0.0,0.0,False,False,True,False,False,Java
1401100,140110004,3.0,3.0,24.0,1.0,1.0,6.0,7.0,0.0,,75.0,32.0,1.0,0.0,0.0,0.0,False,False,True,False,False,Java
1401100,140110005,3.0,3.0,20.0,1.0,1.0,61.0,1.0,0.0,75.0,75.0,32.0,1.0,0.0,0.0,0.0,False,False,True,False,False,Java
1401100,140110006,3.0,1.0,17.0,1.0,1.0,6.0,2.0,0.0,75.0,75.0,32.0,1.0,0.0,0.0,0.0,False,True,False,False,False,Java
1401100,140110007,5.0,1.0,22.0,1.0,2.0,6.0,7.0,1.0,3.0,75.0,32.0,1.0,0.0,500000.0,13.122365377402328,True,True,False,True,False,Java
1401351,140135101,1.0,1.0,31.0,1.0,1.0,61.0,5.0,1.0,72.0,75.0,32.0,1.0,0.0,0.0,0.0,True,True,False,True,False,Java
1401400,140140001,1.0,1.0,59.0,1.0,1.0,6.0,7.0,0.0,,75.0,32.0,1.0,0.0,0.0,0.0,False,True,False,False,False,Java
1401400,140140002,2.0,3.0,52.0,1.0,1.0,3.0,0.0,0.0,,75.0,32.0,1.0,0.0,0.0,0.0,False,False,True,False,False,Java
1401400,140140004,3.0,1.0,30.0,1.0,1.0,61.0,7.0,0.0,,75.0,32.0,1.0,800000.0,200000.0,12.206077645517674,False,True,False,False,False,Java
1401400,140140005,5.0,3.0,23.0,1.0,2.0,60.0,7.0,1.0,2.0,75.0,32.0,1.0,0.0,0.0,0.0,True,False,True,False,True,Java
1401800,140180002,1.0,3.0,45.0,1.0,1.0,4.0,7.0,0.0,,75.0,32.0,1.0,500000.0,400000.0,12.899222326086994,False,False,True,False,False,Java
1401800,140180003,3.0,3.0,26.0,1.0,1.0,61.0,7.0,1.0,98.0,75.0,32.0,1.0,1000000.0,0.0,0.0,True,False,True,False,True,Java
1401800,140180005,3.0,3.0,18.0,1.0,1.0,4.0,7.0,0.0,75.0,75.0,32.0,1.0,0.0,200000.0,12.206077645517674,False,False,True,False,False,Java
1401800,140180006,3.0,1.0,15.0,1.0,1.0,6.0,0.0,0.0,75.0,75.0,32.0,1.0,0.0,300000.0,12.611541086966117,False,True,False,False,False,Java
1401831,140183102,1.0,3.0,39.0,1.0,9.0,5.0,7.0,0.0,,16.0,32.0,1.0,0.0,1500000.0,14.220976332738882,False,False,True,False,False,Minang
1402000,140200001,1.0,1.0,56.0,1.0,1.0,6.0,7.0,0.0,,75.0,32.0,1.0,0.0,0.0,0.0,False,True,False,False,False,Java
1402000,140200002,2.0,3.0,52.0,1.0,1.0,6.0,7.0,0.0,,75.0,32.0,1.0,0.0,0.0,0.0,False,False,True,False,False,Java
1402000,140200003,3.0,1.0,28.0,1.0,1.0,5.0,7.0,0.0,,75.0,32.0,1.0,0.0,1000000.0,13.815511557963774,False,True,False,False,False,Java
1402000,140200004,3.0,1.0,25.0,1.0,1.0,6.0,7.0,0.0,,75.0,32.0,1.0,6500000.0,0.0,0.0,False,True,False,False,False,Java
1402000,140200008,3.0,3.0,15.0,1.0,1.0,5.0,0.0,0.0,75.0,75.0,32.0,1.0,0.0,0.0,0.0,False,False,True,False,False,Java
1402031,140203104,2.0,3.0,28.0,1.0,1.0,60.0,7.0,0.0,75.0,75.0,32.0,1.0,0.0,1000000.0,13.815511557963774,False,False,True,False,False,Java
1411052,141105202,5.0,1.0,27.0,1.0,1.0,2.0,7.0,0.0,3.0,3.0,36.0,1.0,0.0,0.0,0.0,False,True,False,False,False,Java
1411841,141184102,2.0,3.0,31.0,1.0,1.0,73.0,7.0,0.0,,3.0,36.0,1.0,400000.0,1000000.0,13.815511557963774,False,False,True,False,False,Java
1411951,141195102,2.0,3.0,31.0,1.0,4.0,60.0,7.0,1.0,74.0,71.0,36.0,1.0,200000.0,200000.0,12.206077645517674,True,False,True,False,True,Batak
1412051,141205101,1.0,1.0,28.0,1.0,1.0,6.0,7.0,1.0,10.0,71.0,36.0,1.0,200000.0,0.0,0.0,True,True,False,True,False,Java
1412331,141233106,1.0,1.0,49.0,1.0,1.0,3.0,7.0,0.0,,3.0,36.0,1.0,20000.0,0.0,0.0,False,True,False,False,False,Java
1412452,141245202,8.0,3.0,30.0,1.0,1.0,2.0,7.0,0.0,3.0,3.0,36.0,1.0,720000.0,100000.0,11.51293546492023,False,False,True,False,False,Java
