hhid14,ethnic_label,n_adults,n_outmig_adults,nelm_d1_deployment,n_adults_in_ind,n_outmig_in_ind,n_male_out,n_female_out,D1_male,D1_female,D1_total_computed
0030100,Batak,9,1,0.1111111111111111,9.0,1.0,0.0,1.0,0.0,0.1111111111111111,0.1111111111111111
0030141,Java,1,0,0.0,1.0,0.0,0.0,0.0,0.0,0.0,0.0
0030151,Batak,2,0,0.0,2.0,0.0,0.0,0.0,0.0,0.0,0.0
0030152,Batak,1,1,1.0,1.0,1.0,1.0,0.0,1.0,0.0,1.0
0030153,Batak,1,0,0.0,1.0,0.0,0.0,0.0,0.0,0.0,0.0
0030200,Java,9,0,0.0,9.0,0.0,0.0,0.0,0.0,0.0,0.0
0030241,Batak,4,0,0.0,4.0,0.0,0.0,0.0,0.0,0.0,0.0
0030251,Batak,0,0,,,,0.0,0.0,,,
0030300,Batak,7,0,0.0,7.0,0.0,0.0,0.0,0.0,0.0,0.0
0030312,Batak,3,1,0.3333333333333333,3.0,1.0,1.0,0.0,0.3333333333333333,0.0,0.3333333333333333
0030342,Batak,1,0,0.0,1.0,0.0,0.0,0.0,0.0,0.0,0.0
0030400,Batak,7,0,0.0,7.0,0.0,0.0,0.0,0.0,0.0,0.0
0030451,Batak,1,0,0.0,1.0,0.0,0.0,0.0,0.0,0.0,0.0
0030500,Batak,10,1,0.1,10.0,1.0,0.0,1.0,0.0,0.1,0.1
0030541,Batak,1,0,0.0,1.0,0.0,0.0,0.0,0.0,0.0,0.0
0030551,Batak,1,0,0.0,1.0,0.0,0.0,0.0,0.0,0.0,0.0
0030552,Batak,1,0,0.0,1.0,0.0,0.0,0.0,0.0,0.0,0.0
0030700,Batak,4,0,0.0,4.0,0.0,0.0,0.0,0.0,0.0,0.0
0030800,Batak,8,0,0.0,8.0,0.0,0.0,0.0,0.0,0.0,0.0
0030900,Batak,17,0,0.0,17.0,0.0,0.0,0.0,0.0,0.0,0.0
0030941,Batak,2,1,0.5,2.0,1.0,1.0,0.0,0.5,0.0,0.5
0030951,Batak,2,0,0.0,2.0,0.0,0.0,0.0,0.0,0.0,0.0
0031000,Batak,5,0,0.0,5.0,0.0,0.0,0.0,0.0,0.0,0.0
0031041,Batak,1,0,0.0,1.0,0.0,0.0,0.0,0.0,0.0,0.0
0031042,Batak,1,0,0.0,1.0,0.0,0.0,0.0,0.0,0.0,0.0
0031100,Batak,5,1,0.2,5.0,1.0,0.0,1.0,0.0,0.2,0.2
0031151,Batak,1,0,0.0,1.0,0.0,0.0,0.0,0.0,0.0,0.0
0031200,Batak,6,0,0.0,6.0,0.0,0.0,0.0,0.0,0.0,0.0
0031211,Batak,2,0,0.0,2.0,0.0,0.0,0.0,0.0,0.0,0.0
0031241,Java,4,0,0.0,4.0,0.0,0.0,0.0,0.0,0.0,0.0
0031300,Batak,7,2,0.2857142857142857,7.0,2.0,2.0,0.0,0.2857142857142857,0.0,0.2857142857142857
0031341,Batak,3,1,0.3333333333333333,3.0,1.0,0.0,1.0,0.0,0.3333333333333333,0.3333333333333333
0031400,Batak,11,1,0.0909090909090909,11.0,1.0,0.0,1.0,0.0,0.09090909090909091,0.09090909090909091
0031431,Batak,1,1,1.0,1.0,1.0,1.0,0.0,1.0,0.0,1.0
0031500,Batak,6,1,0.1666666666666666,6.0,1.0,0.0,1.0,0.0,0.16666666666666666,0.16666666666666666
0031551,Batak,1,1,1.0,1.0,1.0,1.0,0.0,1.0,0.0,1.0
0031700,Batak,6,3,0.5,6.0,3.0,1.0,2.0,0.16666666666666666,0.3333333333333333,0.5
0031731,Batak,1,0,0.0,1.0,0.0,0.0,0.0,0.0,0.0,0.0
0031741,Batak,1,0,0.0,1.0,0.0,0.0,0.0,0.0,0.0,0.0
0031751,Batak,0,0,,,,0.0,0.0,,,
0031752,Batak,1,0,0.0,1.0,0.0,0.0,0.0,0.0,0.0,0.0
0031800,Batak,6,0,0.0,6.0,0.0,0.0,0.0,0.0,0.0,0.0
0031831,Batak,1,0,0.0,1.0,0.0,0.0,0.0,0.0,0.0,0.0
0031841,Batak,1,0,0.0,1.0,0.0,0.0,0.0,0.0,0.0,0.0
0031842,Batak,1,1,1.0,1.0,1.0,1.0,0.0,1.0,0.0,1.0
0031851,Batak,1,1,1.0,1.0,1.0,1.0,0.0,1.0,0.0,1.0
0031900,Batak,5,0,0.0,5.0,0.0,0.0,0.0,0.0,0.0,0.0
0031911,Batak,2,0,0.0,2.0,0.0,0.0,0.0,0.0,0.0,0.0
0031931,Batak,1,0,0.0,1.0,0.0,0.0,0.0,0.0,0.0,0.0
0031941,Batak,1,0,0.0,1.0,0.0,0.0,0.0,0.0,0.0,0.0
0031954,Batak,1,0,0.0,1.0,0.0,0.0,0.0,0.0,0.0,0.0
0032000,Batak,8,1,0.125,8.0,1.0,1.0,0.0,0.125,0.0,0.125
0032031,Java,3,1,0.3333333333333333,3.0,1.0,0.0,1.0,0.0,0.3333333333333333,0.3333333333333333
0032051,Batak,1,0,0.0,1.0,0.0,0.0,0.0,0.0,0.0,0.0
0032400,Batak,10,2,0.2,10.0,2.0,1.0,1.0,0.1,0.1,0.2
0032431,Batak,1,0,0.0,1.0,0.0,0.0,0.0,0.0,0.0,0.0
0032432,Batak,6,0,0.0,6.0,0.0,0.0,0.0,0.0,0.0,0.0
0032441,Batak,1,0,0.0,1.0,0.0,0.0,0.0,0.0,0.0,0.0
0032454,Batak,1,0,0.0,1.0,0.0,0.0,0.0,0.0,0.0,0.0
0032500,Batak,7,1,0.1428571428571428,7.0,1.0,0.0,1.0,0.0,0.14285714285714285,0.14285714285714285
0032652,Batak,1,1,1.0,1.0,1.0,1.0,0.0,1.0,0.0,1.0
0032700,Batak,5,1,0.2,5.0,1.0,1.0,0.0,0.2,0.0,0.2
0032800,Batak,5,2,0.4,5.0,2.0,2.0,0.0,0.4,0.0,0.4
0032831,Batak,5,0,0.0,5.0,0.0,0.0,0.0,0.0,0.0,0.0
0032900,Batak,6,1,0.1666666666666666,6.0,1.0,1.0,0.0,0.16666666666666666,0.0,0.16666666666666666
0032941,Batak,3,1,0.3333333333333333,3.0,1.0,0.0,1.0,0.0,0.3333333333333333,0.3333333333333333
0033000,Batak,4,0,0.0,4.0,0.0,0.0,0.0,0.0,0.0,0.0
0040100,Batak,4,2,0.5,4.0,2.0,2.0,0.0,0.5,0.0,0.5
0040200,Batak,8,0,0.0,8.0,0.0,0.0,0.0,0.0,0.0,0.0
0040241,Batak,1,1,1.0,1.0,1.0,0.0,1.0,0.0,1.0,1.0
0040252,Batak,1,0,0.0,1.0,0.0,0.0,0.0,0.0,0.0,0.0
0040300,Batak,10,0,0.0,10.0,0.0,0.0,0.0,0.0,0.0,0.0
0040321,Batak,3,0,0.0,3.0,0.0,0.0,0.0,0.0,0.0,0.0
0040351,Batak,2,1,0.5,2.0,1.0,0.0,1.0,0.0,0.5,0.5
0040400,Batak,9,2,0.2222222222222222,9.0,2.0,0.0,2.0,0.0,0.2222222222222222,0.2222222222222222
0040441,Batak,4,0,0.0,4.0,0.0,0.0,0.0,0.0,0.0,0.0
0040451,Batak,1,0,0.0,1.0,0.0,0.0,0.0,0.0,0.0,0.0
0040500,Batak,6,1,0.1666666666666666,6.0,1.0,0.0,1.0,0.0,0.16666666666666666,0.16666666666666666
0040551,Batak,1,0,0.0,1.0,0.0,0.0,0.0,0.0,0.0,0.0
0040600,Batak,7,1,0.1428571428571428,7.0,1.0,1.0,0.0,0.14285714285714285,0.0,0.14285714285714285
0040651,Batak,1,1,1.0,1.0,1.0,0.0,1.0,0.0,1.0,1.0
0040652,Batak,1,1,1.0,1.0,1.0,0.0,1.0,0.0,1.0,1.0
0040653,Batak,1,0,0.0,1.0,0.0,0.0,0.0,0.0,0.0,0.0
0040700,Batak,10,0,0.0,10.0,0.0,0.0,0.0,0.0,0.0,0.0
0040731,Batak,2,0,0.0,2.0,0.0,0.0,0.0,0.0,0.0,0.0
0040743,Batak,1,0,0.0,1.0,0.0,0.0,0.0,0.0,0.0,0.0
0040751,Batak,1,0,0.0,1.0,0.0,0.0,0.0,0.0,0.0,0.0
0040900,Batak,6,0,0.0,6.0,0.0,0.0,0.0,0.0,0.0,0.0
0041000,Batak,10,0,0.0,10.0,0.0,0.0,0.0,0.0,0.0,0.0
0041021,Batak,2,0,0.0,2.0,0.0,0.0,0.0,0.0,0.0,0.0
0041031,Batak,3,0,0.0,3.0,0.0,0.0,0.0,0.0,0.0,0.0
0041041,Batak,1,0,0.0,1.0,0.0,0.0,0.0,0.0,0.0,0.0
0041042,Batak,1,0,0.0,1.0,0.0,0.0,0.0,0.0,0.0,0.0
0041051,Batak,1,1,1.0,1.0,1.0,0.0,1.0,0.0,1.0,1.0
0041052,Batak,1,0,0.0,1.0,0.0,0.0,0.0,0.0,0.0,0.0
0041053,Batak,3,0,0.0,3.0,0.0,0.0,0.0,0.0,0.0,0.0
0041111,Batak,3,0,0.0,3.0,0.0,0.0,0.0,0.0,0.0,0.0
0041300,Batak,7,0,0.0,7.0,0.0,0.0,0.0,0.0,0.0,0.0
0041321,Batak,1,0,0.0,1.0,0.0,0.0,0.0,0.0,0.0,0.0
0041341,Batak,1,0,0.0,1.0,0.0,0.0,0.0,0.0,0.0,0.0
0041351,Batak,2,0,0.0,2.0,0.0,0.0,0.0,0.0,0.0,0.0
0041400,Batak,11,2,0.1818181818181818,11.0,2.0,1.0,1.0,0.09090909090909091,0.09090909090909091,0.18181818181818182
0041441,Batak,1,0,0.0,1.0,0.0,0.0,0.0,0.0,0.0,0.0
0041451,Batak,0,0,,,,0.0,0.0,,,
0041500,Batak,6,0,0.0,6.0,0.0,0.0,0.0,0.0,0.0,0.0
0041600,Batak,5,1,0.2,5.0,1.0,1.0,0.0,0.2,0.0,0.2
0041641,Batak,2,0,0.0,2.0,0.0,0.0,0.0,0.0,0.0,0.0
0041700,Batak,5,1,0.2,5.0,1.0,0.0,1.0,0.0,0.2,0.2
0041800,Batak,3,1,0.3333333333333333,3.0,1.0,1.0,0.0,0.3333333333333333,0.0,0.3333333333333333
0041941,Batak,3,0,0.0,3.0,0.0,0.0,0.0,0.0,0.0,0.0
0042000,Batak,4,1,0.25,4.0,1.0,1.0,0.0,0.25,0.0,0.25
0042041,Batak,1,0,0.0,1.0,0.0,0.0,0.0,0.0,0.0,0.0
0042200,Batak,7,2,0.2857142857142857,7.0,2.0,2.0,0.0,0.2857142857142857,0.0,0.2857142857142857
0042222,Batak,2,0,0.0,2.0,0.0,0.0,0.0,0.0,0.0,0.0
0042242,Batak,1,0,0.0,1.0,0.0,0.0,0.0,0.0,0.0,0.0
0042251,Batak,1,1,1.0,1.0,1.0,0.0,1.0,0.0,1.0,1.0
0042300,Batak,3,0,0.0,3.0,0.0,0.0,0.0,0.0,0.0,0.0
0042321,Batak,1,0,0.0,1.0,0.0,0.0,0.0,0.0,0.0,0.0
0042400,Batak,10,0,0.0,10.0,0.0,0.0,0.0,0.0,0.0,0.0
0042422,Batak,1,0,0.0,1.0,0.0,0.0,0.0,0.0,0.0,0.0
0042500,Batak,2,0,0.0,2.0,0.0,0.0,0.0,0.0,0.0,0.0
0042531,Batak,1,0,0.0,1.0,0.0,0.0,0.0,0.0,0.0,0.0
0042600,Batak,9,2,0.2222222222222222,9.0,2.0,1.0,1.0,0.1111111111111111,0.1111111111111111,0.2222222222222222
0042641,Batak,3,0,0.0,3.0,0.0,0.0,0.0,0.0,0.0,0.0
0042642,Batak,1,0,0.0,1.0,0.0,0.0,0.0,0.0,0.0,0.0
0042700,Batak,4,0,0.0,4.0,0.0,0.0,0.0,0.0,0.0,0.0
0042741,Batak,2,2,1.0,2.0,2.0,1.0,1.0,0.5,0.5,1.0
0042800,Batak,5,0,0.0,5.0,0.0,0.0,0.0,0.0,0.0,0.0
0042900,Batak,5,2,0.4,5.0,2.0,1.0,1.0,0.2,0.2,0.4
0042951,Batak,1,0,0.0,1.0,0.0,0.0,0.0,0.0,0.0,0.0
0043022,Batak,6,0,0.0,6.0,0.0,0.0,0.0,0.0,0.0,0.0
0050100,Batak,12,3,0.25,12.0,3.0,1.0,2.0,0.08333333333333333,0.16666666666666666,0.25
0050131,Batak,1,0,0.0,1.0,0.0,0.0,0.0,0.0,0.0,0.0
0050300,Java,6,0,0.0,6.0,0.0,0.0,0.0,0.0,0.0,0.0
0050341,Java,1,1,1.0,1.0,1.0,1.0,0.0,1.0,0.0,1.0
0050400,Java,7,0,0.0,7.0,0.0,0.0,0.0,0.0,0.0,0.0
0050441,Java,4,0,0.0,4.0,0.0,0.0,0.0,0.0,0.0,0.0
0050442,Java,1,0,0.0,1.0,0.0,0.0,0.0,0.0,0.0,0.0
0050500,Batak,3,1,0.3333333333333333,3.0,1.0,1.0,0.0,0.3333333333333333,0.0,0.3333333333333333
0050600,Java,7,0,0.0,7.0,0.0,0.0,0.0,0.0,0.0,0.0
0050641,Java,1,0,0.0,1.0,0.0,0.0,0.0,0.0,0.0,0.0
0050651,Java,1,1,1.0,1.0,1.0,0.0,1.0,0.0,1.0,1.0
0050700,Java,4,0,0.0,4.0,0.0,0.0,0.0,0.0,0.0,0.0
0050800,Java,4,0,0.0,4.0,0.0,0.0,0.0,0.0,0.0,0.0
0050900,Java,12,0,0.0,12.0,0.0,0.0,0.0,0.0,0.0,0.0
0050941,Java,3,0,0.0,3.0,0.0,0.0,0.0,0.0,0.0,0.0
0050951,Java,1,1,1.0,1.0,1.0,0.0,1.0,0.0,1.0,1.0
0050952,Java,1,1,1.0,1.0,1.0,1.0,0.0,1.0,0.0,1.0
0050953,Batak,2,0,0.0,2.0,0.0,0.0,0.0,0.0,0.0,0.0
0051000,Batak,6,0,0.0,6.0,0.0,0.0,0.0,0.0,0.0,0.0
0051041,Java,1,0,0.0,1.0,0.0,0.0,0.0,0.0,0.0,0.0
0051100,Java,6,2,0.3333333333333333,6.0,2.0,2.0,0.0,0.3333333333333333,0.0,0.3333333333333333
0051111,Java,3,1,0.3333333333333333,3.0,1.0,0.0,1.0,0.0,0.3333333333333333,0.3333333333333333
0051300,Java,12,1,0.0833333333333333,12.0,1.0,1.0,0.0,0.08333333333333333,0.0,0.08333333333333333
0051312,Java,2,0,0.0,2.0,0.0,0.0,0.0,0.0,0.0,0.0
0051341,Java,3,0,0.0,3.0,0.0,0.0,0.0,0.0,0.0,0.0
0051351,Java,1,0,0.0,1.0,0.0,0.0,0.0,0.0,0.0,0.0
0051400,Java,8,0,0.0,8.0,0.0,0.0,0.0,0.0,0.0,0.0
0051431,Java,1,0,0.0,1.0,0.0,0.0,0.0,0.0,0.0,0.0
0051441,Batak,1,0,0.0,1.0,0.0,0.0,0.0,0.0,0.0,0.0
0051442,Java,1,0,0.0,1.0,0.0,0.0,0.0,0.0,0.0,0.0
0051451,Java,3,0,0.0,3.0,0.0,0.0,0.0,0.0,0.0,0.0
0051500,Java,3,0,0.0,3.0,0.0,0.0,0.0,0.0,0.0,0.0
0051600,Java,7,0,0.0,7.0,0.0,0.0,0.0,0.0,0.0,0.0
0051641,Java,2,0,0.0,2.0,0.0,0.0,0.0,0.0,0.0,0.0
0051642,Java,1,0,0.0,1.0,0.0,0.0,0.0,0.0,0.0,0.0
0051651,Java,2,0,0.0,2.0,0.0,0.0,0.0,0.0,0.0,0.0
0051700,Batak,4,1,0.25,4.0,1.0,1.0,0.0,0.25,0.0,0.25
0051741,Batak,1,0,0.0,1.0,0.0,0.0,0.0,0.0,0.0,0.0
0051800,Java,8,0,0.0,8.0,0.0,0.0,0.0,0.0,0.0,0.0
0051851,Java,2,1,0.5,2.0,1.0,1.0,0.0,0.5,0.0,0.5
0051852,Java,1,0,0.0,1.0,0.0,0.0,0.0,0.0,0.0,0.0
0052000,Batak,8,1,0.125,8.0,1.0,1.0,0.0,0.125,0.0,0.125
0060100,Batak,4,1,0.25,4.0,1.0,0.0,1.0,0.0,0.25,0.25
0060200,Java,3,0,0.0,3.0,0.0,0.0,0.0,0.0,0.0,0.0
0060300,Java,7,1,0.1428571428571428,7.0,1.0,1.0,0.0,0.14285714285714285,0.0,0.14285714285714285
0060341,Java,1,0,0.0,1.0,0.0,0.0,0.0,0.0,0.0,0.0
0060342,Java,1,0,0.0,1.0,0.0,0.0,0.0,0.0,0.0,0.0
0060400,Java,5,0,0.0,5.0,0.0,0.0,0.0,0.0,0.0,0.0
0060411,Java,1,0,0.0,1.0,0.0,0.0,0.0,0.0,0.0,0.0
0060431,Batak,3,0,0.0,3.0,0.0,0.0,0.0,0.0,0.0,0.0
0060441,Batak,1,0,0.0,1.0,0.0,0.0,0.0,0.0,0.0,0.0
0060442,Batak,2,0,0.0,2.0,0.0,0.0,0.0,0.0,0.0,0.0
0060600,Batak,8,4,0.5,8.0,4.0,2.0,2.0,0.25,0.25,0.5
0060651,Batak,0,0,,,,0.0,0.0,,,
0060700,Java,4,0,0.0,4.0,0.0,0.0,0.0,0.0,0.0,0.0
0060800,Batak,6,0,0.0,6.0,0.0,0.0,0.0,0.0,0.0,0.0
0060841,Java,3,1,0.3333333333333333,3.0,1.0,0.0,1.0,0.0,0.3333333333333333,0.3333333333333333
0060842,Java,1,0,0.0,1.0,0.0,0.0,0.0,0.0,0.0,0.0
0060900,Java,6,0,0.0,6.0,0.0,0.0,0.0,0.0,0.0,0.0
0060941,Java,1,0,0.0,1.0,0.0,0.0,0.0,0.0,0.0,0.0
0060942,Java,1,0,0.0,1.0,0.0,0.0,0.0,0.0,0.0,0.0
0060951,Java,1,0,0.0,1.0,0.0,0.0,0.0,0.0,0.0,0.0
0061000,Java,6,1,0.1666666666666666,6.0,1.0,1.0,0.0,0.16666666666666666,0.0,0.16666666666666666
0061041,Java,1,1,1.0,1.0,1.0,0.0,1.0,0.0,1.0,1.0
0061051,Java,1,0,0.0,1.0,0.0,0.0,0.0,0.0,0.0,0.0
0061100,Java,9,4,0.4444444444444444,9.0,4.0,2.0,2.0,0.2222222222222222,0.2222222222222222,0.4444444444444444
0061131,Java,2,0,0.0,2.0,0.0,0.0,0.0,0.0,0.0,0.0
0061141,Java,1,0,0.0,1.0,0.0,0.0,0.0,0.0,0.0,0.0
0061143,Java,4,0,0.0,4.0,0.0,0.0,0.0,0.0,0.0,0.0
0061200,Batak,5,0,0.0,5.0,0.0,0.0,0.0,0.0,0.0,0.0
0061231,Java,2,1,0.5,2.0,1.0,1.0,0.0,0.5,0.0,0.5
0061251,Java,3,0,0.0,3.0,0.0,0.0,0.0,0.0,0.0,0.0
0061252,Java,5,0,0.0,5.0,0.0,0.0,0.0,0.0,0.0,0.0
0061300,Batak,5,0,0.0,5.0,0.0,0.0,0.0,0.0,0.0,0.0
0061400,Batak,5,1,0.2,5.0,1.0,1.0,0.0,0.2,0.0,0.2
0061441,Batak,1,0,0.0,1.0,0.0,0.0,0.0,0.0,0.0,0.0
0061442,Batak,4,0,0.0,4.0,0.0,0.0,0.0,0.0,0.0,0.0
0061451,Batak,1,1,1.0,1.0,1.0,0.0,1.0,0.0,1.0,1.0
0061600,Java,4,1,0.25,4.0,1.0,1.0,0.0,0.25,0.0,0.25
0061741,Java,1,0,0.0,1.0,0.0,0.0,0.0,0.0,0.0,0.0
0061751,Java,1,1,1.0,1.0,1.0,1.0,0.0,1.0,0.0,1.0
0061800,Batak,3,0,0.0,3.0,0.0,0.0,0.0,0.0,0.0,0.0
0061900,Java,7,1,0.1428571428571428,7.0,1.0,1.0,0.0,0.14285714285714285,0.0,0.14285714285714285
0061931,Java,2,1,0.5,2.0,1.0,1.0,0.0,0.5,0.0,0.5
0061951,Java,1,0,0.0,1.0,0.0,0.0,0.0,0.0,0.0,0.0
0062000,Java,6,3,0.5,6.0,3.0,1.0,2.0,0.16666666666666666,0.3333333333333333,0.5
0062041,Java,1,0,0.0,1.0,0.0,0.0,0.0,0.0,0.0,0.0
0070141,Batak,3,0,0.0,3.0,0.0,0.0,0.0,0.0,0.0,0.0
0070200,Batak,1,0,0.0,1.0,0.0,0.0,0.0,0.0,0.0,0.0
0070300,Batak,5,0,0.0,5.0,0.0,0.0,0.0,0.0,0.0,0.0
0070331,Batak,3,0,0.0,3.0,0.0,0.0,0.0,0.0,0.0,0.0
0070351,Batak,1,1,1.0,1.0,1.0,1.0,0.0,1.0,0.0,1.0
0070400,Batak,6,0,0.0,6.0,0.0,0.0,0.0,0.0,0.0,0.0
0070451,Batak,1,0,0.0,1.0,0.0,0.0,0.0,0.0,0.0,0.0
0070500,Batak,4,1,0.25,4.0,1.0,0.0,1.0,0.0,0.25,0.25
0070600,Batak,6,1,0.1666666666666666,6.0,1.0,1.0,0.0,0.16666666666666666,0.0,0.16666666666666666
0070641,Batak,2,0,0.0,2.0,0.0,0.0,0.0,0.0,0.0,0.0
0070642,Batak,1,0,0.0,1.0,0.0,0.0,0.0,0.0,0.0,0.0
0070700,Batak,3,0,0.0,3.0,0.0,0.0,0.0,0.0,0.0,0.0
0070721,Java,2,0,0.0,2.0,0.0,0.0,0.0,0.0,0.0,0.0
0070800,Java,5,1,0.2,5.0,1.0,1.0,0.0,0.2,0.0,0.2
0070851,Java,1,0,0.0,1.0,0.0,0.0,0.0,0.0,0.0,0.0
0070900,Batak,5,0,0.0,5.0,0.0,0.0,0.0,0.0,0.0,0.0
0070921,Batak,3,0,0.0,3.0,0.0,0.0,0.0,0.0,0.0,0.0
0070922,Batak,3,0,0.0,3.0,0.0,0.0,0.0,0.0,0.0,0.0
0071000,Batak,1,0,0.0,1.0,0.0,0.0,0.0,0.0,0.0,0.0
0071100,Batak,3,0,0.0,3.0,0.0,0.0,0.0,0.0,0.0,0.0
0071200,Batak,4,0,0.0,4.0,0.0,0.0,0.0,0.0,0.0,0.0
0071300,Batak,5,1,0.2,5.0,1.0,0.0,1.0,0.0,0.2,0.2
0071331,Batak,5,0,0.0,5.0,0.0,0.0,0.0,0.0,0.0,0.0
0071351,Batak,1,0,0.0,1.0,0.0,0.0,0.0,0.0,0.0,0.0
0071400,Batak,5,0,0.0,5.0,0.0,0.0,0.0,0.0,0.0,0.0
0071411,Batak,4,0,0.0,4.0,0.0,0.0,0.0,0.0,0.0,0.0
0071431,Batak,9,0,0.0,9.0,0.0,0.0,0.0,0.0,0.0,0.0
0071500,Batak,5,2,0.4,5.0,2.0,0.0,2.0,0.0,0.4,0.4
0071600,Batak,7,1,0.1428571428571428,7.0,1.0,0.0,1.0,0.0,0.14285714285714285,0.14285714285714285
0071631,Batak,6,1,0.1666666666666666,6.0,1.0,1.0,0.0,0.16666666666666666,0.0,0.16666666666666666
0071651,Batak,1,0,0.0,1.0,0.0,0.0,0.0,0.0,0.0,0.0
0071800,Batak,9,0,0.0,9.0,0.0,0.0,0.0,0.0,0.0,0.0
0071841,Batak,3,0,0.0,3.0,0.0,0.0,0.0,0.0,0.0,0.0
0071851,Batak,1,1,1.0,1.0,1.0,0.0,1.0,0.0,1.0,1.0
0071852,Batak,3,0,0.0,3.0,0.0,0.0,0.0,0.0,0.0,0.0
0072000,Batak,6,0,0.0,6.0,0.0,0.0,0.0,0.0,0.0,0.0
0072021,Batak,3,0,0.0,3.0,0.0,0.0,0.0,0.0,0.0,0.0
0072200,Batak,4,1,0.25,4.0,1.0,0.0,1.0,0.0,0.25,0.25
0072300,Batak,7,1,0.1428571428571428,7.0,1.0,0.0,1.0,0.0,0.14285714285714285,0.14285714285714285
0072331,Batak,3,0,0.0,3.0,0.0,0.0,0.0,0.0,0.0,0.0
0072351,Batak,1,0,0.0,1.0,0.0,0.0,0.0,0.0,0.0,0.0
0072400,Batak,4,0,0.0,4.0,0.0,0.0,0.0,0.0,0.0,0.0
0072451,Batak,0,0,,,,0.0,0.0,,,
0072500,Batak,8,0,0.0,8.0,0.0,0.0,0.0,0.0,0.0,0.0
0072541,Batak,2,2,1.0,2.0,2.0,2.0,0.0,1.0,0.0,1.0
0072600,Batak,4,0,0.0,4.0,0.0,0.0,0.0,0.0,0.0,0.0
0072651,Batak,0,0,,,,0.0,0.0,,,
0072700,Batak,1,0,0.0,1.0,0.0,0.0,0.0,0.0,0.0,0.0
0072800,Batak,6,0,0.0,6.0,0.0,0.0,0.0,0.0,0.0,0.0
0072811,Batak,5,0,0.0,5.0,0.0,0.0,0.0,0.0,0.0,0.0
0072851,Batak,1,0,0.0,1.0,0.0,0.0,0.0,0.0,0.0,0.0
0072900,Batak,3,0,0.0,3.0,0.0,0.0,0.0,0.0,0.0,0.0
0080100,Java,6,0,0.0,6.0,0.0,0.0,0.0,0.0,0.0,0.0
0080141,Java,1,0,0.0,1.0,0.0,0.0,0.0,0.0,0.0,0.0
0080142,Java,1,1,1.0,1.0,1.0,1.0,0.0,1.0,0.0,1.0
0080151,Java,5,1,0.2,5.0,1.0,1.0,0.0,0.2,0.0,0.2
0080200,Batak,9,0,0.0,9.0,0.0,0.0,0.0,0.0,0.0,0.0
0080241,Java,1,0,0.0,1.0,0.0,0.0,0.0,0.0,0.0,0.0
0080242,Java,1,0,0.0,1.0,0.0,0.0,0.0,0.0,0.0,0.0
0080300,Java,7,0,0.0,7.0,0.0,0.0,0.0,0.0,0.0,0.0
0080331,Java,4,0,0.0,4.0,0.0,0.0,0.0,0.0,0.0,0.0
0080400,Java,7,1,0.1428571428571428,7.0,1.0,1.0,0.0,0.14285714285714285,0.0,0.14285714285714285
0080431,Java,2,0,0.0,2.0,0.0,0.0,0.0,0.0,0.0,0.0
0080441,Java,1,1,1.0,1.0,1.0,0.0,1.0,0.0,1.0,1.0
0080451,Java,1,1,1.0,1.0,1.0,0.0,1.0,0.0,1.0,1.0
0080500,Java,6,0,0.0,6.0,0.0,0.0,0.0,0.0,0.0,0.0
0080551,Batak,1,0,0.0,1.0,0.0,0.0,0.0,0.0,0.0,0.0
0080600,Java,2,0,0.0,2.0,0.0,0.0,0.0,0.0,0.0,0.0
0080631,Java,3,0,0.0,3.0,0.0,0.0,0.0,0.0,0.0,0.0
0080700,Java,7,0,0.0,7.0,0.0,0.0,0.0,0.0,0.0,0.0
0080741,Java,1,0,0.0,1.0,0.0,0.0,0.0,0.0,0.0,0.0
0080742,Java,1,0,0.0,1.0,0.0,0.0,0.0,0.0,0.0,0.0
0080800,Java,7,1,0.1428571428571428,7.0,1.0,0.0,1.0,0.0,0.14285714285714285,0.14285714285714285
0080831,Batak,1,0,0.0,1.0,0.0,0.0,0.0,0.0,0.0,0.0
0080841,Java,1,0,0.0,1.0,0.0,0.0,0.0,0.0,0.0,0.0
0080851,Java,4,0,0.0,4.0,0.0,0.0,0.0,0.0,0.0,0.0
0080900,Java,9,0,0.0,9.0,0.0,0.0,0.0,0.0,0.0,0.0
0080941,Java,2,0,0.0,2.0,0.0,0.0,0.0,0.0,0.0,0.0
0080942,Java,2,0,0.0,2.0,0.0,0.0,0.0,0.0,0.0,0.0
0080951,Java,1,1,1.0,1.0,1.0,0.0,1.0,0.0,1.0,1.0
0080952,Java,1,1,1.0,1.0,1.0,1.0,0.0,1.0,0.0,1.0
0081000,Java,6,1,0.1666666666666666,6.0,1.0,0.0,1.0,0.0,0.16666666666666666,0.16666666666666666
0081041,Java,4,0,0.0,4.0,0.0,0.0,0.0,0.0,0.0,0.0
0081100,Java,7,0,0.0,7.0,0.0,0.0,0.0,0.0,0.0,0.0
0081151,Java,1,0,0.0,1.0,0.0,0.0,0.0,0.0,0.0,0.0
0081152,Java,1,0,0.0,1.0,0.0,0.0,0.0,0.0,0.0,0.0
0081200,Java,7,1,0.1428571428571428,7.0,1.0,0.0,1.0,0.0,0.14285714285714285,0.14285714285714285
0081251,Java,1,1,1.0,1.0,1.0,0.0,1.0,0.0,1.0,1.0
0081252,Java,1,1,1.0,1.0,1.0,1.0,0.0,1.0,0.0,1.0
0081253,Java,1,0,0.0,1.0,0.0,0.0,0.0,0.0,0.0,0.0
0081300,Java,6,1,0.1666666666666666,6.0,1.0,1.0,0.0,0.16666666666666666,0.0,0.16666666666666666
0081400,Java,6,1,0.1666666666666666,6.0,1.0,1.0,0.0,0.16666666666666666,0.0,0.16666666666666666
0081441,Java,1,0,0.0,1.0,0.0,0.0,0.0,0.0,0.0,0.0
0081442,Java,1,0,0.0,1.0,0.0,0.0,0.0,0.0,0.0,0.0
0081451,Java,1,0,0.0,1.0,0.0,0.0,0.0,0.0,0.0,0.0
0081500,Java,7,0,0.0,7.0,0.0,0.0,0.0,0.0,0.0,0.0
0081531,Java,2,0,0.0,2.0,0.0,0.0,0.0,0.0,0.0,0.0
0081541,Java,1,0,0.0,1.0,0.0,0.0,0.0,0.0,0.0,0.0
0081551,Java,1,0,0.0,1.0,0.0,0.0,0.0,0.0,0.0,0.0
0081552,Java,1,0,0.0,1.0,0.0,0.0,0.0,0.0,0.0,0.0
0081600,Java,5,0,0.0,5.0,0.0,0.0,0.0,0.0,0.0,0.0
0081700,Java,6,0,0.0,6.0,0.0,0.0,0.0,0.0,0.0,0.0
0081731,Java,1,1,1.0,1.0,1.0,0.0,1.0,0.0,1.0,1.0
0081900,Java,6,0,0.0,6.0,0.0,0.0,0.0,0.0,0.0,0.0
0081941,Batak,0,0,,,,0.0,0.0,,,
0082000,Java,6,2,0.3333333333333333,6.0,2.0,2.0,0.0,0.3333333333333333,0.0,0.3333333333333333
0082041,Java,1,0,0.0,1.0,0.0,0.0,0.0,0.0,0.0,0.0
0082052,Java,1,1,1.0,1.0,1.0,1.0,0.0,1.0,0.0,1.0
0082100,Java,7,0,0.0,7.0,0.0,0.0,0.0,0.0,0.0,0.0
0082200,Java,5,0,0.0,5.0,0.0,0.0,0.0,0.0,0.0,0.0
0082252,Java,1,0,0.0,1.0,0.0,0.0,0.0,0.0,0.0,0.0
0082253,Java,3,0,0.0,3.0,0.0,0.0,0.0,0.0,0.0,0.0
0082341,Java,4,0,0.0,4.0,0.0,0.0,0.0,0.0,0.0,0.0
0082400,Java,7,0,0.0,7.0,0.0,0.0,0.0,0.0,0.0,0.0
0082431,Java,1,0,0.0,1.0,0.0,0.0,0.0,0.0,0.0,0.0
0082441,Java,1,0,0.0,1.0,0.0,0.0,0.0,0.0,0.0,0.0
0082451,Java,0,0,,,,0.0,0.0,,,
0082500,Java,5,0,0.0,5.0,0.0,0.0,0.0,0.0,0.0,0.0
0082541,Java,2,1,0.5,2.0,1.0,1.0,0.0,0.5,0.0,0.5
0082600,Java,6,1,0.1666666666666666,6.0,1.0,0.0,1.0,0.0,0.16666666666666666,0.16666666666666666
0082651,Java,1,0,0.0,1.0,0.0,0.0,0.0,0.0,0.0,0.0
0082700,Java,10,1,0.1,10.0,1.0,0.0,1.0,0.0,0.1,0.1
0082731,Java,5,0,0.0,5.0,0.0,0.0,0.0,0.0,0.0,0.0
0082741,Java,4,0,0.0,4.0,0.0,0.0,0.0,0.0,0.0,0.0
0082742,Java,4,0,0.0,4.0,0.0,0.0,0.0,0.0,0.0,0.0
0082751,Batak,1,1,1.0,1.0,1.0,1.0,0.0,1.0,0.0,1.0
0082752,Batak,2,0,0.0,2.0,0.0,0.0,0.0,0.0,0.0,0.0
0082800,Java,5,1,0.2,5.0,1.0,0.0,1.0,0.0,0.2,0.2
0082851,Java,1,0,0.0,1.0,0.0,0.0,0.0,0.0,0.0,0.0
0082852,Java,3,0,0.0,3.0,0.0,0.0,0.0,0.0,0.0,0.0
0082900,Java,10,0,0.0,10.0,0.0,0.0,0.0,0.0,0.0,0.0
0082931,Java,3,0,0.0,3.0,0.0,0.0,0.0,0.0,0.0,0.0
0082941,Java,1,0,0.0,1.0,0.0,0.0,0.0,0.0,0.0,0.0
0082942,Java,1,0,0.0,1.0,0.0,0.0,0.0,0.0,0.0,0.0
0082951,Java,3,2,0.6666666666666666,3.0,2.0,1.0,1.0,0.3333333333333333,0.3333333333333333,0.6666666666666666
0083000,Java,5,0,0.0,5.0,0.0,0.0,0.0,0.0,0.0,0.0
0083031,Java,1,0,0.0,1.0,0.0,0.0,0.0,0.0,0.0,0.0
0083041,Java,5,0,0.0,5.0,0.0,0.0,0.0,0.0,0.0,0.0
0083042,Java,1,0,0.0,1.0,0.0,0.0,0.0,0.0,0.0,0.0
0083051,Java,0,0,,,,0.0,0.0,,,
0090100,Batak,8,0,0.0,8.0,0.0,0.0,0.0,0.0,0.0,0.0
0090141,Batak,1,0,0.0,1.0,0.0,0.0,0.0,0.0,0.0,0.0
0090142,Batak,3,0,0.0,3.0,0.0,0.0,0.0,0.0,0.0,0.0
0090143,Batak,3,0,0.0,3.0,0.0,0.0,0.0,0.0,0.0,0.0
0090144,Batak,3,0,0.0,3.0,0.0,0.0,0.0,0.0,0.0,0.0
0090200,Batak,6,1,0.1666666666666666,6.0,1.0,0.0,1.0,0.0,0.16666666666666666,0.16666666666666666
0090241,Batak,2,0,0.0,2.0,0.0,0.0,0.0,0.0,0.0,0.0
0090251,Batak,2,1,0.5,2.0,1.0,1.0,0.0,0.5,0.0,0.5
0090331,Batak,6,1,0.1666666666666666,6.0,1.0,1.0,0.0,0.16666666666666666,0.0,0.16666666666666666
0090400,Batak,5,0,0.0,5.0,0.0,0.0,0.0,0.0,0.0,0.0
0090500,Batak,8,1,0.125,8.0,1.0,0.0,1.0,0.0,0.125,0.125
0090531,Batak,2,1,0.5,2.0,1.0,1.0,0.0,0.5,0.0,0.5
0090541,Batak,2,1,0.5,2.0,1.0,0.0,1.0,0.0,0.5,0.5
0090542,Batak,1,0,0.0,1.0,0.0,0.0,0.0,0.0,0.0,0.0
0090551,Batak,0,0,,,,0.0,0.0,,,
0090552,Batak,2,0,0.0,2.0,0.0,0.0,0.0,0.0,0.0,0.0
0090600,Batak,5,0,0.0,5.0,0.0,0.0,0.0,0.0,0.0,0.0
0090641,Batak,2,0,0.0,2.0,0.0,0.0,0.0,0.0,0.0,0.0
0090700,Java,13,3,0.2307692307692307,13.0,3.0,1.0,2.0,0.07692307692307693,0.15384615384615385,0.23076923076923078
0090741,Java,3,0,0.0,3.0,0.0,0.0,0.0,0.0,0.0,0.0
0090743,Batak,2,1,0.5,2.0,1.0,0.0,1.0,0.0,0.5,0.5
0090751,Batak,1,1,1.0,1.0,1.0,1.0,0.0,1.0,0.0,1.0
0090800,Batak,9,1,0.1111111111111111,9.0,1.0,0.0,1.0,0.0,0.1111111111111111,0.1111111111111111
0090842,Batak,3,0,0.0,3.0,0.0,0.0,0.0,0.0,0.0,0.0
0090900,Batak,6,2,0.3333333333333333,6.0,2.0,1.0,1.0,0.16666666666666666,0.16666666666666666,0.3333333333333333
0091100,Batak,12,0,0.0,12.0,0.0,0.0,0.0,0.0,0.0,0.0
0091151,Batak,1,0,0.0,1.0,0.0,0.0,0.0,0.0,0.0,0.0
0091200,Batak,5,1,0.2,5.0,1.0,1.0,0.0,0.2,0.0,0.2
0091241,Batak,3,0,0.0,3.0,0.0,0.0,0.0,0.0,0.0,0.0
0091251,Batak,3,0,0.0,3.0,0.0,0.0,0.0,0.0,0.0,0.0
0091400,Batak,8,1,0.125,8.0,1.0,1.0,0.0,0.125,0.0,0.125
0091500,Batak,7,0,0.0,7.0,0.0,0.0,0.0,0.0,0.0,0.0
0091531,Batak,3,0,0.0,3.0,0.0,0.0,0.0,0.0,0.0,0.0
0091600,Batak,5,0,0.0,5.0,0.0,0.0,0.0,0.0,0.0,0.0
0091641,Batak,1,0,0.0,1.0,0.0,0.0,0.0,0.0,0.0,0.0
0091700,Batak,7,0,0.0,7.0,0.0,0.0,0.0,0.0,0.0,0.0
0091741,Batak,1,0,0.0,1.0,0.0,0.0,0.0,0.0,0.0,0.0
0091751,Batak,0,0,,,,0.0,0.0,,,
0091752,Batak,1,1,1.0,1.0,1.0,0.0,1.0,0.0,1.0,1.0
0091800,Batak,5,0,0.0,5.0,0.0,0.0,0.0,0.0,0.0,0.0
0091831,Batak,4,0,0.0,4.0,0.0,0.0,0.0,0.0,0.0,0.0
0091832,Batak,1,0,0.0,1.0,0.0,0.0,0.0,0.0,0.0,0.0
0091900,Batak,7,0,0.0,7.0,0.0,0.0,0.0,0.0,0.0,0.0
0091931,Batak,1,0,0.0,1.0,0.0,0.0,0.0,0.0,0.0,0.0
0091941,Batak,2,0,0.0,2.0,0.0,0.0,0.0,0.0,0.0,0.0
0091942,Batak,5,1,0.2,5.0,1.0,0.0,1.0,0.0,0.2,0.2
0092000,Batak,8,2,0.25,8.0,2.0,1.0,1.0,0.125,0.125,0.25
0092041,Batak,1,0,0.0,1.0,0.0,0.0,0.0,0.0,0.0,0.0
0092051,Batak,1,0,0.0,1.0,0.0,0.0,0.0,0.0,0.0,0.0
0092052,Batak,1,0,0.0,1.0,0.0,0.0,0.0,0.0,0.0,0.0
0092100,Batak,9,1,0.1111111111111111,9.0,1.0,1.0,0.0,0.1111111111111111,0.0,0.1111111111111111
0092141,Batak,1,0,0.0,1.0,0.0,0.0,0.0,0.0,0.0,0.0
0092151,Batak,1,1,1.0,1.0,1.0,0.0,1.0,0.0,1.0,1.0
0092200,Batak,8,2,0.25,8.0,2.0,0.0,2.0,0.0,0.25,0.25
0092251,Batak,1,0,0.0,1.0,0.0,0.0,0.0,0.0,0.0,0.0
0092300,Batak,9,0,0.0,9.0,0.0,0.0,0.0,0.0,0.0,0.0
0092341,Batak,1,1,1.0,1.0,1.0,1.0,0.0,1.0,0.0,1.0
0092342,Batak,1,0,0.0,1.0,0.0,0.0,0.0,0.0,0.0,0.0
0092400,Batak,6,1,0.1666666666666666,6.0,1.0,1.0,0.0,0.16666666666666666,0.0,0.16666666666666666
0092441,Batak,0,0,,,,0.0,0.0,,,
0092600,Batak,6,0,0.0,6.0,0.0,0.0,0.0,0.0,0.0,0.0
0092800,Batak,6,1,0.1666666666666666,6.0,1.0,0.0,1.0,0.0,0.16666666666666666,0.16666666666666666
0092841,Batak,2,0,0.0,2.0,0.0,0.0,0.0,0.0,0.0,0.0
0092842,Batak,1,1,1.0,1.0,1.0,1.0,0.0,1.0,0.0,1.0
0092843,Batak,5,0,0.0,5.0,0.0,0.0,0.0,0.0,0.0,0.0
0092900,Batak,4,0,0.0,4.0,0.0,0.0,0.0,0.0,0.0,0.0
0092941,Batak,1,0,0.0,1.0,0.0,0.0,0.0,0.0,0.0,0.0
0092942,Batak,1,1,1.0,1.0,1.0,0.0,1.0,0.0,1.0,1.0
0093000,Batak,4,0,0.0,4.0,0.0,0.0,0.0,0.0,0.0,0.0
0093011,Batak,2,0,0.0,2.0,0.0,0.0,0.0,0.0,0.0,0.0
0093041,Batak,4,0,0.0,4.0,0.0,0.0,0.0,0.0,0.0,0.0
0093053,Batak,1,0,0.0,1.0,0.0,0.0,0.0,0.0,0.0,0.0
0100300,Batak,3,0,0.0,3.0,0.0,0.0,0.0,0.0,0.0,0.0
0100521,Batak,3,1,0.3333333333333333,3.0,1.0,0.0,1.0,0.0,0.3333333333333333,0.3333333333333333
0100522,Batak,8,1,0.125,8.0,1.0,1.0,0.0,0.125,0.0,0.125
0100531,Batak,3,0,0.0,3.0,0.0,0.0,0.0,0.0,0.0,0.0
0100532,Batak,3,0,0.0,3.0,0.0,0.0,0.0,0.0,0.0,0.0
0100600,Batak,7,0,0.0,7.0,0.0,0.0,0.0,0.0,0.0,0.0
0100641,Batak,1,0,0.0,1.0,0.0,0.0,0.0,0.0,0.0,0.0
0100651,Batak,1,1,1.0,1.0,1.0,1.0,0.0,1.0,0.0,1.0
0100652,Batak,0,0,,,,0.0,0.0,,,
0100700,Batak,7,1,0.1428571428571428,7.0,1.0,1.0,0.0,0.14285714285714285,0.0,0.14285714285714285
0100741,Batak,2,0,0.0,2.0,0.0,0.0,0.0,0.0,0.0,0.0
0100800,Batak,4,0,0.0,4.0,0.0,0.0,0.0,0.0,0.0,0.0
0100851,Batak,1,0,0.0,1.0,0.0,0.0,0.0,0.0,0.0,0.0
0101000,Batak,6,1,0.1666666666666666,6.0,1.0,0.0,1.0,0.0,0.16666666666666666,0.16666666666666666
0101031,Batak,2,1,0.5,2.0,1.0,1.0,0.0,0.5,0.0,0.5
0101051,Batak,2,2,1.0,2.0,2.0,1.0,1.0,0.5,0.5,1.0
0101200,Batak,9,0,0.0,9.0,0.0,0.0,0.0,0.0,0.0,0.0
0101251,Batak,1,0,0.0,1.0,0.0,0.0,0.0,0.0,0.0,0.0
0101400,Batak,4,0,0.0,4.0,0.0,0.0,0.0,0.0,0.0,0.0
0101421,Batak,3,0,0.0,3.0,0.0,0.0,0.0,0.0,0.0,0.0
0101500,Batak,9,1,0.1111111111111111,9.0,1.0,1.0,0.0,0.1111111111111111,0.0,0.1111111111111111
0101531,Batak,6,0,0.0,6.0,0.0,0.0,0.0,0.0,0.0,0.0
0101700,Batak,4,3,0.75,4.0,3.0,1.0,2.0,0.25,0.5,0.75
0101741,Batak,1,0,0.0,1.0,0.0,0.0,0.0,0.0,0.0,0.0
0101800,Batak,6,1,0.1666666666666666,6.0,1.0,1.0,0.0,0.16666666666666666,0.0,0.16666666666666666
0101851,Batak,0,0,,,,0.0,0.0,,,
0102000,Batak,4,0,0.0,4.0,0.0,0.0,0.0,0.0,0.0,0.0
0102100,Batak,10,3,0.3,10.0,3.0,2.0,1.0,0.2,0.1,0.30000000000000004
0102121,Batak,1,0,0.0,1.0,0.0,0.0,0.0,0.0,0.0,0.0
0102131,Batak,2,0,0.0,2.0,0.0,0.0,0.0,0.0,0.0,0.0
0102141,Batak,1,0,0.0,1.0,0.0,0.0,0.0,0.0,0.0,0.0
0102200,Batak,8,0,0.0,8.0,0.0,0.0,0.0,0.0,0.0,0.0
0102400,Batak,7,1,0.1428571428571428,7.0,1.0,1.0,0.0,0.14285714285714285,0.0,0.14285714285714285
0102451,Batak,1,0,0.0,1.0,0.0,0.0,0.0,0.0,0.0,0.0
0102511,Batak,4,0,0.0,4.0,0.0,0.0,0.0,0.0,0.0,0.0
0102521,Batak,2,0,0.0,2.0,0.0,0.0,0.0,0.0,0.0,0.0
0102600,Batak,15,3,0.2,15.0,3.0,1.0,2.0,0.06666666666666667,0.13333333333333333,0.2
0102641,Batak,0,0,,,,0.0,0.0,,,
0102652,Batak,1,0,0.0,1.0,0.0,0.0,0.0,0.0,0.0,0.0
0102700,Batak,10,1,0.1,10.0,1.0,0.0,1.0,0.0,0.1,0.1
0102751,Batak,1,1,1.0,1.0,1.0,1.0,0.0,1.0,0.0,1.0
0102752,Batak,0,0,,,,0.0,0.0,,,
0102754,Batak,2,0,0.0,2.0,0.0,0.0,0.0,0.0,0.0,0.0
0102800,Batak,3,0,0.0,3.0,0.0,0.0,0.0,0.0,0.0,0.0
0102900,Batak,6,1,0.1666666666666666,6.0,1.0,1.0,0.0,0.16666666666666666,0.0,0.16666666666666666
0102951,Batak,2,0,0.0,2.0,0.0,0.0,0.0,0.0,0.0,0.0
0103000,Batak,7,2,0.2857142857142857,7.0,2.0,0.0,2.0,0.0,0.2857142857142857,0.2857142857142857
0104100,Batak,5,1,0.2,5.0,1.0,1.0,0.0,0.2,0.0,0.2
0104141,Batak,1,1,1.0,1.0,1.0,1.0,0.0,1.0,0.0,1.0
0104151,Batak,1,0,0.0,1.0,0.0,0.0,0.0,0.0,0.0,0.0
0104152,Batak,1,1,1.0,1.0,1.0,0.0,1.0,0.0,1.0,1.0
0104200,Batak,3,1,0.3333333333333333,3.0,1.0,1.0,0.0,0.3333333333333333,0.0,0.3333333333333333
0104300,Batak,9,1,0.1111111111111111,9.0,1.0,1.0,0.0,0.1111111111111111,0.0,0.1111111111111111
0104331,Batak,3,0,0.0,3.0,0.0,0.0,0.0,0.0,0.0,0.0
0104332,Batak,6,1,0.1666666666666666,6.0,1.0,1.0,0.0,0.16666666666666666,0.0,0.16666666666666666
0104341,Batak,1,0,0.0,1.0,0.0,0.0,0.0,0.0,0.0,0.0
0104342,Batak,1,1,1.0,1.0,1.0,1.0,0.0,1.0,0.0,1.0
0104343,Batak,1,0,0.0,1.0,0.0,0.0,0.0,0.0,0.0,0.0
0104400,Batak,11,1,0.0909090909090909,11.0,1.0,1.0,0.0,0.09090909090909091,0.0,0.09090909090909091
0104441,Batak,3,0,0.0,3.0,0.0,0.0,0.0,0.0,0.0,0.0
0104442,Batak,1,1,1.0,1.0,1.0,0.0,1.0,0.0,1.0,1.0
0104443,Batak,6,0,0.0,6.0,0.0,0.0,0.0,0.0,0.0,0.0
0104451,Batak,1,1,1.0,1.0,1.0,1.0,0.0,1.0,0.0,1.0
0104500,Batak,3,0,0.0,3.0,0.0,0.0,0.0,0.0,0.0,0.0
0104600,Batak,8,1,0.125,8.0,1.0,1.0,0.0,0.125,0.0,0.125
0104621,Batak,1,0,0.0,1.0,0.0,0.0,0.0,0.0,0.0,0.0
0104622,Batak,3,0,0.0,3.0,0.0,0.0,0.0,0.0,0.0,0.0
0104631,Batak,2,0,0.0,2.0,0.0,0.0,0.0,0.0,0.0,0.0
0104641,Batak,1,0,0.0,1.0,0.0,0.0,0.0,0.0,0.0,0.0
0104651,Batak,0,0,,,,0.0,0.0,,,
0110100,Batak,5,1,0.2,5.0,1.0,0.0,1.0,0.0,0.2,0.2
0110141,Batak,1,0,0.0,1.0,0.0,0.0,0.0,0.0,0.0,0.0
0110200,Batak,2,0,0.0,2.0,0.0,0.0,0.0,0.0,0.0,0.0
0110231,Batak,1,0,0.0,1.0,0.0,0.0,0.0,0.0,0.0,0.0
0110300,Batak,3,0,0.0,3.0,0.0,0.0,0.0,0.0,0.0,0.0
0110341,Batak,1,0,0.0,1.0,0.0,0.0,0.0,0.0,0.0,0.0
0110400,Batak,5,0,0.0,5.0,0.0,0.0,0.0,0.0,0.0,0.0
0110431,Batak,4,0,0.0,4.0,0.0,0.0,0.0,0.0,0.0,0.0
0110441,Batak,1,0,0.0,1.0,0.0,0.0,0.0,0.0,0.0,0.0
0110442,Batak,1,0,0.0,1.0,0.0,0.0,0.0,0.0,0.0,0.0
0110500,Batak,4,0,0.0,4.0,0.0,0.0,0.0,0.0,0.0,0.0
0110551,Batak,1,0,0.0,1.0,0.0,0.0,0.0,0.0,0.0,0.0
0110600,Batak,5,0,0.0,5.0,0.0,0.0,0.0,0.0,0.0,0.0
0110641,Batak,1,0,0.0,1.0,0.0,0.0,0.0,0.0,0.0,0.0
0110700,Batak,2,0,0.0,2.0,0.0,0.0,0.0,0.0,0.0,0.0
0110800,Batak,6,0,0.0,6.0,0.0,0.0,0.0,0.0,0.0,0.0
0110900,Batak,5,1,0.2,5.0,1.0,0.0,1.0,0.0,0.2,0.2
0111000,Batak,6,1,0.1666666666666666,6.0,1.0,0.0,1.0,0.0,0.16666666666666666,0.16666666666666666
0111051,Batak,2,1,0.5,2.0,1.0,0.0,1.0,0.0,0.5,0.5
0111100,Batak,6,1,0.1666666666666666,6.0,1.0,0.0,1.0,0.0,0.16666666666666666,0.16666666666666666
0111141,Batak,2,0,0.0,2.0,0.0,0.0,0.0,0.0,0.0,0.0
0111152,Batak,2,0,0.0,2.0,0.0,0.0,0.0,0.0,0.0,0.0
0111200,Batak,5,2,0.4,5.0,2.0,2.0,0.0,0.4,0.0,0.4
0111251,Batak,4,0,0.0,4.0,0.0,0.0,0.0,0.0,0.0,0.0
0111252,Batak,5,0,0.0,5.0,0.0,0.0,0.0,0.0,0.0,0.0
0111300,Batak,5,0,0.0,5.0,0.0,0.0,0.0,0.0,0.0,0.0
0111341,Batak,1,0,0.0,1.0,0.0,0.0,0.0,0.0,0.0,0.0
0111351,Batak,1,0,0.0,1.0,0.0,0.0,0.0,0.0,0.0,0.0
0111400,Batak,3,1,0.3333333333333333,3.0,1.0,0.0,1.0,0.0,0.3333333333333333,0.3333333333333333
0111500,Batak,8,2,0.25,8.0,2.0,0.0,2.0,0.0,0.25,0.25
0111512,Batak,0,0,,,,0.0,0.0,,,
0111541,Batak,1,0,0.0,1.0,0.0,0.0,0.0,0.0,0.0,0.0
0111542,Java,5,0,0.0,5.0,0.0,0.0,0.0,0.0,0.0,0.0
0111600,Batak,3,0,0.0,3.0,0.0,0.0,0.0,0.0,0.0,0.0
0111700,Batak,7,0,0.0,7.0,0.0,0.0,0.0,0.0,0.0,0.0
0111731,Batak,2,0,0.0,2.0,0.0,0.0,0.0,0.0,0.0,0.0
0111741,Batak,2,1,0.5,2.0,1.0,0.0,1.0,0.0,0.5,0.5
0111742,Batak,1,0,0.0,1.0,0.0,0.0,0.0,0.0,0.0,0.0
0111900,Batak,4,0,0.0,4.0,0.0,0.0,0.0,0.0,0.0,0.0
0112000,Batak,2,0,0.0,2.0,0.0,0.0,0.0,0.0,0.0,0.0
0112100,Batak,6,1,0.1666666666666666,6.0,1.0,1.0,0.0,0.16666666666666666,0.0,0.16666666666666666
0112200,Batak,2,0,0.0,2.0,0.0,0.0,0.0,0.0,0.0,0.0
0112241,Batak,1,0,0.0,1.0,0.0,0.0,0.0,0.0,0.0,0.0
0112300,Batak,7,0,0.0,7.0,0.0,0.0,0.0,0.0,0.0,0.0
0112341,Batak,1,0,0.0,1.0,0.0,0.0,0.0,0.0,0.0,0.0
0112351,Batak,0,0,,,,0.0,0.0,,,
0112400,Batak,9,0,0.0,9.0,0.0,0.0,0.0,0.0,0.0,0.0
0112451,Batak,1,1,1.0,1.0,1.0,0.0,1.0,0.0,1.0,1.0
0112500,Batak,4,0,0.0,4.0,0.0,0.0,0.0,0.0,0.0,0.0
0112542,Batak,2,0,0.0,2.0,0.0,0.0,0.0,0.0,0.0,0.0
0112600,Batak,6,1,0.1666666666666666,6.0,1.0,1.0,0.0,0.16666666666666666,0.0,0.16666666666666666
0112632,Batak,1,0,0.0,1.0,0.0,0.0,0.0,0.0,0.0,0.0
0112651,Batak,1,0,0.0,1.0,0.0,0.0,0.0,0.0,0.0,0.0
0112653,Batak,1,0,0.0,1.0,0.0,0.0,0.0,0.0,0.0,0.0
0112700,Batak,5,0,0.0,5.0,0.0,0.0,0.0,0.0,0.0,0.0
0112741,Batak,1,0,0.0,1.0,0.0,0.0,0.0,0.0,0.0,0.0
0120100,Batak,6,3,0.5,6.0,3.0,2.0,1.0,0.3333333333333333,0.16666666666666666,0.5
0120200,Java,5,0,0.0,5.0,0.0,0.0,0.0,0.0,0.0,0.0
0120241,Java,5,0,0.0,5.0,0.0,0.0,0.0,0.0,0.0,0.0
0120300,Batak,5,2,0.4,5.0,2.0,2.0,0.0,0.4,0.0,0.4
0120400,Batak,8,0,0.0,8.0,0.0,0.0,0.0,0.0,0.0,0.0
0120441,Java,1,0,0.0,1.0,0.0,0.0,0.0,0.0,0.0,0.0
0120442,Batak,1,1,1.0,1.0,1.0,1.0,0.0,1.0,0.0,1.0
0120443,Batak,1,0,0.0,1.0,0.0,0.0,0.0,0.0,0.0,0.0
0120451,Batak,1,1,1.0,1.0,1.0,1.0,0.0,1.0,0.0,1.0
0120500,Java,5,2,0.4,5.0,2.0,2.0,0.0,0.4,0.0,0.4
0120600,Java,6,2,0.3333333333333333,6.0,2.0,1.0,1.0,0.16666666666666666,0.16666666666666666,0.3333333333333333
0120651,Java,2,0,0.0,2.0,0.0,0.0,0.0,0.0,0.0,0.0
0120700,Java,6,0,0.0,6.0,0.0,0.0,0.0,0.0,0.0,0.0
0120741,Minang,1,0,0.0,1.0,0.0,0.0,0.0,0.0,0.0,0.0
0120742,Java,1,0,0.0,1.0,0.0,0.0,0.0,0.0,0.0,0.0
0120952,Batak,1,0,0.0,1.0,0.0,0.0,0.0,0.0,0.0,0.0
0121200,Batak,4,0,0.0,4.0,0.0,0.0,0.0,0.0,0.0,0.0
0121241,Java,1,0,0.0,1.0,0.0,0.0,0.0,0.0,0.0,0.0
0121251,Batak,1,0,0.0,1.0,0.0,0.0,0.0,0.0,0.0,0.0
0121300,Java,9,1,0.1111111111111111,9.0,1.0,1.0,0.0,0.1111111111111111,0.0,0.1111111111111111
0121351,Java,2,0,0.0,2.0,0.0,0.0,0.0,0.0,0.0,0.0
0121352,Batak,1,0,0.0,1.0,0.0,0.0,0.0,0.0,0.0,0.0
0121400,Java,10,2,0.2,10.0,2.0,0.0,2.0,0.0,0.2,0.2
0121432,Java,3,0,0.0,3.0,0.0,0.0,0.0,0.0,0.0,0.0
0121433,Batak,1,0,0.0,1.0,0.0,0.0,0.0,0.0,0.0,0.0
0121434,Java,1,0,0.0,1.0,0.0,0.0,0.0,0.0,0.0,0.0
0121451,Java,1,1,1.0,1.0,1.0,0.0,1.0,0.0,1.0,1.0
0121452,Batak,4,0,0.0,4.0,0.0,0.0,0.0,0.0,0.0,0.0
0121500,Batak,5,0,0.0,5.0,0.0,0.0,0.0,0.0,0.0,0.0
0121600,Java,13,0,0.0,13.0,0.0,0.0,0.0,0.0,0.0,0.0
0121651,Java,0,0,,,,0.0,0.0,,,
0121652,Java,1,1,1.0,1.0,1.0,0.0,1.0,0.0,1.0,1.0
0121653,Java,1,1,1.0,1.0,1.0,0.0,1.0,0.0,1.0,1.0
0121700,Java,6,0,0.0,6.0,0.0,0.0,0.0,0.0,0.0,0.0
0121751,Java,2,0,0.0,2.0,0.0,0.0,0.0,0.0,0.0,0.0
0121800,Java,6,0,0.0,6.0,0.0,0.0,0.0,0.0,0.0,0.0
0121831,Java,1,0,0.0,1.0,0.0,0.0,0.0,0.0,0.0,0.0
0121900,Java,14,0,0.0,14.0,0.0,0.0,0.0,0.0,0.0,0.0
0121931,Java,3,1,0.3333333333333333,3.0,1.0,0.0,1.0,0.0,0.3333333333333333,0.3333333333333333
0121941,Java,1,0,0.0,1.0,0.0,0.0,0.0,0.0,0.0,0.0
0121951,Java,1,0,0.0,1.0,0.0,0.0,0.0,0.0,0.0,0.0
0121952,Java,1,1,1.0,1.0,1.0,1.0,0.0,1.0,0.0,1.0
0130100,Java,6,3,0.5,6.0,3.0,0.0,3.0,0.0,0.5,0.5
0130151,Java,1,0,0.0,1.0,0.0,0.0,0.0,0.0,0.0,0.0
0130152,Batak,1,0,0.0,1.0,0.0,0.0,0.0,0.0,0.0,0.0
0130200,Java,6,0,0.0,6.0,0.0,0.0,0.0,0.0,0.0,0.0
0130241,Java,1,0,0.0,1.0,0.0,0.0,0.0,0.0,0.0,0.0
0130252,Java,1,1,1.0,1.0,1.0,1.0,0.0,1.0,0.0,1.0
0130400,Java,4,0,0.0,4.0,0.0,0.0,0.0,0.0,0.0,0.0
0130500,Java,5,0,0.0,5.0,0.0,0.0,0.0,0.0,0.0,0.0
0130531,Java,11,0,0.0,11.0,0.0,0.0,0.0,0.0,0.0,0.0
0130541,Java,1,0,0.0,1.0,0.0,0.0,0.0,0.0,0.0,0.0
0130600,Java,4,0,0.0,4.0,0.0,0.0,0.0,0.0,0.0,0.0
0130651,Java,1,0,0.0,1.0,0.0,0.0,0.0,0.0,0.0,0.0
0130700,Java,8,0,0.0,8.0,0.0,0.0,0.0,0.0,0.0,0.0
0130751,Batak,1,0,0.0,1.0,0.0,0.0,0.0,0.0,0.0,0.0
0130800,Java,8,0,0.0,8.0,0.0,0.0,0.0,0.0,0.0,0.0
0130841,Java,1,0,0.0,1.0,0.0,0.0,0.0,0.0,0.0,0.0
0130851,Batak,1,0,0.0,1.0,0.0,0.0,0.0,0.0,0.0,0.0
0130900,Java,6,0,0.0,6.0,0.0,0.0,0.0,0.0,0.0,0.0
0130941,Java,1,0,0.0,1.0,0.0,0.0,0.0,0.0,0.0,0.0
0130951,Java,1,0,0.0,1.0,0.0,0.0,0.0,0.0,0.0,0.0
0130953,Java,6,0,0.0,6.0,0.0,0.0,0.0,0.0,0.0,0.0
0131000,Java,5,1,0.2,5.0,1.0,1.0,0.0,0.2,0.0,0.2
0131041,Java,2,1,0.5,2.0,1.0,1.0,0.0,0.5,0.0,0.5
0131051,Java,1,1,1.0,1.0,1.0,0.0,1.0,0.0,1.0,1.0
0131052,Java,1,0,0.0,1.0,0.0,0.0,0.0,0.0,0.0,0.0
0131100,Java,7,2,0.2857142857142857,7.0,2.0,1.0,1.0,0.14285714285714285,0.14285714285714285,0.2857142857142857
0131111,Java,3,0,0.0,3.0,0.0,0.0,0.0,0.0,0.0,0.0
0131151,Java,1,0,0.0,1.0,0.0,0.0,0.0,0.0,0.0,0.0
0131200,Java,4,0,0.0,4.0,0.0,0.0,0.0,0.0,0.0,0.0
0131251,Batak,1,0,0.0,1.0,0.0,0.0,0.0,0.0,0.0,0.0
0131252,Java,1,0,0.0,1.0,0.0,0.0,0.0,0.0,0.0,0.0
0131300,Java,5,0,0.0,5.0,0.0,0.0,0.0,0.0,0.0,0.0
0131351,Java,0,0,,,,0.0,0.0,,,
0131400,Java,9,0,0.0,9.0,0.0,0.0,0.0,0.0,0.0,0.0
0131442,Java,1,0,0.0,1.0,0.0,0.0,0.0,0.0,0.0,0.0
0131451,Java,1,0,0.0,1.0,0.0,0.0,0.0,0.0,0.0,0.0
0131452,Java,2,0,0.0,2.0,0.0,0.0,0.0,0.0,0.0,0.0
0131453,Java,1,0,0.0,1.0,0.0,0.0,0.0,0.0,0.0,0.0
0131500,Java,5,0,0.0,5.0,0.0,0.0,0.0,0.0,0.0,0.0
0131600,Java,5,0,0.0,5.0,0.0,0.0,0.0,0.0,0.0,0.0
0131641,Batak,2,0,0.0,2.0,0.0,0.0,0.0,0.0,0.0,0.0
0131651,Java,1,0,0.0,1.0,0.0,0.0,0.0,0.0,0.0,0.0
0131700,Minang,5,1,0.2,5.0,1.0,0.0,1.0,0.0,0.2,0.2
0131900,Java,4,0,0.0,4.0,0.0,0.0,0.0,0.0,0.0,0.0
0131941,Java,1,0,0.0,1.0,0.0,0.0,0.0,0.0,0.0,0.0
0131951,Java,1,0,0.0,1.0,0.0,0.0,0.0,0.0,0.0,0.0
0140100,Batak,5,1,0.2,5.0,1.0,1.0,0.0,0.2,0.0,0.2
0140241,Java,6,0,0.0,6.0,0.0,0.0,0.0,0.0,0.0,0.0
0140341,Batak,2,0,0.0,2.0,0.0,0.0,0.0,0.0,0.0,0.0
0141000,Batak,8,3,0.375,8.0,3.0,1.0,2.0,0.125,0.25,0.375
0141051,Batak,1,0,0.0,1.0,0.0,0.0,0.0,0.0,0.0,0.0
0141052,Java,0,0,,,,0.0,0.0,,,
0141100,Batak,6,0,0.0,6.0,0.0,0.0,0.0,0.0,0.0,0.0
0141200,Batak,5,1,0.2,5.0,1.0,0.0,1.0,0.0,0.2,0.2
0141300,Batak,8,0,0.0,8.0,0.0,0.0,0.0,0.0,0.0,0.0
0141351,Batak,1,0,0.0,1.0,0.0,0.0,0.0,0.0,0.0,0.0
0141400,Minang,7,2,0.2857142857142857,7.0,2.0,1.0,1.0,0.14285714285714285,0.14285714285714285,0.2857142857142857
0141431,Batak,0,0,,,,0.0,0.0,,,
0141441,Minang,1,0,0.0,1.0,0.0,0.0,0.0,0.0,0.0,0.0
0141442,Minang,1,0,0.0,1.0,0.0,0.0,0.0,0.0,0.0,0.0
0141443,Batak,2,0,0.0,2.0,0.0,0.0,0.0,0.0,0.0,0.0
0141451,Minang,1,1,1.0,1.0,1.0,0.0,1.0,0.0,1.0,1.0
0141500,Batak,10,0,0.0,10.0,0.0,0.0,0.0,0.0,0.0,0.0
0141800,Java,8,1,0.125,8.0,1.0,1.0,0.0,0.125,0.0,0.125
0141831,Java,2,0,0.0,2.0,0.0,0.0,0.0,0.0,0.0,0.0
0141851,Java,1,0,0.0,1.0,0.0,0.0,0.0,0.0,0.0,0.0
0141900,Batak,5,0,0.0,5.0,0.0,0.0,0.0,0.0,0.0,0.0
0150300,Batak,7,0,0.0,7.0,0.0,0.0,0.0,0.0,0.0,0.0
0150400,Batak,8,1,0.125,8.0,1.0,1.0,0.0,0.125,0.0,0.125
0150431,Batak,1,0,0.0,1.0,0.0,0.0,0.0,0.0,0.0,0.0
0150432,Batak,7,0,0.0,7.0,0.0,0.0,0.0,0.0,0.0,0.0
0150500,Batak,6,2,0.3333333333333333,6.0,2.0,1.0,1.0,0.16666666666666666,0.16666666666666666,0.3333333333333333
0150531,Batak,2,0,0.0,2.0,0.0,0.0,0.0,0.0,0.0,0.0
0150541,Batak,2,0,0.0,2.0,0.0,0.0,0.0,0.0,0.0,0.0
0150551,Batak,1,0,0.0,1.0,0.0,0.0,0.0,0.0,0.0,0.0
0150600,Batak,6,2,0.3333333333333333,6.0,2.0,0.0,2.0,0.0,0.3333333333333333,0.3333333333333333
0150651,Batak,3,0,0.0,3.0,0.0,0.0,0.0,0.0,0.0,0.0
0150700,Batak,9,1,0.1111111111111111,9.0,1.0,1.0,0.0,0.1111111111111111,0.0,0.1111111111111111
0150800,Batak,14,1,0.0714285714285714,14.0,1.0,0.0,1.0,0.0,0.07142857142857142,0.07142857142857142
0150832,Batak,2,0,0.0,2.0,0.0,0.0,0.0,0.0,0.0,0.0
0150851,Batak,1,0,0.0,1.0,0.0,0.0,0.0,0.0,0.0,0.0
0150900,Batak,7,2,0.2857142857142857,7.0,2.0,1.0,1.0,0.14285714285714285,0.14285714285714285,0.2857142857142857
0151000,Batak,8,3,0.375,8.0,3.0,3.0,0.0,0.375,0.0,0.375
0151041,Batak,1,0,0.0,1.0,0.0,0.0,0.0,0.0,0.0,0.0
0151100,Batak,6,0,0.0,6.0,0.0,0.0,0.0,0.0,0.0,0.0
0151141,Batak,1,0,0.0,1.0,0.0,0.0,0.0,0.0,0.0,0.0
0151142,Batak,1,0,0.0,1.0,0.0,0.0,0.0,0.0,0.0,0.0
0151400,Batak,7,1,0.1428571428571428,7.0,1.0,0.0,1.0,0.0,0.14285714285714285,0.14285714285714285
0151441,Java,1,0,0.0,1.0,0.0,0.0,0.0,0.0,0.0,0.0
0151500,Batak,5,1,0.2,5.0,1.0,1.0,0.0,0.2,0.0,0.2
0151551,Batak,1,0,0.0,1.0,0.0,0.0,0.0,0.0,0.0,0.0
0151600,Batak,9,1,0.1111111111111111,9.0,1.0,1.0,0.0,0.1111111111111111,0.0,0.1111111111111111
0151641,Batak,1,0,0.0,1.0,0.0,0.0,0.0,0.0,0.0,0.0
0151700,Batak,7,0,0.0,7.0,0.0,0.0,0.0,0.0,0.0,0.0
0151741,Minang,4,0,0.0,4.0,0.0,0.0,0.0,0.0,0.0,0.0
0151742,Batak,3,0,0.0,3.0,0.0,0.0,0.0,0.0,0.0,0.0
0151800,Batak,9,2,0.2222222222222222,9.0,2.0,1.0,1.0,0.1111111111111111,0.1111111111111111,0.2222222222222222
0151900,Batak,12,1,0.0833333333333333,12.0,1.0,1.0,0.0,0.08333333333333333,0.0,0.08333333333333333
0151931,Batak,5,0,0.0,5.0,0.0,0.0,0.0,0.0,0.0,0.0
0151932,Batak,1,0,0.0,1.0,0.0,0.0,0.0,0.0,0.0,0.0
0152000,Batak,7,1,0.1428571428571428,7.0,1.0,1.0,0.0,0.14285714285714285,0.0,0.14285714285714285
0152011,Batak,1,0,0.0,1.0,0.0,0.0,0.0,0.0,0.0,0.0
0152041,Batak,0,0,,,,0.0,0.0,,,
0160100,Batak,3,1,0.3333333333333333,3.0,1.0,1.0,0.0,0.3333333333333333,0.0,0.3333333333333333
0160121,Batak,7,0,0.0,7.0,0.0,0.0,0.0,0.0,0.0,0.0
0160141,Minang,3,0,0.0,3.0,0.0,0.0,0.0,0.0,0.0,0.0
0160300,Batak,5,0,0.0,5.0,0.0,0.0,0.0,0.0,0.0,0.0
0160400,Minang,12,5,0.4166666666666667,12.0,5.0,3.0,2.0,0.25,0.16666666666666666,0.41666666666666663
0160441,Minang,2,0,0.0,2.0,0.0,0.0,0.0,0.0,0.0,0.0
0160452,Java,2,0,0.0,2.0,0.0,0.0,0.0,0.0,0.0,0.0
0160500,Batak,6,1,0.1666666666666666,6.0,1.0,0.0,1.0,0.0,0.16666666666666666,0.16666666666666666
0160700,Batak,2,0,0.0,2.0,0.0,0.0,0.0,0.0,0.0,0.0
0161200,Batak,10,1,0.1,10.0,1.0,0.0,1.0,0.0,0.1,0.1
0161300,Batak,16,0,0.0,16.0,0.0,0.0,0.0,0.0,0.0,0.0
0161321,Batak,1,0,0.0,1.0,0.0,0.0,0.0,0.0,0.0,0.0
0161322,Batak,1,0,0.0,1.0,0.0,0.0,0.0,0.0,0.0,0.0
0161351,Batak,1,1,1.0,1.0,1.0,0.0,1.0,0.0,1.0,1.0
0161352,Batak,2,0,0.0,2.0,0.0,0.0,0.0,0.0,0.0,0.0
0161400,Batak,4,0,0.0,4.0,0.0,0.0,0.0,0.0,0.0,0.0
0161431,Batak,3,0,0.0,3.0,0.0,0.0,0.0,0.0,0.0,0.0
0161500,Batak,3,0,0.0,3.0,0.0,0.0,0.0,0.0,0.0,0.0
0161631,Java,10,0,0.0,10.0,0.0,0.0,0.0,0.0,0.0,0.0
0161641,Batak,2,0,0.0,2.0,0.0,0.0,0.0,0.0,0.0,0.0
0161642,Minang,1,0,0.0,1.0,0.0,0.0,0.0,0.0,0.0,0.0
0161700,Java,4,2,0.5,4.0,2.0,1.0,1.0,0.25,0.25,0.5
0161900,Batak,5,0,0.0,5.0,0.0,0.0,0.0,0.0,0.0,0.0
0162000,Minang,4,1,0.25,4.0,1.0,0.0,1.0,0.0,0.25,0.25
0164100,Batak,8,0,0.0,8.0,0.0,0.0,0.0,0.0,0.0,0.0
0170400,Batak,10,5,0.5,10.0,5.0,4.0,1.0,0.4,0.1,0.5
0170432,Batak,1,0,0.0,1.0,0.0,0.0,0.0,0.0,0.0,0.0
0170551,Batak,1,0,0.0,1.0,0.0,0.0,0.0,0.0,0.0,0.0
0170600,Java,3,0,0.0,3.0,0.0,0.0,0.0,0.0,0.0,0.0
0170641,Java,1,0,0.0,1.0,0.0,0.0,0.0,0.0,0.0,0.0
0170700,Batak,6,0,0.0,6.0,0.0,0.0,0.0,0.0,0.0,0.0
0170732,Batak,4,0,0.0,4.0,0.0,0.0,0.0,0.0,0.0,0.0
0170741,Java,2,0,0.0,2.0,0.0,0.0,0.0,0.0,0.0,0.0
0170751,Minang,1,1,1.0,1.0,1.0,1.0,0.0,1.0,0.0,1.0
0170800,Batak,9,2,0.2222222222222222,9.0,2.0,2.0,0.0,0.2222222222222222,0.0,0.2222222222222222
0170841,Batak,1,0,0.0,1.0,0.0,0.0,0.0,0.0,0.0,0.0
0170842,Batak,2,0,0.0,2.0,0.0,0.0,0.0,0.0,0.0,0.0
0170843,Batak,5,0,0.0,5.0,0.0,0.0,0.0,0.0,0.0,0.0
0170851,Batak,3,0,0.0,3.0,0.0,0.0,0.0,0.0,0.0,0.0
0170900,Java,7,2,0.2857142857142857,7.0,2.0,1.0,1.0,0.14285714285714285,0.14285714285714285,0.2857142857142857
0170951,Java,0,0,,,,0.0,0.0,,,
0170952,Minang,1,0,0.0,1.0,0.0,0.0,0.0,0.0,0.0,0.0
0171200,Batak,7,3,0.4285714285714285,7.0,3.0,2.0,1.0,0.2857142857142857,0.14285714285714285,0.42857142857142855
0171241,Java,1,1,1.0,1.0,1.0,1.0,0.0,1.0,0.0,1.0
0171242,Batak,1,1,1.0,1.0,1.0,0.0,1.0,0.0,1.0,1.0
0171251,Batak,1,1,1.0,1.0,1.0,0.0,1.0,0.0,1.0,1.0
0171252,Batak,1,0,0.0,1.0,0.0,0.0,0.0,0.0,0.0,0.0
0171300,Java,10,1,0.1,10.0,1.0,1.0,0.0,0.1,0.0,0.1
0171341,Minang,2,0,0.0,2.0,0.0,0.0,0.0,0.0,0.0,0.0
0171342,Batak,1,0,0.0,1.0,0.0,0.0,0.0,0.0,0.0,0.0
0171351,Batak,0,0,,,,0.0,0.0,,,
0171352,Java,0,0,,,,0.0,0.0,,,
0171621,Minang,7,0,0.0,7.0,0.0,0.0,0.0,0.0,0.0,0.0
0171642,Java,3,0,0.0,3.0,0.0,0.0,0.0,0.0,0.0,0.0
0171643,Minang,3,0,0.0,3.0,0.0,0.0,0.0,0.0,0.0,0.0
0171651,Minang,3,0,0.0,3.0,0.0,0.0,0.0,0.0,0.0,0.0
0171654,Minang,1,0,0.0,1.0,0.0,0.0,0.0,0.0,0.0,0.0
0171655,Batak,1,0,0.0,1.0,0.0,0.0,0.0,0.0,0.0,0.0
0171700,Batak,9,3,0.3333333333333333,9.0,3.0,0.0,3.0,0.0,0.3333333333333333,0.3333333333333333
0171731,Batak,3,3,1.0,3.0,3.0,3.0,0.0,1.0,0.0,1.0
0171741,Batak,0,0,,,,0.0,0.0,,,
0171742,Batak,2,0,0.0,2.0,0.0,0.0,0.0,0.0,0.0,0.0
0171752,Batak,1,0,0.0,1.0,0.0,0.0,0.0,0.0,0.0,0.0
0171800,Batak,7,3,0.4285714285714285,7.0,3.0,2.0,1.0,0.2857142857142857,0.14285714285714285,0.42857142857142855
0171841,Batak,1,0,0.0,1.0,0.0,0.0,0.0,0.0,0.0,0.0
0171842,Java,4,0,0.0,4.0,0.0,0.0,0.0,0.0,0.0,0.0
0171900,Java,5,0,0.0,5.0,0.0,0.0,0.0,0.0,0.0,0.0
0171941,Minang,3,0,0.0,3.0,0.0,0.0,0.0,0.0,0.0,0.0
0171943,Java,1,0,0.0,1.0,0.0,0.0,0.0,0.0,0.0,0.0
0172000,Minang,5,0,0.0,5.0,0.0,0.0,0.0,0.0,0.0,0.0
0172051,Batak,4,0,0.0,4.0,0.0,0.0,0.0,0.0,0.0,0.0
0172052,Batak,1,1,1.0,1.0,1.0,1.0,0.0,1.0,0.0,1.0
0180200,Java,12,3,0.25,12.0,3.0,1.0,2.0,0.08333333333333333,0.16666666666666666,0.25
0180253,Java,1,1,1.0,1.0,1.0,1.0,0.0,1.0,0.0,1.0
0180300,Minang,7,2,0.2857142857142857,7.0,2.0,1.0,1.0,0.14285714285714285,0.14285714285714285,0.2857142857142857
0180311,Batak,1,1,1.0,1.0,1.0,0.0,1.0,0.0,1.0,1.0
0180351,Java,0,0,,,,0.0,0.0,,,
0180442,Batak,4,0,0.0,4.0,0.0,0.0,0.0,0.0,0.0,0.0
0180531,Batak,4,0,0.0,4.0,0.0,0.0,0.0,0.0,0.0,0.0
0180600,Java,9,1,0.1111111111111111,9.0,1.0,0.0,1.0,0.0,0.1111111111111111,0.1111111111111111
0180651,Batak,1,0,0.0,1.0,0.0,0.0,0.0,0.0,0.0,0.0
0180700,Batak,6,0,0.0,6.0,0.0,0.0,0.0,0.0,0.0,0.0
0180751,Batak,0,0,,,,0.0,0.0,,,
0180800,Batak,5,0,0.0,5.0,0.0,0.0,0.0,0.0,0.0,0.0
0180900,Batak,7,1,0.1428571428571428,7.0,1.0,0.0,1.0,0.0,0.14285714285714285,0.14285714285714285
0180911,Batak,2,1,0.5,2.0,1.0,1.0,0.0,0.5,0.0,0.5
0180931,Batak,2,0,0.0,2.0,0.0,0.0,0.0,0.0,0.0,0.0
0180951,Batak,3,0,0.0,3.0,0.0,0.0,0.0,0.0,0.0,0.0
0181000,Batak,2,0,0.0,2.0,0.0,0.0,0.0,0.0,0.0,0.0
0181100,Batak,5,1,0.2,5.0,1.0,1.0,0.0,0.2,0.0,0.2
0181200,Batak,5,0,0.0,5.0,0.0,0.0,0.0,0.0,0.0,0.0
0181400,Batak,4,0,0.0,4.0,0.0,0.0,0.0,0.0,0.0,0.0
0181441,Batak,1,0,0.0,1.0,0.0,0.0,0.0,0.0,0.0,0.0
0181500,Batak,6,0,0.0,6.0,0.0,0.0,0.0,0.0,0.0,0.0
0181541,Batak,4,0,0.0,4.0,0.0,0.0,0.0,0.0,0.0,0.0
0181600,Batak,9,2,0.2222222222222222,9.0,2.0,1.0,1.0,0.1111111111111111,0.1111111111111111,0.2222222222222222
0181652,Batak,0,0,,,,0.0,0.0,,,
0181700,Minang,6,0,0.0,6.0,0.0,0.0,0.0,0.0,0.0,0.0
0181751,Batak,4,0,0.0,4.0,0.0,0.0,0.0,0.0,0.0,0.0
0181800,Batak,9,1,0.1111111111111111,9.0,1.0,1.0,0.0,0.1111111111111111,0.0,0.1111111111111111
0182000,Batak,4,1,0.25,4.0,1.0,1.0,0.0,0.25,0.0,0.25
0190800,Java,7,0,0.0,7.0,0.0,0.0,0.0,0.0,0.0,0.0
0190831,Java,2,0,0.0,2.0,0.0,0.0,0.0,0.0,0.0,0.0
0190841,Java,4,0,0.0,4.0,0.0,0.0,0.0,0.0,0.0,0.0
0190900,Java,4,2,0.5,4.0,2.0,1.0,1.0,0.25,0.25,0.5
0190951,Java,1,1,1.0,1.0,1.0,0.0,1.0,0.0,1.0,1.0
0191000,Java,10,0,0.0,10.0,0.0,0.0,0.0,0.0,0.0,0.0
0191011,Batak,2,0,0.0,2.0,0.0,0.0,0.0,0.0,0.0,0.0
0191032,Java,1,0,0.0,1.0,0.0,0.0,0.0,0.0,0.0,0.0
0200200,Batak,1,0,0.0,1.0,0.0,0.0,0.0,0.0,0.0,0.0
0200300,Java,6,1,0.1666666666666666,6.0,1.0,1.0,0.0,0.16666666666666666,0.0,0.16666666666666666
0200500,Batak,4,1,0.25,4.0,1.0,1.0,0.0,0.25,0.0,0.25
0200551,Batak,1,0,0.0,1.0,0.0,0.0,0.0,0.0,0.0,0.0
0200600,Batak,7,0,0.0,7.0,0.0,0.0,0.0,0.0,0.0,0.0
0200800,Batak,4,0,0.0,4.0,0.0,0.0,0.0,0.0,0.0,0.0
0200900,Batak,4,0,0.0,4.0,0.0,0.0,0.0,0.0,0.0,0.0
0201000,Batak,4,0,0.0,4.0,0.0,0.0,0.0,0.0,0.0,0.0
0201031,Batak,3,0,0.0,3.0,0.0,0.0,0.0,0.0,0.0,0.0
0201032,Batak,3,1,0.3333333333333333,3.0,1.0,0.0,1.0,0.0,0.3333333333333333,0.3333333333333333
0201100,Batak,4,3,0.75,4.0,3.0,1.0,2.0,0.25,0.5,0.75
0201151,Batak,1,0,0.0,1.0,0.0,0.0,0.0,0.0,0.0,0.0
0201152,Batak,1,0,0.0,1.0,0.0,0.0,0.0,0.0,0.0,0.0
0201200,Batak,2,2,1.0,2.0,2.0,0.0,2.0,0.0,1.0,1.0
0201251,Batak,0,0,,,,0.0,0.0,,,
0201300,Batak,6,0,0.0,6.0,0.0,0.0,0.0,0.0,0.0,0.0
0201400,Batak,2,0,0.0,2.0,0.0,0.0,0.0,0.0,0.0,0.0
0201500,Batak,11,3,0.2727272727272727,11.0,3.0,1.0,2.0,0.09090909090909091,0.18181818181818182,0.2727272727272727
0201751,Java,1,0,0.0,1.0,0.0,0.0,0.0,0.0,0.0,0.0
0201800,Java,6,0,0.0,6.0,0.0,0.0,0.0,0.0,0.0,0.0
0201841,Java,1,0,0.0,1.0,0.0,0.0,0.0,0.0,0.0,0.0
0201900,Batak,5,2,0.4,5.0,2.0,1.0,1.0,0.2,0.2,0.4
0201941,Batak,1,0,0.0,1.0,0.0,0.0,0.0,0.0,0.0,0.0
0201951,Batak,2,2,1.0,2.0,2.0,1.0,1.0,0.5,0.5,1.0
0202000,Minang,5,1,0.2,5.0,1.0,1.0,0.0,0.2,0.0,0.2
0210100,Java,8,1,0.125,8.0,1.0,1.0,0.0,0.125,0.0,0.125
0210300,Java,4,0,0.0,4.0,0.0,0.0,0.0,0.0,0.0,0.0
0210400,Java,3,0,0.0,3.0,0.0,0.0,0.0,0.0,0.0,0.0
0210500,Batak,10,1,0.1,10.0,1.0,0.0,1.0,0.0,0.1,0.1
0210541,Java,0,0,,,,0.0,0.0,,,
0210551,Batak,1,1,1.0,1.0,1.0,0.0,1.0,0.0,1.0,1.0
0210600,Java,7,3,0.4285714285714285,7.0,3.0,1.0,2.0,0.14285714285714285,0.2857142857142857,0.42857142857142855
0210653,Java,1,0,0.0,1.0,0.0,0.0,0.0,0.0,0.0,0.0
0210700,Java,5,0,0.0,5.0,0.0,0.0,0.0,0.0,0.0,0.0
0210751,Java,1,1,1.0,1.0,1.0,0.0,1.0,0.0,1.0,1.0
0210752,Java,1,0,0.0,1.0,0.0,0.0,0.0,0.0,0.0,0.0
0210900,Java,5,0,0.0,5.0,0.0,0.0,0.0,0.0,0.0,0.0
0211000,Java,5,0,0.0,5.0,0.0,0.0,0.0,0.0,0.0,0.0
0211100,Java,5,1,0.2,5.0,1.0,1.0,0.0,0.2,0.0,0.2
0211131,Java,2,2,1.0,2.0,2.0,2.0,0.0,1.0,0.0,1.0
0211300,Java,9,0,0.0,9.0,0.0,0.0,0.0,0.0,0.0,0.0
0211341,Java,1,0,0.0,1.0,0.0,0.0,0.0,0.0,0.0,0.0
0211342,Batak,1,0,0.0,1.0,0.0,0.0,0.0,0.0,0.0,0.0
0211343,Batak,1,0,0.0,1.0,0.0,0.0,0.0,0.0,0.0,0.0
0211351,Java,1,1,1.0,1.0,1.0,0.0,1.0,0.0,1.0,1.0
0211400,Java,5,0,0.0,5.0,0.0,0.0,0.0,0.0,0.0,0.0
0211451,Java,1,0,0.0,1.0,0.0,0.0,0.0,0.0,0.0,0.0
0211500,Java,5,0,0.0,5.0,0.0,0.0,0.0,0.0,0.0,0.0
0211551,Java,0,0,,,,0.0,0.0,,,
0211600,Java,4,0,0.0,4.0,0.0,0.0,0.0,0.0,0.0,0.0
0211651,Batak,1,0,0.0,1.0,0.0,0.0,0.0,0.0,0.0,0.0
0211700,Java,10,0,0.0,10.0,0.0,0.0,0.0,0.0,0.0,0.0
0211731,Batak,0,0,,,,0.0,0.0,,,
0211732,Java,2,1,0.5,2.0,1.0,0.0,1.0,0.0,0.5,0.5
0211741,Java,3,0,0.0,3.0,0.0,0.0,0.0,0.0,0.0,0.0
0211800,Java,7,0,0.0,7.0,0.0,0.0,0.0,0.0,0.0,0.0
0211811,Java,2,0,0.0,2.0,0.0,0.0,0.0,0.0,0.0,0.0
0211841,Java,2,0,0.0,2.0,0.0,0.0,0.0,0.0,0.0,0.0
0211900,Java,7,0,0.0,7.0,0.0,0.0,0.0,0.0,0.0,0.0
0211951,Batak,1,0,0.0,1.0,0.0,0.0,0.0,0.0,0.0,0.0
0211952,Java,1,0,0.0,1.0,0.0,0.0,0.0,0.0,0.0,0.0
0212000,Java,3,0,0.0,3.0,0.0,0.0,0.0,0.0,0.0,0.0
0220100,Minang,5,1,0.2,5.0,1.0,1.0,0.0,0.2,0.0,0.2
0220200,Java,8,0,0.0,8.0,0.0,0.0,0.0,0.0,0.0,0.0
0220251,Java,3,1,0.3333333333333333,3.0,1.0,1.0,0.0,0.3333333333333333,0.0,0.3333333333333333
0220500,Batak,10,1,0.1,10.0,1.0,0.0,1.0,0.0,0.1,0.1
0220531,Batak,3,1,0.3333333333333333,3.0,1.0,1.0,0.0,0.3333333333333333,0.0,0.3333333333333333
0220541,Batak,1,0,0.0,1.0,0.0,0.0,0.0,0.0,0.0,0.0
0220551,Batak,1,0,0.0,1.0,0.0,0.0,0.0,0.0,0.0,0.0
0220600,Java,5,0,0.0,5.0,0.0,0.0,0.0,0.0,0.0,0.0
0220641,Java,7,0,0.0,7.0,0.0,0.0,0.0,0.0,0.0,0.0
0220651,Java,1,0,0.0,1.0,0.0,0.0,0.0,0.0,0.0,0.0
0220700,Batak,7,1,0.1428571428571428,7.0,1.0,0.0,1.0,0.0,0.14285714285714285,0.14285714285714285
0220731,Batak,3,0,0.0,3.0,0.0,0.0,0.0,0.0,0.0,0.0
0220741,Batak,1,0,0.0,1.0,0.0,0.0,0.0,0.0,0.0,0.0
0220800,Java,10,2,0.2,10.0,2.0,1.0,1.0,0.1,0.1,0.2
0220811,Java,4,0,0.0,4.0,0.0,0.0,0.0,0.0,0.0,0.0
0220842,Java,1,0,0.0,1.0,0.0,0.0,0.0,0.0,0.0,0.0
0220851,Batak,1,1,1.0,1.0,1.0,1.0,0.0,1.0,0.0,1.0
0220900,Batak,8,0,0.0,8.0,0.0,0.0,0.0,0.0,0.0,0.0
0220941,Minang,4,0,0.0,4.0,0.0,0.0,0.0,0.0,0.0,0.0
0220942,Java,1,0,0.0,1.0,0.0,0.0,0.0,0.0,0.0,0.0
0220951,Batak,0,0,,,,0.0,0.0,,,
0221000,Minang,5,0,0.0,5.0,0.0,0.0,0.0,0.0,0.0,0.0
0221051,Minang,1,0,0.0,1.0,0.0,0.0,0.0,0.0,0.0,0.0
0221052,Batak,1,1,1.0,1.0,1.0,1.0,0.0,1.0,0.0,1.0
0221111,Minang,1,1,1.0,1.0,1.0,1.0,0.0,1.0,0.0,1.0
0221141,Java,0,0,,,,0.0,0.0,,,
0221200,Batak,7,0,0.0,7.0,0.0,0.0,0.0,0.0,0.0,0.0
0221400,Batak,10,1,0.1,10.0,1.0,0.0,1.0,0.0,0.1,0.1
0221600,Minang,5,0,0.0,5.0,0.0,0.0,0.0,0.0,0.0,0.0
0221700,Minang,5,2,0.4,5.0,2.0,1.0,1.0,0.2,0.2,0.4
0221751,Java,1,0,0.0,1.0,0.0,0.0,0.0,0.0,0.0,0.0
0221800,Minang,8,1,0.125,8.0,1.0,0.0,1.0,0.0,0.125,0.125
0221811,Java,1,0,0.0,1.0,0.0,0.0,0.0,0.0,0.0,0.0
0221831,Java,6,0,0.0,6.0,0.0,0.0,0.0,0.0,0.0,0.0
0221841,Minang,2,0,0.0,2.0,0.0,0.0,0.0,0.0,0.0,0.0
0221851,Java,1,1,1.0,1.0,1.0,1.0,0.0,1.0,0.0,1.0
0221900,Batak,4,1,0.25,4.0,1.0,0.0,1.0,0.0,0.25,0.25
0222000,Batak,6,0,0.0,6.0,0.0,0.0,0.0,0.0,0.0,0.0
0230200,Batak,7,3,0.4285714285714285,7.0,3.0,2.0,1.0,0.2857142857142857,0.14285714285714285,0.42857142857142855
0230500,Java,4,1,0.25,4.0,1.0,0.0,1.0,0.0,0.25,0.25
0230700,Batak,12,3,0.25,12.0,3.0,0.0,3.0,0.0,0.25,0.25
0230731,Batak,7,2,0.2857142857142857,7.0,2.0,0.0,2.0,0.0,0.2857142857142857,0.2857142857142857
0230751,Batak,2,0,0.0,2.0,0.0,0.0,0.0,0.0,0.0,0.0
0230752,Batak,1,0,0.0,1.0,0.0,0.0,0.0,0.0,0.0,0.0
0230800,Java,7,0,0.0,7.0,0.0,0.0,0.0,0.0,0.0,0.0
0230851,Java,1,0,0.0,1.0,0.0,0.0,0.0,0.0,0.0,0.0
0230852,Java,4,0,0.0,4.0,0.0,0.0,0.0,0.0,0.0,0.0
0231000,Java,8,1,0.125,8.0,1.0,0.0,1.0,0.0,0.125,0.125
0231041,Java,1,0,0.0,1.0,0.0,0.0,0.0,0.0,0.0,0.0
0231051,Batak,0,0,,,,0.0,0.0,,,
0231052,Java,1,1,1.0,1.0,1.0,0.0,1.0,0.0,1.0,1.0
0231053,Batak,1,1,1.0,1.0,1.0,0.0,1.0,0.0,1.0,1.0
0231054,Batak,1,1,1.0,1.0,1.0,1.0,0.0,1.0,0.0,1.0
0231100,Java,10,1,0.1,10.0,1.0,1.0,0.0,0.1,0.0,0.1
0231141,Java,0,0,,,,0.0,0.0,,,
0231200,Java,5,0,0.0,5.0,0.0,0.0,0.0,0.0,0.0,0.0
0231400,Batak,10,1,0.1,10.0,1.0,1.0,0.0,0.1,0.0,0.1
0231451,Batak,1,1,1.0,1.0,1.0,0.0,1.0,0.0,1.0,1.0
0231700,Batak,5,1,0.2,5.0,1.0,1.0,0.0,0.2,0.0,0.2
0231751,Batak,1,0,0.0,1.0,0.0,0.0,0.0,0.0,0.0,0.0
0231754,Batak,1,0,0.0,1.0,0.0,0.0,0.0,0.0,0.0,0.0
0231951,Batak,1,0,0.0,1.0,0.0,0.0,0.0,0.0,0.0,0.0
0240100,Batak,7,2,0.2857142857142857,7.0,2.0,1.0,1.0,0.14285714285714285,0.14285714285714285,0.2857142857142857
0240141,Java,2,1,0.5,2.0,1.0,1.0,0.0,0.5,0.0,0.5
0240152,Batak,1,1,1.0,1.0,1.0,0.0,1.0,0.0,1.0,1.0
0240200,Java,4,0,0.0,4.0,0.0,0.0,0.0,0.0,0.0,0.0
0240300,Java,10,0,0.0,10.0,0.0,0.0,0.0,0.0,0.0,0.0
0240331,Java,1,0,0.0,1.0,0.0,0.0,0.0,0.0,0.0,0.0
0240341,Java,1,0,0.0,1.0,0.0,0.0,0.0,0.0,0.0,0.0
0240351,Java,0,0,,,,0.0,0.0,,,
0240411,Java,5,0,0.0,5.0,0.0,0.0,0.0,0.0,0.0,0.0
0240421,Java,6,0,0.0,6.0,0.0,0.0,0.0,0.0,0.0,0.0
0240441,Java,1,0,0.0,1.0,0.0,0.0,0.0,0.0,0.0,0.0
0240442,Java,1,1,1.0,1.0,1.0,0.0,1.0,0.0,1.0,1.0
0240443,Java,1,0,0.0,1.0,0.0,0.0,0.0,0.0,0.0,0.0
0240444,Java,2,0,0.0,2.0,0.0,0.0,0.0,0.0,0.0,0.0
0240500,Java,6,0,0.0,6.0,0.0,0.0,0.0,0.0,0.0,0.0
0240700,Minang,8,0,0.0,8.0,0.0,0.0,0.0,0.0,0.0,0.0
0240741,Minang,1,0,0.0,1.0,0.0,0.0,0.0,0.0,0.0,0.0
0240751,Java,1,0,0.0,1.0,0.0,0.0,0.0,0.0,0.0,0.0
0240800,Java,10,2,0.2,10.0,2.0,2.0,0.0,0.2,0.0,0.2
0240811,Batak,3,0,0.0,3.0,0.0,0.0,0.0,0.0,0.0,0.0
0240832,Java,6,0,0.0,6.0,0.0,0.0,0.0,0.0,0.0,0.0
0240842,Java,3,0,0.0,3.0,0.0,0.0,0.0,0.0,0.0,0.0
0240851,Minang,1,0,0.0,1.0,0.0,0.0,0.0,0.0,0.0,0.0
0240855,Java,2,0,0.0,2.0,0.0,0.0,0.0,0.0,0.0,0.0
0240900,Java,12,1,0.0833333333333333,12.0,1.0,1.0,0.0,0.08333333333333333,0.0,0.08333333333333333
0240912,Java,2,0,0.0,2.0,0.0,0.0,0.0,0.0,0.0,0.0
0240931,Java,5,0,0.0,5.0,0.0,0.0,0.0,0.0,0.0,0.0
0240941,Java,0,0,,,,0.0,0.0,,,
0240942,Java,1,1,1.0,1.0,1.0,1.0,0.0,1.0,0.0,1.0
0241100,Java,5,0,0.0,5.0,0.0,0.0,0.0,0.0,0.0,0.0
0241400,Java,7,1,0.1428571428571428,7.0,1.0,1.0,0.0,0.14285714285714285,0.0,0.14285714285714285
0241431,Java,4,0,0.0,4.0,0.0,0.0,0.0,0.0,0.0,0.0
0241451,Java,1,0,0.0,1.0,0.0,0.0,0.0,0.0,0.0,0.0
0241600,Java,14,2,0.1428571428571428,14.0,2.0,1.0,1.0,0.07142857142857142,0.07142857142857142,0.14285714285714285
0241611,Batak,3,0,0.0,3.0,0.0,0.0,0.0,0.0,0.0,0.0
0241621,Java,1,0,0.0,1.0,0.0,0.0,0.0,0.0,0.0,0.0
0241631,Java,0,0,,,,0.0,0.0,,,
0241641,Java,0,0,,,,0.0,0.0,,,
0241652,Java,1,0,0.0,1.0,0.0,0.0,0.0,0.0,0.0,0.0
0241700,Java,9,0,0.0,9.0,0.0,0.0,0.0,0.0,0.0,0.0
0241721,Batak,2,1,0.5,2.0,1.0,1.0,0.0,0.5,0.0,0.5
0241731,Java,5,0,0.0,5.0,0.0,0.0,0.0,0.0,0.0,0.0
0241732,Java,1,0,0.0,1.0,0.0,0.0,0.0,0.0,0.0,0.0
0241800,Java,3,0,0.0,3.0,0.0,0.0,0.0,0.0,0.0,0.0
0241900,Java,6,0,0.0,6.0,0.0,0.0,0.0,0.0,0.0,0.0
0242000,Java,5,1,0.2,5.0,1.0,0.0,1.0,0.0,0.2,0.2
0242100,Java,8,0,0.0,8.0,0.0,0.0,0.0,0.0,0.0,0.0
0242131,Java,2,0,0.0,2.0,0.0,0.0,0.0,0.0,0.0,0.0
0242151,Java,0,0,,,,0.0,0.0,,,
0242152,Java,0,0,,,,0.0,0.0,,,
0242200,Java,5,0,0.0,5.0,0.0,0.0,0.0,0.0,0.0,0.0
0242300,Java,6,0,0.0,6.0,0.0,0.0,0.0,0.0,0.0,0.0
0242351,Java,1,1,1.0,1.0,1.0,0.0,1.0,0.0,1.0,1.0
0242352,Java,1,0,0.0,1.0,0.0,0.0,0.0,0.0,0.0,0.0
0242400,Java,5,0,0.0,5.0,0.0,0.0,0.0,0.0,0.0,0.0
0242600,Java,5,1,0.2,5.0,1.0,1.0,0.0,0.2,0.0,0.2
0242800,Java,9,0,0.0,9.0,0.0,0.0,0.0,0.0,0.0,0.0
0242841,Java,5,1,0.2,5.0,1.0,1.0,0.0,0.2,0.0,0.2
0242842,Java,1,0,0.0,1.0,0.0,0.0,0.0,0.0,0.0,0.0
0242851,Java,0,0,,,,0.0,0.0,,,
0242853,Java,0,0,,,,0.0,0.0,,,
0242854,Java,2,0,0.0,2.0,0.0,0.0,0.0,0.0,0.0,0.0
0250100,Java,15,0,0.0,15.0,0.0,0.0,0.0,0.0,0.0,0.0
0250131,Java,3,2,0.6666666666666666,3.0,2.0,2.0,0.0,0.6666666666666666,0.0,0.6666666666666666
0250300,Java,4,0,0.0,4.0,0.0,0.0,0.0,0.0,0.0,0.0
0250400,Java,5,0,0.0,5.0,0.0,0.0,0.0,0.0,0.0,0.0
0250451,Java,3,0,0.0,3.0,0.0,0.0,0.0,0.0,0.0,0.0
0250600,Java,6,1,0.1666666666666666,6.0,1.0,1.0,0.0,0.16666666666666666,0.0,0.16666666666666666
0250631,Batak,5,0,0.0,5.0,0.0,0.0,0.0,0.0,0.0,0.0
0250641,Java,2,0,0.0,2.0,0.0,0.0,0.0,0.0,0.0,0.0
0250642,Java,1,0,0.0,1.0,0.0,0.0,0.0,0.0,0.0,0.0
0250651,Batak,2,1,0.5,2.0,1.0,0.0,1.0,0.0,0.5,0.5
0250700,Batak,9,0,0.0,9.0,0.0,0.0,0.0,0.0,0.0,0.0
0250731,Batak,1,1,1.0,1.0,1.0,1.0,0.0,1.0,0.0,1.0
0250751,Minang,0,0,,,,0.0,0.0,,,
0250800,Java,7,1,0.1428571428571428,7.0,1.0,1.0,0.0,0.14285714285714285,0.0,0.14285714285714285
0250842,Java,1,0,0.0,1.0,0.0,0.0,0.0,0.0,0.0,0.0
0250851,Batak,1,0,0.0,1.0,0.0,0.0,0.0,0.0,0.0,0.0
0251000,Java,8,1,0.125,8.0,1.0,1.0,0.0,0.125,0.0,0.125
0251031,Java,2,0,0.0,2.0,0.0,0.0,0.0,0.0,0.0,0.0
0251041,Java,2,0,0.0,2.0,0.0,0.0,0.0,0.0,0.0,0.0
0251042,Java,1,0,0.0,1.0,0.0,0.0,0.0,0.0,0.0,0.0
0251052,Java,1,0,0.0,1.0,0.0,0.0,0.0,0.0,0.0,0.0
0251100,Batak,8,0,0.0,8.0,0.0,0.0,0.0,0.0,0.0,0.0
0251141,Batak,1,0,0.0,1.0,0.0,0.0,0.0,0.0,0.0,0.0
0251152,Java,1,0,0.0,1.0,0.0,0.0,0.0,0.0,0.0,0.0
0251153,Batak,1,1,1.0,1.0,1.0,0.0,1.0,0.0,1.0,1.0
0251154,Java,6,1,0.1666666666666666,6.0,1.0,0.0,1.0,0.0,0.16666666666666666,0.16666666666666666
0251200,Java,8,1,0.125,8.0,1.0,1.0,0.0,0.125,0.0,0.125
0251231,Java,6,0,0.0,6.0,0.0,0.0,0.0,0.0,0.0,0.0
0251253,Java,2,1,0.5,2.0,1.0,0.0,1.0,0.0,0.5,0.5
0251300,Java,6,0,0.0,6.0,0.0,0.0,0.0,0.0,0.0,0.0
0251331,Java,2,0,0.0,2.0,0.0,0.0,0.0,0.0,0.0,0.0
0251341,Java,1,0,0.0,1.0,0.0,0.0,0.0,0.0,0.0,0.0
0251351,Java,1,1,1.0,1.0,1.0,0.0,1.0,0.0,1.0,1.0
0251353,Java,1,0,0.0,1.0,0.0,0.0,0.0,0.0,0.0,0.0
0251500,Java,9,1,0.1111111111111111,9.0,1.0,0.0,1.0,0.0,0.1111111111111111,0.1111111111111111
0251531,Java,0,0,,,,0.0,0.0,,,
0251551,Java,1,0,0.0,1.0,0.0,0.0,0.0,0.0,0.0,0.0
0251552,Java,4,0,0.0,4.0,0.0,0.0,0.0,0.0,0.0,0.0
0251554,Java,0,0,,,,0.0,0.0,,,
0251600,Java,7,0,0.0,7.0,0.0,0.0,0.0,0.0,0.0,0.0
0251641,Java,1,0,0.0,1.0,0.0,0.0,0.0,0.0,0.0,0.0
0251642,Java,1,0,0.0,1.0,0.0,0.0,0.0,0.0,0.0,0.0
0251651,Java,0,0,,,,0.0,0.0,,,
0251652,Java,2,0,0.0,2.0,0.0,0.0,0.0,0.0,0.0,0.0
0251700,Java,4,0,0.0,4.0,0.0,0.0,0.0,0.0,0.0,0.0
0251800,Java,8,0,0.0,8.0,0.0,0.0,0.0,0.0,0.0,0.0
0251831,Java,3,0,0.0,3.0,0.0,0.0,0.0,0.0,0.0,0.0
0251841,Java,1,0,0.0,1.0,0.0,0.0,0.0,0.0,0.0,0.0
0251900,Batak,5,1,0.2,5.0,1.0,1.0,0.0,0.2,0.0,0.2
0251931,Java,3,0,0.0,3.0,0.0,0.0,0.0,0.0,0.0,0.0
0251932,Java,11,0,0.0,11.0,0.0,0.0,0.0,0.0,0.0,0.0
0251943,Java,2,0,0.0,2.0,0.0,0.0,0.0,0.0,0.0,0.0
0251951,Batak,2,0,0.0,2.0,0.0,0.0,0.0,0.0,0.0,0.0
0251953,Java,3,0,0.0,3.0,0.0,0.0,0.0,0.0,0.0,0.0
0251955,Batak,6,0,0.0,6.0,0.0,0.0,0.0,0.0,0.0,0.0
0262000,Batak,5,0,0.0,5.0,0.0,0.0,0.0,0.0,0.0,0.0
0270100,Minang,9,0,0.0,9.0,0.0,0.0,0.0,0.0,0.0,0.0
0270141,Minang,7,0,0.0,7.0,0.0,0.0,0.0,0.0,0.0,0.0
0270142,Minang,1,1,1.0,1.0,1.0,1.0,0.0,1.0,0.0,1.0
0270200,Minang,2,0,0.0,2.0,0.0,0.0,0.0,0.0,0.0,0.0
0270241,Minang,1,0,0.0,1.0,0.0,0.0,0.0,0.0,0.0,0.0
0270300,Minang,7,0,0.0,7.0,0.0,0.0,0.0,0.0,0.0,0.0
0270341,Minang,1,0,0.0,1.0,0.0,0.0,0.0,0.0,0.0,0.0
0270400,Minang,7,0,0.0,7.0,0.0,0.0,0.0,0.0,0.0,0.0
0270600,Minang,14,0,0.0,14.0,0.0,0.0,0.0,0.0,0.0,0.0
0270611,Minang,8,0,0.0,8.0,0.0,0.0,0.0,0.0,0.0,0.0
0270612,Minang,2,0,0.0,2.0,0.0,0.0,0.0,0.0,0.0,0.0
0270651,Minang,1,0,0.0,1.0,0.0,0.0,0.0,0.0,0.0,0.0
0270700,Minang,12,0,0.0,12.0,0.0,0.0,0.0,0.0,0.0,0.0
0270731,Minang,3,0,0.0,3.0,0.0,0.0,0.0,0.0,0.0,0.0
0270741,Minang,1,0,0.0,1.0,0.0,0.0,0.0,0.0,0.0,0.0
0270742,Minang,2,0,0.0,2.0,0.0,0.0,0.0,0.0,0.0,0.0
0270800,Minang,5,0,0.0,5.0,0.0,0.0,0.0,0.0,0.0,0.0
0270831,Minang,2,0,0.0,2.0,0.0,0.0,0.0,0.0,0.0,0.0
0270832,Minang,8,0,0.0,8.0,0.0,0.0,0.0,0.0,0.0,0.0
0270851,Minang,5,0,0.0,5.0,0.0,0.0,0.0,0.0,0.0,0.0
0270900,Minang,12,0,0.0,12.0,0.0,0.0,0.0,0.0,0.0,0.0
0270931,Minang,1,0,0.0,1.0,0.0,0.0,0.0,0.0,0.0,0.0
0270932,Minang,5,0,0.0,5.0,0.0,0.0,0.0,0.0,0.0,0.0
0270942,Minang,1,0,0.0,1.0,0.0,0.0,0.0,0.0,0.0,0.0
0270943,Minang,2,0,0.0,2.0,0.0,0.0,0.0,0.0,0.0,0.0
0270944,Minang,1,0,0.0,1.0,0.0,0.0,0.0,0.0,0.0,0.0
0271000,Minang,6,0,0.0,6.0,0.0,0.0,0.0,0.0,0.0,0.0
0271051,Minang,1,0,0.0,1.0,0.0,0.0,0.0,0.0,0.0,0.0
0271052,Minang,0,0,,,,0.0,0.0,,,
0271100,Minang,8,0,0.0,8.0,0.0,0.0,0.0,0.0,0.0,0.0
0271151,Minang,2,0,0.0,2.0,0.0,0.0,0.0,0.0,0.0,0.0
0271152,Minang,1,1,1.0,1.0,1.0,0.0,1.0,0.0,1.0,1.0
0271153,Minang,3,0,0.0,3.0,0.0,0.0,0.0,0.0,0.0,0.0
0271200,Minang,8,0,0.0,8.0,0.0,0.0,0.0,0.0,0.0,0.0
0271211,Minang,6,1,0.1666666666666666,6.0,1.0,0.0,1.0,0.0,0.16666666666666666,0.16666666666666666
0271241,Minang,1,1,1.0,1.0,1.0,1.0,0.0,1.0,0.0,1.0
0271300,Minang,7,0,0.0,7.0,0.0,0.0,0.0,0.0,0.0,0.0
0271351,Minang,1,0,0.0,1.0,0.0,0.0,0.0,0.0,0.0,0.0
0271400,Minang,5,1,0.2,5.0,1.0,1.0,0.0,0.2,0.0,0.2
0271451,Minang,2,0,0.0,2.0,0.0,0.0,0.0,0.0,0.0,0.0
0271500,Minang,11,0,0.0,11.0,0.0,0.0,0.0,0.0,0.0,0.0
0271600,Minang,4,0,0.0,4.0,0.0,0.0,0.0,0.0,0.0,0.0
0271651,Minang,1,0,0.0,1.0,0.0,0.0,0.0,0.0,0.0,0.0
0271800,Minang,9,1,0.1111111111111111,9.0,1.0,0.0,1.0,0.0,0.1111111111111111,0.1111111111111111
0271841,Minang,0,0,,,,0.0,0.0,,,
0271911,Minang,7,0,0.0,7.0,0.0,0.0,0.0,0.0,0.0,0.0
0272000,Minang,9,0,0.0,9.0,0.0,0.0,0.0,0.0,0.0,0.0
0272031,Minang,1,0,0.0,1.0,0.0,0.0,0.0,0.0,0.0,0.0
0272032,Minang,5,0,0.0,5.0,0.0,0.0,0.0,0.0,0.0,0.0
0272041,Minang,1,0,0.0,1.0,0.0,0.0,0.0,0.0,0.0,0.0
0272300,Minang,5,0,0.0,5.0,0.0,0.0,0.0,0.0,0.0,0.0
0272400,Minang,7,0,0.0,7.0,0.0,0.0,0.0,0.0,0.0,0.0
0272411,Minang,16,0,0.0,16.0,0.0,0.0,0.0,0.0,0.0,0.0
0272451,Minang,3,0,0.0,3.0,0.0,0.0,0.0,0.0,0.0,0.0
0272500,Minang,7,0,0.0,7.0,0.0,0.0,0.0,0.0,0.0,0.0
0272531,Minang,1,0,0.0,1.0,0.0,0.0,0.0,0.0,0.0,0.0
0272532,Minang,3,1,0.3333333333333333,3.0,1.0,1.0,0.0,0.3333333333333333,0.0,0.3333333333333333
0272541,Minang,2,0,0.0,2.0,0.0,0.0,0.0,0.0,0.0,0.0
0272600,Minang,12,0,0.0,12.0,0.0,0.0,0.0,0.0,0.0,0.0
0272632,Minang,2,1,0.5,2.0,1.0,1.0,0.0,0.5,0.0,0.5
0272641,Minang,1,0,0.0,1.0,0.0,0.0,0.0,0.0,0.0,0.0
0272800,Minang,11,0,0.0,11.0,0.0,0.0,0.0,0.0,0.0,0.0
0272811,Minang,2,1,0.5,2.0,1.0,1.0,0.0,0.5,0.0,0.5
0272831,Minang,2,0,0.0,2.0,0.0,0.0,0.0,0.0,0.0,0.0
0272841,Minang,1,0,0.0,1.0,0.0,0.0,0.0,0.0,0.0,0.0
0272851,Minang,1,0,0.0,1.0,0.0,0.0,0.0,0.0,0.0,0.0
0272900,Minang,7,0,0.0,7.0,0.0,0.0,0.0,0.0,0.0,0.0
0272941,Minang,2,0,0.0,2.0,0.0,0.0,0.0,0.0,0.0,0.0
0272942,Minang,1,0,0.0,1.0,0.0,0.0,0.0,0.0,0.0,0.0
0273000,Minang,6,0,0.0,6.0,0.0,0.0,0.0,0.0,0.0,0.0
0273051,Minang,1,0,0.0,1.0,0.0,0.0,0.0,0.0,0.0,0.0
0274300,Minang,15,0,0.0,15.0,0.0,0.0,0.0,0.0,0.0,0.0
0274311,Minang,6,0,0.0,6.0,0.0,0.0,0.0,0.0,0.0,0.0
0274331,Java,6,0,0.0,6.0,0.0,0.0,0.0,0.0,0.0,0.0
0274341,Minang,6,0,0.0,6.0,0.0,0.0,0.0,0.0,0.0,0.0
0274351,Minang,0,0,,,,0.0,0.0,,,
0274400,Minang,5,0,0.0,5.0,0.0,0.0,0.0,0.0,0.0,0.0
0274451,Minang,0,0,,,,0.0,0.0,,,
0280100,Minang,9,1,0.1111111111111111,9.0,1.0,1.0,0.0,0.1111111111111111,0.0,0.1111111111111111
0280131,Minang,3,0,0.0,3.0,0.0,0.0,0.0,0.0,0.0,0.0
0280200,Minang,4,1,0.25,4.0,1.0,1.0,0.0,0.25,0.0,0.25
0280300,Minang,7,1,0.1428571428571428,7.0,1.0,1.0,0.0,0.14285714285714285,0.0,0.14285714285714285
0280331,Minang,6,0,0.0,6.0,0.0,0.0,0.0,0.0,0.0,0.0
0280342,Minang,1,0,0.0,1.0,0.0,0.0,0.0,0.0,0.0,0.0
0280352,Minang,0,0,,,,0.0,0.0,,,
0280400,Minang,9,2,0.2222222222222222,9.0,2.0,2.0,0.0,0.2222222222222222,0.0,0.2222222222222222
0280441,Java,1,0,0.0,1.0,0.0,0.0,0.0,0.0,0.0,0.0
0280500,Minang,9,0,0.0,9.0,0.0,0.0,0.0,0.0,0.0,0.0
0280532,Minang,3,0,0.0,3.0,0.0,0.0,0.0,0.0,0.0,0.0
0280533,Minang,2,0,0.0,2.0,0.0,0.0,0.0,0.0,0.0,0.0
0280541,Minang,1,0,0.0,1.0,0.0,0.0,0.0,0.0,0.0,0.0
0280600,Minang,4,0,0.0,4.0,0.0,0.0,0.0,0.0,0.0,0.0
0280700,Minang,8,3,0.375,8.0,3.0,2.0,1.0,0.25,0.125,0.375
0280731,Minang,1,1,1.0,1.0,1.0,0.0,1.0,0.0,1.0,1.0
0280800,Minang,5,0,0.0,5.0,0.0,0.0,0.0,0.0,0.0,0.0
0280900,Minang,4,0,0.0,4.0,0.0,0.0,0.0,0.0,0.0,0.0
0280941,Minang,1,0,0.0,1.0,0.0,0.0,0.0,0.0,0.0,0.0
0281000,Minang,6,0,0.0,6.0,0.0,0.0,0.0,0.0,0.0,0.0
0281031,Minang,5,0,0.0,5.0,0.0,0.0,0.0,0.0,0.0,0.0
0281041,Minang,0,0,,,,0.0,0.0,,,
0281042,Minang,1,0,0.0,1.0,0.0,0.0,0.0,0.0,0.0,0.0
0281053,Minang,2,0,0.0,2.0,0.0,0.0,0.0,0.0,0.0,0.0
0281200,Minang,9,0,0.0,9.0,0.0,0.0,0.0,0.0,0.0,0.0
0281241,Minang,0,0,,,,0.0,0.0,,,
0281251,Minang,1,1,1.0,1.0,1.0,1.0,0.0,1.0,0.0,1.0
0281252,Minang,3,0,0.0,3.0,0.0,0.0,0.0,0.0,0.0,0.0
0281300,Minang,5,1,0.2,5.0,1.0,1.0,0.0,0.2,0.0,0.2
0281351,Minang,1,0,0.0,1.0,0.0,0.0,0.0,0.0,0.0,0.0
0281600,Minang,6,2,0.3333333333333333,6.0,2.0,1.0,1.0,0.16666666666666666,0.16666666666666666,0.3333333333333333
0281651,Minang,1,0,0.0,1.0,0.0,0.0,0.0,0.0,0.0,0.0
0281700,Minang,8,2,0.25,8.0,2.0,1.0,1.0,0.125,0.125,0.25
0281731,Minang,4,0,0.0,4.0,0.0,0.0,0.0,0.0,0.0,0.0
0281752,Minang,1,0,0.0,1.0,0.0,0.0,0.0,0.0,0.0,0.0
0281900,Minang,1,0,0.0,1.0,0.0,0.0,0.0,0.0,0.0,0.0
0282000,Minang,6,1,0.1666666666666666,6.0,1.0,0.0,1.0,0.0,0.16666666666666666,0.16666666666666666
0282041,Minang,1,0,0.0,1.0,0.0,0.0,0.0,0.0,0.0,0.0
0282051,Minang,1,1,1.0,1.0,1.0,1.0,0.0,1.0,0.0,1.0
0282100,Minang,7,0,0.0,7.0,0.0,0.0,0.0,0.0,0.0,0.0
0282151,Minang,1,0,0.0,1.0,0.0,0.0,0.0,0.0,0.0,0.0
0282152,Minang,1,1,1.0,1.0,1.0,1.0,0.0,1.0,0.0,1.0
0282300,Minang,7,0,0.0,7.0,0.0,0.0,0.0,0.0,0.0,0.0
0282500,Minang,4,0,0.0,4.0,0.0,0.0,0.0,0.0,0.0,0.0
0282600,Minang,6,2,0.3333333333333333,6.0,2.0,1.0,1.0,0.16666666666666666,0.16666666666666666,0.3333333333333333
0282642,Minang,1,0,0.0,1.0,0.0,0.0,0.0,0.0,0.0,0.0
0282700,Minang,5,1,0.2,5.0,1.0,0.0,1.0,0.0,0.2,0.2
0282751,Minang,1,0,0.0,1.0,0.0,0.0,0.0,0.0,0.0,0.0
0282753,Minang,2,1,0.5,2.0,1.0,0.0,1.0,0.0,0.5,0.5
0282800,Minang,3,1,0.3333333333333333,3.0,1.0,1.0,0.0,0.3333333333333333,0.0,0.3333333333333333
0282851,Minang,1,0,0.0,1.0,0.0,0.0,0.0,0.0,0.0,0.0
0282900,Minang,5,1,0.2,5.0,1.0,1.0,0.0,0.2,0.0,0.2
0282951,Minang,1,0,0.0,1.0,0.0,0.0,0.0,0.0,0.0,0.0
0283041,Minang,5,0,0.0,5.0,0.0,0.0,0.0,0.0,0.0,0.0
0284100,Minang,5,0,0.0,5.0,0.0,0.0,0.0,0.0,0.0,0.0
0284200,Minang,3,0,0.0,3.0,0.0,0.0,0.0,0.0,0.0,0.0
0290100,Minang,1,0,0.0,1.0,0.0,0.0,0.0,0.0,0.0,0.0
0290200,Minang,4,1,0.25,4.0,1.0,0.0,1.0,0.0,0.25,0.25
0290300,Minang,3,0,0.0,3.0,0.0,0.0,0.0,0.0,0.0,0.0
0290400,Minang,8,1,0.125,8.0,1.0,0.0,1.0,0.0,0.125,0.125
0290432,Minang,7,0,0.0,7.0,0.0,0.0,0.0,0.0,0.0,0.0
0290451,Minang,0,0,,,,0.0,0.0,,,
0290452,Minang,1,0,0.0,1.0,0.0,0.0,0.0,0.0,0.0,0.0
0290500,Minang,5,0,0.0,5.0,0.0,0.0,0.0,0.0,0.0,0.0
0290542,Minang,1,0,0.0,1.0,0.0,0.0,0.0,0.0,0.0,0.0
0290600,Minang,5,1,0.2,5.0,1.0,0.0,1.0,0.0,0.2,0.2
0290700,Minang,7,0,0.0,7.0,0.0,0.0,0.0,0.0,0.0,0.0
0290741,Minang,1,0,0.0,1.0,0.0,0.0,0.0,0.0,0.0,0.0
0290742,Minang,1,0,0.0,1.0,0.0,0.0,0.0,0.0,0.0,0.0
0290751,Minang,1,0,0.0,1.0,0.0,0.0,0.0,0.0,0.0,0.0
0290900,Minang,8,0,0.0,8.0,0.0,0.0,0.0,0.0,0.0,0.0
0290941,Minang,1,0,0.0,1.0,0.0,0.0,0.0,0.0,0.0,0.0
0290942,Minang,6,0,0.0,6.0,0.0,0.0,0.0,0.0,0.0,0.0
0291100,Minang,3,0,0.0,3.0,0.0,0.0,0.0,0.0,0.0,0.0
0291200,Minang,5,0,0.0,5.0,0.0,0.0,0.0,0.0,0.0,0.0
0291211,Minang,3,1,0.3333333333333333,3.0,1.0,1.0,0.0,0.3333333333333333,0.0,0.3333333333333333
0291251,Minang,1,0,0.0,1.0,0.0,0.0,0.0,0.0,0.0,0.0
0291400,Minang,3,0,0.0,3.0,0.0,0.0,0.0,0.0,0.0,0.0
0291600,Minang,7,0,0.0,7.0,0.0,0.0,0.0,0.0,0.0,0.0
0291700,Minang,14,1,0.0714285714285714,14.0,1.0,0.0,1.0,0.0,0.07142857142857142,0.07142857142857142
0291731,Minang,2,0,0.0,2.0,0.0,0.0,0.0,0.0,0.0,0.0
0291741,Minang,1,0,0.0,1.0,0.0,0.0,0.0,0.0,0.0,0.0
0291751,Minang,1,0,0.0,1.0,0.0,0.0,0.0,0.0,0.0,0.0
0291800,Minang,8,0,0.0,8.0,0.0,0.0,0.0,0.0,0.0,0.0
0291851,Minang,1,1,1.0,1.0,1.0,0.0,1.0,0.0,1.0,1.0
0292200,Minang,6,0,0.0,6.0,0.0,0.0,0.0,0.0,0.0,0.0
0292251,Minang,3,0,0.0,3.0,0.0,0.0,0.0,0.0,0.0,0.0
0292400,Minang,3,0,0.0,3.0,0.0,0.0,0.0,0.0,0.0,0.0
0292441,Minang,1,1,1.0,1.0,1.0,0.0,1.0,0.0,1.0,1.0
0292600,Minang,4,0,0.0,4.0,0.0,0.0,0.0,0.0,0.0,0.0
0292731,Minang,7,0,0.0,7.0,0.0,0.0,0.0,0.0,0.0,0.0
0292900,Minang,10,0,0.0,10.0,0.0,0.0,0.0,0.0,0.0,0.0
0292951,Minang,0,0,,,,0.0,0.0,,,
0300100,Minang,3,0,0.0,3.0,0.0,0.0,0.0,0.0,0.0,0.0
0300111,Minang,2,0,0.0,2.0,0.0,0.0,0.0,0.0,0.0,0.0
0300231,Minang,11,0,0.0,11.0,0.0,0.0,0.0,0.0,0.0,0.0
0300250,Minang,1,0,0.0,1.0,0.0,0.0,0.0,0.0,0.0,0.0
0300300,Minang,10,1,0.1,10.0,1.0,1.0,0.0,0.1,0.0,0.1
0300331,Minang,1,0,0.0,1.0,0.0,0.0,0.0,0.0,0.0,0.0
0300400,Minang,3,3,1.0,3.0,3.0,1.0,2.0,0.3333333333333333,0.6666666666666666,1.0
0300500,Minang,4,0,0.0,4.0,0.0,0.0,0.0,0.0,0.0,0.0
0300600,Minang,4,2,0.5,4.0,2.0,2.0,0.0,0.5,0.0,0.5
0300651,Minang,1,0,0.0,1.0,0.0,0.0,0.0,0.0,0.0,0.0
0300700,Minang,3,0,0.0,3.0,0.0,0.0,0.0,0.0,0.0,0.0
0300831,Minang,7,0,0.0,7.0,0.0,0.0,0.0,0.0,0.0,0.0
0300900,Minang,3,0,0.0,3.0,0.0,0.0,0.0,0.0,0.0,0.0
0301011,Minang,4,1,0.25,4.0,1.0,0.0,1.0,0.0,0.25,0.25
0301200,Minang,5,0,0.0,5.0,0.0,0.0,0.0,0.0,0.0,0.0
0301241,Minang,6,0,0.0,6.0,0.0,0.0,0.0,0.0,0.0,0.0
0301251,Minang,3,0,0.0,3.0,0.0,0.0,0.0,0.0,0.0,0.0
0301300,Minang,4,0,0.0,4.0,0.0,0.0,0.0,0.0,0.0,0.0
0301400,Minang,3,0,0.0,3.0,0.0,0.0,0.0,0.0,0.0,0.0
0301600,Minang,6,1,0.1666666666666666,6.0,1.0,1.0,0.0,0.16666666666666666,0.0,0.16666666666666666
0301651,Minang,1,0,0.0,1.0,0.0,0.0,0.0,0.0,0.0,0.0
0301700,Minang,6,0,0.0,6.0,0.0,0.0,0.0,0.0,0.0,0.0
0301731,Minang,3,0,0.0,3.0,0.0,0.0,0.0,0.0,0.0,0.0
0301741,Minang,1,0,0.0,1.0,0.0,0.0,0.0,0.0,0.0,0.0
0301800,Minang,4,0,0.0,4.0,0.0,0.0,0.0,0.0,0.0,0.0
0301811,Minang,2,0,0.0,2.0,0.0,0.0,0.0,0.0,0.0,0.0
0301900,Minang,3,0,0.0,3.0,0.0,0.0,0.0,0.0,0.0,0.0
0302000,Minang,4,0,0.0,4.0,0.0,0.0,0.0,0.0,0.0,0.0
0302100,Minang,7,0,0.0,7.0,0.0,0.0,0.0,0.0,0.0,0.0
0302151,Minang,1,1,1.0,1.0,1.0,1.0,0.0,1.0,0.0,1.0
0302152,Minang,1,1,1.0,1.0,1.0,1.0,0.0,1.0,0.0,1.0
0302200,Minang,1,0,0.0,1.0,0.0,0.0,0.0,0.0,0.0,0.0
0302400,Minang,5,1,0.2,5.0,1.0,1.0,0.0,0.2,0.0,0.2
0302500,Minang,6,0,0.0,6.0,0.0,0.0,0.0,0.0,0.0,0.0
0302600,Minang,5,2,0.4,5.0,2.0,2.0,0.0,0.4,0.0,0.4
0302631,Minang,2,1,0.5,2.0,1.0,1.0,0.0,0.5,0.0,0.5
0302651,Java,1,0,0.0,1.0,0.0,0.0,0.0,0.0,0.0,0.0
0302700,Minang,3,0,0.0,3.0,0.0,0.0,0.0,0.0,0.0,0.0
0302800,Minang,7,0,0.0,7.0,0.0,0.0,0.0,0.0,0.0,0.0
0302831,Minang,2,0,0.0,2.0,0.0,0.0,0.0,0.0,0.0,0.0
0302851,Minang,1,1,1.0,1.0,1.0,1.0,0.0,1.0,0.0,1.0
0302852,Minang,3,0,0.0,3.0,0.0,0.0,0.0,0.0,0.0,0.0
0302900,Minang,4,0,0.0,4.0,0.0,0.0,0.0,0.0,0.0,0.0
0302951,Minang,1,0,0.0,1.0,0.0,0.0,0.0,0.0,0.0,0.0
0303000,Minang,2,0,0.0,2.0,0.0,0.0,0.0,0.0,0.0,0.0
0310100,Minang,2,0,0.0,2.0,0.0,0.0,0.0,0.0,0.0,0.0
0310200,Minang,6,1,0.1666666666666666,6.0,1.0,1.0,0.0,0.16666666666666666,0.0,0.16666666666666666
0310211,Minang,2,0,0.0,2.0,0.0,0.0,0.0,0.0,0.0,0.0
0310251,Minang,3,0,0.0,3.0,0.0,0.0,0.0,0.0,0.0,0.0
0310300,Minang,9,3,0.3333333333333333,9.0,3.0,2.0,1.0,0.2222222222222222,0.1111111111111111,0.3333333333333333
0310331,Minang,5,0,0.0,5.0,0.0,0.0,0.0,0.0,0.0,0.0
0310341,Minang,0,0,,,,0.0,0.0,,,
0310351,Minang,0,0,,,,0.0,0.0,,,
0310400,Minang,2,0,0.0,2.0,0.0,0.0,0.0,0.0,0.0,0.0
0310500,Minang,6,0,0.0,6.0,0.0,0.0,0.0,0.0,0.0,0.0
0310531,Minang,1,1,1.0,1.0,1.0,1.0,0.0,1.0,0.0,1.0
0310600,Batak,7,1,0.1428571428571428,7.0,1.0,0.0,1.0,0.0,0.14285714285714285,0.14285714285714285
0310700,Minang,4,0,0.0,4.0,0.0,0.0,0.0,0.0,0.0,0.0
0310800,Minang,3,1,0.3333333333333333,3.0,1.0,0.0,1.0,0.0,0.3333333333333333,0.3333333333333333
0310831,Minang,2,0,0.0,2.0,0.0,0.0,0.0,0.0,0.0,0.0
0310900,Minang,2,0,0.0,2.0,0.0,0.0,0.0,0.0,0.0,0.0
0311000,Minang,1,0,0.0,1.0,0.0,0.0,0.0,0.0,0.0,0.0
0311200,Minang,7,2,0.2857142857142857,7.0,2.0,1.0,1.0,0.14285714285714285,0.14285714285714285,0.2857142857142857
0311232,Minang,3,0,0.0,3.0,0.0,0.0,0.0,0.0,0.0,0.0
0311233,Minang,4,0,0.0,4.0,0.0,0.0,0.0,0.0,0.0,0.0
0311241,Minang,1,0,0.0,1.0,0.0,0.0,0.0,0.0,0.0,0.0
0311251,Minang,2,0,0.0,2.0,0.0,0.0,0.0,0.0,0.0,0.0
0311300,Minang,4,0,0.0,4.0,0.0,0.0,0.0,0.0,0.0,0.0
0311400,Minang,7,0,0.0,7.0,0.0,0.0,0.0,0.0,0.0,0.0
0311441,Minang,2,0,0.0,2.0,0.0,0.0,0.0,0.0,0.0,0.0
0311600,Minang,8,0,0.0,8.0,0.0,0.0,0.0,0.0,0.0,0.0
0311900,Minang,11,2,0.1818181818181818,11.0,2.0,1.0,1.0,0.09090909090909091,0.09090909090909091,0.18181818181818182
0311931,Minang,3,1,0.3333333333333333,3.0,1.0,1.0,0.0,0.3333333333333333,0.0,0.3333333333333333
0312100,Minang,3,0,0.0,3.0,0.0,0.0,0.0,0.0,0.0,0.0
0312200,Minang,10,1,0.1,10.0,1.0,0.0,1.0,0.0,0.1,0.1
0312300,Minang,4,0,0.0,4.0,0.0,0.0,0.0,0.0,0.0,0.0
0312331,Minang,7,0,0.0,7.0,0.0,0.0,0.0,0.0,0.0,0.0
0312351,Minang,2,0,0.0,2.0,0.0,0.0,0.0,0.0,0.0,0.0
0312400,Minang,4,0,0.0,4.0,0.0,0.0,0.0,0.0,0.0,0.0
0312411,Minang,1,0,0.0,1.0,0.0,0.0,0.0,0.0,0.0,0.0
0312500,Minang,6,0,0.0,6.0,0.0,0.0,0.0,0.0,0.0,0.0
0312511,Minang,2,0,0.0,2.0,0.0,0.0,0.0,0.0,0.0,0.0
0312700,Minang,6,0,0.0,6.0,0.0,0.0,0.0,0.0,0.0,0.0
0312800,Minang,6,1,0.1666666666666666,6.0,1.0,1.0,0.0,0.16666666666666666,0.0,0.16666666666666666
0312811,Minang,6,0,0.0,6.0,0.0,0.0,0.0,0.0,0.0,0.0
0312900,Minang,9,0,0.0,9.0,0.0,0.0,0.0,0.0,0.0,0.0
0312951,Minang,5,0,0.0,5.0,0.0,0.0,0.0,0.0,0.0,0.0
0313000,Minang,6,1,0.1666666666666666,6.0,1.0,0.0,1.0,0.0,0.16666666666666666,0.16666666666666666
0313051,Minang,3,1,0.3333333333333333,3.0,1.0,1.0,0.0,0.3333333333333333,0.0,0.3333333333333333
0320100,Minang,3,0,0.0,3.0,0.0,0.0,0.0,0.0,0.0,0.0
0320200,Minang,2,0,0.0,2.0,0.0,0.0,0.0,0.0,0.0,0.0
0320241,Minang,1,1,1.0,1.0,1.0,1.0,0.0,1.0,0.0,1.0
0320300,Minang,10,1,0.1,10.0,1.0,0.0,1.0,0.0,0.1,0.1
0320341,Minang,2,0,0.0,2.0,0.0,0.0,0.0,0.0,0.0,0.0
0320342,Minang,5,0,0.0,5.0,0.0,0.0,0.0,0.0,0.0,0.0
0320400,Minang,5,0,0.0,5.0,0.0,0.0,0.0,0.0,0.0,0.0
0320500,Minang,11,3,0.2727272727272727,11.0,3.0,3.0,0.0,0.2727272727272727,0.0,0.2727272727272727
0320542,Minang,1,0,0.0,1.0,0.0,0.0,0.0,0.0,0.0,0.0
0320543,Minang,1,1,1.0,1.0,1.0,1.0,0.0,1.0,0.0,1.0
0320544,Minang,3,1,0.3333333333333333,3.0,1.0,0.0,1.0,0.0,0.3333333333333333,0.3333333333333333
0320600,Minang,6,2,0.3333333333333333,6.0,2.0,1.0,1.0,0.16666666666666666,0.16666666666666666,0.3333333333333333
0320652,Minang,1,0,0.0,1.0,0.0,0.0,0.0,0.0,0.0,0.0
0320700,Minang,5,0,0.0,5.0,0.0,0.0,0.0,0.0,0.0,0.0
0320741,Minang,1,0,0.0,1.0,0.0,0.0,0.0,0.0,0.0,0.0
0320800,Minang,9,0,0.0,9.0,0.0,0.0,0.0,0.0,0.0,0.0
0320831,Minang,0,0,,,,0.0,0.0,,,
0320900,Minang,6,2,0.3333333333333333,6.0,2.0,2.0,0.0,0.3333333333333333,0.0,0.3333333333333333
0320931,Minang,2,0,0.0,2.0,0.0,0.0,0.0,0.0,0.0,0.0
0320941,Minang,1,1,1.0,1.0,1.0,0.0,1.0,0.0,1.0,1.0
0321100,Minang,7,1,0.1428571428571428,7.0,1.0,0.0,1.0,0.0,0.14285714285714285,0.14285714285714285
0321141,Minang,1,0,0.0,1.0,0.0,0.0,0.0,0.0,0.0,0.0
0321142,Minang,1,0,0.0,1.0,0.0,0.0,0.0,0.0,0.0,0.0
0321143,Minang,1,1,1.0,1.0,1.0,1.0,0.0,1.0,0.0,1.0
0321151,Minang,1,1,1.0,1.0,1.0,0.0,1.0,0.0,1.0,1.0
0321152,Minang,1,0,0.0,1.0,0.0,0.0,0.0,0.0,0.0,0.0
0321200,Minang,9,0,0.0,9.0,0.0,0.0,0.0,0.0,0.0,0.0
0321212,Minang,2,0,0.0,2.0,0.0,0.0,0.0,0.0,0.0,0.0
0321241,Minang,2,0,0.0,2.0,0.0,0.0,0.0,0.0,0.0,0.0
0321300,Minang,10,1,0.1,10.0,1.0,1.0,0.0,0.1,0.0,0.1
0321342,Minang,1,0,0.0,1.0,0.0,0.0,0.0,0.0,0.0,0.0
0321400,Minang,8,2,0.25,8.0,2.0,1.0,1.0,0.125,0.125,0.25
0321441,Minang,1,0,0.0,1.0,0.0,0.0,0.0,0.0,0.0,0.0
0321442,Minang,1,0,0.0,1.0,0.0,0.0,0.0,0.0,0.0,0.0
0321500,Minang,5,0,0.0,5.0,0.0,0.0,0.0,0.0,0.0,0.0
0321600,Minang,9,0,0.0,9.0,0.0,0.0,0.0,0.0,0.0,0.0
0321631,Minang,1,0,0.0,1.0,0.0,0.0,0.0,0.0,0.0,0.0
0321651,Minang,2,0,0.0,2.0,0.0,0.0,0.0,0.0,0.0,0.0
0321731,Minang,7,2,0.2857142857142857,7.0,2.0,1.0,1.0,0.14285714285714285,0.14285714285714285,0.2857142857142857
0321800,Minang,1,0,0.0,1.0,0.0,0.0,0.0,0.0,0.0,0.0
0321900,Minang,5,1,0.2,5.0,1.0,1.0,0.0,0.2,0.0,0.2
0321951,Minang,1,1,1.0,1.0,1.0,0.0,1.0,0.0,1.0,1.0
0322000,Minang,12,1,0.0833333333333333,12.0,1.0,1.0,0.0,0.08333333333333333,0.0,0.08333333333333333
0322011,Minang,2,0,0.0,2.0,0.0,0.0,0.0,0.0,0.0,0.0
0322041,Minang,3,0,0.0,3.0,0.0,0.0,0.0,0.0,0.0,0.0
0322051,Minang,5,0,0.0,5.0,0.0,0.0,0.0,0.0,0.0,0.0
0322052,Minang,5,0,0.0,5.0,0.0,0.0,0.0,0.0,0.0,0.0
0322200,Minang,1,0,0.0,1.0,0.0,0.0,0.0,0.0,0.0,0.0
0322441,Minang,2,1,0.5,2.0,1.0,0.0,1.0,0.0,0.5,0.5
0322443,Minang,2,0,0.0,2.0,0.0,0.0,0.0,0.0,0.0,0.0
0322531,Minang,5,0,0.0,5.0,0.0,0.0,0.0,0.0,0.0,0.0
0322541,Minang,3,0,0.0,3.0,0.0,0.0,0.0,0.0,0.0,0.0
0322600,Minang,4,0,0.0,4.0,0.0,0.0,0.0,0.0,0.0,0.0
0322700,Minang,4,0,0.0,4.0,0.0,0.0,0.0,0.0,0.0,0.0
0322741,Minang,1,0,0.0,1.0,0.0,0.0,0.0,0.0,0.0,0.0
0322742,Minang,1,1,1.0,1.0,1.0,0.0,1.0,0.0,1.0,1.0
0322751,Minang,1,0,0.0,1.0,0.0,0.0,0.0,0.0,0.0,0.0
0322800,Minang,7,0,0.0,7.0,0.0,0.0,0.0,0.0,0.0,0.0
0322811,Minang,5,1,0.2,5.0,1.0,0.0,1.0,0.0,0.2,0.2
0322852,Minang,1,0,0.0,1.0,0.0,0.0,0.0,0.0,0.0,0.0
0322931,Minang,4,0,0.0,4.0,0.0,0.0,0.0,0.0,0.0,0.0
0322941,Minang,4,0,0.0,4.0,0.0,0.0,0.0,0.0,0.0,0.0
0322942,Minang,2,0,0.0,2.0,0.0,0.0,0.0,0.0,0.0,0.0
0322950,Minang,2,1,0.5,2.0,1.0,0.0,1.0,0.0,0.5,0.5
0323000,Minang,8,2,0.25,8.0,2.0,1.0,1.0,0.125,0.125,0.25
0323031,Minang,4,0,0.0,4.0,0.0,0.0,0.0,0.0,0.0,0.0
0323042,Minang,1,0,0.0,1.0,0.0,0.0,0.0,0.0,0.0,0.0
0323051,Minang,1,0,0.0,1.0,0.0,0.0,0.0,0.0,0.0,0.0
0323052,Minang,2,1,0.5,2.0,1.0,0.0,1.0,0.0,0.5,0.5
0330100,Minang,6,1,0.1666666666666666,6.0,1.0,0.0,1.0,0.0,0.16666666666666666,0.16666666666666666
0330141,Minang,2,1,0.5,2.0,1.0,0.0,1.0,0.0,0.5,0.5
0330300,Minang,4,0,0.0,4.0,0.0,0.0,0.0,0.0,0.0,0.0
0330311,Minang,3,0,0.0,3.0,0.0,0.0,0.0,0.0,0.0,0.0
0330441,Minang,3,0,0.0,3.0,0.0,0.0,0.0,0.0,0.0,0.0
0330600,Minang,10,1,0.1,10.0,1.0,1.0,0.0,0.1,0.0,0.1
0330611,Minang,1,0,0.0,1.0,0.0,0.0,0.0,0.0,0.0,0.0
0330651,Minang,1,1,1.0,1.0,1.0,0.0,1.0,0.0,1.0,1.0
0330652,Minang,1,1,1.0,1.0,1.0,0.0,1.0,0.0,1.0,1.0
0330700,Minang,6,0,0.0,6.0,0.0,0.0,0.0,0.0,0.0,0.0
0330800,Minang,7,0,0.0,7.0,0.0,0.0,0.0,0.0,0.0,0.0
0330900,Minang,8,0,0.0,8.0,0.0,0.0,0.0,0.0,0.0,0.0
0330941,Minang,1,0,0.0,1.0,0.0,0.0,0.0,0.0,0.0,0.0
0330951,Minang,1,0,0.0,1.0,0.0,0.0,0.0,0.0,0.0,0.0
0331100,Minang,7,0,0.0,7.0,0.0,0.0,0.0,0.0,0.0,0.0
0331141,Minang,1,0,0.0,1.0,0.0,0.0,0.0,0.0,0.0,0.0
0331151,Minang,0,0,,,,0.0,0.0,,,
0331200,Minang,9,0,0.0,9.0,0.0,0.0,0.0,0.0,0.0,0.0
0331241,Minang,1,0,0.0,1.0,0.0,0.0,0.0,0.0,0.0,0.0
0331400,Minang,10,0,0.0,10.0,0.0,0.0,0.0,0.0,0.0,0.0
0331441,Minang,1,0,0.0,1.0,0.0,0.0,0.0,0.0,0.0,0.0
0331442,Minang,1,0,0.0,1.0,0.0,0.0,0.0,0.0,0.0,0.0
0331500,Minang,5,0,0.0,5.0,0.0,0.0,0.0,0.0,0.0,0.0
0331600,Minang,9,0,0.0,9.0,0.0,0.0,0.0,0.0,0.0,0.0
0331651,Minang,7,0,0.0,7.0,0.0,0.0,0.0,0.0,0.0,0.0
0331652,Minang,3,0,0.0,3.0,0.0,0.0,0.0,0.0,0.0,0.0
0331653,Minang,4,0,0.0,4.0,0.0,0.0,0.0,0.0,0.0,0.0
0331700,Minang,7,1,0.1428571428571428,7.0,1.0,1.0,0.0,0.14285714285714285,0.0,0.14285714285714285
0331732,Minang,6,0,0.0,6.0,0.0,0.0,0.0,0.0,0.0,0.0
0331751,Minang,3,0,0.0,3.0,0.0,0.0,0.0,0.0,0.0,0.0
0331800,Minang,6,0,0.0,6.0,0.0,0.0,0.0,0.0,0.0,0.0
0331911,Minang,4,0,0.0,4.0,0.0,0.0,0.0,0.0,0.0,0.0
0332000,Minang,4,0,0.0,4.0,0.0,0.0,0.0,0.0,0.0,0.0
0332100,Minang,7,0,0.0,7.0,0.0,0.0,0.0,0.0,0.0,0.0
0332141,Minang,3,0,0.0,3.0,0.0,0.0,0.0,0.0,0.0,0.0
0332142,Minang,1,0,0.0,1.0,0.0,0.0,0.0,0.0,0.0,0.0
0332200,Minang,9,0,0.0,9.0,0.0,0.0,0.0,0.0,0.0,0.0
0332300,Minang,9,2,0.2222222222222222,9.0,2.0,1.0,1.0,0.1111111111111111,0.1111111111111111,0.2222222222222222
0332341,Minang,3,0,0.0,3.0,0.0,0.0,0.0,0.0,0.0,0.0
0332352,Minang,1,1,1.0,1.0,1.0,0.0,1.0,0.0,1.0,1.0
0332500,Minang,10,0,0.0,10.0,0.0,0.0,0.0,0.0,0.0,0.0
0332511,Minang,3,0,0.0,3.0,0.0,0.0,0.0,0.0,0.0,0.0
0332541,Minang,1,0,0.0,1.0,0.0,0.0,0.0,0.0,0.0,0.0
0332542,Minang,2,1,0.5,2.0,1.0,1.0,0.0,0.5,0.0,0.5
0332600,Minang,5,1,0.2,5.0,1.0,1.0,0.0,0.2,0.0,0.2
0332631,Minang,1,0,0.0,1.0,0.0,0.0,0.0,0.0,0.0,0.0
0332641,Minang,4,0,0.0,4.0,0.0,0.0,0.0,0.0,0.0,0.0
0332700,Minang,7,0,0.0,7.0,0.0,0.0,0.0,0.0,0.0,0.0
0332711,Minang,1,0,0.0,1.0,0.0,0.0,0.0,0.0,0.0,0.0
0332741,Java,1,0,0.0,1.0,0.0,0.0,0.0,0.0,0.0,0.0
0332751,Minang,0,0,,,,0.0,0.0,,,
0332800,Minang,8,0,0.0,8.0,0.0,0.0,0.0,0.0,0.0,0.0
0332841,Minang,1,1,1.0,1.0,1.0,0.0,1.0,0.0,1.0,1.0
0332851,Minang,1,0,0.0,1.0,0.0,0.0,0.0,0.0,0.0,0.0
0332900,Minang,10,0,0.0,10.0,0.0,0.0,0.0,0.0,0.0,0.0
0332941,Minang,5,0,0.0,5.0,0.0,0.0,0.0,0.0,0.0,0.0
0332942,Minang,1,0,0.0,1.0,0.0,0.0,0.0,0.0,0.0,0.0
0332951,Minang,1,0,0.0,1.0,0.0,0.0,0.0,0.0,0.0,0.0
0333000,Minang,10,0,0.0,10.0,0.0,0.0,0.0,0.0,0.0,0.0
0333011,Minang,1,0,0.0,1.0,0.0,0.0,0.0,0.0,0.0,0.0
0333012,Minang,2,0,0.0,2.0,0.0,0.0,0.0,0.0,0.0,0.0
0333042,Minang,1,1,1.0,1.0,1.0,1.0,0.0,1.0,0.0,1.0
0333043,Batak,3,1,0.3333333333333333,3.0,1.0,1.0,0.0,0.3333333333333333,0.0,0.3333333333333333
0340300,Minang,11,1,0.0909090909090909,11.0,1.0,0.0,1.0,0.0,0.09090909090909091,0.09090909090909091
0340331,Minang,1,0,0.0,1.0,0.0,0.0,0.0,0.0,0.0,0.0
0340341,Minang,2,0,0.0,2.0,0.0,0.0,0.0,0.0,0.0,0.0
0340351,Minang,1,1,1.0,1.0,1.0,0.0,1.0,0.0,1.0,1.0
0340352,Minang,0,0,,,,0.0,0.0,,,
0340353,Minang,1,0,0.0,1.0,0.0,0.0,0.0,0.0,0.0,0.0
0340354,Minang,1,0,0.0,1.0,0.0,0.0,0.0,0.0,0.0,0.0
0340355,Minang,1,1,1.0,1.0,1.0,0.0,1.0,0.0,1.0,1.0
0340400,Minang,9,0,0.0,9.0,0.0,0.0,0.0,0.0,0.0,0.0
0340441,Minang,1,0,0.0,1.0,0.0,0.0,0.0,0.0,0.0,0.0
0340451,Minang,1,0,0.0,1.0,0.0,0.0,0.0,0.0,0.0,0.0
0340800,Minang,13,0,0.0,13.0,0.0,0.0,0.0,0.0,0.0,0.0
0340831,Batak,2,0,0.0,2.0,0.0,0.0,0.0,0.0,0.0,0.0
0340851,Minang,1,1,1.0,1.0,1.0,1.0,0.0,1.0,0.0,1.0
0340951,Minang,1,1,1.0,1.0,1.0,0.0,1.0,0.0,1.0,1.0
0341000,Minang,8,0,0.0,8.0,0.0,0.0,0.0,0.0,0.0,0.0
0341041,Minang,0,0,,,,0.0,0.0,,,
0341042,Minang,1,0,0.0,1.0,0.0,0.0,0.0,0.0,0.0,0.0
0341051,Minang,1,1,1.0,1.0,1.0,1.0,0.0,1.0,0.0,1.0
0341100,Minang,13,2,0.1538461538461538,13.0,2.0,0.0,2.0,0.0,0.15384615384615385,0.15384615384615385
0341142,Minang,2,2,1.0,2.0,2.0,1.0,1.0,0.5,0.5,1.0
0341300,Minang,15,0,0.0,15.0,0.0,0.0,0.0,0.0,0.0,0.0
0341341,Minang,0,0,,,,0.0,0.0,,,
0341351,Minang,2,0,0.0,2.0,0.0,0.0,0.0,0.0,0.0,0.0
0341500,Minang,12,2,0.1666666666666666,12.0,2.0,1.0,1.0,0.08333333333333333,0.08333333333333333,0.16666666666666666
0341531,Minang,7,0,0.0,7.0,0.0,0.0,0.0,0.0,0.0,0.0
0341541,Minang,1,0,0.0,1.0,0.0,0.0,0.0,0.0,0.0,0.0
0341551,Minang,0,0,,,,0.0,0.0,,,
0341631,Minang,8,0,0.0,8.0,0.0,0.0,0.0,0.0,0.0,0.0
0341632,Minang,2,0,0.0,2.0,0.0,0.0,0.0,0.0,0.0,0.0
0341641,Minang,1,0,0.0,1.0,0.0,0.0,0.0,0.0,0.0,0.0
0341900,Minang,8,0,0.0,8.0,0.0,0.0,0.0,0.0,0.0,0.0
0341931,Minang,0,0,,,,0.0,0.0,,,
0341951,Minang,0,0,,,,0.0,0.0,,,
0342000,Minang,9,0,0.0,9.0,0.0,0.0,0.0,0.0,0.0,0.0
0342041,Minang,3,0,0.0,3.0,0.0,0.0,0.0,0.0,0.0,0.0
0350100,Minang,5,0,0.0,5.0,0.0,0.0,0.0,0.0,0.0,0.0
0350331,Minang,5,0,0.0,5.0,0.0,0.0,0.0,0.0,0.0,0.0
0350400,Minang,10,0,0.0,10.0,0.0,0.0,0.0,0.0,0.0,0.0
0350500,Minang,6,0,0.0,6.0,0.0,0.0,0.0,0.0,0.0,0.0
0350551,Minang,0,0,,,,0.0,0.0,,,
0350600,Minang,5,0,0.0,5.0,0.0,0.0,0.0,0.0,0.0,0.0
0350700,Minang,7,0,0.0,7.0,0.0,0.0,0.0,0.0,0.0,0.0
0350800,Minang,9,0,0.0,9.0,0.0,0.0,0.0,0.0,0.0,0.0
0350831,Minang,2,0,0.0,2.0,0.0,0.0,0.0,0.0,0.0,0.0
0350841,Minang,1,0,0.0,1.0,0.0,0.0,0.0,0.0,0.0,0.0
0350842,Minang,1,0,0.0,1.0,0.0,0.0,0.0,0.0,0.0,0.0
0350843,Minang,2,0,0.0,2.0,0.0,0.0,0.0,0.0,0.0,0.0
0350900,Minang,10,1,0.1,10.0,1.0,1.0,0.0,0.1,0.0,0.1
0350951,Minang,2,0,0.0,2.0,0.0,0.0,0.0,0.0,0.0,0.0
0351000,Minang,10,1,0.1,10.0,1.0,0.0,1.0,0.0,0.1,0.1
0351200,Minang,4,0,0.0,4.0,0.0,0.0,0.0,0.0,0.0,0.0
0351300,Minang,8,2,0.25,8.0,2.0,2.0,0.0,0.25,0.0,0.25
0351352,Minang,1,0,0.0,1.0,0.0,0.0,0.0,0.0,0.0,0.0
0351500,Minang,8,0,0.0,8.0,0.0,0.0,0.0,0.0,0.0,0.0
0351551,Minang,1,0,0.0,1.0,0.0,0.0,0.0,0.0,0.0,0.0
0351600,Minang,11,2,0.1818181818181818,11.0,2.0,1.0,1.0,0.09090909090909091,0.09090909090909091,0.18181818181818182
0351651,Minang,4,0,0.0,4.0,0.0,0.0,0.0,0.0,0.0,0.0
0351900,Minang,7,1,0.1428571428571428,7.0,1.0,1.0,0.0,0.14285714285714285,0.0,0.14285714285714285
0352000,Minang,8,0,0.0,8.0,0.0,0.0,0.0,0.0,0.0,0.0
0352041,Minang,1,0,0.0,1.0,0.0,0.0,0.0,0.0,0.0,0.0
0352042,Minang,2,0,0.0,2.0,0.0,0.0,0.0,0.0,0.0,0.0
0352043,Minang,1,0,0.0,1.0,0.0,0.0,0.0,0.0,0.0,0.0
0352044,Minang,1,0,0.0,1.0,0.0,0.0,0.0,0.0,0.0,0.0
0354100,Minang,12,0,0.0,12.0,0.0,0.0,0.0,0.0,0.0,0.0
0354141,Minang,0,0,,,,0.0,0.0,,,
0354152,Minang,1,0,0.0,1.0,0.0,0.0,0.0,0.0,0.0,0.0
0354300,Minang,10,0,0.0,10.0,0.0,0.0,0.0,0.0,0.0,0.0
0354331,Minang,3,0,0.0,3.0,0.0,0.0,0.0,0.0,0.0,0.0
0354332,Minang,1,0,0.0,1.0,0.0,0.0,0.0,0.0,0.0,0.0
0354341,Minang,1,0,0.0,1.0,0.0,0.0,0.0,0.0,0.0,0.0
0354351,Minang,2,0,0.0,2.0,0.0,0.0,0.0,0.0,0.0,0.0
0354400,Minang,10,1,0.1,10.0,1.0,1.0,0.0,0.1,0.0,0.1
0354441,Minang,3,0,0.0,3.0,0.0,0.0,0.0,0.0,0.0,0.0
0354443,Minang,1,0,0.0,1.0,0.0,0.0,0.0,0.0,0.0,0.0
0354451,Minang,1,0,0.0,1.0,0.0,0.0,0.0,0.0,0.0,0.0
0354452,Minang,1,0,0.0,1.0,0.0,0.0,0.0,0.0,0.0,0.0
0354500,Minang,9,0,0.0,9.0,0.0,0.0,0.0,0.0,0.0,0.0
0354542,Minang,0,0,,,,0.0,0.0,,,
0360100,Minang,5,0,0.0,5.0,0.0,0.0,0.0,0.0,0.0,0.0
0360200,Minang,6,0,0.0,6.0,0.0,0.0,0.0,0.0,0.0,0.0
0360231,Minang,3,2,0.6666666666666666,3.0,2.0,1.0,1.0,0.3333333333333333,0.3333333333333333,0.6666666666666666
0360300,Minang,8,0,0.0,8.0,0.0,0.0,0.0,0.0,0.0,0.0
0360311,Minang,5,0,0.0,5.0,0.0,0.0,0.0,0.0,0.0,0.0
0360341,Minang,1,0,0.0,1.0,0.0,0.0,0.0,0.0,0.0,0.0
0360351,Minang,1,1,1.0,1.0,1.0,0.0,1.0,0.0,1.0,1.0
0360352,Minang,1,1,1.0,1.0,1.0,1.0,0.0,1.0,0.0,1.0
0360400,Minang,3,0,0.0,3.0,0.0,0.0,0.0,0.0,0.0,0.0
0360441,Minang,1,0,0.0,1.0,0.0,0.0,0.0,0.0,0.0,0.0
0360451,Minang,1,1,1.0,1.0,1.0,0.0,1.0,0.0,1.0,1.0
0360500,Minang,6,0,0.0,6.0,0.0,0.0,0.0,0.0,0.0,0.0
0360600,Minang,4,0,0.0,4.0,0.0,0.0,0.0,0.0,0.0,0.0
0360651,Minang,1,0,0.0,1.0,0.0,0.0,0.0,0.0,0.0,0.0
0360800,Minang,4,0,0.0,4.0,0.0,0.0,0.0,0.0,0.0,0.0
0360851,Minang,1,1,1.0,1.0,1.0,1.0,0.0,1.0,0.0,1.0
0360900,Minang,5,1,0.2,5.0,1.0,1.0,0.0,0.2,0.0,0.2
0360951,Minang,1,1,1.0,1.0,1.0,0.0,1.0,0.0,1.0,1.0
0361000,Minang,9,0,0.0,9.0,0.0,0.0,0.0,0.0,0.0,0.0
0361011,Minang,2,1,0.5,2.0,1.0,1.0,0.0,0.5,0.0,0.5
0361042,Minang,1,0,0.0,1.0,0.0,0.0,0.0,0.0,0.0,0.0
0361043,Minang,1,0,0.0,1.0,0.0,0.0,0.0,0.0,0.0,0.0
0361100,Minang,12,2,0.1666666666666666,12.0,2.0,2.0,0.0,0.16666666666666666,0.0,0.16666666666666666
0361111,Minang,7,1,0.1428571428571428,7.0,1.0,1.0,0.0,0.14285714285714285,0.0,0.14285714285714285
0361131,Minang,1,0,0.0,1.0,0.0,0.0,0.0,0.0,0.0,0.0
0361132,Minang,1,0,0.0,1.0,0.0,0.0,0.0,0.0,0.0,0.0
0361133,Minang,2,0,0.0,2.0,0.0,0.0,0.0,0.0,0.0,0.0
0361200,Minang,5,0,0.0,5.0,0.0,0.0,0.0,0.0,0.0,0.0
0361251,Minang,1,1,1.0,1.0,1.0,0.0,1.0,0.0,1.0,1.0
0361300,Minang,4,1,0.25,4.0,1.0,1.0,0.0,0.25,0.0,0.25
0361400,Minang,9,1,0.1111111111111111,9.0,1.0,1.0,0.0,0.1111111111111111,0.0,0.1111111111111111
0361441,Minang,1,0,0.0,1.0,0.0,0.0,0.0,0.0,0.0,0.0
0361700,Minang,2,0,0.0,2.0,0.0,0.0,0.0,0.0,0.0,0.0
0361800,Minang,2,0,0.0,2.0,0.0,0.0,0.0,0.0,0.0,0.0
0361900,Minang,6,2,0.3333333333333333,6.0,2.0,1.0,1.0,0.16666666666666666,0.16666666666666666,0.3333333333333333
0361951,Minang,1,1,1.0,1.0,1.0,1.0,0.0,1.0,0.0,1.0
0361952,Minang,1,0,0.0,1.0,0.0,0.0,0.0,0.0,0.0,0.0
0362000,Minang,6,0,0.0,6.0,0.0,0.0,0.0,0.0,0.0,0.0
0362031,Minang,4,0,0.0,4.0,0.0,0.0,0.0,0.0,0.0,0.0
0362041,Minang,0,0,,,,0.0,0.0,,,
0362042,Minang,1,0,0.0,1.0,0.0,0.0,0.0,0.0,0.0,0.0
0370100,Minang,9,0,0.0,9.0,0.0,0.0,0.0,0.0,0.0,0.0
0370200,Minang,6,0,0.0,6.0,0.0,0.0,0.0,0.0,0.0,0.0
0370241,Minang,3,0,0.0,3.0,0.0,0.0,0.0,0.0,0.0,0.0
0370242,Minang,1,0,0.0,1.0,0.0,0.0,0.0,0.0,0.0,0.0
0370300,Minang,5,0,0.0,5.0,0.0,0.0,0.0,0.0,0.0,0.0
0370343,Minang,1,1,1.0,1.0,1.0,0.0,1.0,0.0,1.0,1.0
0370641,Minang,3,0,0.0,3.0,0.0,0.0,0.0,0.0,0.0,0.0
0370642,Minang,5,0,0.0,5.0,0.0,0.0,0.0,0.0,0.0,0.0
0370700,Minang,10,0,0.0,10.0,0.0,0.0,0.0,0.0,0.0,0.0
0370711,Minang,4,0,0.0,4.0,0.0,0.0,0.0,0.0,0.0,0.0
0370741,Minang,5,0,0.0,5.0,0.0,0.0,0.0,0.0,0.0,0.0
0370751,Minang,1,1,1.0,1.0,1.0,0.0,1.0,0.0,1.0,1.0
0370800,Minang,5,0,0.0,5.0,0.0,0.0,0.0,0.0,0.0,0.0
0370841,Minang,1,0,0.0,1.0,0.0,0.0,0.0,0.0,0.0,0.0
0370900,Minang,5,0,0.0,5.0,0.0,0.0,0.0,0.0,0.0,0.0
0370941,Minang,1,0,0.0,1.0,0.0,0.0,0.0,0.0,0.0,0.0
0371000,Minang,7,4,0.5714285714285714,7.0,4.0,2.0,2.0,0.2857142857142857,0.2857142857142857,0.5714285714285714
0371031,Java,1,0,0.0,1.0,0.0,0.0,0.0,0.0,0.0,0.0
0371032,Minang,2,0,0.0,2.0,0.0,0.0,0.0,0.0,0.0,0.0
0371100,Java,8,0,0.0,8.0,0.0,0.0,0.0,0.0,0.0,0.0
0371111,Java,4,0,0.0,4.0,0.0,0.0,0.0,0.0,0.0,0.0
0371131,Java,6,2,0.3333333333333333,6.0,2.0,2.0,0.0,0.3333333333333333,0.0,0.3333333333333333
0371141,Minang,1,0,0.0,1.0,0.0,0.0,0.0,0.0,0.0,0.0
0371231,Minang,1,1,1.0,1.0,1.0,1.0,0.0,1.0,0.0,1.0
0371241,Minang,1,0,0.0,1.0,0.0,0.0,0.0,0.0,0.0,0.0
0371700,Java,3,0,0.0,3.0,0.0,0.0,0.0,0.0,0.0,0.0
0371741,Minang,1,1,1.0,1.0,1.0,1.0,0.0,1.0,0.0,1.0
0371800,Minang,5,0,0.0,5.0,0.0,0.0,0.0,0.0,0.0,0.0
0371851,Minang,3,0,0.0,3.0,0.0,0.0,0.0,0.0,0.0,0.0
0371852,Minang,1,0,0.0,1.0,0.0,0.0,0.0,0.0,0.0,0.0
0371900,Minang,9,1,0.1111111111111111,9.0,1.0,1.0,0.0,0.1111111111111111,0.0,0.1111111111111111
0371931,Minang,5,0,0.0,5.0,0.0,0.0,0.0,0.0,0.0,0.0
0371932,Minang,2,0,0.0,2.0,0.0,0.0,0.0,0.0,0.0,0.0
0371941,Minang,1,0,0.0,1.0,0.0,0.0,0.0,0.0,0.0,0.0
0372000,Minang,6,1,0.1666666666666666,6.0,1.0,0.0,1.0,0.0,0.16666666666666666,0.16666666666666666
0380100,Minang,5,1,0.2,5.0,1.0,0.0,1.0,0.0,0.2,0.2
0380131,Minang,2,0,0.0,2.0,0.0,0.0,0.0,0.0,0.0,0.0
0380141,Minang,1,1,1.0,1.0,1.0,1.0,0.0,1.0,0.0,1.0
0380142,Minang,1,0,0.0,1.0,0.0,0.0,0.0,0.0,0.0,0.0
0380231,Minang,3,0,0.0,3.0,0.0,0.0,0.0,0.0,0.0,0.0
0380300,Minang,6,0,0.0,6.0,0.0,0.0,0.0,0.0,0.0,0.0
0380341,Minang,1,0,0.0,1.0,0.0,0.0,0.0,0.0,0.0,0.0
0380342,Minang,1,1,1.0,1.0,1.0,1.0,0.0,1.0,0.0,1.0
0380400,Minang,6,2,0.3333333333333333,6.0,2.0,1.0,1.0,0.16666666666666666,0.16666666666666666,0.3333333333333333
0380500,Minang,3,1,0.3333333333333333,3.0,1.0,1.0,0.0,0.3333333333333333,0.0,0.3333333333333333
0380600,Minang,7,1,0.1428571428571428,7.0,1.0,1.0,0.0,0.14285714285714285,0.0,0.14285714285714285
0380651,Minang,1,0,0.0,1.0,0.0,0.0,0.0,0.0,0.0,0.0
0380900,Minang,6,1,0.1666666666666666,6.0,1.0,1.0,0.0,0.16666666666666666,0.0,0.16666666666666666
0381000,Minang,6,0,0.0,6.0,0.0,0.0,0.0,0.0,0.0,0.0
0381041,Minang,1,0,0.0,1.0,0.0,0.0,0.0,0.0,0.0,0.0
0381051,Minang,1,0,0.0,1.0,0.0,0.0,0.0,0.0,0.0,0.0
0381100,Minang,9,0,0.0,9.0,0.0,0.0,0.0,0.0,0.0,0.0
0381141,Minang,2,0,0.0,2.0,0.0,0.0,0.0,0.0,0.0,0.0
0381142,Java,1,0,0.0,1.0,0.0,0.0,0.0,0.0,0.0,0.0
0381200,Java,15,1,0.0666666666666666,15.0,1.0,1.0,0.0,0.06666666666666667,0.0,0.06666666666666667
0381211,Java,1,0,0.0,1.0,0.0,0.0,0.0,0.0,0.0,0.0
0381251,Minang,1,1,1.0,1.0,1.0,0.0,1.0,0.0,1.0,1.0
0381252,Java,1,0,0.0,1.0,0.0,0.0,0.0,0.0,0.0,0.0
0381253,Java,1,0,0.0,1.0,0.0,0.0,0.0,0.0,0.0,0.0
0381300,Minang,6,0,0.0,6.0,0.0,0.0,0.0,0.0,0.0,0.0
0381331,Minang,0,0,,,,0.0,0.0,,,
0381341,Minang,1,1,1.0,1.0,1.0,0.0,1.0,0.0,1.0,1.0
0381400,Java,9,2,0.2222222222222222,9.0,2.0,1.0,1.0,0.1111111111111111,0.1111111111111111,0.2222222222222222
0381431,Java,2,0,0.0,2.0,0.0,0.0,0.0,0.0,0.0,0.0
0381441,Java,1,0,0.0,1.0,0.0,0.0,0.0,0.0,0.0,0.0
0381500,Minang,4,0,0.0,4.0,0.0,0.0,0.0,0.0,0.0,0.0
0381600,Minang,5,0,0.0,5.0,0.0,0.0,0.0,0.0,0.0,0.0
0381641,Minang,1,1,1.0,1.0,1.0,0.0,1.0,0.0,1.0,1.0
0381643,Minang,4,2,0.5,4.0,2.0,2.0,0.0,0.5,0.0,0.5
0381700,Minang,6,0,0.0,6.0,0.0,0.0,0.0,0.0,0.0,0.0
0381731,Java,3,0,0.0,3.0,0.0,0.0,0.0,0.0,0.0,0.0
0381800,Java,9,4,0.4444444444444444,9.0,4.0,0.0,4.0,0.0,0.4444444444444444,0.4444444444444444
0381841,Java,1,0,0.0,1.0,0.0,0.0,0.0,0.0,0.0,0.0
0381900,Minang,4,0,0.0,4.0,0.0,0.0,0.0,0.0,0.0,0.0
0381951,Minang,1,1,1.0,1.0,1.0,0.0,1.0,0.0,1.0,1.0
0382000,Java,9,2,0.2222222222222222,9.0,2.0,2.0,0.0,0.2222222222222222,0.0,0.2222222222222222
0382051,Java,1,1,1.0,1.0,1.0,0.0,1.0,0.0,1.0,1.0
0382052,Java,2,1,0.5,2.0,1.0,0.0,1.0,0.0,0.5,0.5
0382053,Java,1,1,1.0,1.0,1.0,0.0,1.0,0.0,1.0,1.0
0390100,Minang,7,0,0.0,7.0,0.0,0.0,0.0,0.0,0.0,0.0
0390141,Minang,2,0,0.0,2.0,0.0,0.0,0.0,0.0,0.0,0.0
0390151,Minang,4,1,0.25,4.0,1.0,0.0,1.0,0.0,0.25,0.25
0390200,Minang,5,0,0.0,5.0,0.0,0.0,0.0,0.0,0.0,0.0
0390241,Minang,1,0,0.0,1.0,0.0,0.0,0.0,0.0,0.0,0.0
0390311,Minang,6,1,0.1666666666666666,6.0,1.0,1.0,0.0,0.16666666666666666,0.0,0.16666666666666666
0390350,Minang,0,0,,,,0.0,0.0,,,
0390411,Minang,3,0,0.0,3.0,0.0,0.0,0.0,0.0,0.0,0.0
0390500,Minang,6,0,0.0,6.0,0.0,0.0,0.0,0.0,0.0,0.0
0390531,Minang,8,0,0.0,8.0,0.0,0.0,0.0,0.0,0.0,0.0
0390541,Minang,3,0,0.0,3.0,0.0,0.0,0.0,0.0,0.0,0.0
0390551,Minang,1,0,0.0,1.0,0.0,0.0,0.0,0.0,0.0,0.0
0390600,Minang,5,0,0.0,5.0,0.0,0.0,0.0,0.0,0.0,0.0
0390631,Minang,3,1,0.3333333333333333,3.0,1.0,0.0,1.0,0.0,0.3333333333333333,0.3333333333333333
0390700,Minang,5,1,0.2,5.0,1.0,1.0,0.0,0.2,0.0,0.2
0390741,Minang,1,1,1.0,1.0,1.0,1.0,0.0,1.0,0.0,1.0
0390800,Minang,8,0,0.0,8.0,0.0,0.0,0.0,0.0,0.0,0.0
0390831,Minang,4,2,0.5,4.0,2.0,1.0,1.0,0.25,0.25,0.5
0390900,Minang,7,1,0.1428571428571428,7.0,1.0,1.0,0.0,0.14285714285714285,0.0,0.14285714285714285
0391000,Minang,10,1,0.1,10.0,1.0,1.0,0.0,0.1,0.0,0.1
0391031,Minang,1,0,0.0,1.0,0.0,0.0,0.0,0.0,0.0,0.0
0391041,Minang,2,1,0.5,2.0,1.0,1.0,0.0,0.5,0.0,0.5
0391042,Minang,1,1,1.0,1.0,1.0,1.0,0.0,1.0,0.0,1.0
0391043,Minang,1,1,1.0,1.0,1.0,1.0,0.0,1.0,0.0,1.0
0391100,Minang,9,0,0.0,9.0,0.0,0.0,0.0,0.0,0.0,0.0
0391131,Minang,3,0,0.0,3.0,0.0,0.0,0.0,0.0,0.0,0.0
0391132,Minang,1,0,0.0,1.0,0.0,0.0,0.0,0.0,0.0,0.0
0391141,Minang,3,0,0.0,3.0,0.0,0.0,0.0,0.0,0.0,0.0
0391151,Minang,1,0,0.0,1.0,0.0,0.0,0.0,0.0,0.0,0.0
0391300,Minang,6,0,0.0,6.0,0.0,0.0,0.0,0.0,0.0,0.0
0391341,Minang,0,0,,,,0.0,0.0,,,
0391400,Minang,6,1,0.1666666666666666,6.0,1.0,0.0,1.0,0.0,0.16666666666666666,0.16666666666666666
0391500,Minang,8,0,0.0,8.0,0.0,0.0,0.0,0.0,0.0,0.0
0391531,Minang,1,0,0.0,1.0,0.0,0.0,0.0,0.0,0.0,0.0
0391600,Minang,6,0,0.0,6.0,0.0,0.0,0.0,0.0,0.0,0.0
0391700,Minang,5,1,0.2,5.0,1.0,1.0,0.0,0.2,0.0,0.2
0391800,Minang,5,0,0.0,5.0,0.0,0.0,0.0,0.0,0.0,0.0
0391900,Minang,5,2,0.4,5.0,2.0,2.0,0.0,0.4,0.0,0.4
0392000,Minang,3,0,0.0,3.0,0.0,0.0,0.0,0.0,0.0,0.0
0392041,Minang,1,1,1.0,1.0,1.0,1.0,0.0,1.0,0.0,1.0
0392042,Minang,4,0,0.0,4.0,0.0,0.0,0.0,0.0,0.0,0.0
0400100,Minang,8,0,0.0,8.0,0.0,0.0,0.0,0.0,0.0,0.0
0400200,Minang,6,0,0.0,6.0,0.0,0.0,0.0,0.0,0.0,0.0
0400231,Minang,1,0,0.0,1.0,0.0,0.0,0.0,0.0,0.0,0.0
0400232,Minang,3,0,0.0,3.0,0.0,0.0,0.0,0.0,0.0,0.0
0400300,Minang,7,1,0.1428571428571428,7.0,1.0,1.0,0.0,0.14285714285714285,0.0,0.14285714285714285
0400341,Minang,1,0,0.0,1.0,0.0,0.0,0.0,0.0,0.0,0.0
0400342,Minang,1,0,0.0,1.0,0.0,0.0,0.0,0.0,0.0,0.0
0400351,Minang,1,0,0.0,1.0,0.0,0.0,0.0,0.0,0.0,0.0
0400500,Minang,5,1,0.2,5.0,1.0,1.0,0.0,0.2,0.0,0.2
0400600,Minang,5,0,0.0,5.0,0.0,0.0,0.0,0.0,0.0,0.0
0400700,Minang,4,0,0.0,4.0,0.0,0.0,0.0,0.0,0.0,0.0
0400731,Minang,9,0,0.0,9.0,0.0,0.0,0.0,0.0,0.0,0.0
0400751,Minang,1,0,0.0,1.0,0.0,0.0,0.0,0.0,0.0,0.0
0400800,Minang,7,0,0.0,7.0,0.0,0.0,0.0,0.0,0.0,0.0
0400900,Minang,5,0,0.0,5.0,0.0,0.0,0.0,0.0,0.0,0.0
0401000,Minang,7,0,0.0,7.0,0.0,0.0,0.0,0.0,0.0,0.0
0401051,Minang,0,0,,,,0.0,0.0,,,
0401100,Minang,3,0,0.0,3.0,0.0,0.0,0.0,0.0,0.0,0.0
0401431,Minang,9,0,0.0,9.0,0.0,0.0,0.0,0.0,0.0,0.0
0401451,Minang,0,0,,,,0.0,0.0,,,
0401500,Minang,8,0,0.0,8.0,0.0,0.0,0.0,0.0,0.0,0.0
0401541,Minang,2,1,0.5,2.0,1.0,1.0,0.0,0.5,0.0,0.5
0401700,Minang,2,0,0.0,2.0,0.0,0.0,0.0,0.0,0.0,0.0
0401800,Minang,3,0,0.0,3.0,0.0,0.0,0.0,0.0,0.0,0.0
0401831,Minang,3,0,0.0,3.0,0.0,0.0,0.0,0.0,0.0,0.0
0401900,Minang,6,1,0.1666666666666666,6.0,1.0,0.0,1.0,0.0,0.16666666666666666,0.16666666666666666
0401941,Minang,3,0,0.0,3.0,0.0,0.0,0.0,0.0,0.0,0.0
0401942,Minang,1,0,0.0,1.0,0.0,0.0,0.0,0.0,0.0,0.0
0401951,Minang,1,0,0.0,1.0,0.0,0.0,0.0,0.0,0.0,0.0
0402000,Minang,5,0,0.0,5.0,0.0,0.0,0.0,0.0,0.0,0.0
0402041,Minang,1,0,0.0,1.0,0.0,0.0,0.0,0.0,0.0,0.0
0402300,Minang,6,0,0.0,6.0,0.0,0.0,0.0,0.0,0.0,0.0
0402311,Minang,6,0,0.0,6.0,0.0,0.0,0.0,0.0,0.0,0.0
0402341,Minang,1,0,0.0,1.0,0.0,0.0,0.0,0.0,0.0,0.0
0402351,Minang,3,0,0.0,3.0,0.0,0.0,0.0,0.0,0.0,0.0
0402500,Minang,5,1,0.2,5.0,1.0,1.0,0.0,0.2,0.0,0.2
0402541,Minang,0,0,,,,0.0,0.0,,,
0402551,Minang,3,0,0.0,3.0,0.0,0.0,0.0,0.0,0.0,0.0
0402600,Minang,10,1,0.1,10.0,1.0,0.0,1.0,0.0,0.1,0.1
0402611,Minang,3,0,0.0,3.0,0.0,0.0,0.0,0.0,0.0,0.0
0402631,Minang,1,0,0.0,1.0,0.0,0.0,0.0,0.0,0.0,0.0
0402641,Minang,1,0,0.0,1.0,0.0,0.0,0.0,0.0,0.0,0.0
0402700,Minang,4,1,0.25,4.0,1.0,1.0,0.0,0.25,0.0,0.25
0402800,Minang,6,1,0.1666666666666666,6.0,1.0,1.0,0.0,0.16666666666666666,0.0,0.16666666666666666
0404100,Minang,3,0,0.0,3.0,0.0,0.0,0.0,0.0,0.0,0.0
0410100,Java,8,2,0.25,8.0,2.0,1.0,1.0,0.125,0.125,0.25
0410131,Java,1,0,0.0,1.0,0.0,0.0,0.0,0.0,0.0,0.0
0410141,Java,2,1,0.5,2.0,1.0,1.0,0.0,0.5,0.0,0.5
0410142,Java,1,0,0.0,1.0,0.0,0.0,0.0,0.0,0.0,0.0
0410151,Java,1,0,0.0,1.0,0.0,0.0,0.0,0.0,0.0,0.0
0410152,Java,1,1,1.0,1.0,1.0,1.0,0.0,1.0,0.0,1.0
0410300,Java,7,0,0.0,7.0,0.0,0.0,0.0,0.0,0.0,0.0
0410341,Java,0,0,,,,0.0,0.0,,,
0410342,Java,1,0,0.0,1.0,0.0,0.0,0.0,0.0,0.0,0.0
0410351,Java,1,0,0.0,1.0,0.0,0.0,0.0,0.0,0.0,0.0
0410400,Java,2,0,0.0,2.0,0.0,0.0,0.0,0.0,0.0,0.0
0410600,Java,7,0,0.0,7.0,0.0,0.0,0.0,0.0,0.0,0.0
0410641,Java,1,0,0.0,1.0,0.0,0.0,0.0,0.0,0.0,0.0
0410642,Java,1,0,0.0,1.0,0.0,0.0,0.0,0.0,0.0,0.0
0410643,Java,3,0,0.0,3.0,0.0,0.0,0.0,0.0,0.0,0.0
0410651,Java,1,0,0.0,1.0,0.0,0.0,0.0,0.0,0.0,0.0
0410700,Java,5,0,0.0,5.0,0.0,0.0,0.0,0.0,0.0,0.0
0410751,Java,4,0,0.0,4.0,0.0,0.0,0.0,0.0,0.0,0.0
0410900,Java,4,0,0.0,4.0,0.0,0.0,0.0,0.0,0.0,0.0
0410941,Java,7,1,0.1428571428571428,7.0,1.0,0.0,1.0,0.0,0.14285714285714285,0.14285714285714285
0411000,Java,7,1,0.1428571428571428,7.0,1.0,0.0,1.0,0.0,0.14285714285714285,0.14285714285714285
0411011,Java,2,1,0.5,2.0,1.0,0.0,1.0,0.0,0.5,0.5
0411041,Java,2,0,0.0,2.0,0.0,0.0,0.0,0.0,0.0,0.0
0411051,Java,1,0,0.0,1.0,0.0,0.0,0.0,0.0,0.0,0.0
0411052,Java,2,0,0.0,2.0,0.0,0.0,0.0,0.0,0.0,0.0
0411100,Java,7,0,0.0,7.0,0.0,0.0,0.0,0.0,0.0,0.0
0411141,Java,1,0,0.0,1.0,0.0,0.0,0.0,0.0,0.0,0.0
0411151,Java,1,0,0.0,1.0,0.0,0.0,0.0,0.0,0.0,0.0
0411200,Java,6,0,0.0,6.0,0.0,0.0,0.0,0.0,0.0,0.0
0411231,Java,3,0,0.0,3.0,0.0,0.0,0.0,0.0,0.0,0.0
0411251,Java,3,0,0.0,3.0,0.0,0.0,0.0,0.0,0.0,0.0
0411300,Java,7,1,0.1428571428571428,7.0,1.0,0.0,1.0,0.0,0.14285714285714285,0.14285714285714285
0411331,Java,3,0,0.0,3.0,0.0,0.0,0.0,0.0,0.0,0.0
0411332,Java,9,0,0.0,9.0,0.0,0.0,0.0,0.0,0.0,0.0
0411351,Java,1,1,1.0,1.0,1.0,1.0,0.0,1.0,0.0,1.0
0411355,Java,3,0,0.0,3.0,0.0,0.0,0.0,0.0,0.0,0.0
0411400,Java,4,0,0.0,4.0,0.0,0.0,0.0,0.0,0.0,0.0
0411600,Java,4,1,0.25,4.0,1.0,0.0,1.0,0.0,0.25,0.25
0411641,Java,1,0,0.0,1.0,0.0,0.0,0.0,0.0,0.0,0.0
0411700,Java,11,0,0.0,11.0,0.0,0.0,0.0,0.0,0.0,0.0
0411711,Java,3,0,0.0,3.0,0.0,0.0,0.0,0.0,0.0,0.0
0411751,Java,2,0,0.0,2.0,0.0,0.0,0.0,0.0,0.0,0.0
0411800,Java,5,1,0.2,5.0,1.0,0.0,1.0,0.0,0.2,0.2
0411841,Java,1,0,0.0,1.0,0.0,0.0,0.0,0.0,0.0,0.0
0411851,Java,1,0,0.0,1.0,0.0,0.0,0.0,0.0,0.0,0.0
0411900,Java,4,0,0.0,4.0,0.0,0.0,0.0,0.0,0.0,0.0
0411951,Java,1,1,1.0,1.0,1.0,0.0,1.0,0.0,1.0,1.0
0412000,Java,6,1,0.1666666666666666,6.0,1.0,1.0,0.0,0.16666666666666666,0.0,0.16666666666666666
0412100,Java,6,0,0.0,6.0,0.0,0.0,0.0,0.0,0.0,0.0
0412141,Java,1,0,0.0,1.0,0.0,0.0,0.0,0.0,0.0,0.0
0412143,Java,1,0,0.0,1.0,0.0,0.0,0.0,0.0,0.0,0.0
0412151,Java,1,0,0.0,1.0,0.0,0.0,0.0,0.0,0.0,0.0
0412200,Java,5,0,0.0,5.0,0.0,0.0,0.0,0.0,0.0,0.0
0412251,Java,1,0,0.0,1.0,0.0,0.0,0.0,0.0,0.0,0.0
0412400,Java,5,1,0.2,5.0,1.0,1.0,0.0,0.2,0.0,0.2
0412451,Java,1,0,0.0,1.0,0.0,0.0,0.0,0.0,0.0,0.0
0412500,Java,6,0,0.0,6.0,0.0,0.0,0.0,0.0,0.0,0.0
0412531,Java,1,0,0.0,1.0,0.0,0.0,0.0,0.0,0.0,0.0
0412532,Java,3,0,0.0,3.0,0.0,0.0,0.0,0.0,0.0,0.0
0412551,Java,1,0,0.0,1.0,0.0,0.0,0.0,0.0,0.0,0.0
0412552,Java,1,0,0.0,1.0,0.0,0.0,0.0,0.0,0.0,0.0
0412700,Java,5,0,0.0,5.0,0.0,0.0,0.0,0.0,0.0,0.0
0412751,Java,2,0,0.0,2.0,0.0,0.0,0.0,0.0,0.0,0.0
0412800,Java,4,4,1.0,4.0,4.0,2.0,2.0,0.5,0.5,1.0
0412851,Java,1,1,1.0,1.0,1.0,0.0,1.0,0.0,1.0,1.0
0412852,Java,1,1,1.0,1.0,1.0,1.0,0.0,1.0,0.0,1.0
0412900,Java,5,0,0.0,5.0,0.0,0.0,0.0,0.0,0.0,0.0
0413000,Java,3,0,0.0,3.0,0.0,0.0,0.0,0.0,0.0,0.0
0414100,Java,4,0,0.0,4.0,0.0,0.0,0.0,0.0,0.0,0.0
0414151,Java,1,0,0.0,1.0,0.0,0.0,0.0,0.0,0.0,0.0
0414152,Java,1,0,0.0,1.0,0.0,0.0,0.0,0.0,0.0,0.0
0414200,Java,6,1,0.1666666666666666,6.0,1.0,0.0,1.0,0.0,0.16666666666666666,0.16666666666666666
0414211,Java,0,0,,,,0.0,0.0,,,
0414212,Java,2,0,0.0,2.0,0.0,0.0,0.0,0.0,0.0,0.0
0414251,Java,2,0,0.0,2.0,0.0,0.0,0.0,0.0,0.0,0.0
0414253,Java,2,0,0.0,2.0,0.0,0.0,0.0,0.0,0.0,0.0
0414300,Java,8,3,0.375,8.0,3.0,1.0,2.0,0.125,0.25,0.375
0414351,Java,1,0,0.0,1.0,0.0,0.0,0.0,0.0,0.0,0.0
0414352,Java,1,1,1.0,1.0,1.0,1.0,0.0,1.0,0.0,1.0
0414400,Java,11,2,0.1818181818181818,11.0,2.0,2.0,0.0,0.18181818181818182,0.0,0.18181818181818182
0414411,Java,2,0,0.0,2.0,0.0,0.0,0.0,0.0,0.0,0.0
0414412,Java,5,2,0.4,5.0,2.0,1.0,1.0,0.2,0.2,0.4
0414431,Java,2,0,0.0,2.0,0.0,0.0,0.0,0.0,0.0,0.0
0414432,Java,3,0,0.0,3.0,0.0,0.0,0.0,0.0,0.0,0.0
0414451,Java,0,0,,,,0.0,0.0,,,
0414453,Java,3,0,0.0,3.0,0.0,0.0,0.0,0.0,0.0,0.0
0414454,Java,3,0,0.0,3.0,0.0,0.0,0.0,0.0,0.0,0.0
0414500,Java,5,1,0.2,5.0,1.0,0.0,1.0,0.0,0.2,0.2
0420100,Java,4,1,0.25,4.0,1.0,1.0,0.0,0.25,0.0,0.25
0420200,Java,12,1,0.0833333333333333,12.0,1.0,0.0,1.0,0.0,0.08333333333333333,0.08333333333333333
0420231,Java,1,1,1.0,1.0,1.0,1.0,0.0,1.0,0.0,1.0
0420241,Java,1,0,0.0,1.0,0.0,0.0,0.0,0.0,0.0,0.0
0420242,Java,1,1,1.0,1.0,1.0,1.0,0.0,1.0,0.0,1.0
0420243,Java,1,1,1.0,1.0,1.0,1.0,0.0,1.0,0.0,1.0
0420251,Java,1,0,0.0,1.0,0.0,0.0,0.0,0.0,0.0,0.0
0420252,Java,1,1,1.0,1.0,1.0,0.0,1.0,0.0,1.0,1.0
0420300,Java,7,2,0.2857142857142857,7.0,2.0,1.0,1.0,0.14285714285714285,0.14285714285714285,0.2857142857142857
0420332,Java,2,0,0.0,2.0,0.0,0.0,0.0,0.0,0.0,0.0
0420351,Java,1,0,0.0,1.0,0.0,0.0,0.0,0.0,0.0,0.0
0420400,Java,8,2,0.25,8.0,2.0,0.0,2.0,0.0,0.25,0.25
0420451,Java,0,0,,,,0.0,0.0,,,
0420452,Java,2,0,0.0,2.0,0.0,0.0,0.0,0.0,0.0,0.0
0420500,Java,6,1,0.1666666666666666,6.0,1.0,0.0,1.0,0.0,0.16666666666666666,0.16666666666666666
0420531,Java,1,0,0.0,1.0,0.0,0.0,0.0,0.0,0.0,0.0
0420541,Java,2,0,0.0,2.0,0.0,0.0,0.0,0.0,0.0,0.0
0420600,Java,13,3,0.2307692307692307,13.0,3.0,1.0,2.0,0.07692307692307693,0.15384615384615385,0.23076923076923078
0420631,Java,0,0,,,,0.0,0.0,,,
0420642,Java,5,0,0.0,5.0,0.0,0.0,0.0,0.0,0.0,0.0
0420700,Java,6,0,0.0,6.0,0.0,0.0,0.0,0.0,0.0,0.0
0420741,Java,1,0,0.0,1.0,0.0,0.0,0.0,0.0,0.0,0.0
0420800,Java,4,1,0.25,4.0,1.0,1.0,0.0,0.25,0.0,0.25
0420900,Java,4,2,0.5,4.0,2.0,0.0,2.0,0.0,0.5,0.5
0420911,Java,2,0,0.0,2.0,0.0,0.0,0.0,0.0,0.0,0.0
0420951,Java,1,0,0.0,1.0,0.0,0.0,0.0,0.0,0.0,0.0
0421000,Java,6,0,0.0,6.0,0.0,0.0,0.0,0.0,0.0,0.0
0421031,Java,7,0,0.0,7.0,0.0,0.0,0.0,0.0,0.0,0.0
0421100,Java,3,2,0.6666666666666666,3.0,2.0,1.0,1.0,0.3333333333333333,0.3333333333333333,0.6666666666666666
0421200,Java,5,0,0.0,5.0,0.0,0.0,0.0,0.0,0.0,0.0
0421241,Java,1,0,0.0,1.0,0.0,0.0,0.0,0.0,0.0,0.0
0421242,Java,3,0,0.0,3.0,0.0,0.0,0.0,0.0,0.0,0.0
0421251,Java,1,0,0.0,1.0,0.0,0.0,0.0,0.0,0.0,0.0
0421341,Java,1,0,0.0,1.0,0.0,0.0,0.0,0.0,0.0,0.0
0421351,Java,1,0,0.0,1.0,0.0,0.0,0.0,0.0,0.0,0.0
0421352,Java,1,0,0.0,1.0,0.0,0.0,0.0,0.0,0.0,0.0
0421400,Java,4,0,0.0,4.0,0.0,0.0,0.0,0.0,0.0,0.0
0421441,Java,2,0,0.0,2.0,0.0,0.0,0.0,0.0,0.0,0.0
0421442,Java,1,0,0.0,1.0,0.0,0.0,0.0,0.0,0.0,0.0
0421443,Java,6,0,0.0,6.0,0.0,0.0,0.0,0.0,0.0,0.0
0421454,Java,0,0,,,,0.0,0.0,,,
0421500,Java,35,0,0.0,35.0,0.0,0.0,0.0,0.0,0.0,0.0
0421531,Java,2,0,0.0,2.0,0.0,0.0,0.0,0.0,0.0,0.0
0421532,Java,3,0,0.0,3.0,0.0,0.0,0.0,0.0,0.0,0.0
0421533,Java,1,0,0.0,1.0,0.0,0.0,0.0,0.0,0.0,0.0
0421534,Java,3,0,0.0,3.0,0.0,0.0,0.0,0.0,0.0,0.0
0421535,Java,1,0,0.0,1.0,0.0,0.0,0.0,0.0,0.0,0.0
0421536,Java,5,0,0.0,5.0,0.0,0.0,0.0,0.0,0.0,0.0
0421537,Java,0,0,,,,0.0,0.0,,,
0421538,Java,3,0,0.0,3.0,0.0,0.0,0.0,0.0,0.0,0.0
042153A,Java,6,0,0.0,6.0,0.0,0.0,0.0,0.0,0.0,0.0
0421541,Java,0,0,,,,0.0,0.0,,,
0421542,Java,1,0,0.0,1.0,0.0,0.0,0.0,0.0,0.0,0.0
042155A,Java,1,0,0.0,1.0,0.0,0.0,0.0,0.0,0.0,0.0
0421600,Java,5,0,0.0,5.0,0.0,0.0,0.0,0.0,0.0,0.0
0421700,Java,9,0,0.0,9.0,0.0,0.0,0.0,0.0,0.0,0.0
0421721,Java,1,0,0.0,1.0,0.0,0.0,0.0,0.0,0.0,0.0
0421751,Java,1,0,0.0,1.0,0.0,0.0,0.0,0.0,0.0,0.0
0421753,Java,3,0,0.0,3.0,0.0,0.0,0.0,0.0,0.0,0.0
0421800,Java,14,3,0.2142857142857142,14.0,3.0,3.0,0.0,0.21428571428571427,0.0,0.21428571428571427
0421831,Java,1,0,0.0,1.0,0.0,0.0,0.0,0.0,0.0,0.0
0421832,Java,0,0,,,,0.0,0.0,,,
0421841,Java,2,0,0.0,2.0,0.0,0.0,0.0,0.0,0.0,0.0
0421842,Java,1,0,0.0,1.0,0.0,0.0,0.0,0.0,0.0,0.0
0421853,Java,1,0,0.0,1.0,0.0,0.0,0.0,0.0,0.0,0.0
0421900,Java,4,3,0.75,4.0,3.0,1.0,2.0,0.25,0.5,0.75
0421931,Java,1,0,0.0,1.0,0.0,0.0,0.0,0.0,0.0,0.0
0421932,Java,4,0,0.0,4.0,0.0,0.0,0.0,0.0,0.0,0.0
0421951,Java,1,0,0.0,1.0,0.0,0.0,0.0,0.0,0.0,0.0
0422000,Java,5,0,0.0,5.0,0.0,0.0,0.0,0.0,0.0,0.0
0422041,Java,4,0,0.0,4.0,0.0,0.0,0.0,0.0,0.0,0.0
0422051,Java,0,0,,,,0.0,0.0,,,
0422052,Java,0,0,,,,0.0,0.0,,,
0422341,Java,3,0,0.0,3.0,0.0,0.0,0.0,0.0,0.0,0.0
0422400,Java,5,4,0.8,5.0,4.0,2.0,2.0,0.4,0.4,0.8
0422500,Java,3,0,0.0,3.0,0.0,0.0,0.0,0.0,0.0,0.0
0422551,Java,1,0,0.0,1.0,0.0,0.0,0.0,0.0,0.0,0.0
0422600,Java,7,1,0.1428571428571428,7.0,1.0,1.0,0.0,0.14285714285714285,0.0,0.14285714285714285
0422641,Java,1,0,0.0,1.0,0.0,0.0,0.0,0.0,0.0,0.0
0422642,Java,1,1,1.0,1.0,1.0,1.0,0.0,1.0,0.0,1.0
0422651,Java,0,0,,,,0.0,0.0,,,
0422700,Java,2,1,0.5,2.0,1.0,0.0,1.0,0.0,0.5,0.5
0422841,Java,2,1,0.5,2.0,1.0,0.0,1.0,0.0,0.5,0.5
0422900,Java,5,2,0.4,5.0,2.0,1.0,1.0,0.2,0.2,0.4
0423000,Java,5,1,0.2,5.0,1.0,0.0,1.0,0.0,0.2,0.2
0431751,Java,3,1,0.3333333333333333,3.0,1.0,1.0,0.0,0.3333333333333333,0.0,0.3333333333333333
0432941,Java,5,0,0.0,5.0,0.0,0.0,0.0,0.0,0.0,0.0
0440441,Java,1,1,1.0,1.0,1.0,1.0,0.0,1.0,0.0,1.0
0440800,Java,4,0,0.0,4.0,0.0,0.0,0.0,0.0,0.0,0.0
0440851,Java,1,1,1.0,1.0,1.0,1.0,0.0,1.0,0.0,1.0
0441200,Minang,7,0,0.0,7.0,0.0,0.0,0.0,0.0,0.0,0.0
0441241,Minang,2,0,0.0,2.0,0.0,0.0,0.0,0.0,0.0,0.0
0441251,Minang,1,1,1.0,1.0,1.0,0.0,1.0,0.0,1.0,1.0
0441300,Java,7,1,0.1428571428571428,7.0,1.0,1.0,0.0,0.14285714285714285,0.0,0.14285714285714285
0441331,Java,6,0,0.0,6.0,0.0,0.0,0.0,0.0,0.0,0.0
0441351,Java,0,0,,,,0.0,0.0,,,
0441431,Java,3,1,0.3333333333333333,3.0,1.0,0.0,1.0,0.0,0.3333333333333333,0.3333333333333333
0441543,Java,3,0,0.0,3.0,0.0,0.0,0.0,0.0,0.0,0.0
0441641,Java,3,1,0.3333333333333333,3.0,1.0,1.0,0.0,0.3333333333333333,0.0,0.3333333333333333
0441731,Java,2,0,0.0,2.0,0.0,0.0,0.0,0.0,0.0,0.0
0441900,Java,6,0,0.0,6.0,0.0,0.0,0.0,0.0,0.0,0.0
0442100,Java,4,0,0.0,4.0,0.0,0.0,0.0,0.0,0.0,0.0
0442442,Java,1,0,0.0,1.0,0.0,0.0,0.0,0.0,0.0,0.0
0442651,Java,1,1,1.0,1.0,1.0,0.0,1.0,0.0,1.0,1.0
0442900,Java,5,0,0.0,5.0,0.0,0.0,0.0,0.0,0.0,0.0
0442951,Java,1,1,1.0,1.0,1.0,0.0,1.0,0.0,1.0,1.0
0443000,Java,12,2,0.1666666666666666,12.0,2.0,1.0,1.0,0.08333333333333333,0.08333333333333333,0.16666666666666666
0443021,Java,1,0,0.0,1.0,0.0,0.0,0.0,0.0,0.0,0.0
0443022,Batak,8,0,0.0,8.0,0.0,0.0,0.0,0.0,0.0,0.0
0443031,Batak,0,0,,,,0.0,0.0,,,
0452251,Java,1,1,1.0,1.0,1.0,0.0,1.0,0.0,1.0,1.0
0460500,Java,10,1,0.1,10.0,1.0,1.0,0.0,0.1,0.0,0.1
0460531,Java,3,0,0.0,3.0,0.0,0.0,0.0,0.0,0.0,0.0
0460541,Java,1,0,0.0,1.0,0.0,0.0,0.0,0.0,0.0,0.0
0460552,Java,0,0,,,,0.0,0.0,,,
0460631,Java,2,0,0.0,2.0,0.0,0.0,0.0,0.0,0.0,0.0
0460632,Java,1,0,0.0,1.0,0.0,0.0,0.0,0.0,0.0,0.0
0460651,Java,0,0,,,,0.0,0.0,,,
0460700,Java,6,0,0.0,6.0,0.0,0.0,0.0,0.0,0.0,0.0
0460731,Java,1,1,1.0,1.0,1.0,0.0,1.0,0.0,1.0,1.0
0460900,Java,4,0,0.0,4.0,0.0,0.0,0.0,0.0,0.0,0.0
0461400,Java,6,1,0.1666666666666666,6.0,1.0,1.0,0.0,0.16666666666666666,0.0,0.16666666666666666
0461451,Java,1,1,1.0,1.0,1.0,0.0,1.0,0.0,1.0,1.0
0461500,Java,6,1,0.1666666666666666,6.0,1.0,1.0,0.0,0.16666666666666666,0.0,0.16666666666666666
0461651,Java,3,0,0.0,3.0,0.0,0.0,0.0,0.0,0.0,0.0
0461731,Java,2,0,0.0,2.0,0.0,0.0,0.0,0.0,0.0,0.0
0461800,Java,5,1,0.2,5.0,1.0,1.0,0.0,0.2,0.0,0.2
0461821,Java,4,1,0.25,4.0,1.0,1.0,0.0,0.25,0.0,0.25
0461841,Java,0,0,,,,0.0,0.0,,,
0472741,Java,1,0,0.0,1.0,0.0,0.0,0.0,0.0,0.0,0.0
0480941,Java,1,0,0.0,1.0,0.0,0.0,0.0,0.0,0.0,0.0
0481000,Java,5,0,0.0,5.0,0.0,0.0,0.0,0.0,0.0,0.0
0481400,Java,2,0,0.0,2.0,0.0,0.0,0.0,0.0,0.0,0.0
0481741,Java,1,1,1.0,1.0,1.0,0.0,1.0,0.0,1.0,1.0
0481800,Java,5,0,0.0,5.0,0.0,0.0,0.0,0.0,0.0,0.0
0481811,Java,2,0,0.0,2.0,0.0,0.0,0.0,0.0,0.0,0.0
0481841,Batak,1,0,0.0,1.0,0.0,0.0,0.0,0.0,0.0,0.0
0481852,Java,1,0,0.0,1.0,0.0,0.0,0.0,0.0,0.0,0.0
0481932,Java,1,0,0.0,1.0,0.0,0.0,0.0,0.0,0.0,0.0
0482000,Java,6,2,0.3333333333333333,6.0,2.0,1.0,1.0,0.16666666666666666,0.16666666666666666,0.3333333333333333
0482200,Java,7,0,0.0,7.0,0.0,0.0,0.0,0.0,0.0,0.0
0482241,Java,3,0,0.0,3.0,0.0,0.0,0.0,0.0,0.0,0.0
0482300,Java,3,0,0.0,3.0,0.0,0.0,0.0,0.0,0.0,0.0
0490100,Minang,6,0,0.0,6.0,0.0,0.0,0.0,0.0,0.0,0.0
0490111,Minang,2,0,0.0,2.0,0.0,0.0,0.0,0.0,0.0,0.0
0490200,Minang,5,0,0.0,5.0,0.0,0.0,0.0,0.0,0.0,0.0
0490700,Minang,5,0,0.0,5.0,0.0,0.0,0.0,0.0,0.0,0.0
0490741,Minang,1,0,0.0,1.0,0.0,0.0,0.0,0.0,0.0,0.0
0490742,Minang,5,0,0.0,5.0,0.0,0.0,0.0,0.0,0.0,0.0
0491000,Minang,7,3,0.4285714285714285,7.0,3.0,1.0,2.0,0.14285714285714285,0.2857142857142857,0.42857142857142855
0491021,Minang,4,0,0.0,4.0,0.0,0.0,0.0,0.0,0.0,0.0
0491031,Minang,10,0,0.0,10.0,0.0,0.0,0.0,0.0,0.0,0.0
0491200,Minang,6,1,0.1666666666666666,6.0,1.0,1.0,0.0,0.16666666666666666,0.0,0.16666666666666666
0491300,Java,10,0,0.0,10.0,0.0,0.0,0.0,0.0,0.0,0.0
0491400,Minang,7,1,0.1428571428571428,7.0,1.0,1.0,0.0,0.14285714285714285,0.0,0.14285714285714285
0491451,Minang,1,1,1.0,1.0,1.0,1.0,0.0,1.0,0.0,1.0
0491452,Java,1,0,0.0,1.0,0.0,0.0,0.0,0.0,0.0,0.0
0491500,Minang,2,0,0.0,2.0,0.0,0.0,0.0,0.0,0.0,0.0
0491531,Minang,2,0,0.0,2.0,0.0,0.0,0.0,0.0,0.0,0.0
0491600,Minang,7,1,0.1428571428571428,7.0,1.0,1.0,0.0,0.14285714285714285,0.0,0.14285714285714285
0491651,Minang,1,1,1.0,1.0,1.0,0.0,1.0,0.0,1.0,1.0
0491700,Minang,8,0,0.0,8.0,0.0,0.0,0.0,0.0,0.0,0.0
0491931,Minang,10,0,0.0,10.0,0.0,0.0,0.0,0.0,0.0,0.0
0491941,Minang,2,0,0.0,2.0,0.0,0.0,0.0,0.0,0.0,0.0
0492000,Minang,7,1,0.1428571428571428,7.0,1.0,1.0,0.0,0.14285714285714285,0.0,0.14285714285714285
0500200,Java,13,1,0.0769230769230769,13.0,1.0,0.0,1.0,0.0,0.07692307692307693,0.07692307692307693
0500231,Java,1,0,0.0,1.0,0.0,0.0,0.0,0.0,0.0,0.0
0500242,Minang,2,0,0.0,2.0,0.0,0.0,0.0,0.0,0.0,0.0
0500341,Java,1,1,1.0,1.0,1.0,1.0,0.0,1.0,0.0,1.0
0500651,Batak,2,0,0.0,2.0,0.0,0.0,0.0,0.0,0.0,0.0
0500842,Java,4,0,0.0,4.0,0.0,0.0,0.0,0.0,0.0,0.0
0501900,Batak,7,2,0.2857142857142857,7.0,2.0,0.0,2.0,0.0,0.2857142857142857,0.2857142857142857
0511041,Java,1,1,1.0,1.0,1.0,0.0,1.0,0.0,1.0,1.0
0520500,Java,7,0,0.0,7.0,0.0,0.0,0.0,0.0,0.0,0.0
0520541,Java,1,1,1.0,1.0,1.0,0.0,1.0,0.0,1.0,1.0
0520542,Java,1,0,0.0,1.0,0.0,0.0,0.0,0.0,0.0,0.0
0520731,Java,3,0,0.0,3.0,0.0,0.0,0.0,0.0,0.0,0.0
0521351,Java,3,0,0.0,3.0,0.0,0.0,0.0,0.0,0.0,0.0
0521751,Java,4,0,0.0,4.0,0.0,0.0,0.0,0.0,0.0,0.0
0521931,Java,6,0,0.0,6.0,0.0,0.0,0.0,0.0,0.0,0.0
0531231,Java,2,0,0.0,2.0,0.0,0.0,0.0,0.0,0.0,0.0
0531541,Java,1,0,0.0,1.0,0.0,0.0,0.0,0.0,0.0,0.0
0540300,Batak,5,1,0.2,5.0,1.0,1.0,0.0,0.2,0.0,0.2
0540351,Batak,1,1,1.0,1.0,1.0,0.0,1.0,0.0,1.0,1.0
0540352,Batak,3,0,0.0,3.0,0.0,0.0,0.0,0.0,0.0,0.0
0540400,Java,5,2,0.4,5.0,2.0,1.0,1.0,0.2,0.2,0.4
0541552,Java,1,1,1.0,1.0,1.0,0.0,1.0,0.0,1.0,1.0
0541553,Java,1,1,1.0,1.0,1.0,0.0,1.0,0.0,1.0,1.0
0541554,Java,1,0,0.0,1.0,0.0,0.0,0.0,0.0,0.0,0.0
0541700,Java,7,1,0.1428571428571428,7.0,1.0,0.0,1.0,0.0,0.14285714285714285,0.14285714285714285
0542000,Java,4,0,0.0,4.0,0.0,0.0,0.0,0.0,0.0,0.0
0550200,Java,3,0,0.0,3.0,0.0,0.0,0.0,0.0,0.0,0.0
0560100,Java,4,0,0.0,4.0,0.0,0.0,0.0,0.0,0.0,0.0
0560142,Java,2,0,0.0,2.0,0.0,0.0,0.0,0.0,0.0,0.0
0560441,Minang,3,0,0.0,3.0,0.0,0.0,0.0,0.0,0.0,0.0
0560442,Java,1,0,0.0,1.0,0.0,0.0,0.0,0.0,0.0,0.0
0560443,Java,1,0,0.0,1.0,0.0,0.0,0.0,0.0,0.0,0.0
0560600,Java,6,0,0.0,6.0,0.0,0.0,0.0,0.0,0.0,0.0
0560631,Java,2,1,0.5,2.0,1.0,0.0,1.0,0.0,0.5,0.5
0560641,Java,2,0,0.0,2.0,0.0,0.0,0.0,0.0,0.0,0.0
0560700,Java,7,0,0.0,7.0,0.0,0.0,0.0,0.0,0.0,0.0
0560852,Java,1,0,0.0,1.0,0.0,0.0,0.0,0.0,0.0,0.0
0560911,Java,5,0,0.0,5.0,0.0,0.0,0.0,0.0,0.0,0.0
0561141,Java,1,0,0.0,1.0,0.0,0.0,0.0,0.0,0.0,0.0
0561241,Java,2,0,0.0,2.0,0.0,0.0,0.0,0.0,0.0,0.0
0561442,Java,1,0,0.0,1.0,0.0,0.0,0.0,0.0,0.0,0.0
0561443,Java,2,1,0.5,2.0,1.0,0.0,1.0,0.0,0.5,0.5
0561451,Java,1,1,1.0,1.0,1.0,1.0,0.0,1.0,0.0,1.0
0561600,Minang,7,1,0.1428571428571428,7.0,1.0,0.0,1.0,0.0,0.14285714285714285,0.14285714285714285
0561631,Java,2,0,0.0,2.0,0.0,0.0,0.0,0.0,0.0,0.0
0561800,Minang,7,2,0.2857142857142857,7.0,2.0,1.0,1.0,0.14285714285714285,0.14285714285714285,0.2857142857142857
0561831,Minang,2,1,0.5,2.0,1.0,0.0,1.0,0.0,0.5,0.5
0561841,Java,1,0,0.0,1.0,0.0,0.0,0.0,0.0,0.0,0.0
0561900,Minang,5,0,0.0,5.0,0.0,0.0,0.0,0.0,0.0,0.0
0570400,Java,7,1,0.1428571428571428,7.0,1.0,1.0,0.0,0.14285714285714285,0.0,0.14285714285714285
0570541,Java,1,1,1.0,1.0,1.0,1.0,0.0,1.0,0.0,1.0
0570642,Java,1,0,0.0,1.0,0.0,0.0,0.0,0.0,0.0,0.0
0570731,Java,5,0,0.0,5.0,0.0,0.0,0.0,0.0,0.0,0.0
0571051,Java,1,1,1.0,1.0,1.0,1.0,0.0,1.0,0.0,1.0
0571400,Java,6,1,0.1666666666666666,6.0,1.0,1.0,0.0,0.16666666666666666,0.0,0.16666666666666666
0571500,Java,6,2,0.3333333333333333,6.0,2.0,2.0,0.0,0.3333333333333333,0.0,0.3333333333333333
0571551,Java,6,0,0.0,6.0,0.0,0.0,0.0,0.0,0.0,0.0
0571651,Java,1,0,0.0,1.0,0.0,0.0,0.0,0.0,0.0,0.0
0571741,Java,1,1,1.0,1.0,1.0,1.0,0.0,1.0,0.0,1.0
0572300,Java,8,2,0.25,8.0,2.0,1.0,1.0,0.125,0.125,0.25
0572411,Java,1,0,0.0,1.0,0.0,0.0,0.0,0.0,0.0,0.0
0572551,Java,1,1,1.0,1.0,1.0,0.0,1.0,0.0,1.0,1.0
0572753,Java,3,0,0.0,3.0,0.0,0.0,0.0,0.0,0.0,0.0
0572852,Java,2,0,0.0,2.0,0.0,0.0,0.0,0.0,0.0,0.0
0580100,Java,5,0,0.0,5.0,0.0,0.0,0.0,0.0,0.0,0.0
0580141,Java,1,0,0.0,1.0,0.0,0.0,0.0,0.0,0.0,0.0
0580200,Java,5,2,0.4,5.0,2.0,0.0,2.0,0.0,0.4,0.4
0580300,Java,5,1,0.2,5.0,1.0,1.0,0.0,0.2,0.0,0.2
0580400,Java,7,2,0.2857142857142857,7.0,2.0,1.0,1.0,0.14285714285714285,0.14285714285714285,0.2857142857142857
0580441,Java,6,0,0.0,6.0,0.0,0.0,0.0,0.0,0.0,0.0
0580451,Java,1,0,0.0,1.0,0.0,0.0,0.0,0.0,0.0,0.0
0580500,Java,3,1,0.3333333333333333,3.0,1.0,1.0,0.0,0.3333333333333333,0.0,0.3333333333333333
0580641,Java,4,0,0.0,4.0,0.0,0.0,0.0,0.0,0.0,0.0
0580700,Java,3,0,0.0,3.0,0.0,0.0,0.0,0.0,0.0,0.0
0580800,Java,5,0,0.0,5.0,0.0,0.0,0.0,0.0,0.0,0.0
0580841,Java,4,1,0.25,4.0,1.0,1.0,0.0,0.25,0.0,0.25
0580851,Java,2,0,0.0,2.0,0.0,0.0,0.0,0.0,0.0,0.0
0580852,Java,1,1,1.0,1.0,1.0,0.0,1.0,0.0,1.0,1.0
0580853,Java,1,0,0.0,1.0,0.0,0.0,0.0,0.0,0.0,0.0
0580900,Java,6,2,0.3333333333333333,6.0,2.0,2.0,0.0,0.3333333333333333,0.0,0.3333333333333333
0580931,Java,2,0,0.0,2.0,0.0,0.0,0.0,0.0,0.0,0.0
0580941,Java,1,0,0.0,1.0,0.0,0.0,0.0,0.0,0.0,0.0
0580951,Java,1,0,0.0,1.0,0.0,0.0,0.0,0.0,0.0,0.0
0581031,Java,4,1,0.25,4.0,1.0,1.0,0.0,0.25,0.0,0.25
0581100,Java,8,0,0.0,8.0,0.0,0.0,0.0,0.0,0.0,0.0
0581151,Minang,0,0,,,,0.0,0.0,,,
0581200,Java,6,1,0.1666666666666666,6.0,1.0,1.0,0.0,0.16666666666666666,0.0,0.16666666666666666
0581300,Java,5,0,0.0,5.0,0.0,0.0,0.0,0.0,0.0,0.0
0581400,Java,2,0,0.0,2.0,0.0,0.0,0.0,0.0,0.0,0.0
0581431,Java,4,0,0.0,4.0,0.0,0.0,0.0,0.0,0.0,0.0
0581500,Java,5,0,0.0,5.0,0.0,0.0,0.0,0.0,0.0,0.0
0581531,Java,0,0,,,,0.0,0.0,,,
0581541,Java,1,0,0.0,1.0,0.0,0.0,0.0,0.0,0.0,0.0
0581600,Java,11,0,0.0,11.0,0.0,0.0,0.0,0.0,0.0,0.0
0581631,Java,1,0,0.0,1.0,0.0,0.0,0.0,0.0,0.0,0.0
0581641,Java,0,0,,,,0.0,0.0,,,
0581651,Java,0,0,,,,0.0,0.0,,,
0581700,Java,7,2,0.2857142857142857,7.0,2.0,1.0,1.0,0.14285714285714285,0.14285714285714285,0.2857142857142857
0581711,Java,2,0,0.0,2.0,0.0,0.0,0.0,0.0,0.0,0.0
0581712,Java,2,0,0.0,2.0,0.0,0.0,0.0,0.0,0.0,0.0
0581731,Java,2,1,0.5,2.0,1.0,0.0,1.0,0.0,0.5,0.5
0581751,Java,2,1,0.5,2.0,1.0,1.0,0.0,0.5,0.0,0.5
0581800,Java,8,1,0.125,8.0,1.0,0.0,1.0,0.0,0.125,0.125
0581851,Java,1,1,1.0,1.0,1.0,0.0,1.0,0.0,1.0,1.0
0581852,Java,1,1,1.0,1.0,1.0,0.0,1.0,0.0,1.0,1.0
0581900,Java,4,1,0.25,4.0,1.0,1.0,0.0,0.25,0.0,0.25
0581941,Java,1,0,0.0,1.0,0.0,0.0,0.0,0.0,0.0,0.0
0582000,Java,5,0,0.0,5.0,0.0,0.0,0.0,0.0,0.0,0.0
0582031,Java,1,0,0.0,1.0,0.0,0.0,0.0,0.0,0.0,0.0
0582041,Java,1,0,0.0,1.0,0.0,0.0,0.0,0.0,0.0,0.0
0582100,Java,5,0,0.0,5.0,0.0,0.0,0.0,0.0,0.0,0.0
0582151,Java,1,0,0.0,1.0,0.0,0.0,0.0,0.0,0.0,0.0
0582200,Java,6,0,0.0,6.0,0.0,0.0,0.0,0.0,0.0,0.0
0582241,Java,1,0,0.0,1.0,0.0,0.0,0.0,0.0,0.0,0.0
0582251,Java,1,1,1.0,1.0,1.0,0.0,1.0,0.0,1.0,1.0
0582252,Java,1,0,0.0,1.0,0.0,0.0,0.0,0.0,0.0,0.0
0582300,Java,4,0,0.0,4.0,0.0,0.0,0.0,0.0,0.0,0.0
0582400,Java,5,0,0.0,5.0,0.0,0.0,0.0,0.0,0.0,0.0
0582441,Java,1,0,0.0,1.0,0.0,0.0,0.0,0.0,0.0,0.0
0582442,Java,1,0,0.0,1.0,0.0,0.0,0.0,0.0,0.0,0.0
0582451,Java,1,0,0.0,1.0,0.0,0.0,0.0,0.0,0.0,0.0
0582500,Java,8,1,0.125,8.0,1.0,1.0,0.0,0.125,0.0,0.125
0582511,Java,1,0,0.0,1.0,0.0,0.0,0.0,0.0,0.0,0.0
0582531,Java,1,0,0.0,1.0,0.0,0.0,0.0,0.0,0.0,0.0
0582541,Java,3,0,0.0,3.0,0.0,0.0,0.0,0.0,0.0,0.0
0582542,Java,3,0,0.0,3.0,0.0,0.0,0.0,0.0,0.0,0.0
0582552,Java,1,1,1.0,1.0,1.0,1.0,0.0,1.0,0.0,1.0
0582600,Java,4,0,0.0,4.0,0.0,0.0,0.0,0.0,0.0,0.0
0582651,Java,1,1,1.0,1.0,1.0,1.0,0.0,1.0,0.0,1.0
0582652,Java,1,0,0.0,1.0,0.0,0.0,0.0,0.0,0.0,0.0
0582700,Java,5,0,0.0,5.0,0.0,0.0,0.0,0.0,0.0,0.0
0582741,Java,1,0,0.0,1.0,0.0,0.0,0.0,0.0,0.0,0.0
0582742,Java,1,0,0.0,1.0,0.0,0.0,0.0,0.0,0.0,0.0
0582751,Java,1,0,0.0,1.0,0.0,0.0,0.0,0.0,0.0,0.0
0582800,Java,7,0,0.0,7.0,0.0,0.0,0.0,0.0,0.0,0.0
0582831,Java,1,1,1.0,1.0,1.0,1.0,0.0,1.0,0.0,1.0
0582841,Java,1,0,0.0,1.0,0.0,0.0,0.0,0.0,0.0,0.0
0582842,Java,1,0,0.0,1.0,0.0,0.0,0.0,0.0,0.0,0.0
0582851,Java,1,1,1.0,1.0,1.0,1.0,0.0,1.0,0.0,1.0
0582900,Java,7,1,0.1428571428571428,7.0,1.0,0.0,1.0,0.0,0.14285714285714285,0.14285714285714285
0582941,Java,1,0,0.0,1.0,0.0,0.0,0.0,0.0,0.0,0.0
0582951,Java,5,0,0.0,5.0,0.0,0.0,0.0,0.0,0.0,0.0
0583000,Java,4,1,0.25,4.0,1.0,0.0,1.0,0.0,0.25,0.25
0583051,Java,1,0,0.0,1.0,0.0,0.0,0.0,0.0,0.0,0.0
0583052,Java,0,0,,,,0.0,0.0,,,
0590100,Java,6,0,0.0,6.0,0.0,0.0,0.0,0.0,0.0,0.0
0590131,Java,1,0,0.0,1.0,0.0,0.0,0.0,0.0,0.0,0.0
0590141,Java,1,0,0.0,1.0,0.0,0.0,0.0,0.0,0.0,0.0
0590151,Java,1,1,1.0,1.0,1.0,0.0,1.0,0.0,1.0,1.0
0590200,Java,5,0,0.0,5.0,0.0,0.0,0.0,0.0,0.0,0.0
0590241,Java,2,0,0.0,2.0,0.0,0.0,0.0,0.0,0.0,0.0
0590300,Java,3,1,0.3333333333333333,3.0,1.0,1.0,0.0,0.3333333333333333,0.0,0.3333333333333333
0590400,Java,5,0,0.0,5.0,0.0,0.0,0.0,0.0,0.0,0.0
0590500,Java,6,0,0.0,6.0,0.0,0.0,0.0,0.0,0.0,0.0
0590541,Java,2,0,0.0,2.0,0.0,0.0,0.0,0.0,0.0,0.0
0590600,Java,9,2,0.2222222222222222,9.0,2.0,0.0,2.0,0.0,0.2222222222222222,0.2222222222222222
0590611,Java,3,2,0.6666666666666666,3.0,2.0,2.0,0.0,0.6666666666666666,0.0,0.6666666666666666
0590631,Java,2,0,0.0,2.0,0.0,0.0,0.0,0.0,0.0,0.0
0590641,Java,0,0,,,,0.0,0.0,,,
0590643,Java,2,0,0.0,2.0,0.0,0.0,0.0,0.0,0.0,0.0
0590651,Java,1,0,0.0,1.0,0.0,0.0,0.0,0.0,0.0,0.0
0590652,Java,1,0,0.0,1.0,0.0,0.0,0.0,0.0,0.0,0.0
0590700,Java,3,0,0.0,3.0,0.0,0.0,0.0,0.0,0.0,0.0
0590800,Java,10,0,0.0,10.0,0.0,0.0,0.0,0.0,0.0,0.0
0590831,Java,1,1,1.0,1.0,1.0,1.0,0.0,1.0,0.0,1.0
0590841,Java,1,0,0.0,1.0,0.0,0.0,0.0,0.0,0.0,0.0
0590842,Java,2,0,0.0,2.0,0.0,0.0,0.0,0.0,0.0,0.0
0590843,Java,2,0,0.0,2.0,0.0,0.0,0.0,0.0,0.0,0.0
0590853,Java,1,0,0.0,1.0,0.0,0.0,0.0,0.0,0.0,0.0
0591000,Java,5,0,0.0,5.0,0.0,0.0,0.0,0.0,0.0,0.0
0591051,Java,1,0,0.0,1.0,0.0,0.0,0.0,0.0,0.0,0.0
0591100,Java,4,0,0.0,4.0,0.0,0.0,0.0,0.0,0.0,0.0
0591200,Java,4,0,0.0,4.0,0.0,0.0,0.0,0.0,0.0,0.0
0591300,Java,9,0,0.0,9.0,0.0,0.0,0.0,0.0,0.0,0.0
0591341,Java,3,1,0.3333333333333333,3.0,1.0,0.0,1.0,0.0,0.3333333333333333,0.3333333333333333
0591352,Java,5,0,0.0,5.0,0.0,0.0,0.0,0.0,0.0,0.0
0591400,Java,3,1,0.3333333333333333,3.0,1.0,0.0,1.0,0.0,0.3333333333333333,0.3333333333333333
0591500,Java,6,0,0.0,6.0,0.0,0.0,0.0,0.0,0.0,0.0
0591531,Java,0,0,,,,0.0,0.0,,,
0591600,Java,5,0,0.0,5.0,0.0,0.0,0.0,0.0,0.0,0.0
0591700,Java,5,0,0.0,5.0,0.0,0.0,0.0,0.0,0.0,0.0
0591741,Java,4,0,0.0,4.0,0.0,0.0,0.0,0.0,0.0,0.0
0591800,Java,6,1,0.1666666666666666,6.0,1.0,1.0,0.0,0.16666666666666666,0.0,0.16666666666666666
0591831,Java,2,0,0.0,2.0,0.0,0.0,0.0,0.0,0.0,0.0
0591900,Java,5,0,0.0,5.0,0.0,0.0,0.0,0.0,0.0,0.0
0591931,Java,1,0,0.0,1.0,0.0,0.0,0.0,0.0,0.0,0.0
0592000,Java,6,1,0.1666666666666666,6.0,1.0,1.0,0.0,0.16666666666666666,0.0,0.16666666666666666
0592041,Java,1,0,0.0,1.0,0.0,0.0,0.0,0.0,0.0,0.0
0592200,Java,7,0,0.0,7.0,0.0,0.0,0.0,0.0,0.0,0.0
0592241,Java,1,0,0.0,1.0,0.0,0.0,0.0,0.0,0.0,0.0
0592300,Java,4,1,0.25,4.0,1.0,0.0,1.0,0.0,0.25,0.25
0592400,Java,3,0,0.0,3.0,0.0,0.0,0.0,0.0,0.0,0.0
0592431,Java,1,0,0.0,1.0,0.0,0.0,0.0,0.0,0.0,0.0
0592500,Java,4,1,0.25,4.0,1.0,0.0,1.0,0.0,0.25,0.25
0592531,Java,2,0,0.0,2.0,0.0,0.0,0.0,0.0,0.0,0.0
0592541,Java,1,0,0.0,1.0,0.0,0.0,0.0,0.0,0.0,0.0
0592631,Java,2,0,0.0,2.0,0.0,0.0,0.0,0.0,0.0,0.0
0592632,Java,3,0,0.0,3.0,0.0,0.0,0.0,0.0,0.0,0.0
0592641,Java,2,0,0.0,2.0,0.0,0.0,0.0,0.0,0.0,0.0
0592700,Java,7,1,0.1428571428571428,7.0,1.0,0.0,1.0,0.0,0.14285714285714285,0.14285714285714285
0592731,Java,2,0,0.0,2.0,0.0,0.0,0.0,0.0,0.0,0.0
0592732,Java,1,0,0.0,1.0,0.0,0.0,0.0,0.0,0.0,0.0
0592734,Java,1,0,0.0,1.0,0.0,0.0,0.0,0.0,0.0,0.0
0592751,Java,2,0,0.0,2.0,0.0,0.0,0.0,0.0,0.0,0.0
0592800,Java,4,0,0.0,4.0,0.0,0.0,0.0,0.0,0.0,0.0
0592900,Java,8,1,0.125,8.0,1.0,1.0,0.0,0.125,0.0,0.125
0592933,Java,4,0,0.0,4.0,0.0,0.0,0.0,0.0,0.0,0.0
0593000,Java,5,1,0.2,5.0,1.0,1.0,0.0,0.2,0.0,0.2
0593031,Java,2,0,0.0,2.0,0.0,0.0,0.0,0.0,0.0,0.0
0593041,Java,1,0,0.0,1.0,0.0,0.0,0.0,0.0,0.0,0.0
0600100,Java,7,0,0.0,7.0,0.0,0.0,0.0,0.0,0.0,0.0
0600141,Java,0,0,,,,0.0,0.0,,,
0600200,Java,5,0,0.0,5.0,0.0,0.0,0.0,0.0,0.0,0.0
0600231,Java,4,0,0.0,4.0,0.0,0.0,0.0,0.0,0.0,0.0
0600300,Java,5,0,0.0,5.0,0.0,0.0,0.0,0.0,0.0,0.0
0600341,Java,2,0,0.0,2.0,0.0,0.0,0.0,0.0,0.0,0.0
0600351,Java,1,0,0.0,1.0,0.0,0.0,0.0,0.0,0.0,0.0
0600400,Java,6,0,0.0,6.0,0.0,0.0,0.0,0.0,0.0,0.0
0600431,Java,1,0,0.0,1.0,0.0,0.0,0.0,0.0,0.0,0.0
0600432,Java,2,0,0.0,2.0,0.0,0.0,0.0,0.0,0.0,0.0
0600441,Java,1,0,0.0,1.0,0.0,0.0,0.0,0.0,0.0,0.0
0600500,Java,6,1,0.1666666666666666,6.0,1.0,1.0,0.0,0.16666666666666666,0.0,0.16666666666666666
0600600,Java,6,0,0.0,6.0,0.0,0.0,0.0,0.0,0.0,0.0
0600700,Java,7,0,0.0,7.0,0.0,0.0,0.0,0.0,0.0,0.0
0600741,Java,1,0,0.0,1.0,0.0,0.0,0.0,0.0,0.0,0.0
0600742,Java,1,0,0.0,1.0,0.0,0.0,0.0,0.0,0.0,0.0
0600743,Java,1,0,0.0,1.0,0.0,0.0,0.0,0.0,0.0,0.0
0600800,Java,6,0,0.0,6.0,0.0,0.0,0.0,0.0,0.0,0.0
0600841,Java,3,0,0.0,3.0,0.0,0.0,0.0,0.0,0.0,0.0
0600842,Java,2,1,0.5,2.0,1.0,1.0,0.0,0.5,0.0,0.5
0600851,Java,1,0,0.0,1.0,0.0,0.0,0.0,0.0,0.0,0.0
0600852,Java,3,0,0.0,3.0,0.0,0.0,0.0,0.0,0.0,0.0
0600900,Java,2,0,0.0,2.0,0.0,0.0,0.0,0.0,0.0,0.0
0600941,Java,1,0,0.0,1.0,0.0,0.0,0.0,0.0,0.0,0.0
0601000,Java,5,0,0.0,5.0,0.0,0.0,0.0,0.0,0.0,0.0
0601041,Java,1,0,0.0,1.0,0.0,0.0,0.0,0.0,0.0,0.0
0601100,Java,4,0,0.0,4.0,0.0,0.0,0.0,0.0,0.0,0.0
0601141,Java,1,0,0.0,1.0,0.0,0.0,0.0,0.0,0.0,0.0
0601151,Java,1,1,1.0,1.0,1.0,1.0,0.0,1.0,0.0,1.0
0601200,Java,5,0,0.0,5.0,0.0,0.0,0.0,0.0,0.0,0.0
0601241,Java,6,0,0.0,6.0,0.0,0.0,0.0,0.0,0.0,0.0
0601242,Java,1,1,1.0,1.0,1.0,1.0,0.0,1.0,0.0,1.0
0601251,Java,0,0,,,,0.0,0.0,,,
0601300,Java,2,0,0.0,2.0,0.0,0.0,0.0,0.0,0.0,0.0
0601400,Java,7,1,0.1428571428571428,7.0,1.0,0.0,1.0,0.0,0.14285714285714285,0.14285714285714285
0601431,Java,2,0,0.0,2.0,0.0,0.0,0.0,0.0,0.0,0.0
0601451,Java,1,0,0.0,1.0,0.0,0.0,0.0,0.0,0.0,0.0
0601500,Java,5,0,0.0,5.0,0.0,0.0,0.0,0.0,0.0,0.0
0601611,Java,7,1,0.1428571428571428,7.0,1.0,1.0,0.0,0.14285714285714285,0.0,0.14285714285714285
0601632,Java,8,0,0.0,8.0,0.0,0.0,0.0,0.0,0.0,0.0
0601650,Java,1,1,1.0,1.0,1.0,0.0,1.0,0.0,1.0,1.0
0601700,Java,7,0,0.0,7.0,0.0,0.0,0.0,0.0,0.0,0.0
0601741,Java,1,1,1.0,1.0,1.0,0.0,1.0,0.0,1.0,1.0
0601800,Java,6,0,0.0,6.0,0.0,0.0,0.0,0.0,0.0,0.0
0601831,Java,3,0,0.0,3.0,0.0,0.0,0.0,0.0,0.0,0.0
0601900,Java,13,1,0.0769230769230769,13.0,1.0,0.0,1.0,0.0,0.07692307692307693,0.07692307692307693
0601941,Java,1,0,0.0,1.0,0.0,0.0,0.0,0.0,0.0,0.0
0601942,Java,1,0,0.0,1.0,0.0,0.0,0.0,0.0,0.0,0.0
0601943,Java,0,0,,,,0.0,0.0,,,
0601951,Java,3,0,0.0,3.0,0.0,0.0,0.0,0.0,0.0,0.0
0602000,Java,4,0,0.0,4.0,0.0,0.0,0.0,0.0,0.0,0.0
0602031,Java,1,0,0.0,1.0,0.0,0.0,0.0,0.0,0.0,0.0
0602051,Java,1,0,0.0,1.0,0.0,0.0,0.0,0.0,0.0,0.0
0602100,Java,3,0,0.0,3.0,0.0,0.0,0.0,0.0,0.0,0.0
0602111,Java,1,0,0.0,1.0,0.0,0.0,0.0,0.0,0.0,0.0
0602141,Java,1,0,0.0,1.0,0.0,0.0,0.0,0.0,0.0,0.0
0602200,Java,5,1,0.2,5.0,1.0,1.0,0.0,0.2,0.0,0.2
0602251,Java,1,0,0.0,1.0,0.0,0.0,0.0,0.0,0.0,0.0
0602252,Java,1,0,0.0,1.0,0.0,0.0,0.0,0.0,0.0,0.0
0602300,Java,7,0,0.0,7.0,0.0,0.0,0.0,0.0,0.0,0.0
0602341,Java,1,0,0.0,1.0,0.0,0.0,0.0,0.0,0.0,0.0
0602351,Java,1,1,1.0,1.0,1.0,0.0,1.0,0.0,1.0,1.0
0602352,Java,2,0,0.0,2.0,0.0,0.0,0.0,0.0,0.0,0.0
0602400,Java,5,0,0.0,5.0,0.0,0.0,0.0,0.0,0.0,0.0
0602500,Java,8,1,0.125,8.0,1.0,1.0,0.0,0.125,0.0,0.125
0602541,Java,1,0,0.0,1.0,0.0,0.0,0.0,0.0,0.0,0.0
0602551,Java,1,0,0.0,1.0,0.0,0.0,0.0,0.0,0.0,0.0
0602552,Java,1,0,0.0,1.0,0.0,0.0,0.0,0.0,0.0,0.0
0602553,Java,3,0,0.0,3.0,0.0,0.0,0.0,0.0,0.0,0.0
0602600,Java,4,0,0.0,4.0,0.0,0.0,0.0,0.0,0.0,0.0
0602641,Java,0,0,,,,0.0,0.0,,,
0602700,Java,7,0,0.0,7.0,0.0,0.0,0.0,0.0,0.0,0.0
0602741,Java,1,0,0.0,1.0,0.0,0.0,0.0,0.0,0.0,0.0
0602742,Java,1,0,0.0,1.0,0.0,0.0,0.0,0.0,0.0,0.0
0602751,Java,1,0,0.0,1.0,0.0,0.0,0.0,0.0,0.0,0.0
0602800,Java,5,0,0.0,5.0,0.0,0.0,0.0,0.0,0.0,0.0
0602900,Java,4,0,0.0,4.0,0.0,0.0,0.0,0.0,0.0,0.0
0603000,Java,8,1,0.125,8.0,1.0,0.0,1.0,0.0,0.125,0.125
0610151,Java,0,0,,,,0.0,0.0,,,
0610651,Java,3,0,0.0,3.0,0.0,0.0,0.0,0.0,0.0,0.0
0611141,Java,1,0,0.0,1.0,0.0,0.0,0.0,0.0,0.0,0.0
0611340,Java,5,0,0.0,5.0,0.0,0.0,0.0,0.0,0.0,0.0
0620100,Java,7,0,0.0,7.0,0.0,0.0,0.0,0.0,0.0,0.0
0620141,Java,1,0,0.0,1.0,0.0,0.0,0.0,0.0,0.0,0.0
0620142,Java,1,1,1.0,1.0,1.0,0.0,1.0,0.0,1.0,1.0
0620143,Java,2,0,0.0,2.0,0.0,0.0,0.0,0.0,0.0,0.0
0620144,Java,2,0,0.0,2.0,0.0,0.0,0.0,0.0,0.0,0.0
0620151,Java,1,1,1.0,1.0,1.0,1.0,0.0,1.0,0.0,1.0
0620242,Java,1,0,0.0,1.0,0.0,0.0,0.0,0.0,0.0,0.0
0620500,Java,4,0,0.0,4.0,0.0,0.0,0.0,0.0,0.0,0.0
0620700,Java,5,1,0.2,5.0,1.0,1.0,0.0,0.2,0.0,0.2
0620900,Java,9,0,0.0,9.0,0.0,0.0,0.0,0.0,0.0,0.0
0620912,Java,5,0,0.0,5.0,0.0,0.0,0.0,0.0,0.0,0.0
0621100,Java,3,1,0.3333333333333333,3.0,1.0,0.0,1.0,0.0,0.3333333333333333,0.3333333333333333
0621151,Java,1,1,1.0,1.0,1.0,0.0,1.0,0.0,1.0,1.0
0621200,Java,9,0,0.0,9.0,0.0,0.0,0.0,0.0,0.0,0.0
0621231,Java,3,0,0.0,3.0,0.0,0.0,0.0,0.0,0.0,0.0
0621233,Java,2,0,0.0,2.0,0.0,0.0,0.0,0.0,0.0,0.0
0621241,Java,1,0,0.0,1.0,0.0,0.0,0.0,0.0,0.0,0.0
0621252,Java,0,0,,,,0.0,0.0,,,
0621253,Java,1,1,1.0,1.0,1.0,0.0,1.0,0.0,1.0,1.0
0621300,Java,5,0,0.0,5.0,0.0,0.0,0.0,0.0,0.0,0.0
0621311,Java,1,0,0.0,1.0,0.0,0.0,0.0,0.0,0.0,0.0
0621400,Java,9,2,0.2222222222222222,9.0,2.0,1.0,1.0,0.1111111111111111,0.1111111111111111,0.2222222222222222
0621411,Java,5,1,0.2,5.0,1.0,1.0,0.0,0.2,0.0,0.2
0621441,Java,1,0,0.0,1.0,0.0,0.0,0.0,0.0,0.0,0.0
0621451,Java,1,1,1.0,1.0,1.0,1.0,0.0,1.0,0.0,1.0
0621600,Java,3,2,0.6666666666666666,3.0,2.0,1.0,1.0,0.3333333333333333,0.3333333333333333,0.6666666666666666
0621641,Java,3,0,0.0,3.0,0.0,0.0,0.0,0.0,0.0,0.0
0621700,Java,4,0,0.0,4.0,0.0,0.0,0.0,0.0,0.0,0.0
0621900,Java,10,1,0.1,10.0,1.0,1.0,0.0,0.1,0.0,0.1
0621931,Java,1,0,0.0,1.0,0.0,0.0,0.0,0.0,0.0,0.0
0621941,Java,1,0,0.0,1.0,0.0,0.0,0.0,0.0,0.0,0.0
0621942,Java,1,1,1.0,1.0,1.0,1.0,0.0,1.0,0.0,1.0
0621951,Java,1,1,1.0,1.0,1.0,1.0,0.0,1.0,0.0,1.0
0621952,Java,0,0,,,,0.0,0.0,,,
0622051,Java,3,1,0.3333333333333333,3.0,1.0,0.0,1.0,0.0,0.3333333333333333,0.3333333333333333
0622053,Java,1,0,0.0,1.0,0.0,0.0,0.0,0.0,0.0,0.0
0622251,Java,1,0,0.0,1.0,0.0,0.0,0.0,0.0,0.0,0.0
0622252,Java,1,0,0.0,1.0,0.0,0.0,0.0,0.0,0.0,0.0
0622341,Java,1,0,0.0,1.0,0.0,0.0,0.0,0.0,0.0,0.0
0622400,Java,3,1,0.3333333333333333,3.0,1.0,0.0,1.0,0.0,0.3333333333333333,0.3333333333333333
0622451,Java,1,1,1.0,1.0,1.0,1.0,0.0,1.0,0.0,1.0
0622600,Java,1,0,0.0,1.0,0.0,0.0,0.0,0.0,0.0,0.0
0622700,Java,8,1,0.125,8.0,1.0,1.0,0.0,0.125,0.0,0.125
0622800,Java,4,2,0.5,4.0,2.0,1.0,1.0,0.25,0.25,0.5
0622851,Java,1,1,1.0,1.0,1.0,0.0,1.0,0.0,1.0,1.0
0622900,Java,4,0,0.0,4.0,0.0,0.0,0.0,0.0,0.0,0.0
0622931,Java,4,0,0.0,4.0,0.0,0.0,0.0,0.0,0.0,0.0
0623000,Java,3,0,0.0,3.0,0.0,0.0,0.0,0.0,0.0,0.0
0623011,Java,4,0,0.0,4.0,0.0,0.0,0.0,0.0,0.0,0.0
0623051,Java,1,0,0.0,1.0,0.0,0.0,0.0,0.0,0.0,0.0
0630100,Java,7,1,0.1428571428571428,7.0,1.0,1.0,0.0,0.14285714285714285,0.0,0.14285714285714285
0630131,Java,6,0,0.0,6.0,0.0,0.0,0.0,0.0,0.0,0.0
0630132,Java,8,0,0.0,8.0,0.0,0.0,0.0,0.0,0.0,0.0
0630133,Java,7,0,0.0,7.0,0.0,0.0,0.0,0.0,0.0,0.0
0630200,Java,5,0,0.0,5.0,0.0,0.0,0.0,0.0,0.0,0.0
0630241,Java,2,0,0.0,2.0,0.0,0.0,0.0,0.0,0.0,0.0
0630300,Java,5,1,0.2,5.0,1.0,0.0,1.0,0.0,0.2,0.2
0630331,Java,2,2,1.0,2.0,2.0,2.0,0.0,1.0,0.0,1.0
0630351,Java,2,1,0.5,2.0,1.0,0.0,1.0,0.0,0.5,0.5
0630400,Java,7,0,0.0,7.0,0.0,0.0,0.0,0.0,0.0,0.0
0630451,Java,1,0,0.0,1.0,0.0,0.0,0.0,0.0,0.0,0.0
0630452,Java,3,1,0.3333333333333333,3.0,1.0,1.0,0.0,0.3333333333333333,0.0,0.3333333333333333
0630500,Java,2,0,0.0,2.0,0.0,0.0,0.0,0.0,0.0,0.0
0630700,Java,6,0,0.0,6.0,0.0,0.0,0.0,0.0,0.0,0.0
0630751,Java,1,0,0.0,1.0,0.0,0.0,0.0,0.0,0.0,0.0
0630800,Java,2,0,0.0,2.0,0.0,0.0,0.0,0.0,0.0,0.0
0630831,Java,2,0,0.0,2.0,0.0,0.0,0.0,0.0,0.0,0.0
0630900,Java,6,1,0.1666666666666666,6.0,1.0,1.0,0.0,0.16666666666666666,0.0,0.16666666666666666
0630931,Java,1,0,0.0,1.0,0.0,0.0,0.0,0.0,0.0,0.0
0630951,Java,1,0,0.0,1.0,0.0,0.0,0.0,0.0,0.0,0.0
0631000,Java,5,1,0.2,5.0,1.0,0.0,1.0,0.0,0.2,0.2
0631100,Java,4,1,0.25,4.0,1.0,1.0,0.0,0.25,0.0,0.25
0631200,Java,6,1,0.1666666666666666,6.0,1.0,0.0,1.0,0.0,0.16666666666666666,0.16666666666666666
0631251,Java,1,1,1.0,1.0,1.0,1.0,0.0,1.0,0.0,1.0
0631300,Java,6,2,0.3333333333333333,6.0,2.0,1.0,1.0,0.16666666666666666,0.16666666666666666,0.3333333333333333
0631352,Java,1,1,1.0,1.0,1.0,1.0,0.0,1.0,0.0,1.0
0631541,Java,2,0,0.0,2.0,0.0,0.0,0.0,0.0,0.0,0.0
0631542,Java,6,0,0.0,6.0,0.0,0.0,0.0,0.0,0.0,0.0
0631600,Java,7,0,0.0,7.0,0.0,0.0,0.0,0.0,0.0,0.0
0631631,Java,2,0,0.0,2.0,0.0,0.0,0.0,0.0,0.0,0.0
0631800,Java,5,1,0.2,5.0,1.0,0.0,1.0,0.0,0.2,0.2
0631900,Java,5,2,0.4,5.0,2.0,1.0,1.0,0.2,0.2,0.4
0631931,Java,0,0,,,,0.0,0.0,,,
0631951,Java,1,0,0.0,1.0,0.0,0.0,0.0,0.0,0.0,0.0
0632000,Java,5,1,0.2,5.0,1.0,1.0,0.0,0.2,0.0,0.2
0632051,Java,2,1,0.5,2.0,1.0,0.0,1.0,0.0,0.5,0.5
0632100,Java,7,0,0.0,7.0,0.0,0.0,0.0,0.0,0.0,0.0
0632151,Java,3,2,0.6666666666666666,3.0,2.0,1.0,1.0,0.3333333333333333,0.3333333333333333,0.6666666666666666
0632200,Java,4,0,0.0,4.0,0.0,0.0,0.0,0.0,0.0,0.0
0632241,Java,4,1,0.25,4.0,1.0,1.0,0.0,0.25,0.0,0.25
0632251,Java,1,0,0.0,1.0,0.0,0.0,0.0,0.0,0.0,0.0
0632300,Java,14,5,0.3571428571428571,14.0,5.0,3.0,2.0,0.21428571428571427,0.14285714285714285,0.3571428571428571
0632341,Java,1,0,0.0,1.0,0.0,0.0,0.0,0.0,0.0,0.0
0632342,Java,1,1,1.0,1.0,1.0,0.0,1.0,0.0,1.0,1.0
0632351,Java,1,1,1.0,1.0,1.0,0.0,1.0,0.0,1.0,1.0
0632353,Java,1,1,1.0,1.0,1.0,1.0,0.0,1.0,0.0,1.0
0632400,Java,4,0,0.0,4.0,0.0,0.0,0.0,0.0,0.0,0.0
0632431,Java,3,0,0.0,3.0,0.0,0.0,0.0,0.0,0.0,0.0
0632441,Java,2,0,0.0,2.0,0.0,0.0,0.0,0.0,0.0,0.0
0632442,Java,1,0,0.0,1.0,0.0,0.0,0.0,0.0,0.0,0.0
0632500,Java,7,2,0.2857142857142857,7.0,2.0,1.0,1.0,0.14285714285714285,0.14285714285714285,0.2857142857142857
0632600,Java,6,0,0.0,6.0,0.0,0.0,0.0,0.0,0.0,0.0
0632651,Java,0,0,,,,0.0,0.0,,,
0632652,Java,1,1,1.0,1.0,1.0,0.0,1.0,0.0,1.0,1.0
0632712,Java,6,0,0.0,6.0,0.0,0.0,0.0,0.0,0.0,0.0
0632800,Java,6,0,0.0,6.0,0.0,0.0,0.0,0.0,0.0,0.0
0632831,Java,1,0,0.0,1.0,0.0,0.0,0.0,0.0,0.0,0.0
0632832,Java,2,0,0.0,2.0,0.0,0.0,0.0,0.0,0.0,0.0
0632841,Java,5,0,0.0,5.0,0.0,0.0,0.0,0.0,0.0,0.0
0632851,Java,2,1,0.5,2.0,1.0,1.0,0.0,0.5,0.0,0.5
0632900,Java,4,0,0.0,4.0,0.0,0.0,0.0,0.0,0.0,0.0
0632941,Java,1,0,0.0,1.0,0.0,0.0,0.0,0.0,0.0,0.0
0632951,Java,1,0,0.0,1.0,0.0,0.0,0.0,0.0,0.0,0.0
0640100,Java,5,2,0.4,5.0,2.0,1.0,1.0,0.2,0.2,0.4
0640141,Java,1,0,0.0,1.0,0.0,0.0,0.0,0.0,0.0,0.0
0640142,Java,1,0,0.0,1.0,0.0,0.0,0.0,0.0,0.0,0.0
0640500,Java,4,1,0.25,4.0,1.0,0.0,1.0,0.0,0.25,0.25
0640652,Minang,4,0,0.0,4.0,0.0,0.0,0.0,0.0,0.0,0.0
0640653,Java,1,0,0.0,1.0,0.0,0.0,0.0,0.0,0.0,0.0
0640800,Java,8,1,0.125,8.0,1.0,0.0,1.0,0.0,0.125,0.125
0640841,Java,2,0,0.0,2.0,0.0,0.0,0.0,0.0,0.0,0.0
0640843,Java,2,0,0.0,2.0,0.0,0.0,0.0,0.0,0.0,0.0
0640851,Java,1,0,0.0,1.0,0.0,0.0,0.0,0.0,0.0,0.0
0641000,Java,10,0,0.0,10.0,0.0,0.0,0.0,0.0,0.0,0.0
0641031,Java,6,0,0.0,6.0,0.0,0.0,0.0,0.0,0.0,0.0
0641200,Java,4,1,0.25,4.0,1.0,0.0,1.0,0.0,0.25,0.25
0641251,Java,1,0,0.0,1.0,0.0,0.0,0.0,0.0,0.0,0.0
0641300,Java,2,0,0.0,2.0,0.0,0.0,0.0,0.0,0.0,0.0
0641441,Java,1,0,0.0,1.0,0.0,0.0,0.0,0.0,0.0,0.0
0641700,Java,8,0,0.0,8.0,0.0,0.0,0.0,0.0,0.0,0.0
0641931,Java,6,0,0.0,6.0,0.0,0.0,0.0,0.0,0.0,0.0
0641942,Minang,1,0,0.0,1.0,0.0,0.0,0.0,0.0,0.0,0.0
0641943,Java,1,0,0.0,1.0,0.0,0.0,0.0,0.0,0.0,0.0
0642042,Java,0,0,,,,0.0,0.0,,,
0642200,Java,6,0,0.0,6.0,0.0,0.0,0.0,0.0,0.0,0.0
0642251,Java,1,1,1.0,1.0,1.0,0.0,1.0,0.0,1.0,1.0
0642400,Java,6,1,0.1666666666666666,6.0,1.0,0.0,1.0,0.0,0.16666666666666666,0.16666666666666666
0642531,Java,1,0,0.0,1.0,0.0,0.0,0.0,0.0,0.0,0.0
0642600,Java,9,0,0.0,9.0,0.0,0.0,0.0,0.0,0.0,0.0
0642651,Java,1,1,1.0,1.0,1.0,0.0,1.0,0.0,1.0,1.0
0642652,Java,1,1,1.0,1.0,1.0,1.0,0.0,1.0,0.0,1.0
0642653,Java,1,1,1.0,1.0,1.0,0.0,1.0,0.0,1.0,1.0
0642742,Java,1,1,1.0,1.0,1.0,1.0,0.0,1.0,0.0,1.0
0642831,Java,5,0,0.0,5.0,0.0,0.0,0.0,0.0,0.0,0.0
0643000,Java,3,0,0.0,3.0,0.0,0.0,0.0,0.0,0.0,0.0
0650131,Java,9,0,0.0,9.0,0.0,0.0,0.0,0.0,0.0,0.0
0650300,Java,4,0,0.0,4.0,0.0,0.0,0.0,0.0,0.0,0.0
0650531,Java,1,0,0.0,1.0,0.0,0.0,0.0,0.0,0.0,0.0
0650641,Minang,3,0,0.0,3.0,0.0,0.0,0.0,0.0,0.0,0.0
0650800,Java,11,2,0.1818181818181818,11.0,2.0,2.0,0.0,0.18181818181818182,0.0,0.18181818181818182
0650853,Java,4,0,0.0,4.0,0.0,0.0,0.0,0.0,0.0,0.0
0650911,Java,1,0,0.0,1.0,0.0,0.0,0.0,0.0,0.0,0.0
0651200,Java,12,0,0.0,12.0,0.0,0.0,0.0,0.0,0.0,0.0
0651241,Java,1,0,0.0,1.0,0.0,0.0,0.0,0.0,0.0,0.0
0651600,Java,7,0,0.0,7.0,0.0,0.0,0.0,0.0,0.0,0.0
0651800,Java,5,1,0.2,5.0,1.0,1.0,0.0,0.2,0.0,0.2
0652000,Java,9,0,0.0,9.0,0.0,0.0,0.0,0.0,0.0,0.0
0652031,Java,2,0,0.0,2.0,0.0,0.0,0.0,0.0,0.0,0.0
0660552,Java,3,0,0.0,3.0,0.0,0.0,0.0,0.0,0.0,0.0
0661242,Java,5,0,0.0,5.0,0.0,0.0,0.0,0.0,0.0,0.0
0661300,Java,7,1,0.1428571428571428,7.0,1.0,0.0,1.0,0.0,0.14285714285714285,0.14285714285714285
0661352,Java,3,0,0.0,3.0,0.0,0.0,0.0,0.0,0.0,0.0
0661400,Java,6,0,0.0,6.0,0.0,0.0,0.0,0.0,0.0,0.0
0661700,Java,6,0,0.0,6.0,0.0,0.0,0.0,0.0,0.0,0.0
0670200,Java,13,1,0.0769230769230769,13.0,1.0,1.0,0.0,0.07692307692307693,0.0,0.07692307692307693
0670231,Java,2,0,0.0,2.0,0.0,0.0,0.0,0.0,0.0,0.0
0670311,Java,10,0,0.0,10.0,0.0,0.0,0.0,0.0,0.0,0.0
0670400,Java,14,2,0.1428571428571428,14.0,2.0,1.0,1.0,0.07142857142857142,0.07142857142857142,0.14285714285714285
0670431,Java,2,2,1.0,2.0,2.0,2.0,0.0,1.0,0.0,1.0
0670441,Java,0,0,,,,0.0,0.0,,,
0670452,Java,0,0,,,,0.0,0.0,,,
0670453,Java,0,0,,,,0.0,0.0,,,
0670500,Java,11,1,0.0909090909090909,11.0,1.0,0.0,1.0,0.0,0.09090909090909091,0.09090909090909091
0670511,Java,2,0,0.0,2.0,0.0,0.0,0.0,0.0,0.0,0.0
0670600,Java,6,0,0.0,6.0,0.0,0.0,0.0,0.0,0.0,0.0
0670641,Java,3,0,0.0,3.0,0.0,0.0,0.0,0.0,0.0,0.0
0670700,Java,4,1,0.25,4.0,1.0,1.0,0.0,0.25,0.0,0.25
0670741,Java,1,0,0.0,1.0,0.0,0.0,0.0,0.0,0.0,0.0
0670811,Java,2,0,0.0,2.0,0.0,0.0,0.0,0.0,0.0,0.0
0671011,Java,1,1,1.0,1.0,1.0,1.0,0.0,1.0,0.0,1.0
0671100,Java,2,1,0.5,2.0,1.0,1.0,0.0,0.5,0.0,0.5
0671200,Java,2,2,1.0,2.0,2.0,1.0,1.0,0.5,0.5,1.0
0672000,Java,7,1,0.1428571428571428,7.0,1.0,0.0,1.0,0.0,0.14285714285714285,0.14285714285714285
0672011,Java,2,0,0.0,2.0,0.0,0.0,0.0,0.0,0.0,0.0
0680300,Java,7,0,0.0,7.0,0.0,0.0,0.0,0.0,0.0,0.0
0680351,Java,1,1,1.0,1.0,1.0,0.0,1.0,0.0,1.0,1.0
0680352,Java,1,1,1.0,1.0,1.0,0.0,1.0,0.0,1.0,1.0
0680600,Java,4,0,0.0,4.0,0.0,0.0,0.0,0.0,0.0,0.0
0680643,Java,4,0,0.0,4.0,0.0,0.0,0.0,0.0,0.0,0.0
0681400,Java,8,1,0.125,8.0,1.0,0.0,1.0,0.0,0.125,0.125
0681900,Java,14,6,0.4285714285714285,14.0,6.0,2.0,4.0,0.14285714285714285,0.2857142857142857,0.42857142857142855
0681931,Java,1,1,1.0,1.0,1.0,1.0,0.0,1.0,0.0,1.0
0684300,Java,2,1,0.5,2.0,1.0,1.0,0.0,0.5,0.0,0.5
0700700,Java,6,2,0.3333333333333333,6.0,2.0,2.0,0.0,0.3333333333333333,0.0,0.3333333333333333
0701031,Java,3,2,0.6666666666666666,3.0,2.0,1.0,1.0,0.3333333333333333,0.3333333333333333,0.6666666666666666
0701851,Java,1,0,0.0,1.0,0.0,0.0,0.0,0.0,0.0,0.0
0704200,Java,4,0,0.0,4.0,0.0,0.0,0.0,0.0,0.0,0.0
0710231,Java,3,0,0.0,3.0,0.0,0.0,0.0,0.0,0.0,0.0
0710600,Java,9,1,0.1111111111111111,9.0,1.0,1.0,0.0,0.1111111111111111,0.0,0.1111111111111111
0710632,Java,2,1,0.5,2.0,1.0,1.0,0.0,0.5,0.0,0.5
0710633,Java,6,2,0.3333333333333333,6.0,2.0,0.0,2.0,0.0,0.3333333333333333,0.3333333333333333
0710800,Java,4,0,0.0,4.0,0.0,0.0,0.0,0.0,0.0,0.0
0711200,Java,7,1,0.1428571428571428,7.0,1.0,1.0,0.0,0.14285714285714285,0.0,0.14285714285714285
0711300,Java,3,0,0.0,3.0,0.0,0.0,0.0,0.0,0.0,0.0
0711631,Java,3,1,0.3333333333333333,3.0,1.0,1.0,0.0,0.3333333333333333,0.0,0.3333333333333333
0711650,Java,1,0,0.0,1.0,0.0,0.0,0.0,0.0,0.0,0.0
0711700,Java,10,3,0.3,10.0,3.0,2.0,1.0,0.2,0.1,0.30000000000000004
0711751,Java,1,0,0.0,1.0,0.0,0.0,0.0,0.0,0.0,0.0
0712000,Java,1,0,0.0,1.0,0.0,0.0,0.0,0.0,0.0,0.0
0714100,Java,3,1,0.3333333333333333,3.0,1.0,0.0,1.0,0.0,0.3333333333333333,0.3333333333333333
0714200,Java,6,0,0.0,6.0,0.0,0.0,0.0,0.0,0.0,0.0
0714233,Java,2,0,0.0,2.0,0.0,0.0,0.0,0.0,0.0,0.0
0714300,Java,3,0,0.0,3.0,0.0,0.0,0.0,0.0,0.0,0.0
0720700,Java,4,1,0.25,4.0,1.0,1.0,0.0,0.25,0.0,0.25
0730700,Java,8,0,0.0,8.0,0.0,0.0,0.0,0.0,0.0,0.0
0730800,Java,7,0,0.0,7.0,0.0,0.0,0.0,0.0,0.0,0.0
0730851,Java,1,1,1.0,1.0,1.0,1.0,0.0,1.0,0.0,1.0
0730942,Java,1,0,0.0,1.0,0.0,0.0,0.0,0.0,0.0,0.0
0731300,Java,6,0,0.0,6.0,0.0,0.0,0.0,0.0,0.0,0.0
0731452,Java,1,0,0.0,1.0,0.0,0.0,0.0,0.0,0.0,0.0
0740251,Java,1,1,1.0,1.0,1.0,0.0,1.0,0.0,1.0,1.0
0740343,Java,1,0,0.0,1.0,0.0,0.0,0.0,0.0,0.0,0.0
0740351,Java,1,1,1.0,1.0,1.0,1.0,0.0,1.0,0.0,1.0
0740600,Java,6,1,0.1666666666666666,6.0,1.0,0.0,1.0,0.0,0.16666666666666666,0.16666666666666666
0740641,Java,1,0,0.0,1.0,0.0,0.0,0.0,0.0,0.0,0.0
0740900,Java,6,1,0.1666666666666666,6.0,1.0,1.0,0.0,0.16666666666666666,0.0,0.16666666666666666
0741141,Java,1,1,1.0,1.0,1.0,0.0,1.0,0.0,1.0,1.0
0741221,Java,5,0,0.0,5.0,0.0,0.0,0.0,0.0,0.0,0.0
0741252,Java,1,0,0.0,1.0,0.0,0.0,0.0,0.0,0.0,0.0
0741342,Java,1,0,0.0,1.0,0.0,0.0,0.0,0.0,0.0,0.0
0741943,Java,2,1,0.5,2.0,1.0,1.0,0.0,0.5,0.0,0.5
0744200,Java,6,0,0.0,6.0,0.0,0.0,0.0,0.0,0.0,0.0
0750100,Java,4,0,0.0,4.0,0.0,0.0,0.0,0.0,0.0,0.0
0750141,Batak,1,1,1.0,1.0,1.0,1.0,0.0,1.0,0.0,1.0
0750500,Java,5,1,0.2,5.0,1.0,1.0,0.0,0.2,0.0,0.2
0750541,Java,1,0,0.0,1.0,0.0,0.0,0.0,0.0,0.0,0.0
0750542,Java,1,0,0.0,1.0,0.0,0.0,0.0,0.0,0.0,0.0
0750600,Java,3,2,0.6666666666666666,3.0,2.0,2.0,0.0,0.6666666666666666,0.0,0.6666666666666666
0750841,Java,1,0,0.0,1.0,0.0,0.0,0.0,0.0,0.0,0.0
0751400,Java,8,0,0.0,8.0,0.0,0.0,0.0,0.0,0.0,0.0
0751431,Java,2,0,0.0,2.0,0.0,0.0,0.0,0.0,0.0,0.0
0751452,Java,0,0,,,,0.0,0.0,,,
0751711,Java,5,1,0.2,5.0,1.0,1.0,0.0,0.2,0.0,0.2
0751731,Java,3,0,0.0,3.0,0.0,0.0,0.0,0.0,0.0,0.0
0751740,Java,1,0,0.0,1.0,0.0,0.0,0.0,0.0,0.0,0.0
0751800,Java,2,0,0.0,2.0,0.0,0.0,0.0,0.0,0.0,0.0
0754100,Java,6,0,0.0,6.0,0.0,0.0,0.0,0.0,0.0,0.0
0760100,Java,8,1,0.125,8.0,1.0,1.0,0.0,0.125,0.0,0.125
0760141,Java,0,0,,,,0.0,0.0,,,
0760142,Java,1,0,0.0,1.0,0.0,0.0,0.0,0.0,0.0,0.0
0760151,Java,2,1,0.5,2.0,1.0,0.0,1.0,0.0,0.5,0.5
0760300,Java,4,3,0.75,4.0,3.0,3.0,0.0,0.75,0.0,0.75
0760351,Java,1,0,0.0,1.0,0.0,0.0,0.0,0.0,0.0,0.0
0760400,Java,9,2,0.2222222222222222,9.0,2.0,1.0,1.0,0.1111111111111111,0.1111111111111111,0.2222222222222222
0760731,Java,4,0,0.0,4.0,0.0,0.0,0.0,0.0,0.0,0.0
0760800,Java,14,1,0.0714285714285714,14.0,1.0,0.0,1.0,0.0,0.07142857142857142,0.07142857142857142
0760841,Java,1,0,0.0,1.0,0.0,0.0,0.0,0.0,0.0,0.0
0761000,Java,6,1,0.1666666666666666,6.0,1.0,1.0,0.0,0.16666666666666666,0.0,0.16666666666666666
0761100,Java,5,1,0.2,5.0,1.0,1.0,0.0,0.2,0.0,0.2
0761131,Java,3,0,0.0,3.0,0.0,0.0,0.0,0.0,0.0,0.0
0761200,Java,5,0,0.0,5.0,0.0,0.0,0.0,0.0,0.0,0.0
0761241,Java,4,0,0.0,4.0,0.0,0.0,0.0,0.0,0.0,0.0
0761531,Java,5,0,0.0,5.0,0.0,0.0,0.0,0.0,0.0,0.0
0761600,Java,9,0,0.0,9.0,0.0,0.0,0.0,0.0,0.0,0.0
0761800,Java,5,0,0.0,5.0,0.0,0.0,0.0,0.0,0.0,0.0
0761831,Java,3,1,0.3333333333333333,3.0,1.0,0.0,1.0,0.0,0.3333333333333333,0.3333333333333333
0761900,Java,6,0,0.0,6.0,0.0,0.0,0.0,0.0,0.0,0.0
0762000,Java,7,0,0.0,7.0,0.0,0.0,0.0,0.0,0.0,0.0
0770200,Java,11,2,0.1818181818181818,11.0,2.0,0.0,2.0,0.0,0.18181818181818182,0.18181818181818182
0770231,Java,3,0,0.0,3.0,0.0,0.0,0.0,0.0,0.0,0.0
0770232,Java,3,0,0.0,3.0,0.0,0.0,0.0,0.0,0.0,0.0
0770241,Java,1,1,1.0,1.0,1.0,0.0,1.0,0.0,1.0,1.0
0771100,Java,7,0,0.0,7.0,0.0,0.0,0.0,0.0,0.0,0.0
0771600,Batak,3,0,0.0,3.0,0.0,0.0,0.0,0.0,0.0,0.0
0771831,Java,3,1,0.3333333333333333,3.0,1.0,0.0,1.0,0.0,0.3333333333333333,0.3333333333333333
0774100,Java,7,0,0.0,7.0,0.0,0.0,0.0,0.0,0.0,0.0
0774131,Java,0,0,,,,0.0,0.0,,,
0774300,Java,4,0,0.0,4.0,0.0,0.0,0.0,0.0,0.0,0.0
0774752,Java,2,0,0.0,2.0,0.0,0.0,0.0,0.0,0.0,0.0
0774832,Java,11,0,0.0,11.0,0.0,0.0,0.0,0.0,0.0,0.0
0780441,Java,0,0,,,,0.0,0.0,,,
0780500,Java,3,0,0.0,3.0,0.0,0.0,0.0,0.0,0.0,0.0
0781041,Java,5,0,0.0,5.0,0.0,0.0,0.0,0.0,0.0,0.0
0781144,Java,3,0,0.0,3.0,0.0,0.0,0.0,0.0,0.0,0.0
0781242,Batak,3,0,0.0,3.0,0.0,0.0,0.0,0.0,0.0,0.0
0781700,Java,4,1,0.25,4.0,1.0,1.0,0.0,0.25,0.0,0.25
0781800,Java,5,0,0.0,5.0,0.0,0.0,0.0,0.0,0.0,0.0
0782000,Java,4,1,0.25,4.0,1.0,1.0,0.0,0.25,0.0,0.25
0782051,Java,1,1,1.0,1.0,1.0,1.0,0.0,1.0,0.0,1.0
0784300,Java,4,1,0.25,4.0,1.0,0.0,1.0,0.0,0.25,0.25
0784331,Java,1,0,0.0,1.0,0.0,0.0,0.0,0.0,0.0,0.0
0784341,Java,1,1,1.0,1.0,1.0,1.0,0.0,1.0,0.0,1.0
0784400,Minang,8,4,0.5,8.0,4.0,2.0,2.0,0.25,0.25,0.5
0790400,Java,4,0,0.0,4.0,0.0,0.0,0.0,0.0,0.0,0.0
0790442,Java,1,0,0.0,1.0,0.0,0.0,0.0,0.0,0.0,0.0
0790500,Java,3,0,0.0,3.0,0.0,0.0,0.0,0.0,0.0,0.0
0790700,Java,6,2,0.3333333333333333,6.0,2.0,1.0,1.0,0.16666666666666666,0.16666666666666666,0.3333333333333333
0790900,Java,7,2,0.2857142857142857,7.0,2.0,1.0,1.0,0.14285714285714285,0.14285714285714285,0.2857142857142857
0790951,Java,1,0,0.0,1.0,0.0,0.0,0.0,0.0,0.0,0.0
0791000,Java,4,0,0.0,4.0,0.0,0.0,0.0,0.0,0.0,0.0
0791400,Java,6,1,0.1666666666666666,6.0,1.0,0.0,1.0,0.0,0.16666666666666666,0.16666666666666666
0791700,Minang,5,1,0.2,5.0,1.0,1.0,0.0,0.2,0.0,0.2
0800300,Java,19,0,0.0,19.0,0.0,0.0,0.0,0.0,0.0,0.0
0800912,Java,5,0,0.0,5.0,0.0,0.0,0.0,0.0,0.0,0.0
0801200,Java,12,1,0.0833333333333333,12.0,1.0,0.0,1.0,0.0,0.08333333333333333,0.08333333333333333
0801251,Java,1,0,0.0,1.0,0.0,0.0,0.0,0.0,0.0,0.0
0801321,Java,4,0,0.0,4.0,0.0,0.0,0.0,0.0,0.0,0.0
0801800,Java,8,1,0.125,8.0,1.0,1.0,0.0,0.125,0.0,0.125
0801841,Java,2,0,0.0,2.0,0.0,0.0,0.0,0.0,0.0,0.0
0801842,Java,3,1,0.3333333333333333,3.0,1.0,0.0,1.0,0.0,0.3333333333333333,0.3333333333333333
0801843,Java,1,1,1.0,1.0,1.0,0.0,1.0,0.0,1.0,1.0
0810111,Minang,4,0,0.0,4.0,0.0,0.0,0.0,0.0,0.0,0.0
0810400,Java,7,0,0.0,7.0,0.0,0.0,0.0,0.0,0.0,0.0
0811500,Java,9,0,0.0,9.0,0.0,0.0,0.0,0.0,0.0,0.0
0812031,Java,7,0,0.0,7.0,0.0,0.0,0.0,0.0,0.0,0.0
0820641,Java,3,0,0.0,3.0,0.0,0.0,0.0,0.0,0.0,0.0
0820700,Java,7,1,0.1428571428571428,7.0,1.0,0.0,1.0,0.0,0.14285714285714285,0.14285714285714285
0820800,Batak,6,0,0.0,6.0,0.0,0.0,0.0,0.0,0.0,0.0
0821000,Java,3,1,0.3333333333333333,3.0,1.0,0.0,1.0,0.0,0.3333333333333333,0.3333333333333333
0821300,Java,8,2,0.25,8.0,2.0,1.0,1.0,0.125,0.125,0.25
0821400,Minang,5,1,0.2,5.0,1.0,0.0,1.0,0.0,0.2,0.2
0821511,Java,3,0,0.0,3.0,0.0,0.0,0.0,0.0,0.0,0.0
0830551,Java,1,1,1.0,1.0,1.0,0.0,1.0,0.0,1.0,1.0
0830900,Java,4,0,0.0,4.0,0.0,0.0,0.0,0.0,0.0,0.0
0830951,Java,1,1,1.0,1.0,1.0,1.0,0.0,1.0,0.0,1.0
0831100,Java,10,0,0.0,10.0,0.0,0.0,0.0,0.0,0.0,0.0
0831131,Java,1,0,0.0,1.0,0.0,0.0,0.0,0.0,0.0,0.0
0831600,Java,7,0,0.0,7.0,0.0,0.0,0.0,0.0,0.0,0.0
0831700,Java,8,0,0.0,8.0,0.0,0.0,0.0,0.0,0.0,0.0
0831731,Java,4,0,0.0,4.0,0.0,0.0,0.0,0.0,0.0,0.0
0834400,Java,6,0,0.0,6.0,0.0,0.0,0.0,0.0,0.0,0.0
0840100,Java,6,0,0.0,6.0,0.0,0.0,0.0,0.0,0.0,0.0
0840141,Java,1,0,0.0,1.0,0.0,0.0,0.0,0.0,0.0,0.0
0840241,Batak,2,0,0.0,2.0,0.0,0.0,0.0,0.0,0.0,0.0
0840400,Java,6,0,0.0,6.0,0.0,0.0,0.0,0.0,0.0,0.0
0840500,Java,10,0,0.0,10.0,0.0,0.0,0.0,0.0,0.0,0.0
0840541,Java,0,0,,,,0.0,0.0,,,
0840731,Java,9,3,0.3333333333333333,9.0,3.0,3.0,0.0,0.3333333333333333,0.0,0.3333333333333333
0840821,Java,7,0,0.0,7.0,0.0,0.0,0.0,0.0,0.0,0.0
0841121,Java,5,0,0.0,5.0,0.0,0.0,0.0,0.0,0.0,0.0
0841651,Minang,1,1,1.0,1.0,1.0,1.0,0.0,1.0,0.0,1.0
0850100,Batak,7,1,0.1428571428571428,7.0,1.0,1.0,0.0,0.14285714285714285,0.0,0.14285714285714285
0850211,Java,4,0,0.0,4.0,0.0,0.0,0.0,0.0,0.0,0.0
0850900,Batak,8,1,0.125,8.0,1.0,1.0,0.0,0.125,0.0,0.125
0851100,Java,12,2,0.1666666666666666,12.0,2.0,1.0,1.0,0.08333333333333333,0.08333333333333333,0.16666666666666666
0851131,Minang,1,0,0.0,1.0,0.0,0.0,0.0,0.0,0.0,0.0
0851141,Java,1,0,0.0,1.0,0.0,0.0,0.0,0.0,0.0,0.0
0851400,Minang,4,0,0.0,4.0,0.0,0.0,0.0,0.0,0.0,0.0
0851922,Java,3,2,0.6666666666666666,3.0,2.0,1.0,1.0,0.3333333333333333,0.3333333333333333,0.6666666666666666
0860400,Minang,8,1,0.125,8.0,1.0,1.0,0.0,0.125,0.0,0.125
0860541,Java,3,0,0.0,3.0,0.0,0.0,0.0,0.0,0.0,0.0
0860551,Java,1,0,0.0,1.0,0.0,0.0,0.0,0.0,0.0,0.0
0860631,Minang,8,1,0.125,8.0,1.0,0.0,1.0,0.0,0.125,0.125
0860651,Minang,0,0,,,,0.0,0.0,,,
0860731,Java,6,0,0.0,6.0,0.0,0.0,0.0,0.0,0.0,0.0
0861000,Java,6,0,0.0,6.0,0.0,0.0,0.0,0.0,0.0,0.0
0861131,Java,4,0,0.0,4.0,0.0,0.0,0.0,0.0,0.0,0.0
0861241,Java,3,0,0.0,3.0,0.0,0.0,0.0,0.0,0.0,0.0
0861441,Java,1,1,1.0,1.0,1.0,0.0,1.0,0.0,1.0,1.0
0870141,Java,3,0,0.0,3.0,0.0,0.0,0.0,0.0,0.0,0.0
0870200,Java,11,1,0.0909090909090909,11.0,1.0,1.0,0.0,0.09090909090909091,0.0,0.09090909090909091
0870300,Java,7,1,0.1428571428571428,7.0,1.0,0.0,1.0,0.0,0.14285714285714285,0.14285714285714285
0870321,Java,1,0,0.0,1.0,0.0,0.0,0.0,0.0,0.0,0.0
0870811,Java,4,0,0.0,4.0,0.0,0.0,0.0,0.0,0.0,0.0
0871021,Java,4,0,0.0,4.0,0.0,0.0,0.0,0.0,0.0,0.0
0871031,Java,2,0,0.0,2.0,0.0,0.0,0.0,0.0,0.0,0.0
0871600,Java,8,0,0.0,8.0,0.0,0.0,0.0,0.0,0.0,0.0
0871611,Java,3,1,0.3333333333333333,3.0,1.0,1.0,0.0,0.3333333333333333,0.0,0.3333333333333333
0871631,Java,1,0,0.0,1.0,0.0,0.0,0.0,0.0,0.0,0.0
0871900,Java,4,0,0.0,4.0,0.0,0.0,0.0,0.0,0.0,0.0
0871941,Java,1,0,0.0,1.0,0.0,0.0,0.0,0.0,0.0,0.0
0872000,Java,7,3,0.4285714285714285,7.0,3.0,2.0,1.0,0.2857142857142857,0.14285714285714285,0.42857142857142855
0872021,Java,6,0,0.0,6.0,0.0,0.0,0.0,0.0,0.0,0.0
0872051,Java,0,0,,,,0.0,0.0,,,
0872052,Java,0,0,,,,0.0,0.0,,,
0880331,Java,2,0,0.0,2.0,0.0,0.0,0.0,0.0,0.0,0.0
0880551,Java,1,1,1.0,1.0,1.0,1.0,0.0,1.0,0.0,1.0
0880800,Java,4,0,0.0,4.0,0.0,0.0,0.0,0.0,0.0,0.0
0880900,Java,4,0,0.0,4.0,0.0,0.0,0.0,0.0,0.0,0.0
0880911,Java,8,0,0.0,8.0,0.0,0.0,0.0,0.0,0.0,0.0
0881600,Java,7,2,0.2857142857142857,7.0,2.0,1.0,1.0,0.14285714285714285,0.14285714285714285,0.2857142857142857
0881900,Java,4,0,0.0,4.0,0.0,0.0,0.0,0.0,0.0,0.0
0881941,Java,2,1,0.5,2.0,1.0,1.0,0.0,0.5,0.0,0.5
0882041,Java,1,0,0.0,1.0,0.0,0.0,0.0,0.0,0.0,0.0
0891141,Java,4,0,0.0,4.0,0.0,0.0,0.0,0.0,0.0,0.0
0900441,Java,1,1,1.0,1.0,1.0,1.0,0.0,1.0,0.0,1.0
0900500,Java,4,0,0.0,4.0,0.0,0.0,0.0,0.0,0.0,0.0
0900531,Java,3,1,0.3333333333333333,3.0,1.0,1.0,0.0,0.3333333333333333,0.0,0.3333333333333333
0900700,Minang,6,1,0.1666666666666666,6.0,1.0,0.0,1.0,0.0,0.16666666666666666,0.16666666666666666
0901042,Java,1,0,0.0,1.0,0.0,0.0,0.0,0.0,0.0,0.0
0904100,Java,7,0,0.0,7.0,0.0,0.0,0.0,0.0,0.0,0.0
0904151,Java,1,0,0.0,1.0,0.0,0.0,0.0,0.0,0.0,0.0
0910400,Java,5,0,0.0,5.0,0.0,0.0,0.0,0.0,0.0,0.0
0910500,Batak,7,0,0.0,7.0,0.0,0.0,0.0,0.0,0.0,0.0
0910600,Batak,9,3,0.3333333333333333,9.0,3.0,1.0,2.0,0.1111111111111111,0.2222222222222222,0.3333333333333333
0910631,Batak,0,0,,,,0.0,0.0,,,
0910700,Java,11,1,0.0909090909090909,11.0,1.0,0.0,1.0,0.0,0.09090909090909091,0.09090909090909091
0910841,Java,8,0,0.0,8.0,0.0,0.0,0.0,0.0,0.0,0.0
0910952,Java,1,0,0.0,1.0,0.0,0.0,0.0,0.0,0.0,0.0
0911000,Java,5,0,0.0,5.0,0.0,0.0,0.0,0.0,0.0,0.0
0911041,Java,1,0,0.0,1.0,0.0,0.0,0.0,0.0,0.0,0.0
0911400,Java,3,0,0.0,3.0,0.0,0.0,0.0,0.0,0.0,0.0
0911500,Java,4,1,0.25,4.0,1.0,1.0,0.0,0.25,0.0,0.25
0911700,Java,4,0,0.0,4.0,0.0,0.0,0.0,0.0,0.0,0.0
0920200,Java,9,0,0.0,9.0,0.0,0.0,0.0,0.0,0.0,0.0
0920241,Java,4,0,0.0,4.0,0.0,0.0,0.0,0.0,0.0,0.0
0920300,Java,8,2,0.25,8.0,2.0,2.0,0.0,0.25,0.0,0.25
0920400,Java,9,0,0.0,9.0,0.0,0.0,0.0,0.0,0.0,0.0
0920651,Java,1,0,0.0,1.0,0.0,0.0,0.0,0.0,0.0,0.0
0920652,Java,1,1,1.0,1.0,1.0,1.0,0.0,1.0,0.0,1.0
0920841,Java,1,0,0.0,1.0,0.0,0.0,0.0,0.0,0.0,0.0
0920842,Java,1,0,0.0,1.0,0.0,0.0,0.0,0.0,0.0,0.0
0921351,Java,1,1,1.0,1.0,1.0,1.0,0.0,1.0,0.0,1.0
0921400,Java,5,1,0.2,5.0,1.0,0.0,1.0,0.0,0.2,0.2
0921700,Java,4,2,0.5,4.0,2.0,1.0,1.0,0.25,0.25,0.5
0930100,Java,12,1,0.0833333333333333,12.0,1.0,0.0,1.0,0.0,0.08333333333333333,0.08333333333333333
0930131,Java,4,0,0.0,4.0,0.0,0.0,0.0,0.0,0.0,0.0
0930141,Java,1,0,0.0,1.0,0.0,0.0,0.0,0.0,0.0,0.0
0930152,Java,1,1,1.0,1.0,1.0,0.0,1.0,0.0,1.0,1.0
0930233,Java,5,0,0.0,5.0,0.0,0.0,0.0,0.0,0.0,0.0
0930651,Java,1,0,0.0,1.0,0.0,0.0,0.0,0.0,0.0,0.0
0930652,Java,1,0,0.0,1.0,0.0,0.0,0.0,0.0,0.0,0.0
0931000,Minang,8,1,0.125,8.0,1.0,0.0,1.0,0.0,0.125,0.125
0931042,Java,3,1,0.3333333333333333,3.0,1.0,0.0,1.0,0.0,0.3333333333333333,0.3333333333333333
0931242,Java,3,0,0.0,3.0,0.0,0.0,0.0,0.0,0.0,0.0
0931243,Java,2,1,0.5,2.0,1.0,1.0,0.0,0.5,0.0,0.5
0931400,Java,5,0,0.0,5.0,0.0,0.0,0.0,0.0,0.0,0.0
0931431,Java,3,0,0.0,3.0,0.0,0.0,0.0,0.0,0.0,0.0
0931600,Batak,7,0,0.0,7.0,0.0,0.0,0.0,0.0,0.0,0.0
0931631,Batak,1,1,1.0,1.0,1.0,1.0,0.0,1.0,0.0,1.0
0931642,Batak,1,0,0.0,1.0,0.0,0.0,0.0,0.0,0.0,0.0
0931700,Java,5,0,0.0,5.0,0.0,0.0,0.0,0.0,0.0,0.0
0931731,Java,4,0,0.0,4.0,0.0,0.0,0.0,0.0,0.0,0.0
0931751,Java,1,0,0.0,1.0,0.0,0.0,0.0,0.0,0.0,0.0
0931800,Java,5,1,0.2,5.0,1.0,0.0,1.0,0.0,0.2,0.2
0931841,Java,2,1,0.5,2.0,1.0,0.0,1.0,0.0,0.5,0.5
0931842,Java,1,1,1.0,1.0,1.0,1.0,0.0,1.0,0.0,1.0
0940151,Java,0,0,,,,0.0,0.0,,,
0940231,Java,2,0,0.0,2.0,0.0,0.0,0.0,0.0,0.0,0.0
0940700,Java,3,1,0.3333333333333333,3.0,1.0,1.0,0.0,0.3333333333333333,0.0,0.3333333333333333
0941500,Batak,6,1,0.1666666666666666,6.0,1.0,0.0,1.0,0.0,0.16666666666666666,0.16666666666666666
0941531,Batak,1,0,0.0,1.0,0.0,0.0,0.0,0.0,0.0,0.0
0941541,Batak,1,0,0.0,1.0,0.0,0.0,0.0,0.0,0.0,0.0
0950500,Java,7,1,0.1428571428571428,7.0,1.0,1.0,0.0,0.14285714285714285,0.0,0.14285714285714285
0950541,Java,1,0,0.0,1.0,0.0,0.0,0.0,0.0,0.0,0.0
0950542,Java,1,0,0.0,1.0,0.0,0.0,0.0,0.0,0.0,0.0
0950553,Java,1,0,0.0,1.0,0.0,0.0,0.0,0.0,0.0,0.0
0951000,Java,6,0,0.0,6.0,0.0,0.0,0.0,0.0,0.0,0.0
0951100,Java,6,0,0.0,6.0,0.0,0.0,0.0,0.0,0.0,0.0
0951141,Java,3,0,0.0,3.0,0.0,0.0,0.0,0.0,0.0,0.0
0951200,Java,5,0,0.0,5.0,0.0,0.0,0.0,0.0,0.0,0.0
0951242,Java,5,0,0.0,5.0,0.0,0.0,0.0,0.0,0.0,0.0
0951441,Java,2,0,0.0,2.0,0.0,0.0,0.0,0.0,0.0,0.0
0951611,Java,1,1,1.0,1.0,1.0,0.0,1.0,0.0,1.0,1.0
0951632,Minang,7,0,0.0,7.0,0.0,0.0,0.0,0.0,0.0,0.0
0951700,Batak,8,0,0.0,8.0,0.0,0.0,0.0,0.0,0.0,0.0
0954100,Java,1,0,0.0,1.0,0.0,0.0,0.0,0.0,0.0,0.0
0954400,Java,3,0,0.0,3.0,0.0,0.0,0.0,0.0,0.0,0.0
0954441,Java,3,0,0.0,3.0,0.0,0.0,0.0,0.0,0.0,0.0
0954500,Java,6,0,0.0,6.0,0.0,0.0,0.0,0.0,0.0,0.0
0954531,Java,4,0,0.0,4.0,0.0,0.0,0.0,0.0,0.0,0.0
0954532,Java,2,0,0.0,2.0,0.0,0.0,0.0,0.0,0.0,0.0
0954541,Java,1,0,0.0,1.0,0.0,0.0,0.0,0.0,0.0,0.0
0954700,Java,4,0,0.0,4.0,0.0,0.0,0.0,0.0,0.0,0.0
0954731,Java,1,0,0.0,1.0,0.0,0.0,0.0,0.0,0.0,0.0
0960221,Java,1,1,1.0,1.0,1.0,1.0,0.0,1.0,0.0,1.0
0960411,Java,1,0,0.0,1.0,0.0,0.0,0.0,0.0,0.0,0.0
0960600,Java,8,0,0.0,8.0,0.0,0.0,0.0,0.0,0.0,0.0
0961500,Java,2,0,0.0,2.0,0.0,0.0,0.0,0.0,0.0,0.0
0961800,Java,8,0,0.0,8.0,0.0,0.0,0.0,0.0,0.0,0.0
0961900,Java,4,1,0.25,4.0,1.0,0.0,1.0,0.0,0.25,0.25
0961921,Java,2,1,0.5,2.0,1.0,0.0,1.0,0.0,0.5,0.5
0961951,Java,1,0,0.0,1.0,0.0,0.0,0.0,0.0,0.0,0.0
0970300,Java,4,3,0.75,4.0,3.0,2.0,1.0,0.5,0.25,0.75
0971700,Java,9,1,0.1111111111111111,9.0,1.0,1.0,0.0,0.1111111111111111,0.0,0.1111111111111111
0971732,Java,6,1,0.1666666666666666,6.0,1.0,1.0,0.0,0.16666666666666666,0.0,0.16666666666666666
0980432,Java,5,0,0.0,5.0,0.0,0.0,0.0,0.0,0.0,0.0
0980500,Java,4,0,0.0,4.0,0.0,0.0,0.0,0.0,0.0,0.0
0981800,Java,13,3,0.2307692307692307,13.0,3.0,2.0,1.0,0.15384615384615385,0.07692307692307693,0.23076923076923078
0981831,Java,2,0,0.0,2.0,0.0,0.0,0.0,0.0,0.0,0.0
0982000,Java,5,0,0.0,5.0,0.0,0.0,0.0,0.0,0.0,0.0
0990100,Java,5,1,0.2,5.0,1.0,0.0,1.0,0.0,0.2,0.2
0990300,Java,5,0,0.0,5.0,0.0,0.0,0.0,0.0,0.0,0.0
0990500,Java,3,0,0.0,3.0,0.0,0.0,0.0,0.0,0.0,0.0
0990611,Java,3,1,0.3333333333333333,3.0,1.0,0.0,1.0,0.0,0.3333333333333333,0.3333333333333333
0990700,Java,5,0,0.0,5.0,0.0,0.0,0.0,0.0,0.0,0.0
0990751,Java,4,0,0.0,4.0,0.0,0.0,0.0,0.0,0.0,0.0
0991500,Java,4,0,0.0,4.0,0.0,0.0,0.0,0.0,0.0,0.0
1000352,Java,1,0,0.0,1.0,0.0,0.0,0.0,0.0,0.0,0.0
1000500,Java,5,4,0.8,5.0,4.0,2.0,2.0,0.4,0.4,0.8
1000600,Java,7,2,0.2857142857142857,7.0,2.0,2.0,0.0,0.2857142857142857,0.0,0.2857142857142857
1000851,Java,1,1,1.0,1.0,1.0,0.0,1.0,0.0,1.0,1.0
1001100,Java,3,0,0.0,3.0,0.0,0.0,0.0,0.0,0.0,0.0
1001731,Java,7,0,0.0,7.0,0.0,0.0,0.0,0.0,0.0,0.0
1001741,Java,2,1,0.5,2.0,1.0,0.0,1.0,0.0,0.5,0.5
1004451,Java,1,0,0.0,1.0,0.0,0.0,0.0,0.0,0.0,0.0
1010100,Minang,2,0,0.0,2.0,0.0,0.0,0.0,0.0,0.0,0.0
1010500,Java,8,0,0.0,8.0,0.0,0.0,0.0,0.0,0.0,0.0
1010551,Java,1,1,1.0,1.0,1.0,0.0,1.0,0.0,1.0,1.0
1010552,Java,1,1,1.0,1.0,1.0,1.0,0.0,1.0,0.0,1.0
1010600,Java,5,1,0.2,5.0,1.0,0.0,1.0,0.0,0.2,0.2
1011000,Java,3,0,0.0,3.0,0.0,0.0,0.0,0.0,0.0,0.0
1011041,Java,1,0,0.0,1.0,0.0,0.0,0.0,0.0,0.0,0.0
1011200,Java,6,2,0.3333333333333333,6.0,2.0,1.0,1.0,0.16666666666666666,0.16666666666666666,0.3333333333333333
1011251,Java,1,1,1.0,1.0,1.0,1.0,0.0,1.0,0.0,1.0
1011341,Java,1,1,1.0,1.0,1.0,1.0,0.0,1.0,0.0,1.0
1011342,Java,4,0,0.0,4.0,0.0,0.0,0.0,0.0,0.0,0.0
1011343,Java,1,0,0.0,1.0,0.0,0.0,0.0,0.0,0.0,0.0
1011611,Java,6,1,0.1666666666666666,6.0,1.0,0.0,1.0,0.0,0.16666666666666666,0.16666666666666666
1020343,Java,5,0,0.0,5.0,0.0,0.0,0.0,0.0,0.0,0.0
1020352,Java,1,0,0.0,1.0,0.0,0.0,0.0,0.0,0.0,0.0
1020600,Java,5,1,0.2,5.0,1.0,0.0,1.0,0.0,0.2,0.2
1020641,Java,4,2,0.5,4.0,2.0,1.0,1.0,0.25,0.25,0.5
1020651,Java,1,0,0.0,1.0,0.0,0.0,0.0,0.0,0.0,0.0
1020711,Java,4,0,0.0,4.0,0.0,0.0,0.0,0.0,0.0,0.0
1020800,Java,9,2,0.2222222222222222,9.0,2.0,1.0,1.0,0.1111111111111111,0.1111111111111111,0.2222222222222222
1020841,Java,1,0,0.0,1.0,0.0,0.0,0.0,0.0,0.0,0.0
1020900,Java,12,3,0.25,12.0,3.0,2.0,1.0,0.16666666666666666,0.08333333333333333,0.25
1021031,Java,3,0,0.0,3.0,0.0,0.0,0.0,0.0,0.0,0.0
1021032,Java,3,0,0.0,3.0,0.0,0.0,0.0,0.0,0.0,0.0
1021100,Java,16,1,0.0625,16.0,1.0,0.0,1.0,0.0,0.0625,0.0625
1021121,Java,3,0,0.0,3.0,0.0,0.0,0.0,0.0,0.0,0.0
1021143,Java,1,0,0.0,1.0,0.0,0.0,0.0,0.0,0.0,0.0
1021151,Minang,1,1,1.0,1.0,1.0,1.0,0.0,1.0,0.0,1.0
1021153,Java,1,0,0.0,1.0,0.0,0.0,0.0,0.0,0.0,0.0
1021251,Java,0,0,,,,0.0,0.0,,,
1021331,Java,6,1,0.1666666666666666,6.0,1.0,1.0,0.0,0.16666666666666666,0.0,0.16666666666666666
1021341,Java,2,0,0.0,2.0,0.0,0.0,0.0,0.0,0.0,0.0
1021400,Java,3,0,0.0,3.0,0.0,0.0,0.0,0.0,0.0,0.0
1021421,Java,5,0,0.0,5.0,0.0,0.0,0.0,0.0,0.0,0.0
1021551,Java,5,0,0.0,5.0,0.0,0.0,0.0,0.0,0.0,0.0
1021741,Java,2,1,0.5,2.0,1.0,1.0,0.0,0.5,0.0,0.5
1021751,Java,1,0,0.0,1.0,0.0,0.0,0.0,0.0,0.0,0.0
1022051,Java,1,1,1.0,1.0,1.0,1.0,0.0,1.0,0.0,1.0
1030400,Java,9,3,0.3333333333333333,9.0,3.0,2.0,1.0,0.2222222222222222,0.1111111111111111,0.3333333333333333
1040100,Batak,9,0,0.0,9.0,0.0,0.0,0.0,0.0,0.0,0.0
1040131,Batak,2,1,0.5,2.0,1.0,0.0,1.0,0.0,0.5,0.5
1040141,Batak,1,1,1.0,1.0,1.0,0.0,1.0,0.0,1.0,1.0
1040700,Java,4,1,0.25,4.0,1.0,1.0,0.0,0.25,0.0,0.25
1040800,Java,8,1,0.125,8.0,1.0,0.0,1.0,0.0,0.125,0.125
1040843,Java,2,0,0.0,2.0,0.0,0.0,0.0,0.0,0.0,0.0
1040900,Java,6,1,0.1666666666666666,6.0,1.0,1.0,0.0,0.16666666666666666,0.0,0.16666666666666666
1040941,Java,3,0,0.0,3.0,0.0,0.0,0.0,0.0,0.0,0.0
1040942,Java,1,0,0.0,1.0,0.0,0.0,0.0,0.0,0.0,0.0
1040951,Java,1,1,1.0,1.0,1.0,0.0,1.0,0.0,1.0,1.0
1041000,Java,8,0,0.0,8.0,0.0,0.0,0.0,0.0,0.0,0.0
1041051,Java,1,0,0.0,1.0,0.0,0.0,0.0,0.0,0.0,0.0
1041200,Java,10,0,0.0,10.0,0.0,0.0,0.0,0.0,0.0,0.0
1041232,Java,1,1,1.0,1.0,1.0,0.0,1.0,0.0,1.0,1.0
1041400,Java,10,0,0.0,10.0,0.0,0.0,0.0,0.0,0.0,0.0
1041441,Java,1,0,0.0,1.0,0.0,0.0,0.0,0.0,0.0,0.0
1041442,Java,1,0,0.0,1.0,0.0,0.0,0.0,0.0,0.0,0.0
1041451,Java,0,0,,,,0.0,0.0,,,
1041452,Java,1,1,1.0,1.0,1.0,0.0,1.0,0.0,1.0,1.0
1041542,Java,2,0,0.0,2.0,0.0,0.0,0.0,0.0,0.0,0.0
1041551,Java,1,0,0.0,1.0,0.0,0.0,0.0,0.0,0.0,0.0
1041842,Java,1,0,0.0,1.0,0.0,0.0,0.0,0.0,0.0,0.0
1041843,Java,0,0,,,,0.0,0.0,,,
1041900,Java,4,1,0.25,4.0,1.0,1.0,0.0,0.25,0.0,0.25
1042000,Java,5,1,0.2,5.0,1.0,1.0,0.0,0.2,0.0,0.2
1050200,Minang,10,1,0.1,10.0,1.0,1.0,0.0,0.1,0.0,0.1
1050242,Minang,1,0,0.0,1.0,0.0,0.0,0.0,0.0,0.0,0.0
1050300,Java,3,0,0.0,3.0,0.0,0.0,0.0,0.0,0.0,0.0
1050641,Java,4,0,0.0,4.0,0.0,0.0,0.0,0.0,0.0,0.0
1050650,Java,1,0,0.0,1.0,0.0,0.0,0.0,0.0,0.0,0.0
1050900,Batak,7,0,0.0,7.0,0.0,0.0,0.0,0.0,0.0,0.0
1050941,Batak,1,0,0.0,1.0,0.0,0.0,0.0,0.0,0.0,0.0
1050951,Java,1,1,1.0,1.0,1.0,1.0,0.0,1.0,0.0,1.0
1051241,Java,1,0,0.0,1.0,0.0,0.0,0.0,0.0,0.0,0.0
1051400,Java,10,2,0.2,10.0,2.0,2.0,0.0,0.2,0.0,0.2
1051641,Java,2,0,0.0,2.0,0.0,0.0,0.0,0.0,0.0,0.0
1051800,Java,7,2,0.2857142857142857,7.0,2.0,2.0,0.0,0.2857142857142857,0.0,0.2857142857142857
1051841,Java,1,1,1.0,1.0,1.0,1.0,0.0,1.0,0.0,1.0
1051941,Java,3,0,0.0,3.0,0.0,0.0,0.0,0.0,0.0,0.0
1061600,Java,3,0,0.0,3.0,0.0,0.0,0.0,0.0,0.0,0.0
1070600,Java,8,0,0.0,8.0,0.0,0.0,0.0,0.0,0.0,0.0
1071442,Java,1,1,1.0,1.0,1.0,1.0,0.0,1.0,0.0,1.0
1071741,Java,1,1,1.0,1.0,1.0,0.0,1.0,0.0,1.0,1.0
1071841,Batak,1,0,0.0,1.0,0.0,0.0,0.0,0.0,0.0,0.0
1071851,Java,0,0,,,,0.0,0.0,,,
1071921,Java,5,0,0.0,5.0,0.0,0.0,0.0,0.0,0.0,0.0
1071943,Java,1,1,1.0,1.0,1.0,1.0,0.0,1.0,0.0,1.0
1072322,Java,7,0,0.0,7.0,0.0,0.0,0.0,0.0,0.0,0.0
1080342,Java,2,0,0.0,2.0,0.0,0.0,0.0,0.0,0.0,0.0
1080400,Batak,7,0,0.0,7.0,0.0,0.0,0.0,0.0,0.0,0.0
1080451,Batak,0,0,,,,0.0,0.0,,,
1080600,Java,7,0,0.0,7.0,0.0,0.0,0.0,0.0,0.0,0.0
1080641,Java,1,0,0.0,1.0,0.0,0.0,0.0,0.0,0.0,0.0
1080642,Java,1,0,0.0,1.0,0.0,0.0,0.0,0.0,0.0,0.0
1081200,Java,3,0,0.0,3.0,0.0,0.0,0.0,0.0,0.0,0.0
1081400,Batak,8,0,0.0,8.0,0.0,0.0,0.0,0.0,0.0,0.0
1090732,Java,3,0,0.0,3.0,0.0,0.0,0.0,0.0,0.0,0.0
1100441,Java,3,0,0.0,3.0,0.0,0.0,0.0,0.0,0.0,0.0
1110900,Java,6,0,0.0,6.0,0.0,0.0,0.0,0.0,0.0,0.0
1111200,Java,5,0,0.0,5.0,0.0,0.0,0.0,0.0,0.0,0.0
1111300,Java,6,0,0.0,6.0,0.0,0.0,0.0,0.0,0.0,0.0
1111441,Java,2,1,0.5,2.0,1.0,1.0,0.0,0.5,0.0,0.5
1111500,Java,5,0,0.0,5.0,0.0,0.0,0.0,0.0,0.0,0.0
1111900,Java,6,0,0.0,6.0,0.0,0.0,0.0,0.0,0.0,0.0
1111951,Java,1,1,1.0,1.0,1.0,0.0,1.0,0.0,1.0,1.0
1120200,Java,3,1,0.3333333333333333,3.0,1.0,1.0,0.0,0.3333333333333333,0.0,0.3333333333333333
1120211,Java,4,1,0.25,4.0,1.0,1.0,0.0,0.25,0.0,0.25
1120800,Java,7,0,0.0,7.0,0.0,0.0,0.0,0.0,0.0,0.0
1121531,Java,7,0,0.0,7.0,0.0,0.0,0.0,0.0,0.0,0.0
1121600,Java,7,1,0.1428571428571428,7.0,1.0,1.0,0.0,0.14285714285714285,0.0,0.14285714285714285
1121611,Java,2,0,0.0,2.0,0.0,0.0,0.0,0.0,0.0,0.0
1121700,Java,4,0,0.0,4.0,0.0,0.0,0.0,0.0,0.0,0.0
1130244,Java,1,1,1.0,1.0,1.0,1.0,0.0,1.0,0.0,1.0
1150853,Java,1,0,0.0,1.0,0.0,0.0,0.0,0.0,0.0,0.0
1151051,Java,1,0,0.0,1.0,0.0,0.0,0.0,0.0,0.0,0.0
1161241,Java,1,0,0.0,1.0,0.0,0.0,0.0,0.0,0.0,0.0
1161941,Java,1,0,0.0,1.0,0.0,0.0,0.0,0.0,0.0,0.0
1162552,Java,0,0,,,,0.0,0.0,,,
1180351,Java,1,1,1.0,1.0,1.0,1.0,0.0,1.0,0.0,1.0
1181142,Java,3,0,0.0,3.0,0.0,0.0,0.0,0.0,0.0,0.0
1181242,Java,2,0,0.0,2.0,0.0,0.0,0.0,0.0,0.0,0.0
1181300,Java,4,0,0.0,4.0,0.0,0.0,0.0,0.0,0.0,0.0
1182431,Java,1,1,1.0,1.0,1.0,1.0,0.0,1.0,0.0,1.0
1182500,Java,2,0,0.0,2.0,0.0,0.0,0.0,0.0,0.0,0.0
1182741,Java,1,0,0.0,1.0,0.0,0.0,0.0,0.0,0.0,0.0
1190100,Java,4,0,0.0,4.0,0.0,0.0,0.0,0.0,0.0,0.0
1190141,Java,1,0,0.0,1.0,0.0,0.0,0.0,0.0,0.0,0.0
1190200,Java,9,1,0.1111111111111111,9.0,1.0,1.0,0.0,0.1111111111111111,0.0,0.1111111111111111
1190231,Java,0,0,,,,0.0,0.0,,,
1190253,Java,5,0,0.0,5.0,0.0,0.0,0.0,0.0,0.0,0.0
1190300,Java,4,0,0.0,4.0,0.0,0.0,0.0,0.0,0.0,0.0
1190331,Java,1,0,0.0,1.0,0.0,0.0,0.0,0.0,0.0,0.0
1190400,Java,5,0,0.0,5.0,0.0,0.0,0.0,0.0,0.0,0.0
1190600,Java,1,0,0.0,1.0,0.0,0.0,0.0,0.0,0.0,0.0
1190700,Java,5,0,0.0,5.0,0.0,0.0,0.0,0.0,0.0,0.0
1190752,Java,1,0,0.0,1.0,0.0,0.0,0.0,0.0,0.0,0.0
1190753,Java,3,0,0.0,3.0,0.0,0.0,0.0,0.0,0.0,0.0
1190800,Java,8,0,0.0,8.0,0.0,0.0,0.0,0.0,0.0,0.0
1190900,Java,9,0,0.0,9.0,0.0,0.0,0.0,0.0,0.0,0.0
1190941,Java,1,0,0.0,1.0,0.0,0.0,0.0,0.0,0.0,0.0
1191100,Java,4,0,0.0,4.0,0.0,0.0,0.0,0.0,0.0,0.0
1191200,Java,3,0,0.0,3.0,0.0,0.0,0.0,0.0,0.0,0.0
1191241,Java,4,0,0.0,4.0,0.0,0.0,0.0,0.0,0.0,0.0
1191300,Java,3,0,0.0,3.0,0.0,0.0,0.0,0.0,0.0,0.0
1191441,Java,3,0,0.0,3.0,0.0,0.0,0.0,0.0,0.0,0.0
1191500,Java,6,0,0.0,6.0,0.0,0.0,0.0,0.0,0.0,0.0
1191551,Java,1,0,0.0,1.0,0.0,0.0,0.0,0.0,0.0,0.0
1191600,Java,5,0,0.0,5.0,0.0,0.0,0.0,0.0,0.0,0.0
1191700,Java,3,0,0.0,3.0,0.0,0.0,0.0,0.0,0.0,0.0
1191800,Java,3,1,0.3333333333333333,3.0,1.0,1.0,0.0,0.3333333333333333,0.0,0.3333333333333333
1191900,Java,6,0,0.0,6.0,0.0,0.0,0.0,0.0,0.0,0.0
1191941,Java,1,0,0.0,1.0,0.0,0.0,0.0,0.0,0.0,0.0
1191951,Java,1,0,0.0,1.0,0.0,0.0,0.0,0.0,0.0,0.0
1192000,Java,8,0,0.0,8.0,0.0,0.0,0.0,0.0,0.0,0.0
1192051,Java,1,0,0.0,1.0,0.0,0.0,0.0,0.0,0.0,0.0
1192100,Java,7,0,0.0,7.0,0.0,0.0,0.0,0.0,0.0,0.0
1192111,Java,3,0,0.0,3.0,0.0,0.0,0.0,0.0,0.0,0.0
1192200,Java,3,0,0.0,3.0,0.0,0.0,0.0,0.0,0.0,0.0
1192231,Java,1,0,0.0,1.0,0.0,0.0,0.0,0.0,0.0,0.0
1192300,Java,1,0,0.0,1.0,0.0,0.0,0.0,0.0,0.0,0.0
1192400,Java,5,1,0.2,5.0,1.0,1.0,0.0,0.2,0.0,0.2
1192500,Java,5,0,0.0,5.0,0.0,0.0,0.0,0.0,0.0,0.0
1192600,Java,4,0,0.0,4.0,0.0,0.0,0.0,0.0,0.0,0.0
1192700,Java,3,0,0.0,3.0,0.0,0.0,0.0,0.0,0.0,0.0
1192800,Java,5,0,0.0,5.0,0.0,0.0,0.0,0.0,0.0,0.0
1192831,Java,5,0,0.0,5.0,0.0,0.0,0.0,0.0,0.0,0.0
1192900,Java,2,0,0.0,2.0,0.0,0.0,0.0,0.0,0.0,0.0
1193000,Java,5,0,0.0,5.0,0.0,0.0,0.0,0.0,0.0,0.0
1193031,Java,1,0,0.0,1.0,0.0,0.0,0.0,0.0,0.0,0.0
1193051,Java,1,0,0.0,1.0,0.0,0.0,0.0,0.0,0.0,0.0
1210100,Java,8,3,0.375,8.0,3.0,2.0,1.0,0.25,0.125,0.375
1210111,Java,1,0,0.0,1.0,0.0,0.0,0.0,0.0,0.0,0.0
1210141,Java,1,0,0.0,1.0,0.0,0.0,0.0,0.0,0.0,0.0
1210151,Java,1,1,1.0,1.0,1.0,0.0,1.0,0.0,1.0,1.0
1210152,Java,1,1,1.0,1.0,1.0,1.0,0.0,1.0,0.0,1.0
1210200,Java,6,0,0.0,6.0,0.0,0.0,0.0,0.0,0.0,0.0
1210400,Java,3,0,0.0,3.0,0.0,0.0,0.0,0.0,0.0,0.0
1210441,Java,2,0,0.0,2.0,0.0,0.0,0.0,0.0,0.0,0.0
1210500,Java,4,0,0.0,4.0,0.0,0.0,0.0,0.0,0.0,0.0
1210800,Java,7,0,0.0,7.0,0.0,0.0,0.0,0.0,0.0,0.0
1210841,Java,1,0,0.0,1.0,0.0,0.0,0.0,0.0,0.0,0.0
1210851,Java,1,0,0.0,1.0,0.0,0.0,0.0,0.0,0.0,0.0
1210900,Java,4,0,0.0,4.0,0.0,0.0,0.0,0.0,0.0,0.0
1210931,Java,3,2,0.6666666666666666,3.0,2.0,2.0,0.0,0.6666666666666666,0.0,0.6666666666666666
1211000,Java,10,0,0.0,10.0,0.0,0.0,0.0,0.0,0.0,0.0
1211031,Java,2,1,0.5,2.0,1.0,0.0,1.0,0.0,0.5,0.5
1211131,Java,5,0,0.0,5.0,0.0,0.0,0.0,0.0,0.0,0.0
1211132,Java,4,0,0.0,4.0,0.0,0.0,0.0,0.0,0.0,0.0
1211133,Java,3,0,0.0,3.0,0.0,0.0,0.0,0.0,0.0,0.0
1211134,Java,4,0,0.0,4.0,0.0,0.0,0.0,0.0,0.0,0.0
1211142,Java,2,0,0.0,2.0,0.0,0.0,0.0,0.0,0.0,0.0
1211200,Java,2,0,0.0,2.0,0.0,0.0,0.0,0.0,0.0,0.0
1211251,Java,1,1,1.0,1.0,1.0,1.0,0.0,1.0,0.0,1.0
1211300,Java,5,0,0.0,5.0,0.0,0.0,0.0,0.0,0.0,0.0
1211351,Java,1,0,0.0,1.0,0.0,0.0,0.0,0.0,0.0,0.0
1211400,Java,7,0,0.0,7.0,0.0,0.0,0.0,0.0,0.0,0.0
1211431,Java,1,0,0.0,1.0,0.0,0.0,0.0,0.0,0.0,0.0
1211441,Java,1,0,0.0,1.0,0.0,0.0,0.0,0.0,0.0,0.0
1211500,Java,7,1,0.1428571428571428,7.0,1.0,0.0,1.0,0.0,0.14285714285714285,0.14285714285714285
1211541,Java,1,0,0.0,1.0,0.0,0.0,0.0,0.0,0.0,0.0
1211552,Java,1,0,0.0,1.0,0.0,0.0,0.0,0.0,0.0,0.0
1211600,Java,5,0,0.0,5.0,0.0,0.0,0.0,0.0,0.0,0.0
1211800,Java,7,0,0.0,7.0,0.0,0.0,0.0,0.0,0.0,0.0
1211900,Java,16,0,0.0,16.0,0.0,0.0,0.0,0.0,0.0,0.0
1211931,Java,2,0,0.0,2.0,0.0,0.0,0.0,0.0,0.0,0.0
1211932,Java,3,1,0.3333333333333333,3.0,1.0,1.0,0.0,0.3333333333333333,0.0,0.3333333333333333
1211933,Java,0,0,,,,0.0,0.0,,,
1211934,Java,1,0,0.0,1.0,0.0,0.0,0.0,0.0,0.0,0.0
1211935,Java,1,0,0.0,1.0,0.0,0.0,0.0,0.0,0.0,0.0
1211936,Java,1,0,0.0,1.0,0.0,0.0,0.0,0.0,0.0,0.0
1211937,Java,1,0,0.0,1.0,0.0,0.0,0.0,0.0,0.0,0.0
1211951,Java,1,0,0.0,1.0,0.0,0.0,0.0,0.0,0.0,0.0
1211952,Java,1,0,0.0,1.0,0.0,0.0,0.0,0.0,0.0,0.0
1211953,Java,1,0,0.0,1.0,0.0,0.0,0.0,0.0,0.0,0.0
1212000,Java,8,2,0.25,8.0,2.0,1.0,1.0,0.125,0.125,0.25
1212031,Java,2,0,0.0,2.0,0.0,0.0,0.0,0.0,0.0,0.0
1212041,Java,1,0,0.0,1.0,0.0,0.0,0.0,0.0,0.0,0.0
1212042,Java,1,0,0.0,1.0,0.0,0.0,0.0,0.0,0.0,0.0
1212043,Java,1,0,0.0,1.0,0.0,0.0,0.0,0.0,0.0,0.0
1212100,Java,4,0,0.0,4.0,0.0,0.0,0.0,0.0,0.0,0.0
1212131,Java,2,0,0.0,2.0,0.0,0.0,0.0,0.0,0.0,0.0
1212200,Java,3,0,0.0,3.0,0.0,0.0,0.0,0.0,0.0,0.0
1212241,Java,1,0,0.0,1.0,0.0,0.0,0.0,0.0,0.0,0.0
1212300,Java,6,0,0.0,6.0,0.0,0.0,0.0,0.0,0.0,0.0
1212400,Java,5,0,0.0,5.0,0.0,0.0,0.0,0.0,0.0,0.0
1212600,Java,4,0,0.0,4.0,0.0,0.0,0.0,0.0,0.0,0.0
1212631,Java,1,0,0.0,1.0,0.0,0.0,0.0,0.0,0.0,0.0
1212641,Java,4,0,0.0,4.0,0.0,0.0,0.0,0.0,0.0,0.0
1212700,Java,5,0,0.0,5.0,0.0,0.0,0.0,0.0,0.0,0.0
1212800,Java,6,0,0.0,6.0,0.0,0.0,0.0,0.0,0.0,0.0
1212831,Java,3,0,0.0,3.0,0.0,0.0,0.0,0.0,0.0,0.0
1212841,Java,7,0,0.0,7.0,0.0,0.0,0.0,0.0,0.0,0.0
1212842,Java,6,0,0.0,6.0,0.0,0.0,0.0,0.0,0.0,0.0
1212900,Java,5,0,0.0,5.0,0.0,0.0,0.0,0.0,0.0,0.0
1212941,Java,1,0,0.0,1.0,0.0,0.0,0.0,0.0,0.0,0.0
1220152,Java,2,0,0.0,2.0,0.0,0.0,0.0,0.0,0.0,0.0
1220251,Java,1,0,0.0,1.0,0.0,0.0,0.0,0.0,0.0,0.0
1220300,Java,5,0,0.0,5.0,0.0,0.0,0.0,0.0,0.0,0.0
1220331,Java,1,0,0.0,1.0,0.0,0.0,0.0,0.0,0.0,0.0
1220500,Java,7,0,0.0,7.0,0.0,0.0,0.0,0.0,0.0,0.0
1220531,Java,2,0,0.0,2.0,0.0,0.0,0.0,0.0,0.0,0.0
1220541,Java,2,0,0.0,2.0,0.0,0.0,0.0,0.0,0.0,0.0
1220600,Java,11,1,0.0909090909090909,11.0,1.0,1.0,0.0,0.09090909090909091,0.0,0.09090909090909091
1220631,Java,1,1,1.0,1.0,1.0,0.0,1.0,0.0,1.0,1.0
1220632,Java,1,0,0.0,1.0,0.0,0.0,0.0,0.0,0.0,0.0
1220641,Java,4,0,0.0,4.0,0.0,0.0,0.0,0.0,0.0,0.0
1220651,Java,1,1,1.0,1.0,1.0,1.0,0.0,1.0,0.0,1.0
1220700,Java,5,0,0.0,5.0,0.0,0.0,0.0,0.0,0.0,0.0
1220742,Java,1,0,0.0,1.0,0.0,0.0,0.0,0.0,0.0,0.0
1220800,Java,6,0,0.0,6.0,0.0,0.0,0.0,0.0,0.0,0.0
1220831,Java,1,0,0.0,1.0,0.0,0.0,0.0,0.0,0.0,0.0
1220841,Java,4,0,0.0,4.0,0.0,0.0,0.0,0.0,0.0,0.0
1220851,Java,1,0,0.0,1.0,0.0,0.0,0.0,0.0,0.0,0.0
1220900,Java,5,0,0.0,5.0,0.0,0.0,0.0,0.0,0.0,0.0
1221000,Java,7,0,0.0,7.0,0.0,0.0,0.0,0.0,0.0,0.0
1221041,Java,1,0,0.0,1.0,0.0,0.0,0.0,0.0,0.0,0.0
1221042,Java,1,0,0.0,1.0,0.0,0.0,0.0,0.0,0.0,0.0
1221043,Java,1,0,0.0,1.0,0.0,0.0,0.0,0.0,0.0,0.0
1221051,Java,1,0,0.0,1.0,0.0,0.0,0.0,0.0,0.0,0.0
1221100,Java,2,0,0.0,2.0,0.0,0.0,0.0,0.0,0.0,0.0
1221300,Java,4,0,0.0,4.0,0.0,0.0,0.0,0.0,0.0,0.0
1221311,Java,2,0,0.0,2.0,0.0,0.0,0.0,0.0,0.0,0.0
1221500,Java,5,0,0.0,5.0,0.0,0.0,0.0,0.0,0.0,0.0
1221541,Java,0,0,,,,0.0,0.0,,,
1221600,Java,2,0,0.0,2.0,0.0,0.0,0.0,0.0,0.0,0.0
1221700,Java,7,0,0.0,7.0,0.0,0.0,0.0,0.0,0.0,0.0
1221800,Java,13,0,0.0,13.0,0.0,0.0,0.0,0.0,0.0,0.0
1221811,Java,0,0,,,,0.0,0.0,,,
1221831,Java,0,0,,,,0.0,0.0,,,
1221832,Java,4,1,0.25,4.0,1.0,0.0,1.0,0.0,0.25,0.25
1221841,Java,1,0,0.0,1.0,0.0,0.0,0.0,0.0,0.0,0.0
1221842,Java,1,0,0.0,1.0,0.0,0.0,0.0,0.0,0.0,0.0
1221900,Java,10,0,0.0,10.0,0.0,0.0,0.0,0.0,0.0,0.0
1221932,Java,1,0,0.0,1.0,0.0,0.0,0.0,0.0,0.0,0.0
1221933,Java,3,0,0.0,3.0,0.0,0.0,0.0,0.0,0.0,0.0
1221934,Java,2,0,0.0,2.0,0.0,0.0,0.0,0.0,0.0,0.0
1221951,Java,1,1,1.0,1.0,1.0,0.0,1.0,0.0,1.0,1.0
1222000,Java,6,0,0.0,6.0,0.0,0.0,0.0,0.0,0.0,0.0
1230100,Java,9,1,0.1111111111111111,9.0,1.0,1.0,0.0,0.1111111111111111,0.0,0.1111111111111111
1230131,Java,2,0,0.0,2.0,0.0,0.0,0.0,0.0,0.0,0.0
1230132,Java,4,0,0.0,4.0,0.0,0.0,0.0,0.0,0.0,0.0
1230153,Java,1,0,0.0,1.0,0.0,0.0,0.0,0.0,0.0,0.0
1230200,Java,15,0,0.0,15.0,0.0,0.0,0.0,0.0,0.0,0.0
1230211,Java,3,2,0.6666666666666666,3.0,2.0,1.0,1.0,0.3333333333333333,0.3333333333333333,0.6666666666666666
1230231,Java,0,0,,,,0.0,0.0,,,
1230241,Java,7,0,0.0,7.0,0.0,0.0,0.0,0.0,0.0,0.0
1230251,Java,1,0,0.0,1.0,0.0,0.0,0.0,0.0,0.0,0.0
1230300,Java,6,1,0.1666666666666666,6.0,1.0,1.0,0.0,0.16666666666666666,0.0,0.16666666666666666
1230341,Java,0,0,,,,0.0,0.0,,,
1230342,Java,1,0,0.0,1.0,0.0,0.0,0.0,0.0,0.0,0.0
1230351,Java,1,0,0.0,1.0,0.0,0.0,0.0,0.0,0.0,0.0
1230400,Java,4,0,0.0,4.0,0.0,0.0,0.0,0.0,0.0,0.0
1230451,Java,1,0,0.0,1.0,0.0,0.0,0.0,0.0,0.0,0.0
1230500,Java,10,0,0.0,10.0,0.0,0.0,0.0,0.0,0.0,0.0
1230600,Java,6,0,0.0,6.0,0.0,0.0,0.0,0.0,0.0,0.0
1230651,Java,1,0,0.0,1.0,0.0,0.0,0.0,0.0,0.0,0.0
1230700,Java,6,0,0.0,6.0,0.0,0.0,0.0,0.0,0.0,0.0
1230831,Java,4,0,0.0,4.0,0.0,0.0,0.0,0.0,0.0,0.0
1230842,Java,2,0,0.0,2.0,0.0,0.0,0.0,0.0,0.0,0.0
1230900,Java,8,0,0.0,8.0,0.0,0.0,0.0,0.0,0.0,0.0
1230931,Java,6,0,0.0,6.0,0.0,0.0,0.0,0.0,0.0,0.0
1230932,Java,4,0,0.0,4.0,0.0,0.0,0.0,0.0,0.0,0.0
1230941,Java,0,0,,,,0.0,0.0,,,
1230942,Java,6,0,0.0,6.0,0.0,0.0,0.0,0.0,0.0,0.0
1230951,Java,1,0,0.0,1.0,0.0,0.0,0.0,0.0,0.0,0.0
1231000,Java,8,0,0.0,8.0,0.0,0.0,0.0,0.0,0.0,0.0
1231041,Java,0,0,,,,0.0,0.0,,,
1231042,Java,0,0,,,,0.0,0.0,,,
1231100,Java,7,0,0.0,7.0,0.0,0.0,0.0,0.0,0.0,0.0
1231200,Java,4,0,0.0,4.0,0.0,0.0,0.0,0.0,0.0,0.0
1231300,Java,6,0,0.0,6.0,0.0,0.0,0.0,0.0,0.0,0.0
1231341,Java,2,0,0.0,2.0,0.0,0.0,0.0,0.0,0.0,0.0
1231400,Java,2,0,0.0,2.0,0.0,0.0,0.0,0.0,0.0,0.0
1231500,Java,5,0,0.0,5.0,0.0,0.0,0.0,0.0,0.0,0.0
1231551,Java,1,0,0.0,1.0,0.0,0.0,0.0,0.0,0.0,0.0
1231552,Java,4,0,0.0,4.0,0.0,0.0,0.0,0.0,0.0,0.0
1231700,Java,4,0,0.0,4.0,0.0,0.0,0.0,0.0,0.0,0.0
1231800,Java,1,0,0.0,1.0,0.0,0.0,0.0,0.0,0.0,0.0
1231900,Java,4,0,0.0,4.0,0.0,0.0,0.0,0.0,0.0,0.0
1231931,Java,3,1,0.3333333333333333,3.0,1.0,0.0,1.0,0.0,0.3333333333333333,0.3333333333333333
1232000,Java,6,0,0.0,6.0,0.0,0.0,0.0,0.0,0.0,0.0
1232051,Java,0,0,,,,0.0,0.0,,,
1240400,Java,11,0,0.0,11.0,0.0,0.0,0.0,0.0,0.0,0.0
1240441,Java,0,0,,,,0.0,0.0,,,
1240500,Java,5,0,0.0,5.0,0.0,0.0,0.0,0.0,0.0,0.0
1240531,Java,1,0,0.0,1.0,0.0,0.0,0.0,0.0,0.0,0.0
1240600,Java,10,1,0.1,10.0,1.0,1.0,0.0,0.1,0.0,0.1
1240642,Java,1,0,0.0,1.0,0.0,0.0,0.0,0.0,0.0,0.0
1240700,Java,7,0,0.0,7.0,0.0,0.0,0.0,0.0,0.0,0.0
1240732,Java,1,0,0.0,1.0,0.0,0.0,0.0,0.0,0.0,0.0
1240741,Java,3,0,0.0,3.0,0.0,0.0,0.0,0.0,0.0,0.0
1240751,Java,3,0,0.0,3.0,0.0,0.0,0.0,0.0,0.0,0.0
1240800,Java,6,0,0.0,6.0,0.0,0.0,0.0,0.0,0.0,0.0
1240821,Java,2,0,0.0,2.0,0.0,0.0,0.0,0.0,0.0,0.0
1240900,Java,7,0,0.0,7.0,0.0,0.0,0.0,0.0,0.0,0.0
1241000,Java,4,0,0.0,4.0,0.0,0.0,0.0,0.0,0.0,0.0
1241031,Java,1,0,0.0,1.0,0.0,0.0,0.0,0.0,0.0,0.0
1241032,Java,1,0,0.0,1.0,0.0,0.0,0.0,0.0,0.0,0.0
1241100,Java,5,0,0.0,5.0,0.0,0.0,0.0,0.0,0.0,0.0
1241200,Java,6,0,0.0,6.0,0.0,0.0,0.0,0.0,0.0,0.0
1241400,Java,4,0,0.0,4.0,0.0,0.0,0.0,0.0,0.0,0.0
1241500,Java,2,0,0.0,2.0,0.0,0.0,0.0,0.0,0.0,0.0
1241551,Java,0,0,,,,0.0,0.0,,,
1241700,Java,5,0,0.0,5.0,0.0,0.0,0.0,0.0,0.0,0.0
1241741,Java,1,0,0.0,1.0,0.0,0.0,0.0,0.0,0.0,0.0
1241751,Java,1,0,0.0,1.0,0.0,0.0,0.0,0.0,0.0,0.0
1241800,Java,4,1,0.25,4.0,1.0,1.0,0.0,0.25,0.0,0.25
1241831,Java,2,0,0.0,2.0,0.0,0.0,0.0,0.0,0.0,0.0
1241841,Java,1,0,0.0,1.0,0.0,0.0,0.0,0.0,0.0,0.0
1241844,Java,2,0,0.0,2.0,0.0,0.0,0.0,0.0,0.0,0.0
1241900,Java,10,0,0.0,10.0,0.0,0.0,0.0,0.0,0.0,0.0
1241911,Java,1,0,0.0,1.0,0.0,0.0,0.0,0.0,0.0,0.0
1241931,Java,0,0,,,,0.0,0.0,,,
1241941,Java,1,0,0.0,1.0,0.0,0.0,0.0,0.0,0.0,0.0
1242000,Java,5,0,0.0,5.0,0.0,0.0,0.0,0.0,0.0,0.0
1242051,Java,1,0,0.0,1.0,0.0,0.0,0.0,0.0,0.0,0.0
1252351,Java,2,0,0.0,2.0,0.0,0.0,0.0,0.0,0.0,0.0
1252751,Java,1,1,1.0,1.0,1.0,0.0,1.0,0.0,1.0,1.0
1290900,Java,8,0,0.0,8.0,0.0,0.0,0.0,0.0,0.0,0.0
1291600,Java,10,1,0.1,10.0,1.0,0.0,1.0,0.0,0.1,0.1
1291611,Java,2,0,0.0,2.0,0.0,0.0,0.0,0.0,0.0,0.0
1291641,Java,2,0,0.0,2.0,0.0,0.0,0.0,0.0,0.0,0.0
1300100,Java,11,0,0.0,11.0,0.0,0.0,0.0,0.0,0.0,0.0
1300111,Java,2,0,0.0,2.0,0.0,0.0,0.0,0.0,0.0,0.0
1300141,Java,4,0,0.0,4.0,0.0,0.0,0.0,0.0,0.0,0.0
1300151,Java,1,0,0.0,1.0,0.0,0.0,0.0,0.0,0.0,0.0
1300200,Java,4,0,0.0,4.0,0.0,0.0,0.0,0.0,0.0,0.0
1300251,Java,1,0,0.0,1.0,0.0,0.0,0.0,0.0,0.0,0.0
1300300,Java,5,0,0.0,5.0,0.0,0.0,0.0,0.0,0.0,0.0
1300500,Java,5,1,0.2,5.0,1.0,1.0,0.0,0.2,0.0,0.2
1300531,Java,3,0,0.0,3.0,0.0,0.0,0.0,0.0,0.0,0.0
1300600,Java,3,0,0.0,3.0,0.0,0.0,0.0,0.0,0.0,0.0
1300651,Java,1,0,0.0,1.0,0.0,0.0,0.0,0.0,0.0,0.0
1300700,Java,3,0,0.0,3.0,0.0,0.0,0.0,0.0,0.0,0.0
1300741,Java,1,0,0.0,1.0,0.0,0.0,0.0,0.0,0.0,0.0
1300800,Java,4,0,0.0,4.0,0.0,0.0,0.0,0.0,0.0,0.0
1300900,Java,4,0,0.0,4.0,0.0,0.0,0.0,0.0,0.0,0.0
1300951,Java,0,0,,,,0.0,0.0,,,
1301000,Java,7,1,0.1428571428571428,7.0,1.0,0.0,1.0,0.0,0.14285714285714285,0.14285714285714285
1301031,Java,0,0,,,,0.0,0.0,,,
1301032,Java,3,0,0.0,3.0,0.0,0.0,0.0,0.0,0.0,0.0
1301041,Java,0,0,,,,0.0,0.0,,,
1301100,Java,7,0,0.0,7.0,0.0,0.0,0.0,0.0,0.0,0.0
1301131,Java,1,0,0.0,1.0,0.0,0.0,0.0,0.0,0.0,0.0
1301141,Java,1,0,0.0,1.0,0.0,0.0,0.0,0.0,0.0,0.0
1301151,Java,1,0,0.0,1.0,0.0,0.0,0.0,0.0,0.0,0.0
1301200,Java,1,0,0.0,1.0,0.0,0.0,0.0,0.0,0.0,0.0
1301300,Java,5,0,0.0,5.0,0.0,0.0,0.0,0.0,0.0,0.0
1301331,Java,2,0,0.0,2.0,0.0,0.0,0.0,0.0,0.0,0.0
1301400,Java,5,0,0.0,5.0,0.0,0.0,0.0,0.0,0.0,0.0
1301500,Java,5,0,0.0,5.0,0.0,0.0,0.0,0.0,0.0,0.0
1301600,Java,9,0,0.0,9.0,0.0,0.0,0.0,0.0,0.0,0.0
1301631,Java,0,0,,,,0.0,0.0,,,
1301632,Java,2,0,0.0,2.0,0.0,0.0,0.0,0.0,0.0,0.0
1301651,Java,1,0,0.0,1.0,0.0,0.0,0.0,0.0,0.0,0.0
1301700,Java,5,0,0.0,5.0,0.0,0.0,0.0,0.0,0.0,0.0
1301731,Java,1,0,0.0,1.0,0.0,0.0,0.0,0.0,0.0,0.0
1301751,Java,1,0,0.0,1.0,0.0,0.0,0.0,0.0,0.0,0.0
1301800,Java,2,0,0.0,2.0,0.0,0.0,0.0,0.0,0.0,0.0
1301851,Java,2,0,0.0,2.0,0.0,0.0,0.0,0.0,0.0,0.0
1301900,Java,2,0,0.0,2.0,0.0,0.0,0.0,0.0,0.0,0.0
1302100,Java,6,0,0.0,6.0,0.0,0.0,0.0,0.0,0.0,0.0
1302111,Java,2,0,0.0,2.0,0.0,0.0,0.0,0.0,0.0,0.0
1302112,Java,2,0,0.0,2.0,0.0,0.0,0.0,0.0,0.0,0.0
1302141,Java,2,0,0.0,2.0,0.0,0.0,0.0,0.0,0.0,0.0
1302142,Java,1,0,0.0,1.0,0.0,0.0,0.0,0.0,0.0,0.0
1302200,Java,5,0,0.0,5.0,0.0,0.0,0.0,0.0,0.0,0.0
1302300,Java,3,0,0.0,3.0,0.0,0.0,0.0,0.0,0.0,0.0
1302500,Java,5,0,0.0,5.0,0.0,0.0,0.0,0.0,0.0,0.0
1302600,Java,3,0,0.0,3.0,0.0,0.0,0.0,0.0,0.0,0.0
1302700,Java,3,0,0.0,3.0,0.0,0.0,0.0,0.0,0.0,0.0
1302800,Java,8,0,0.0,8.0,0.0,0.0,0.0,0.0,0.0,0.0
1302831,Java,5,0,0.0,5.0,0.0,0.0,0.0,0.0,0.0,0.0
1302900,Java,3,0,0.0,3.0,0.0,0.0,0.0,0.0,0.0,0.0
1303000,Java,4,0,0.0,4.0,0.0,0.0,0.0,0.0,0.0,0.0
1303041,Java,1,0,0.0,1.0,0.0,0.0,0.0,0.0,0.0,0.0
1303042,Java,1,0,0.0,1.0,0.0,0.0,0.0,0.0,0.0,0.0
1310851,Java,2,1,0.5,2.0,1.0,0.0,1.0,0.0,0.5,0.5
1311441,Java,1,0,0.0,1.0,0.0,0.0,0.0,0.0,0.0,0.0
1311741,Java,1,0,0.0,1.0,0.0,0.0,0.0,0.0,0.0,0.0
1311851,Java,1,0,0.0,1.0,0.0,0.0,0.0,0.0,0.0,0.0
1320100,Java,8,0,0.0,8.0,0.0,0.0,0.0,0.0,0.0,0.0
1320500,Java,2,2,1.0,2.0,2.0,1.0,1.0,0.5,0.5,1.0
1321411,Java,3,1,0.3333333333333333,3.0,1.0,1.0,0.0,0.3333333333333333,0.0,0.3333333333333333
1321431,Java,2,0,0.0,2.0,0.0,0.0,0.0,0.0,0.0,0.0
1321443,Java,1,0,0.0,1.0,0.0,0.0,0.0,0.0,0.0,0.0
1322000,Java,7,1,0.1428571428571428,7.0,1.0,0.0,1.0,0.0,0.14285714285714285,0.14285714285714285
1322041,Java,1,1,1.0,1.0,1.0,0.0,1.0,0.0,1.0,1.0
1330232,Java,2,0,0.0,2.0,0.0,0.0,0.0,0.0,0.0,0.0
1333051,Java,1,1,1.0,1.0,1.0,1.0,0.0,1.0,0.0,1.0
1362251,Java,1,1,1.0,1.0,1.0,0.0,1.0,0.0,1.0,1.0
1362431,Java,0,0,,,,0.0,0.0,,,
1370100,Java,5,1,0.2,5.0,1.0,1.0,0.0,0.2,0.0,0.2
1370112,Java,3,0,0.0,3.0,0.0,0.0,0.0,0.0,0.0,0.0
1370200,Java,8,0,0.0,8.0,0.0,0.0,0.0,0.0,0.0,0.0
1370231,Java,2,1,0.5,2.0,1.0,0.0,1.0,0.0,0.5,0.5
1370241,Java,1,0,0.0,1.0,0.0,0.0,0.0,0.0,0.0,0.0
1370300,Java,9,2,0.2222222222222222,9.0,2.0,1.0,1.0,0.1111111111111111,0.1111111111111111,0.2222222222222222
1370400,Java,4,0,0.0,4.0,0.0,0.0,0.0,0.0,0.0,0.0
1370452,Java,1,1,1.0,1.0,1.0,1.0,0.0,1.0,0.0,1.0
1370511,Java,5,0,0.0,5.0,0.0,0.0,0.0,0.0,0.0,0.0
1370512,Java,9,0,0.0,9.0,0.0,0.0,0.0,0.0,0.0,0.0
1370541,Java,0,0,,,,0.0,0.0,,,
1370600,Java,6,0,0.0,6.0,0.0,0.0,0.0,0.0,0.0,0.0
1370641,Java,1,0,0.0,1.0,0.0,0.0,0.0,0.0,0.0,0.0
1370800,Java,8,0,0.0,8.0,0.0,0.0,0.0,0.0,0.0,0.0
1370831,Java,1,0,0.0,1.0,0.0,0.0,0.0,0.0,0.0,0.0
1370832,Java,7,0,0.0,7.0,0.0,0.0,0.0,0.0,0.0,0.0
1370841,Java,5,0,0.0,5.0,0.0,0.0,0.0,0.0,0.0,0.0
1370900,Java,6,0,0.0,6.0,0.0,0.0,0.0,0.0,0.0,0.0
1370941,Java,0,0,,,,0.0,0.0,,,
1371000,Java,4,0,0.0,4.0,0.0,0.0,0.0,0.0,0.0,0.0
1371131,Java,5,0,0.0,5.0,0.0,0.0,0.0,0.0,0.0,0.0
1371200,Java,6,0,0.0,6.0,0.0,0.0,0.0,0.0,0.0,0.0
1371300,Java,9,0,0.0,9.0,0.0,0.0,0.0,0.0,0.0,0.0
1371341,Java,1,0,0.0,1.0,0.0,0.0,0.0,0.0,0.0,0.0
1371351,Java,3,0,0.0,3.0,0.0,0.0,0.0,0.0,0.0,0.0
1371400,Java,5,0,0.0,5.0,0.0,0.0,0.0,0.0,0.0,0.0
1371431,Java,0,0,,,,0.0,0.0,,,
1371500,Java,5,0,0.0,5.0,0.0,0.0,0.0,0.0,0.0,0.0
1371551,Java,4,0,0.0,4.0,0.0,0.0,0.0,0.0,0.0,0.0
1371600,Java,4,0,0.0,4.0,0.0,0.0,0.0,0.0,0.0,0.0
1371611,Java,4,0,0.0,4.0,0.0,0.0,0.0,0.0,0.0,0.0
1371631,Java,1,0,0.0,1.0,0.0,0.0,0.0,0.0,0.0,0.0
1371641,Java,1,0,0.0,1.0,0.0,0.0,0.0,0.0,0.0,0.0
1371700,Java,7,0,0.0,7.0,0.0,0.0,0.0,0.0,0.0,0.0
1371741,Java,1,0,0.0,1.0,0.0,0.0,0.0,0.0,0.0,0.0
1371800,Java,4,0,0.0,4.0,0.0,0.0,0.0,0.0,0.0,0.0
1371831,Java,5,0,0.0,5.0,0.0,0.0,0.0,0.0,0.0,0.0
1372000,Java,4,0,0.0,4.0,0.0,0.0,0.0,0.0,0.0,0.0
1372200,Java,5,0,0.0,5.0,0.0,0.0,0.0,0.0,0.0,0.0
1372231,Java,1,0,0.0,1.0,0.0,0.0,0.0,0.0,0.0,0.0
1372232,Java,1,0,0.0,1.0,0.0,0.0,0.0,0.0,0.0,0.0
1372300,Java,5,0,0.0,5.0,0.0,0.0,0.0,0.0,0.0,0.0
1372311,Java,7,0,0.0,7.0,0.0,0.0,0.0,0.0,0.0,0.0
1372400,Java,5,0,0.0,5.0,0.0,0.0,0.0,0.0,0.0,0.0
1372441,Java,1,0,0.0,1.0,0.0,0.0,0.0,0.0,0.0,0.0
1372500,Java,9,1,0.1111111111111111,9.0,1.0,1.0,0.0,0.1111111111111111,0.0,0.1111111111111111
1372531,Java,5,0,0.0,5.0,0.0,0.0,0.0,0.0,0.0,0.0
1372641,Java,5,0,0.0,5.0,0.0,0.0,0.0,0.0,0.0,0.0
1372700,Java,4,0,0.0,4.0,0.0,0.0,0.0,0.0,0.0,0.0
1372900,Java,6,0,0.0,6.0,0.0,0.0,0.0,0.0,0.0,0.0
1372911,Java,9,0,0.0,9.0,0.0,0.0,0.0,0.0,0.0,0.0
1372941,Java,1,0,0.0,1.0,0.0,0.0,0.0,0.0,0.0,0.0
1372951,Java,6,0,0.0,6.0,0.0,0.0,0.0,0.0,0.0,0.0
1372952,Java,1,1,1.0,1.0,1.0,0.0,1.0,0.0,1.0,1.0
1373000,Java,4,0,0.0,4.0,0.0,0.0,0.0,0.0,0.0,0.0
1381442,Java,2,1,0.5,2.0,1.0,1.0,0.0,0.5,0.0,0.5
1381700,Java,7,0,0.0,7.0,0.0,0.0,0.0,0.0,0.0,0.0
1390100,Java,8,3,0.375,8.0,3.0,1.0,2.0,0.125,0.25,0.375
1390131,Java,1,1,1.0,1.0,1.0,0.0,1.0,0.0,1.0,1.0
1390132,Java,3,0,0.0,3.0,0.0,0.0,0.0,0.0,0.0,0.0
1390140,Java,1,0,0.0,1.0,0.0,0.0,0.0,0.0,0.0,0.0
1390151,Java,1,0,0.0,1.0,0.0,0.0,0.0,0.0,0.0,0.0
1390300,Java,7,1,0.1428571428571428,7.0,1.0,1.0,0.0,0.14285714285714285,0.0,0.14285714285714285
1390942,Java,1,1,1.0,1.0,1.0,0.0,1.0,0.0,1.0,1.0
1390943,Java,1,1,1.0,1.0,1.0,0.0,1.0,0.0,1.0,1.0
1391400,Java,7,0,0.0,7.0,0.0,0.0,0.0,0.0,0.0,0.0
1391441,Java,1,1,1.0,1.0,1.0,1.0,0.0,1.0,0.0,1.0
1391800,Java,6,0,0.0,6.0,0.0,0.0,0.0,0.0,0.0,0.0
1392000,Java,7,0,0.0,7.0,0.0,0.0,0.0,0.0,0.0,0.0
1400500,Minang,6,0,0.0,6.0,0.0,0.0,0.0,0.0,0.0,0.0
1400751,Java,1,1,1.0,1.0,1.0,0.0,1.0,0.0,1.0,1.0
1400800,Java,8,0,0.0,8.0,0.0,0.0,0.0,0.0,0.0,0.0
1400832,Java,1,0,0.0,1.0,0.0,0.0,0.0,0.0,0.0,0.0
1400900,Java,4,0,0.0,4.0,0.0,0.0,0.0,0.0,0.0,0.0
1401100,Java,6,1,0.1666666666666666,6.0,1.0,1.0,0.0,0.16666666666666666,0.0,0.16666666666666666
1401351,Java,1,1,1.0,1.0,1.0,1.0,0.0,1.0,0.0,1.0
1401400,Java,4,1,0.25,4.0,1.0,0.0,1.0,0.0,0.25,0.25
1401800,Java,5,1,0.2,5.0,1.0,0.0,1.0,0.0,0.2,0.2
1401831,Minang,1,0,0.0,1.0,0.0,0.0,0.0,0.0,0.0,0.0
1402000,Java,8,0,0.0,8.0,0.0,0.0,0.0,0.0,0.0,0.0
1402031,Java,3,0,0.0,3.0,0.0,0.0,0.0,0.0,0.0,0.0
1411052,Java,1,0,0.0,1.0,0.0,0.0,0.0,0.0,0.0,0.0
1411841,Java,1,0,0.0,1.0,0.0,0.0,0.0,0.0,0.0,0.0
1411951,Batak,3,1,0.3333333333333333,3.0,1.0,0.0,1.0,0.0,0.3333333333333333,0.3333333333333333
1412051,Java,1,1,1.0,1.0,1.0,1.0,0.0,1.0,0.0,1.0
1412331,Java,2,0,0.0,2.0,0.0,0.0,0.0,0.0,0.0,0.0
1412452,Java,4,0,0.0,4.0,0.0,0.0,0.0,0.0,0.0,0.0
1421052,Java,1,1,1.0,,,0.0,0.0,0.0,0.0,0.0
1430100,Java,8,0,0.0,,,0.0,0.0,0.0,0.0,0.0
1430142,Java,2,0,0.0,,,0.0,0.0,0.0,0.0,0.0
1430200,Java,7,0,0.0,,,0.0,0.0,0.0,0.0,0.0
1430242,Java,3,0,0.0,,,0.0,0.0,0.0,0.0,0.0
1430300,Java,4,0,0.0,,,0.0,0.0,0.0,0.0,0.0
1430400,Java,4,0,0.0,,,0.0,0.0,0.0,0.0,0.0
1430500,Java,8,1,0.125,,,0.0,0.0,0.0,0.0,0.0
1430531,Java,2,1,0.5,,,0.0,0.0,0.0,0.0,0.0
1430541,Java,1,1,1.0,,,0.0,0.0,0.0,0.0,0.0
1430552,Java,3,0,0.0,,,0.0,0.0,0.0,0.0,0.0
1430600,Java,5,0,0.0,,,0.0,0.0,0.0,0.0,0.0
1430651,Java,0,0,,,,0.0,0.0,,,
1430700,Java,5,0,0.0,,,0.0,0.0,0.0,0.0,0.0
1430751,Java,0,0,,,,0.0,0.0,,,
1430800,Java,10,0,0.0,,,0.0,0.0,0.0,0.0,0.0
1430811,Java,4,0,0.0,,,0.0,0.0,0.0,0.0,0.0
1430841,Java,3,0,0.0,,,0.0,0.0,0.0,0.0,0.0
1430842,Java,6,0,0.0,,,0.0,0.0,0.0,0.0,0.0
1430843,Java,0,0,,,,0.0,0.0,,,
1430844,Java,3,0,0.0,,,0.0,0.0,0.0,0.0,0.0
1430851,Java,0,0,,,,0.0,0.0,,,
1430853,Java,1,0,0.0,,,0.0,0.0,0.0,0.0,0.0
1430931,Java,5,1,0.2,,,0.0,0.0,0.0,0.0,0.0
1430941,Java,4,0,0.0,,,0.0,0.0,0.0,0.0,0.0
1430951,Java,1,0,0.0,,,0.0,0.0,0.0,0.0,0.0
1431400,Java,6,0,0.0,,,0.0,0.0,0.0,0.0,0.0
1431500,Java,7,0,0.0,,,0.0,0.0,0.0,0.0,0.0
1431541,Java,0,0,,,,0.0,0.0,,,
1431542,Java,0,0,,,,0.0,0.0,,,
1431600,Java,4,0,0.0,,,0.0,0.0,0.0,0.0,0.0
1431700,Java,5,1,0.2,,,0.0,0.0,0.0,0.0,0.0
1431800,Java,9,0,0.0,,,0.0,0.0,0.0,0.0,0.0
1431821,Java,3,0,0.0,,,0.0,0.0,0.0,0.0,0.0
1431841,Java,2,0,0.0,,,0.0,0.0,0.0,0.0,0.0
1431851,Java,1,0,0.0,,,0.0,0.0,0.0,0.0,0.0
1431853,Java,2,0,0.0,,,0.0,0.0,0.0,0.0,0.0
1431900,Java,8,1,0.125,,,0.0,0.0,0.0,0.0,0.0
1431952,Java,1,0,0.0,,,0.0,0.0,0.0,0.0,0.0
1432000,Java,2,0,0.0,,,0.0,0.0,0.0,0.0,0.0
1432100,Java,7,0,0.0,,,0.0,0.0,0.0,0.0,0.0
1432131,Java,1,0,0.0,,,0.0,0.0,0.0,0.0,0.0
1432200,Java,4,0,0.0,,,0.0,0.0,0.0,0.0,0.0
1432251,Java,4,0,0.0,,,0.0,0.0,0.0,0.0,0.0
1432300,Java,8,0,0.0,,,0.0,0.0,0.0,0.0,0.0
1432331,Java,1,0,0.0,,,0.0,0.0,0.0,0.0,0.0
1432351,Java,0,0,,,,0.0,0.0,,,
1432400,Java,4,0,0.0,,,0.0,0.0,0.0,0.0,0.0
1432451,Java,1,1,1.0,,,0.0,0.0,0.0,0.0,0.0
1432500,Java,9,1,0.1111111111111111,,,0.0,0.0,0.0,0.0,0.0
1432541,Java,3,0,0.0,,,0.0,0.0,0.0,0.0,0.0
1432600,Java,3,0,0.0,,,0.0,0.0,0.0,0.0,0.0
1432700,Java,8,0,0.0,,,0.0,0.0,0.0,0.0,0.0
1432752,Java,2,0,0.0,,,0.0,0.0,0.0,0.0,0.0
1432900,Java,9,1,0.1111111111111111,,,0.0,0.0,0.0,0.0,0.0
1432941,Java,1,0,0.0,,,0.0,0.0,0.0,0.0,0.0
1432942,Java,1,0,0.0,,,0.0,0.0,0.0,0.0,0.0
1432943,Java,1,0,0.0,,,0.0,0.0,0.0,0.0,0.0
1432951,Java,6,0,0.0,,,0.0,0.0,0.0,0.0,0.0
1433000,Java,3,0,0.0,,,0.0,0.0,0.0,0.0,0.0
1433051,Java,1,0,0.0,,,0.0,0.0,0.0,0.0,0.0
1440100,Java,4,0,0.0,,,0.0,0.0,0.0,0.0,0.0
1440241,Java,1,0,0.0,,,0.0,0.0,0.0,0.0,0.0
1440451,Java,3,0,0.0,,,0.0,0.0,0.0,0.0,0.0
1440700,Java,6,0,0.0,,,0.0,0.0,0.0,0.0,0.0
1440741,Java,1,0,0.0,,,0.0,0.0,0.0,0.0,0.0
1450100,Java,6,0,0.0,,,0.0,0.0,0.0,0.0,0.0
1450151,Java,0,0,,,,0.0,0.0,,,
1450200,Java,8,0,0.0,,,0.0,0.0,0.0,0.0,0.0
1450231,Java,6,0,0.0,,,0.0,0.0,0.0,0.0,0.0
1450241,Java,5,0,0.0,,,0.0,0.0,0.0,0.0,0.0
1450251,Java,0,0,,,,0.0,0.0,,,
1450300,Java,6,0,0.0,,,0.0,0.0,0.0,0.0,0.0
1450341,Java,0,0,,,,0.0,0.0,,,
1450351,Java,1,1,1.0,,,0.0,0.0,0.0,0.0,0.0
1450352,Java,2,0,0.0,,,0.0,0.0,0.0,0.0,0.0
1450400,Java,7,0,0.0,,,0.0,0.0,0.0,0.0,0.0
1450441,Java,1,0,0.0,,,0.0,0.0,0.0,0.0,0.0
1450451,Java,1,0,0.0,,,0.0,0.0,0.0,0.0,0.0
1450500,Java,10,0,0.0,,,0.0,0.0,0.0,0.0,0.0
1450531,Java,1,0,0.0,,,0.0,0.0,0.0,0.0,0.0
1450541,Java,2,0,0.0,,,0.0,0.0,0.0,0.0,0.0
1450542,Java,5,0,0.0,,,0.0,0.0,0.0,0.0,0.0
1450552,Java,1,0,0.0,,,0.0,0.0,0.0,0.0,0.0
1450600,Java,5,0,0.0,,,0.0,0.0,0.0,0.0,0.0
1450641,Java,1,0,0.0,,,0.0,0.0,0.0,0.0,0.0
1450700,Java,4,0,0.0,,,0.0,0.0,0.0,0.0,0.0
1450751,Java,1,0,0.0,,,0.0,0.0,0.0,0.0,0.0
1450800,Java,8,0,0.0,,,0.0,0.0,0.0,0.0,0.0
1450852,Java,1,1,1.0,,,0.0,0.0,0.0,0.0,0.0
1450900,Java,4,0,0.0,,,0.0,0.0,0.0,0.0,0.0
1451100,Java,9,0,0.0,,,0.0,0.0,0.0,0.0,0.0
1451141,Java,2,0,0.0,,,0.0,0.0,0.0,0.0,0.0
1451151,Java,4,0,0.0,,,0.0,0.0,0.0,0.0,0.0
1451152,Java,0,0,,,,0.0,0.0,,,
1451153,Java,1,0,0.0,,,0.0,0.0,0.0,0.0,0.0
1451155,Java,3,0,0.0,,,0.0,0.0,0.0,0.0,0.0
1451242,Java,1,0,0.0,,,0.0,0.0,0.0,0.0,0.0
1451300,Java,5,0,0.0,,,0.0,0.0,0.0,0.0,0.0
1451341,Java,1,0,0.0,,,0.0,0.0,0.0,0.0,0.0
1451400,Java,7,0,0.0,,,0.0,0.0,0.0,0.0,0.0
1451500,Java,9,0,0.0,,,0.0,0.0,0.0,0.0,0.0
1451531,Java,6,0,0.0,,,0.0,0.0,0.0,0.0,0.0
1451541,Java,3,0,0.0,,,0.0,0.0,0.0,0.0,0.0
1451551,Java,1,1,1.0,,,0.0,0.0,0.0,0.0,0.0
1451552,Java,1,0,0.0,,,0.0,0.0,0.0,0.0,0.0
1451600,Java,9,0,0.0,,,0.0,0.0,0.0,0.0,0.0
1451611,Java,2,0,0.0,,,0.0,0.0,0.0,0.0,0.0
1451641,Java,2,0,0.0,,,0.0,0.0,0.0,0.0,0.0
1451841,Java,1,0,0.0,,,0.0,0.0,0.0,0.0,0.0
1451842,Java,3,0,0.0,,,0.0,0.0,0.0,0.0,0.0
1451900,Java,3,0,0.0,,,0.0,0.0,0.0,0.0,0.0
1452000,Java,5,0,0.0,,,0.0,0.0,0.0,0.0,0.0
1452200,Java,7,0,0.0,,,0.0,0.0,0.0,0.0,0.0
1452241,Java,0,0,,,,0.0,0.0,,,
1452300,Java,5,0,0.0,,,0.0,0.0,0.0,0.0,0.0
1452341,Java,1,0,0.0,,,0.0,0.0,0.0,0.0,0.0
1452431,Java,3,0,0.0,,,0.0,0.0,0.0,0.0,0.0
1452442,Java,2,0,0.0,,,0.0,0.0,0.0,0.0,0.0
1452453,Java,1,0,0.0,,,0.0,0.0,0.0,0.0,0.0
1452500,Java,6,0,0.0,,,0.0,0.0,0.0,0.0,0.0
1452531,Java,1,0,0.0,,,0.0,0.0,0.0,0.0,0.0
1452541,Java,2,0,0.0,,,0.0,0.0,0.0,0.0,0.0
1452700,Java,9,0,0.0,,,0.0,0.0,0.0,0.0,0.0
1452741,Java,0,0,,,,0.0,0.0,,,
1452742,Java,1,0,0.0,,,0.0,0.0,0.0,0.0,0.0
1452751,Java,6,0,0.0,,,0.0,0.0,0.0,0.0,0.0
1452800,Java,6,0,0.0,,,0.0,0.0,0.0,0.0,0.0
1452841,Java,1,0,0.0,,,0.0,0.0,0.0,0.0,0.0
1452851,Java,0,0,,,,0.0,0.0,,,
1452900,Java,7,0,0.0,,,0.0,0.0,0.0,0.0,0.0
1452931,Java,0,0,,,,0.0,0.0,,,
1452951,Java,1,0,0.0,,,0.0,0.0,0.0,0.0,0.0
1453000,Java,2,0,0.0,,,0.0,0.0,0.0,0.0,0.0
1461521,Java,3,0,0.0,,,0.0,0.0,0.0,0.0,0.0
1471951,Java,1,0,0.0,,,0.0,0.0,0.0,0.0,0.0
1481343,Java,2,0,0.0,,,0.0,0.0,0.0,0.0,0.0
1481350,Java,1,1,1.0,,,0.0,0.0,0.0,0.0,0.0
1500300,Java,20,4,0.2,,,0.0,0.0,0.0,0.0,0.0
1500331,Java,1,0,0.0,,,0.0,0.0,0.0,0.0,0.0
1500341,Java,0,0,,,,0.0,0.0,,,
1500343,Java,3,0,0.0,,,0.0,0.0,0.0,0.0,0.0
1500344,Java,2,0,0.0,,,0.0,0.0,0.0,0.0,0.0
1500742,Java,2,0,0.0,,,0.0,0.0,0.0,0.0,0.0
1511100,Java,6,3,0.5,,,0.0,0.0,0.0,0.0,0.0
1520100,Java,5,0,0.0,,,0.0,0.0,0.0,0.0,0.0
1520241,Java,2,0,0.0,,,0.0,0.0,0.0,0.0,0.0
1520300,Java,3,0,0.0,,,0.0,0.0,0.0,0.0,0.0
1520400,Java,8,0,0.0,,,0.0,0.0,0.0,0.0,0.0
1520411,Java,2,0,0.0,,,0.0,0.0,0.0,0.0,0.0
1521300,Java,6,1,0.1666666666666666,,,0.0,0.0,0.0,0.0,0.0
1521311,Java,1,0,0.0,,,0.0,0.0,0.0,0.0,0.0
1521700,Java,7,0,0.0,,,0.0,0.0,0.0,0.0,0.0
1521711,Java,1,0,0.0,,,0.0,0.0,0.0,0.0,0.0
1530451,Java,0,0,,,,0.0,0.0,,,
1540831,Java,5,0,0.0,,,0.0,0.0,0.0,0.0,0.0
1540832,Java,1,0,0.0,,,0.0,0.0,0.0,0.0,0.0
1540900,Java,6,1,0.1666666666666666,,,0.0,0.0,0.0,0.0,0.0
1540931,Java,1,0,0.0,,,0.0,0.0,0.0,0.0,0.0
1551251,Java,1,0,0.0,,,0.0,0.0,0.0,0.0,0.0
1552000,Java,5,1,0.2,,,0.0,0.0,0.0,0.0,0.0
1570100,Java,10,1,0.1,,,0.0,0.0,0.0,0.0,0.0
1570111,Java,1,0,0.0,,,0.0,0.0,0.0,0.0,0.0
1570141,Java,1,1,1.0,,,0.0,0.0,0.0,0.0,0.0
1570142,Java,1,0,0.0,,,0.0,0.0,0.0,0.0,0.0
1570152,Java,1,0,0.0,,,0.0,0.0,0.0,0.0,0.0
1570600,Java,8,0,0.0,,,0.0,0.0,0.0,0.0,0.0
1570700,Java,13,2,0.1538461538461538,,,0.0,0.0,0.0,0.0,0.0
1570731,Java,1,0,0.0,,,0.0,0.0,0.0,0.0,0.0
1570732,Java,1,0,0.0,,,0.0,0.0,0.0,0.0,0.0
1570733,Java,6,0,0.0,,,0.0,0.0,0.0,0.0,0.0
1570741,Java,1,0,0.0,,,0.0,0.0,0.0,0.0,0.0
1570742,Java,1,0,0.0,,,0.0,0.0,0.0,0.0,0.0
1570756,Java,2,0,0.0,,,0.0,0.0,0.0,0.0,0.0
1571000,Java,15,0,0.0,,,0.0,0.0,0.0,0.0,0.0
1571011,Java,0,0,,,,0.0,0.0,,,
1571042,Java,1,0,0.0,,,0.0,0.0,0.0,0.0,0.0
1571051,Java,1,0,0.0,,,0.0,0.0,0.0,0.0,0.0
1571052,Java,1,0,0.0,,,0.0,0.0,0.0,0.0,0.0
1571100,Java,13,1,0.0769230769230769,,,0.0,0.0,0.0,0.0,0.0
1571111,Java,1,0,0.0,,,0.0,0.0,0.0,0.0,0.0
1571131,Java,1,0,0.0,,,0.0,0.0,0.0,0.0,0.0
1571141,Java,1,0,0.0,,,0.0,0.0,0.0,0.0,0.0
1571143,Java,1,1,1.0,,,0.0,0.0,0.0,0.0,0.0
1571151,Java,1,0,0.0,,,0.0,0.0,0.0,0.0,0.0
1571155,Java,0,0,,,,0.0,0.0,,,
1571300,Java,5,1,0.2,,,0.0,0.0,0.0,0.0,0.0
1571800,Java,6,0,0.0,,,0.0,0.0,0.0,0.0,0.0
1580100,Java,5,0,0.0,,,0.0,0.0,0.0,0.0,0.0
1580200,Java,7,0,0.0,,,0.0,0.0,0.0,0.0,0.0
1580300,Java,9,0,0.0,,,0.0,0.0,0.0,0.0,0.0
1580342,Java,1,1,1.0,,,0.0,0.0,0.0,0.0,0.0
1580351,Java,1,1,1.0,,,0.0,0.0,0.0,0.0,0.0
1580400,Java,6,1,0.1666666666666666,,,0.0,0.0,0.0,0.0,0.0
1580500,Java,7,0,0.0,,,0.0,0.0,0.0,0.0,0.0
1580541,Java,1,0,0.0,,,0.0,0.0,0.0,0.0,0.0
1580600,Java,10,0,0.0,,,0.0,0.0,0.0,0.0,0.0
1580800,Java,3,1,0.3333333333333333,,,0.0,0.0,0.0,0.0,0.0
1581000,Java,5,1,0.2,,,0.0,0.0,0.0,0.0,0.0
1581100,Java,2,0,0.0,,,0.0,0.0,0.0,0.0,0.0
1581200,Java,2,0,0.0,,,0.0,0.0,0.0,0.0,0.0
1581600,Java,7,2,0.2857142857142857,,,0.0,0.0,0.0,0.0,0.0
1581700,Java,4,1,0.25,,,0.0,0.0,0.0,0.0,0.0
1582011,Java,4,0,0.0,,,0.0,0.0,0.0,0.0,0.0
1590100,Java,10,1,0.1,,,0.0,0.0,0.0,0.0,0.0
1590142,Java,0,0,,,,0.0,0.0,,,
1590152,Java,1,0,0.0,,,0.0,0.0,0.0,0.0,0.0
1590200,Java,3,1,0.3333333333333333,,,0.0,0.0,0.0,0.0,0.0
1590300,Java,7,0,0.0,,,0.0,0.0,0.0,0.0,0.0
1590332,Java,1,0,0.0,,,0.0,0.0,0.0,0.0,0.0
1590400,Java,7,0,0.0,,,0.0,0.0,0.0,0.0,0.0
1590421,Java,3,0,0.0,,,0.0,0.0,0.0,0.0,0.0
1590441,Java,1,0,0.0,,,0.0,0.0,0.0,0.0,0.0
1590451,Java,3,0,0.0,,,0.0,0.0,0.0,0.0,0.0
1590500,Java,5,0,0.0,,,0.0,0.0,0.0,0.0,0.0
1590531,Java,2,0,0.0,,,0.0,0.0,0.0,0.0,0.0
1590600,Java,3,0,0.0,,,0.0,0.0,0.0,0.0,0.0
1590700,Java,5,0,0.0,,,0.0,0.0,0.0,0.0,0.0
1590800,Java,4,0,0.0,,,0.0,0.0,0.0,0.0,0.0
1590900,Java,1,0,0.0,,,0.0,0.0,0.0,0.0,0.0
1591000,Java,11,0,0.0,,,0.0,0.0,0.0,0.0,0.0
1591041,Java,1,0,0.0,,,0.0,0.0,0.0,0.0,0.0
1591042,Java,1,0,0.0,,,0.0,0.0,0.0,0.0,0.0
1591043,Java,2,0,0.0,,,0.0,0.0,0.0,0.0,0.0
1591100,Java,7,0,0.0,,,0.0,0.0,0.0,0.0,0.0
1591141,Java,0,0,,,,0.0,0.0,,,
1591151,Java,3,0,0.0,,,0.0,0.0,0.0,0.0,0.0
1591200,Java,8,1,0.125,,,0.0,0.0,0.0,0.0,0.0
1591231,Java,3,0,0.0,,,0.0,0.0,0.0,0.0,0.0
1591232,Java,5,0,0.0,,,0.0,0.0,0.0,0.0,0.0
1591300,Java,4,0,0.0,,,0.0,0.0,0.0,0.0,0.0
1591400,Java,8,0,0.0,,,0.0,0.0,0.0,0.0,0.0
1591431,Java,3,0,0.0,,,0.0,0.0,0.0,0.0,0.0
1591500,Java,5,0,0.0,,,0.0,0.0,0.0,0.0,0.0
1591600,Java,3,0,0.0,,,0.0,0.0,0.0,0.0,0.0
1591642,Java,2,0,0.0,,,0.0,0.0,0.0,0.0,0.0
1591700,Java,6,0,0.0,,,0.0,0.0,0.0,0.0,0.0
1591731,Java,1,0,0.0,,,0.0,0.0,0.0,0.0,0.0
1591800,Java,2,1,0.5,,,0.0,0.0,0.0,0.0,0.0
1591900,Java,6,0,0.0,,,0.0,0.0,0.0,0.0,0.0
1592000,Java,11,0,0.0,,,0.0,0.0,0.0,0.0,0.0
1592011,Java,1,1,1.0,,,0.0,0.0,0.0,0.0,0.0
1592041,Java,1,0,0.0,,,0.0,0.0,0.0,0.0,0.0
1592052,Java,3,0,0.0,,,0.0,0.0,0.0,0.0,0.0
1592100,Java,9,0,0.0,,,0.0,0.0,0.0,0.0,0.0
1592131,Java,6,0,0.0,,,0.0,0.0,0.0,0.0,0.0
1592141,Java,3,0,0.0,,,0.0,0.0,0.0,0.0,0.0
1592151,Java,1,0,0.0,,,0.0,0.0,0.0,0.0,0.0
1592153,Java,0,0,,,,0.0,0.0,,,
1592200,Java,7,1,0.1428571428571428,,,0.0,0.0,0.0,0.0,0.0
1592300,Java,6,0,0.0,,,0.0,0.0,0.0,0.0,0.0
1592331,Java,7,1,0.1428571428571428,,,0.0,0.0,0.0,0.0,0.0
1592351,Java,1,0,0.0,,,0.0,0.0,0.0,0.0,0.0
1592400,Java,10,1,0.1,,,0.0,0.0,0.0,0.0,0.0
1592421,Java,3,0,0.0,,,0.0,0.0,0.0,0.0,0.0
1592441,Java,1,0,0.0,,,0.0,0.0,0.0,0.0,0.0
1592453,Java,2,1,0.5,,,0.0,0.0,0.0,0.0,0.0
1592500,Java,7,0,0.0,,,0.0,0.0,0.0,0.0,0.0
1592551,Java,0,0,,,,0.0,0.0,,,
1592700,Java,8,0,0.0,,,0.0,0.0,0.0,0.0,0.0
1592741,Java,1,0,0.0,,,0.0,0.0,0.0,0.0,0.0
1592751,Java,1,0,0.0,,,0.0,0.0,0.0,0.0,0.0
1592752,Java,1,0,0.0,,,0.0,0.0,0.0,0.0,0.0
1592800,Java,6,1,0.1666666666666666,,,0.0,0.0,0.0,0.0,0.0
1592831,Java,1,0,0.0,,,0.0,0.0,0.0,0.0,0.0
1592841,Java,5,0,0.0,,,0.0,0.0,0.0,0.0,0.0
1592900,Java,9,0,0.0,,,0.0,0.0,0.0,0.0,0.0
1592911,Java,8,0,0.0,,,0.0,0.0,0.0,0.0,0.0
1592942,Java,7,0,0.0,,,0.0,0.0,0.0,0.0,0.0
1592951,Java,3,0,0.0,,,0.0,0.0,0.0,0.0,0.0
1593000,Java,4,0,0.0,,,0.0,0.0,0.0,0.0,0.0
1600100,Java,5,0,0.0,,,0.0,0.0,0.0,0.0,0.0
1600200,Java,11,2,0.1818181818181818,,,0.0,0.0,0.0,0.0,0.0
1600251,Java,1,0,0.0,,,0.0,0.0,0.0,0.0,0.0
1600252,Java,1,1,1.0,,,0.0,0.0,0.0,0.0,0.0
1600300,Java,5,0,0.0,,,0.0,0.0,0.0,0.0,0.0
1600341,Java,1,1,1.0,,,0.0,0.0,0.0,0.0,0.0
1600351,Java,1,1,1.0,,,0.0,0.0,0.0,0.0,0.0
1600400,Java,5,0,0.0,,,0.0,0.0,0.0,0.0,0.0
1600431,Java,1,0,0.0,,,0.0,0.0,0.0,0.0,0.0
1600500,Java,8,1,0.125,,,0.0,0.0,0.0,0.0,0.0
1600531,Java,7,0,0.0,,,0.0,0.0,0.0,0.0,0.0
1600551,Java,0,0,,,,0.0,0.0,,,
1600552,Java,1,1,1.0,,,0.0,0.0,0.0,0.0,0.0
1600600,Java,6,0,0.0,,,0.0,0.0,0.0,0.0,0.0
1600651,Java,1,0,0.0,,,0.0,0.0,0.0,0.0,0.0
1600700,Java,12,1,0.0833333333333333,,,0.0,0.0,0.0,0.0,0.0
1600751,Java,1,0,0.0,,,0.0,0.0,0.0,0.0,0.0
1600752,Java,1,0,0.0,,,0.0,0.0,0.0,0.0,0.0
1600800,Java,5,2,0.4,,,0.0,0.0,0.0,0.0,0.0
1600831,Java,1,0,0.0,,,0.0,0.0,0.0,0.0,0.0
1601000,Java,9,0,0.0,,,0.0,0.0,0.0,0.0,0.0
1601032,Java,1,0,0.0,,,0.0,0.0,0.0,0.0,0.0
1601051,Java,1,0,0.0,,,0.0,0.0,0.0,0.0,0.0
1601100,Java,10,0,0.0,,,0.0,0.0,0.0,0.0,0.0
1601141,Java,1,0,0.0,,,0.0,0.0,0.0,0.0,0.0
1601142,Java,1,0,0.0,,,0.0,0.0,0.0,0.0,0.0
1601143,Java,1,0,0.0,,,0.0,0.0,0.0,0.0,0.0
1601151,Java,0,0,,,,0.0,0.0,,,
1601152,Java,1,1,1.0,,,0.0,0.0,0.0,0.0,0.0
1601200,Java,13,0,0.0,,,0.0,0.0,0.0,0.0,0.0
1601242,Java,2,0,0.0,,,0.0,0.0,0.0,0.0,0.0
1601243,Java,1,0,0.0,,,0.0,0.0,0.0,0.0,0.0
1601300,Java,6,1,0.1666666666666666,,,0.0,0.0,0.0,0.0,0.0
1601400,Java,6,0,0.0,,,0.0,0.0,0.0,0.0,0.0
1601431,Java,1,0,0.0,,,0.0,0.0,0.0,0.0,0.0
1601441,Java,1,0,0.0,,,0.0,0.0,0.0,0.0,0.0
1601500,Java,5,1,0.2,,,0.0,0.0,0.0,0.0,0.0
1601600,Java,6,2,0.3333333333333333,,,0.0,0.0,0.0,0.0,0.0
1601631,Java,3,1,0.3333333333333333,,,0.0,0.0,0.0,0.0,0.0
1601651,Java,4,1,0.25,,,0.0,0.0,0.0,0.0,0.0
1601700,Java,3,0,0.0,,,0.0,0.0,0.0,0.0,0.0
1601800,Java,7,0,0.0,,,0.0,0.0,0.0,0.0,0.0
1601900,Java,6,0,0.0,,,0.0,0.0,0.0,0.0,0.0
1601941,Java,1,1,1.0,,,0.0,0.0,0.0,0.0,0.0
1602000,Java,6,1,0.1666666666666666,,,0.0,0.0,0.0,0.0,0.0
1610100,Java,7,1,0.1428571428571428,,,0.0,0.0,0.0,0.0,0.0
1610141,Java,5,0,0.0,,,0.0,0.0,0.0,0.0,0.0
1610151,Java,1,0,0.0,,,0.0,0.0,0.0,0.0,0.0
1610200,Java,8,0,0.0,,,0.0,0.0,0.0,0.0,0.0
1610231,Java,1,0,0.0,,,0.0,0.0,0.0,0.0,0.0
1610232,Java,3,0,0.0,,,0.0,0.0,0.0,0.0,0.0
1610251,Java,2,0,0.0,,,0.0,0.0,0.0,0.0,0.0
1610300,Java,9,1,0.1111111111111111,,,0.0,0.0,0.0,0.0,0.0
1610351,Java,1,1,1.0,,,0.0,0.0,0.0,0.0,0.0
1610400,Java,5,1,0.2,,,0.0,0.0,0.0,0.0,0.0
1610431,Java,2,0,0.0,,,0.0,0.0,0.0,0.0,0.0
1610451,Java,1,0,0.0,,,0.0,0.0,0.0,0.0,0.0
1610500,Java,4,1,0.25,,,0.0,0.0,0.0,0.0,0.0
1610551,Java,2,0,0.0,,,0.0,0.0,0.0,0.0,0.0
1610600,Java,8,1,0.125,,,0.0,0.0,0.0,0.0,0.0
1610631,Java,3,0,0.0,,,0.0,0.0,0.0,0.0,0.0
1610651,Java,0,0,,,,0.0,0.0,,,
1610700,Java,8,0,0.0,,,0.0,0.0,0.0,0.0,0.0
1610751,Java,1,0,0.0,,,0.0,0.0,0.0,0.0,0.0
1610752,Java,1,0,0.0,,,0.0,0.0,0.0,0.0,0.0
1610753,Java,1,0,0.0,,,0.0,0.0,0.0,0.0,0.0
1610800,Java,6,0,0.0,,,0.0,0.0,0.0,0.0,0.0
1610852,Java,1,0,0.0,,,0.0,0.0,0.0,0.0,0.0
1610900,Java,3,0,0.0,,,0.0,0.0,0.0,0.0,0.0
1610931,Java,1,0,0.0,,,0.0,0.0,0.0,0.0,0.0
1611000,Java,10,0,0.0,,,0.0,0.0,0.0,0.0,0.0
1611100,Java,5,0,0.0,,,0.0,0.0,0.0,0.0,0.0
1611200,Java,7,1,0.1428571428571428,,,0.0,0.0,0.0,0.0,0.0
1611231,Java,3,0,0.0,,,0.0,0.0,0.0,0.0,0.0
1611300,Java,2,0,0.0,,,0.0,0.0,0.0,0.0,0.0
1611341,Java,1,0,0.0,,,0.0,0.0,0.0,0.0,0.0
1611400,Java,5,0,0.0,,,0.0,0.0,0.0,0.0,0.0
1611441,Java,1,0,0.0,,,0.0,0.0,0.0,0.0,0.0
1611500,Java,3,0,0.0,,,0.0,0.0,0.0,0.0,0.0
1611600,Java,5,1,0.2,,,0.0,0.0,0.0,0.0,0.0
1611651,Java,4,0,0.0,,,0.0,0.0,0.0,0.0,0.0
1611700,Java,5,0,0.0,,,0.0,0.0,0.0,0.0,0.0
1611800,Java,4,0,0.0,,,0.0,0.0,0.0,0.0,0.0
1611900,Java,6,0,0.0,,,0.0,0.0,0.0,0.0,0.0
1611941,Java,0,0,,,,0.0,0.0,,,
1612000,Java,7,0,0.0,,,0.0,0.0,0.0,0.0,0.0
1620100,Java,4,0,0.0,,,0.0,0.0,0.0,0.0,0.0
1620200,Java,6,1,0.1666666666666666,,,0.0,0.0,0.0,0.0,0.0
1620300,Java,5,1,0.2,,,0.0,0.0,0.0,0.0,0.0
1620331,Java,3,3,1.0,,,0.0,0.0,0.0,0.0,0.0
1620352,Java,1,1,1.0,,,0.0,0.0,0.0,0.0,0.0
1620400,Java,5,0,0.0,,,0.0,0.0,0.0,0.0,0.0
1620500,Java,4,0,0.0,,,0.0,0.0,0.0,0.0,0.0
1620600,Java,4,1,0.25,,,0.0,0.0,0.0,0.0,0.0
1620700,Java,7,0,0.0,,,0.0,0.0,0.0,0.0,0.0
1620731,Java,0,0,,,,0.0,0.0,,,
1620800,Java,3,1,0.3333333333333333,,,0.0,0.0,0.0,0.0,0.0
1620900,Java,4,0,0.0,,,0.0,0.0,0.0,0.0,0.0
1621000,Java,5,0,0.0,,,0.0,0.0,0.0,0.0,0.0
1621100,Java,4,1,0.25,,,0.0,0.0,0.0,0.0,0.0
1621200,Java,4,0,0.0,,,0.0,0.0,0.0,0.0,0.0
1621251,Java,1,1,1.0,,,0.0,0.0,0.0,0.0,0.0
1621300,Java,2,0,0.0,,,0.0,0.0,0.0,0.0,0.0
1621400,Java,12,0,0.0,,,0.0,0.0,0.0,0.0,0.0
1621431,Java,0,0,,,,0.0,0.0,,,
1621442,Java,0,0,,,,0.0,0.0,,,
1621451,Java,2,0,0.0,,,0.0,0.0,0.0,0.0,0.0
1621500,Java,4,2,0.5,,,0.0,0.0,0.0,0.0,0.0
1621531,Java,4,0,0.0,,,0.0,0.0,0.0,0.0,0.0
1621541,Java,2,0,0.0,,,0.0,0.0,0.0,0.0,0.0
1621551,Java,1,0,0.0,,,0.0,0.0,0.0,0.0,0.0
1621552,Java,1,0,0.0,,,0.0,0.0,0.0,0.0,0.0
1621611,Java,4,0,0.0,,,0.0,0.0,0.0,0.0,0.0
1621731,Java,4,1,0.25,,,0.0,0.0,0.0,0.0,0.0
1621800,Java,4,0,0.0,,,0.0,0.0,0.0,0.0,0.0
1621900,Java,7,2,0.2857142857142857,,,0.0,0.0,0.0,0.0,0.0
1621952,Java,2,0,0.0,,,0.0,0.0,0.0,0.0,0.0
1622000,Java,3,0,0.0,,,0.0,0.0,0.0,0.0,0.0
1622041,Java,1,1,1.0,,,0.0,0.0,0.0,0.0,0.0
1630100,Java,3,0,0.0,,,0.0,0.0,0.0,0.0,0.0
1630300,Java,6,0,0.0,,,0.0,0.0,0.0,0.0,0.0
1630331,Java,2,0,0.0,,,0.0,0.0,0.0,0.0,0.0
1630400,Java,3,1,0.3333333333333333,,,0.0,0.0,0.0,0.0,0.0
1630500,Java,5,0,0.0,,,0.0,0.0,0.0,0.0,0.0
1630551,Java,4,0,0.0,,,0.0,0.0,0.0,0.0,0.0
1630600,Java,6,0,0.0,,,0.0,0.0,0.0,0.0,0.0
1630641,Java,0,0,,,,0.0,0.0,,,
1630642,Java,1,0,0.0,,,0.0,0.0,0.0,0.0,0.0
1630700,Java,2,0,0.0,,,0.0,0.0,0.0,0.0,0.0
1630800,Java,4,0,0.0,,,0.0,0.0,0.0,0.0,0.0
1630841,Java,2,0,0.0,,,0.0,0.0,0.0,0.0,0.0
1630900,Java,6,2,0.3333333333333333,,,0.0,0.0,0.0,0.0,0.0
1630951,Java,0,0,,,,0.0,0.0,,,
1631000,Java,5,0,0.0,,,0.0,0.0,0.0,0.0,0.0
1631041,Java,1,0,0.0,,,0.0,0.0,0.0,0.0,0.0
1631100,Java,6,0,0.0,,,0.0,0.0,0.0,0.0,0.0
1631200,Java,5,0,0.0,,,0.0,0.0,0.0,0.0,0.0
1631241,Java,2,1,0.5,,,0.0,0.0,0.0,0.0,0.0
1631242,Java,0,0,,,,0.0,0.0,,,
1631400,Java,5,0,0.0,,,0.0,0.0,0.0,0.0,0.0
1631451,Java,2,0,0.0,,,0.0,0.0,0.0,0.0,0.0
1631452,Java,1,0,0.0,,,0.0,0.0,0.0,0.0,0.0
1631500,Java,6,0,0.0,,,0.0,0.0,0.0,0.0,0.0
1631600,Java,4,0,0.0,,,0.0,0.0,0.0,0.0,0.0
1631700,Java,3,1,0.3333333333333333,,,0.0,0.0,0.0,0.0,0.0
1631800,Java,6,0,0.0,,,0.0,0.0,0.0,0.0,0.0
1631841,Java,3,0,0.0,,,0.0,0.0,0.0,0.0,0.0
1631900,Java,5,0,0.0,,,0.0,0.0,0.0,0.0,0.0
1631931,Java,0,0,,,,0.0,0.0,,,
1632000,Java,7,0,0.0,,,0.0,0.0,0.0,0.0,0.0
1632011,Java,3,0,0.0,,,0.0,0.0,0.0,0.0,0.0
1632300,Java,7,0,0.0,,,0.0,0.0,0.0,0.0,0.0
1632341,Java,3,0,0.0,,,0.0,0.0,0.0,0.0,0.0
1632351,Java,1,1,1.0,,,0.0,0.0,0.0,0.0,0.0
1632400,Java,4,0,0.0,,,0.0,0.0,0.0,0.0,0.0
1632441,Java,1,1,1.0,,,0.0,0.0,0.0,0.0,0.0
1632500,Java,5,0,0.0,,,0.0,0.0,0.0,0.0,0.0
1632531,Java,4,1,0.25,,,0.0,0.0,0.0,0.0,0.0
1632541,Java,3,0,0.0,,,0.0,0.0,0.0,0.0,0.0
1632600,Java,2,0,0.0,,,0.0,0.0,0.0,0.0,0.0
1632700,Java,6,0,0.0,,,0.0,0.0,0.0,0.0,0.0
1632731,Java,1,0,0.0,,,0.0,0.0,0.0,0.0,0.0
1632741,Java,6,0,0.0,,,0.0,0.0,0.0,0.0,0.0
1632751,Java,1,0,0.0,,,0.0,0.0,0.0,0.0,0.0
1632754,Java,0,0,,,,0.0,0.0,,,
1632800,Java,2,0,0.0,,,0.0,0.0,0.0,0.0,0.0
1632852,Java,1,0,0.0,,,0.0,0.0,0.0,0.0,0.0
1632900,Java,6,0,0.0,,,0.0,0.0,0.0,0.0,0.0
1632931,Java,1,0,0.0,,,0.0,0.0,0.0,0.0,0.0
1632951,Java,2,0,0.0,,,0.0,0.0,0.0,0.0,0.0
1633000,Java,5,0,0.0,,,0.0,0.0,0.0,0.0,0.0
1633031,Java,4,0,0.0,,,0.0,0.0,0.0,0.0,0.0
1640111,Java,13,0,0.0,,,0.0,0.0,0.0,0.0,0.0
1640200,Java,11,0,0.0,,,0.0,0.0,0.0,0.0,0.0
1640241,Java,0,0,,,,0.0,0.0,,,
1640300,Java,7,0,0.0,,,0.0,0.0,0.0,0.0,0.0
1640331,Java,3,0,0.0,,,0.0,0.0,0.0,0.0,0.0
1640342,Java,2,0,0.0,,,0.0,0.0,0.0,0.0,0.0
1640351,Java,2,0,0.0,,,0.0,0.0,0.0,0.0,0.0
1640400,Java,7,0,0.0,,,0.0,0.0,0.0,0.0,0.0
1640441,Java,1,0,0.0,,,0.0,0.0,0.0,0.0,0.0
1640442,Java,0,0,,,,0.0,0.0,,,
1640443,Java,2,0,0.0,,,0.0,0.0,0.0,0.0,0.0
1640500,Java,9,0,0.0,,,0.0,0.0,0.0,0.0,0.0
1640531,Java,0,0,,,,0.0,0.0,,,
1640551,Java,3,0,0.0,,,0.0,0.0,0.0,0.0,0.0
1640553,Java,2,0,0.0,,,0.0,0.0,0.0,0.0,0.0
1640600,Java,5,0,0.0,,,0.0,0.0,0.0,0.0,0.0
1640700,Java,8,0,0.0,,,0.0,0.0,0.0,0.0,0.0
1640741,Java,2,0,0.0,,,0.0,0.0,0.0,0.0,0.0
1640742,Java,4,0,0.0,,,0.0,0.0,0.0,0.0,0.0
1640751,Java,5,0,0.0,,,0.0,0.0,0.0,0.0,0.0
1640800,Java,1,0,0.0,,,0.0,0.0,0.0,0.0,0.0
1640900,Java,4,0,0.0,,,0.0,0.0,0.0,0.0,0.0
1640931,Java,1,0,0.0,,,0.0,0.0,0.0,0.0,0.0
1641000,Java,6,0,0.0,,,0.0,0.0,0.0,0.0,0.0
1641051,Java,3,0,0.0,,,0.0,0.0,0.0,0.0,0.0
1641111,Java,5,1,0.2,,,0.0,0.0,0.0,0.0,0.0
1641150,Java,2,1,0.5,,,0.0,0.0,0.0,0.0,0.0
1641200,Java,8,1,0.125,,,0.0,0.0,0.0,0.0,0.0
1641241,Java,6,0,0.0,,,0.0,0.0,0.0,0.0,0.0
1641251,Java,1,0,0.0,,,0.0,0.0,0.0,0.0,0.0
1641300,Java,5,0,0.0,,,0.0,0.0,0.0,0.0,0.0
1641351,Java,0,0,,,,0.0,0.0,,,
1641400,Java,7,0,0.0,,,0.0,0.0,0.0,0.0,0.0
1641431,Java,2,0,0.0,,,0.0,0.0,0.0,0.0,0.0
1641441,Java,1,0,0.0,,,0.0,0.0,0.0,0.0,0.0
1641442,Java,1,0,0.0,,,0.0,0.0,0.0,0.0,0.0
1641451,Java,4,0,0.0,,,0.0,0.0,0.0,0.0,0.0
1641500,Java,4,0,0.0,,,0.0,0.0,0.0,0.0,0.0
1641541,Java,4,0,0.0,,,0.0,0.0,0.0,0.0,0.0
1641600,Java,5,0,0.0,,,0.0,0.0,0.0,0.0,0.0
1641700,Java,4,1,0.25,,,0.0,0.0,0.0,0.0,0.0
1641741,Java,5,0,0.0,,,0.0,0.0,0.0,0.0,0.0
1641751,Java,5,1,0.2,,,0.0,0.0,0.0,0.0,0.0
1641800,Java,5,0,0.0,,,0.0,0.0,0.0,0.0,0.0
1641831,Java,3,0,0.0,,,0.0,0.0,0.0,0.0,0.0
1641851,Java,1,0,0.0,,,0.0,0.0,0.0,0.0,0.0
1641900,Java,6,2,0.3333333333333333,,,0.0,0.0,0.0,0.0,0.0
1641951,Java,1,0,0.0,,,0.0,0.0,0.0,0.0,0.0
1641953,Java,1,0,0.0,,,0.0,0.0,0.0,0.0,0.0
1642000,Java,6,1,0.1666666666666666,,,0.0,0.0,0.0,0.0,0.0
1642031,Java,2,0,0.0,,,0.0,0.0,0.0,0.0,0.0
1642032,Java,1,0,0.0,,,0.0,0.0,0.0,0.0,0.0
1642041,Java,2,0,0.0,,,0.0,0.0,0.0,0.0,0.0
1642100,Java,5,0,0.0,,,0.0,0.0,0.0,0.0,0.0
1642200,Java,8,0,0.0,,,0.0,0.0,0.0,0.0,0.0
1642241,Java,2,0,0.0,,,0.0,0.0,0.0,0.0,0.0
1642251,Java,1,0,0.0,,,0.0,0.0,0.0,0.0,0.0
1642253,Java,3,0,0.0,,,0.0,0.0,0.0,0.0,0.0
1642300,Java,10,0,0.0,,,0.0,0.0,0.0,0.0,0.0
1642331,Java,2,1,0.5,,,0.0,0.0,0.0,0.0,0.0
1642341,Java,1,0,0.0,,,0.0,0.0,0.0,0.0,0.0
1642342,Java,0,0,,,,0.0,0.0,,,
1642343,Java,1,0,0.0,,,0.0,0.0,0.0,0.0,0.0
1642400,Java,4,1,0.25,,,0.0,0.0,0.0,0.0,0.0
1642442,Java,1,1,1.0,,,0.0,0.0,0.0,0.0,0.0
1642451,Java,1,1,1.0,,,0.0,0.0,0.0,0.0,0.0
1642500,Java,6,0,0.0,,,0.0,0.0,0.0,0.0,0.0
1642600,Java,7,4,0.5714285714285714,,,0.0,0.0,0.0,0.0,0.0
1642611,Java,2,0,0.0,,,0.0,0.0,0.0,0.0,0.0
1642631,Java,0,0,,,,0.0,0.0,,,
1642700,Java,7,1,0.1428571428571428,,,0.0,0.0,0.0,0.0,0.0
1642731,Java,2,0,0.0,,,0.0,0.0,0.0,0.0,0.0
1642800,Java,9,0,0.0,,,0.0,0.0,0.0,0.0,0.0
1642841,Java,1,0,0.0,,,0.0,0.0,0.0,0.0,0.0
1642842,Java,1,0,0.0,,,0.0,0.0,0.0,0.0,0.0
1642851,Java,3,0,0.0,,,0.0,0.0,0.0,0.0,0.0
1642900,Java,4,0,0.0,,,0.0,0.0,0.0,0.0,0.0
1643000,Java,8,0,0.0,,,0.0,0.0,0.0,0.0,0.0
1643031,Java,2,1,0.5,,,0.0,0.0,0.0,0.0,0.0
1650100,Java,8,0,0.0,,,0.0,0.0,0.0,0.0,0.0
1650141,Java,3,0,0.0,,,0.0,0.0,0.0,0.0,0.0
1650142,Java,1,0,0.0,,,0.0,0.0,0.0,0.0,0.0
1650151,Java,0,0,,,,0.0,0.0,,,
1650153,Java,0,0,,,,0.0,0.0,,,
1650200,Java,4,0,0.0,,,0.0,0.0,0.0,0.0,0.0
1650241,Java,2,0,0.0,,,0.0,0.0,0.0,0.0,0.0
1650251,Java,1,0,0.0,,,0.0,0.0,0.0,0.0,0.0
1650300,Java,4,0,0.0,,,0.0,0.0,0.0,0.0,0.0
1650351,Java,1,0,0.0,,,0.0,0.0,0.0,0.0,0.0
1650400,Java,5,0,0.0,,,0.0,0.0,0.0,0.0,0.0
1650441,Java,3,0,0.0,,,0.0,0.0,0.0,0.0,0.0
1650500,Java,7,1,0.1428571428571428,,,0.0,0.0,0.0,0.0,0.0
1650541,Java,2,1,0.5,,,0.0,0.0,0.0,0.0,0.0
1650600,Java,8,0,0.0,,,0.0,0.0,0.0,0.0,0.0
1650641,Java,1,1,1.0,,,0.0,0.0,0.0,0.0,0.0
1650700,Java,4,1,0.25,,,0.0,0.0,0.0,0.0,0.0
1650741,Java,1,0,0.0,,,0.0,0.0,0.0,0.0,0.0
1650800,Java,8,0,0.0,,,0.0,0.0,0.0,0.0,0.0
1650851,Java,4,0,0.0,,,0.0,0.0,0.0,0.0,0.0
1650900,Java,5,1,0.2,,,0.0,0.0,0.0,0.0,0.0
1651031,Java,3,0,0.0,,,0.0,0.0,0.0,0.0,0.0
1651100,Java,4,1,0.25,,,0.0,0.0,0.0,0.0,0.0
1651200,Java,9,0,0.0,,,0.0,0.0,0.0,0.0,0.0
1651300,Java,2,0,0.0,,,0.0,0.0,0.0,0.0,0.0
1651400,Java,4,0,0.0,,,0.0,0.0,0.0,0.0,0.0
1651500,Java,10,1,0.1,,,0.0,0.0,0.0,0.0,0.0
1651531,Java,4,0,0.0,,,0.0,0.0,0.0,0.0,0.0
1651532,Batak,5,0,0.0,,,0.0,0.0,0.0,0.0,0.0
1651552,Java,3,0,0.0,,,0.0,0.0,0.0,0.0,0.0
1651600,Java,6,0,0.0,,,0.0,0.0,0.0,0.0,0.0
1651611,Java,1,1,1.0,,,0.0,0.0,0.0,0.0,0.0
1651800,Java,5,0,0.0,,,0.0,0.0,0.0,0.0,0.0
1651900,Java,7,0,0.0,,,0.0,0.0,0.0,0.0,0.0
1651941,Java,2,0,0.0,,,0.0,0.0,0.0,0.0,0.0
1651942,Java,1,1,1.0,,,0.0,0.0,0.0,0.0,0.0
1652000,Java,7,1,0.1428571428571428,,,0.0,0.0,0.0,0.0,0.0
1652041,Java,2,0,0.0,,,0.0,0.0,0.0,0.0,0.0
1652051,Java,1,1,1.0,,,0.0,0.0,0.0,0.0,0.0
1652052,Java,1,1,1.0,,,0.0,0.0,0.0,0.0,0.0
1652100,Java,7,0,0.0,,,0.0,0.0,0.0,0.0,0.0
1652131,Java,2,0,0.0,,,0.0,0.0,0.0,0.0,0.0
1652141,Java,1,0,0.0,,,0.0,0.0,0.0,0.0,0.0
1652200,Java,3,0,0.0,,,0.0,0.0,0.0,0.0,0.0
1652400,Java,4,1,0.25,,,0.0,0.0,0.0,0.0,0.0
1652500,Java,8,0,0.0,,,0.0,0.0,0.0,0.0,0.0
1652551,Java,3,0,0.0,,,0.0,0.0,0.0,0.0,0.0
1652600,Java,5,0,0.0,,,0.0,0.0,0.0,0.0,0.0
1652641,Java,1,0,0.0,,,0.0,0.0,0.0,0.0,0.0
1652651,Java,2,0,0.0,,,0.0,0.0,0.0,0.0,0.0
1652700,Java,6,0,0.0,,,0.0,0.0,0.0,0.0,0.0
1652800,Java,3,1,0.3333333333333333,,,0.0,0.0,0.0,0.0,0.0
1652900,Java,4,0,0.0,,,0.0,0.0,0.0,0.0,0.0
1653000,Java,7,0,0.0,,,0.0,0.0,0.0,0.0,0.0
1653031,Java,1,0,0.0,,,0.0,0.0,0.0,0.0,0.0
1653041,Java,1,0,0.0,,,0.0,0.0,0.0,0.0,0.0
1653051,Java,1,1,1.0,,,0.0,0.0,0.0,0.0,0.0
1654100,Java,3,0,0.0,,,0.0,0.0,0.0,0.0,0.0
1654141,Java,6,0,0.0,,,0.0,0.0,0.0,0.0,0.0
1654151,Java,2,0,0.0,,,0.0,0.0,0.0,0.0,0.0
1660100,Java,1,0,0.0,,,0.0,0.0,0.0,0.0,0.0
1660200,Java,3,0,0.0,,,0.0,0.0,0.0,0.0,0.0
1660300,Java,6,0,0.0,,,0.0,0.0,0.0,0.0,0.0
1660311,Java,2,0,0.0,,,0.0,0.0,0.0,0.0,0.0
1660341,Java,1,1,1.0,,,0.0,0.0,0.0,0.0,0.0
1660400,Java,2,0,0.0,,,0.0,0.0,0.0,0.0,0.0
1660441,Java,3,0,0.0,,,0.0,0.0,0.0,0.0,0.0
1660500,Java,4,0,0.0,,,0.0,0.0,0.0,0.0,0.0
1660600,Java,7,0,0.0,,,0.0,0.0,0.0,0.0,0.0
1660651,Java,1,0,0.0,,,0.0,0.0,0.0,0.0,0.0
1660700,Java,6,0,0.0,,,0.0,0.0,0.0,0.0,0.0
1660800,Java,4,1,0.25,,,0.0,0.0,0.0,0.0,0.0
1660900,Java,7,0,0.0,,,0.0,0.0,0.0,0.0,0.0
1660931,Java,2,0,0.0,,,0.0,0.0,0.0,0.0,0.0
1661000,Java,4,0,0.0,,,0.0,0.0,0.0,0.0,0.0
1661100,Java,3,0,0.0,,,0.0,0.0,0.0,0.0,0.0
1661111,Java,3,0,0.0,,,0.0,0.0,0.0,0.0,0.0
1661200,Java,6,0,0.0,,,0.0,0.0,0.0,0.0,0.0
1661251,Java,3,0,0.0,,,0.0,0.0,0.0,0.0,0.0
1661252,Java,1,0,0.0,,,0.0,0.0,0.0,0.0,0.0
1661300,Java,7,4,0.5714285714285714,,,0.0,0.0,0.0,0.0,0.0
1661351,Java,1,0,0.0,,,0.0,0.0,0.0,0.0,0.0
1661400,Java,5,0,0.0,,,0.0,0.0,0.0,0.0,0.0
1661411,Java,2,0,0.0,,,0.0,0.0,0.0,0.0,0.0
1661500,Java,6,0,0.0,,,0.0,0.0,0.0,0.0,0.0
1661541,Java,2,0,0.0,,,0.0,0.0,0.0,0.0,0.0
1661600,Java,3,0,0.0,,,0.0,0.0,0.0,0.0,0.0
1661641,Java,1,0,0.0,,,0.0,0.0,0.0,0.0,0.0
1661700,Java,5,1,0.2,,,0.0,0.0,0.0,0.0,0.0
1661800,Java,7,0,0.0,,,0.0,0.0,0.0,0.0,0.0
1661831,Java,2,0,0.0,,,0.0,0.0,0.0,0.0,0.0
1661832,Java,2,0,0.0,,,0.0,0.0,0.0,0.0,0.0
1661851,Java,1,1,1.0,,,0.0,0.0,0.0,0.0,0.0
1661900,Java,6,0,0.0,,,0.0,0.0,0.0,0.0,0.0
1661941,Java,2,0,0.0,,,0.0,0.0,0.0,0.0,0.0
1662000,Java,7,0,0.0,,,0.0,0.0,0.0,0.0,0.0
1662041,Java,3,0,0.0,,,0.0,0.0,0.0,0.0,0.0
1662042,Java,2,0,0.0,,,0.0,0.0,0.0,0.0,0.0
1662052,Java,0,0,,,,0.0,0.0,,,
1662100,Java,5,0,0.0,,,0.0,0.0,0.0,0.0,0.0
1662200,Java,3,0,0.0,,,0.0,0.0,0.0,0.0,0.0
1662251,Java,2,0,0.0,,,0.0,0.0,0.0,0.0,0.0
1662300,Java,3,1,0.3333333333333333,,,0.0,0.0,0.0,0.0,0.0
1662441,Java,3,0,0.0,,,0.0,0.0,0.0,0.0,0.0
1662500,Java,1,0,0.0,,,0.0,0.0,0.0,0.0,0.0
1662600,Java,7,0,0.0,,,0.0,0.0,0.0,0.0,0.0
1662641,Java,2,0,0.0,,,0.0,0.0,0.0,0.0,0.0
1662651,Java,1,0,0.0,,,0.0,0.0,0.0,0.0,0.0
1662700,Java,7,1,0.1428571428571428,,,0.0,0.0,0.0,0.0,0.0
1662731,Java,1,0,0.0,,,0.0,0.0,0.0,0.0,0.0
1662800,Java,5,0,0.0,,,0.0,0.0,0.0,0.0,0.0
1662841,Java,1,0,0.0,,,0.0,0.0,0.0,0.0,0.0
1662900,Java,3,0,0.0,,,0.0,0.0,0.0,0.0,0.0
1662941,Java,1,1,1.0,,,0.0,0.0,0.0,0.0,0.0
1670100,Java,6,1,0.1666666666666666,,,0.0,0.0,0.0,0.0,0.0
1670151,Java,1,1,1.0,,,0.0,0.0,0.0,0.0,0.0
1670200,Java,6,2,0.3333333333333333,,,0.0,0.0,0.0,0.0,0.0
1670241,Java,1,1,1.0,,,0.0,0.0,0.0,0.0,0.0
1670300,Java,2,0,0.0,,,0.0,0.0,0.0,0.0,0.0
1670400,Java,4,0,0.0,,,0.0,0.0,0.0,0.0,0.0
1670500,Java,4,0,0.0,,,0.0,0.0,0.0,0.0,0.0
1670541,Java,1,0,0.0,,,0.0,0.0,0.0,0.0,0.0
1670600,Java,3,0,0.0,,,0.0,0.0,0.0,0.0,0.0
1670700,Java,3,0,0.0,,,0.0,0.0,0.0,0.0,0.0
1670800,Java,3,0,0.0,,,0.0,0.0,0.0,0.0,0.0
1670900,Java,5,0,0.0,,,0.0,0.0,0.0,0.0,0.0
1670941,Java,0,0,,,,0.0,0.0,,,
1671000,Java,7,0,0.0,,,0.0,0.0,0.0,0.0,0.0
1671021,Java,1,1,1.0,,,0.0,0.0,0.0,0.0,0.0
1671041,Java,2,0,0.0,,,0.0,0.0,0.0,0.0,0.0
1671100,Java,3,1,0.3333333333333333,,,0.0,0.0,0.0,0.0,0.0
1671200,Java,5,0,0.0,,,0.0,0.0,0.0,0.0,0.0
1671251,Java,1,1,1.0,,,0.0,0.0,0.0,0.0,0.0
1671300,Java,3,0,0.0,,,0.0,0.0,0.0,0.0,0.0
1671331,Java,4,0,0.0,,,0.0,0.0,0.0,0.0,0.0
1671400,Java,6,0,0.0,,,0.0,0.0,0.0,0.0,0.0
1671441,Java,1,1,1.0,,,0.0,0.0,0.0,0.0,0.0
1671442,Java,1,0,0.0,,,0.0,0.0,0.0,0.0,0.0
1671500,Java,3,1,0.3333333333333333,,,0.0,0.0,0.0,0.0,0.0
1671551,Java,3,0,0.0,,,0.0,0.0,0.0,0.0,0.0
1671600,Java,4,0,0.0,,,0.0,0.0,0.0,0.0,0.0
1671641,Java,1,0,0.0,,,0.0,0.0,0.0,0.0,0.0
1671700,Java,4,0,0.0,,,0.0,0.0,0.0,0.0,0.0
1671711,Java,1,0,0.0,,,0.0,0.0,0.0,0.0,0.0
1671800,Java,6,1,0.1666666666666666,,,0.0,0.0,0.0,0.0,0.0
1671841,Java,0,0,,,,0.0,0.0,,,
1671851,Java,4,0,0.0,,,0.0,0.0,0.0,0.0,0.0
1671852,Java,1,0,0.0,,,0.0,0.0,0.0,0.0,0.0
1671900,Java,5,0,0.0,,,0.0,0.0,0.0,0.0,0.0
1671951,Java,0,0,,,,0.0,0.0,,,
1672000,Java,6,0,0.0,,,0.0,0.0,0.0,0.0,0.0
1672031,Java,2,0,0.0,,,0.0,0.0,0.0,0.0,0.0
1672051,Java,2,0,0.0,,,0.0,0.0,0.0,0.0,0.0
1672052,Java,1,0,0.0,,,0.0,0.0,0.0,0.0,0.0
1672053,Java,2,0,0.0,,,0.0,0.0,0.0,0.0,0.0
1672100,Java,6,0,0.0,,,0.0,0.0,0.0,0.0,0.0
1672131,Java,5,0,0.0,,,0.0,0.0,0.0,0.0,0.0
1672200,Java,7,0,0.0,,,0.0,0.0,0.0,0.0,0.0
1672231,Java,4,0,0.0,,,0.0,0.0,0.0,0.0,0.0
1672251,Java,3,0,0.0,,,0.0,0.0,0.0,0.0,0.0
1672252,Java,1,0,0.0,,,0.0,0.0,0.0,0.0,0.0
1672253,Java,1,1,1.0,,,0.0,0.0,0.0,0.0,0.0
1672300,Java,4,0,0.0,,,0.0,0.0,0.0,0.0,0.0
1672341,Java,2,0,0.0,,,0.0,0.0,0.0,0.0,0.0
1672400,Java,5,0,0.0,,,0.0,0.0,0.0,0.0,0.0
1672411,Java,3,0,0.0,,,0.0,0.0,0.0,0.0,0.0
1672511,Java,5,0,0.0,,,0.0,0.0,0.0,0.0,0.0
1672521,Java,4,0,0.0,,,0.0,0.0,0.0,0.0,0.0
1672541,Java,3,0,0.0,,,0.0,0.0,0.0,0.0,0.0
1672542,Java,2,0,0.0,,,0.0,0.0,0.0,0.0,0.0
1672600,Java,8,0,0.0,,,0.0,0.0,0.0,0.0,0.0
1672651,Java,4,0,0.0,,,0.0,0.0,0.0,0.0,0.0
1672700,Java,7,0,0.0,,,0.0,0.0,0.0,0.0,0.0
1672751,Java,0,0,,,,0.0,0.0,,,
1672800,Java,3,0,0.0,,,0.0,0.0,0.0,0.0,0.0
1672841,Java,3,0,0.0,,,0.0,0.0,0.0,0.0,0.0
1672900,Java,8,2,0.25,,,0.0,0.0,0.0,0.0,0.0
1672921,Java,1,0,0.0,,,0.0,0.0,0.0,0.0,0.0
1673000,Java,4,1,0.25,,,0.0,0.0,0.0,0.0,0.0
1673041,Java,2,0,0.0,,,0.0,0.0,0.0,0.0,0.0
1680100,Java,9,1,0.1111111111111111,,,0.0,0.0,0.0,0.0,0.0
1680131,Java,1,0,0.0,,,0.0,0.0,0.0,0.0,0.0
1680141,Java,1,0,0.0,,,0.0,0.0,0.0,0.0,0.0
1680200,Java,5,0,0.0,,,0.0,0.0,0.0,0.0,0.0
1680331,Java,5,0,0.0,,,0.0,0.0,0.0,0.0,0.0
1680341,Java,2,0,0.0,,,0.0,0.0,0.0,0.0,0.0
1680400,Java,4,0,0.0,,,0.0,0.0,0.0,0.0,0.0
1680500,Java,4,1,0.25,,,0.0,0.0,0.0,0.0,0.0
1680600,Java,7,0,0.0,,,0.0,0.0,0.0,0.0,0.0
1680641,Java,3,0,0.0,,,0.0,0.0,0.0,0.0,0.0
1680642,Java,1,0,0.0,,,0.0,0.0,0.0,0.0,0.0
1680643,Java,1,0,0.0,,,0.0,0.0,0.0,0.0,0.0
1680700,Java,4,0,0.0,,,0.0,0.0,0.0,0.0,0.0
1680900,Java,3,0,0.0,,,0.0,0.0,0.0,0.0,0.0
1680941,Java,3,0,0.0,,,0.0,0.0,0.0,0.0,0.0
1681000,Java,6,0,0.0,,,0.0,0.0,0.0,0.0,0.0
1681011,Java,2,0,0.0,,,0.0,0.0,0.0,0.0,0.0
1681031,Java,9,0,0.0,,,0.0,0.0,0.0,0.0,0.0
1681051,Java,1,0,0.0,,,0.0,0.0,0.0,0.0,0.0
1681100,Java,4,0,0.0,,,0.0,0.0,0.0,0.0,0.0
1681200,Java,5,0,0.0,,,0.0,0.0,0.0,0.0,0.0
1681211,Java,4,0,0.0,,,0.0,0.0,0.0,0.0,0.0
1681300,Java,5,0,0.0,,,0.0,0.0,0.0,0.0,0.0
1681400,Java,8,3,0.375,,,0.0,0.0,0.0,0.0,0.0
1681500,Java,5,0,0.0,,,0.0,0.0,0.0,0.0,0.0
1681600,Java,3,1,0.3333333333333333,,,0.0,0.0,0.0,0.0,0.0
1681651,Java,1,0,0.0,,,0.0,0.0,0.0,0.0,0.0
1681700,Java,3,0,0.0,,,0.0,0.0,0.0,0.0,0.0
1681800,Java,8,0,0.0,,,0.0,0.0,0.0,0.0,0.0
1681831,Java,0,0,,,,0.0,0.0,,,
1681841,Java,1,0,0.0,,,0.0,0.0,0.0,0.0,0.0
1681900,Java,11,0,0.0,,,0.0,0.0,0.0,0.0,0.0
1681941,Java,1,0,0.0,,,0.0,0.0,0.0,0.0,0.0
1681951,Java,1,0,0.0,,,0.0,0.0,0.0,0.0,0.0
1682000,Java,7,0,0.0,,,0.0,0.0,0.0,0.0,0.0
1682031,Java,4,0,0.0,,,0.0,0.0,0.0,0.0,0.0
1682100,Java,3,0,0.0,,,0.0,0.0,0.0,0.0,0.0
1682200,Java,5,0,0.0,,,0.0,0.0,0.0,0.0,0.0
1682252,Java,4,0,0.0,,,0.0,0.0,0.0,0.0,0.0
1682300,Java,3,0,0.0,,,0.0,0.0,0.0,0.0,0.0
1682400,Java,5,0,0.0,,,0.0,0.0,0.0,0.0,0.0
1682451,Java,3,0,0.0,,,0.0,0.0,0.0,0.0,0.0
1682500,Java,4,0,0.0,,,0.0,0.0,0.0,0.0,0.0
1682551,Java,2,0,0.0,,,0.0,0.0,0.0,0.0,0.0
1682600,Java,7,0,0.0,,,0.0,0.0,0.0,0.0,0.0
1682641,Java,1,0,0.0,,,0.0,0.0,0.0,0.0,0.0
1682651,Java,1,0,0.0,,,0.0,0.0,0.0,0.0,0.0
1682700,Java,4,0,0.0,,,0.0,0.0,0.0,0.0,0.0
1682800,Java,7,0,0.0,,,0.0,0.0,0.0,0.0,0.0
1682811,Java,2,1,0.5,,,0.0,0.0,0.0,0.0,0.0
1682831,Java,3,0,0.0,,,0.0,0.0,0.0,0.0,0.0
1682841,Java,1,0,0.0,,,0.0,0.0,0.0,0.0,0.0
1682900,Java,6,2,0.3333333333333333,,,0.0,0.0,0.0,0.0,0.0
1682951,Java,1,0,0.0,,,0.0,0.0,0.0,0.0,0.0
1683000,Java,4,0,0.0,,,0.0,0.0,0.0,0.0,0.0
1683051,Java,1,0,0.0,,,0.0,0.0,0.0,0.0,0.0
1690100,Java,6,0,0.0,,,0.0,0.0,0.0,0.0,0.0
1690200,Java,4,0,0.0,,,0.0,0.0,0.0,0.0,0.0
1690300,Java,4,0,0.0,,,0.0,0.0,0.0,0.0,0.0
1690331,Java,2,0,0.0,,,0.0,0.0,0.0,0.0,0.0
1690341,Java,3,0,0.0,,,0.0,0.0,0.0,0.0,0.0
1690351,Java,1,1,1.0,,,0.0,0.0,0.0,0.0,0.0
1690400,Java,6,0,0.0,,,0.0,0.0,0.0,0.0,0.0
1690441,Java,2,0,0.0,,,0.0,0.0,0.0,0.0,0.0
1690451,Java,1,0,0.0,,,0.0,0.0,0.0,0.0,0.0
1690500,Java,4,0,0.0,,,0.0,0.0,0.0,0.0,0.0
1690551,Java,2,1,0.5,,,0.0,0.0,0.0,0.0,0.0
1690600,Java,5,0,0.0,,,0.0,0.0,0.0,0.0,0.0
1690631,Java,1,0,0.0,,,0.0,0.0,0.0,0.0,0.0
1690700,Java,7,0,0.0,,,0.0,0.0,0.0,0.0,0.0
1690731,Java,1,0,0.0,,,0.0,0.0,0.0,0.0,0.0
1690741,Java,1,0,0.0,,,0.0,0.0,0.0,0.0,0.0
1690800,Java,6,0,0.0,,,0.0,0.0,0.0,0.0,0.0
1690900,Java,8,1,0.125,,,0.0,0.0,0.0,0.0,0.0
1690941,Java,1,1,1.0,,,0.0,0.0,0.0,0.0,0.0
1690942,Java,3,0,0.0,,,0.0,0.0,0.0,0.0,0.0
1690951,Java,1,1,1.0,,,0.0,0.0,0.0,0.0,0.0
1691000,Java,4,0,0.0,,,0.0,0.0,0.0,0.0,0.0
1691100,Java,4,0,0.0,,,0.0,0.0,0.0,0.0,0.0
1691200,Java,5,0,0.0,,,0.0,0.0,0.0,0.0,0.0
1691231,Java,1,0,0.0,,,0.0,0.0,0.0,0.0,0.0
1691300,Java,5,1,0.2,,,0.0,0.0,0.0,0.0,0.0
1691341,Java,0,0,,,,0.0,0.0,,,
1691351,Java,1,0,0.0,,,0.0,0.0,0.0,0.0,0.0
1691400,Java,4,2,0.5,,,0.0,0.0,0.0,0.0,0.0
1691442,Java,3,0,0.0,,,0.0,0.0,0.0,0.0,0.0
1691500,Java,6,1,0.1666666666666666,,,0.0,0.0,0.0,0.0,0.0
1691511,Java,1,0,0.0,,,0.0,0.0,0.0,0.0,0.0
1691541,Java,1,1,1.0,,,0.0,0.0,0.0,0.0,0.0
1691600,Java,3,0,0.0,,,0.0,0.0,0.0,0.0,0.0
1691700,Java,5,0,0.0,,,0.0,0.0,0.0,0.0,0.0
1691741,Java,1,0,0.0,,,0.0,0.0,0.0,0.0,0.0
1691742,Java,1,0,0.0,,,0.0,0.0,0.0,0.0,0.0
1691831,Java,5,0,0.0,,,0.0,0.0,0.0,0.0,0.0
1691840,Java,4,0,0.0,,,0.0,0.0,0.0,0.0,0.0
1691851,Java,3,0,0.0,,,0.0,0.0,0.0,0.0,0.0
1691900,Java,6,0,0.0,,,0.0,0.0,0.0,0.0,0.0
1691941,Java,3,0,0.0,,,0.0,0.0,0.0,0.0,0.0
1691951,Java,1,0,0.0,,,0.0,0.0,0.0,0.0,0.0
1691952,Java,1,0,0.0,,,0.0,0.0,0.0,0.0,0.0
1692000,Java,5,0,0.0,,,0.0,0.0,0.0,0.0,0.0
1692031,Java,3,0,0.0,,,0.0,0.0,0.0,0.0,0.0
1692041,Java,1,0,0.0,,,0.0,0.0,0.0,0.0,0.0
1692051,Java,2,0,0.0,,,0.0,0.0,0.0,0.0,0.0
1692100,Java,6,0,0.0,,,0.0,0.0,0.0,0.0,0.0
1692141,Java,1,1,1.0,,,0.0,0.0,0.0,0.0,0.0
1692142,Java,1,0,0.0,,,0.0,0.0,0.0,0.0,0.0
1692200,Java,5,0,0.0,,,0.0,0.0,0.0,0.0,0.0
1692231,Java,4,0,0.0,,,0.0,0.0,0.0,0.0,0.0
1692241,Java,0,0,,,,0.0,0.0,,,
1692300,Java,6,1,0.1666666666666666,,,0.0,0.0,0.0,0.0,0.0
1692400,Java,4,0,0.0,,,0.0,0.0,0.0,0.0,0.0
1692500,Java,6,0,0.0,,,0.0,0.0,0.0,0.0,0.0
1692511,Java,2,0,0.0,,,0.0,0.0,0.0,0.0,0.0
1692531,Java,2,0,0.0,,,0.0,0.0,0.0,0.0,0.0
1692541,Java,1,0,0.0,,,0.0,0.0,0.0,0.0,0.0
1692542,Java,1,0,0.0,,,0.0,0.0,0.0,0.0,0.0
1692700,Java,5,1,0.2,,,0.0,0.0,0.0,0.0,0.0
1692741,Java,2,0,0.0,,,0.0,0.0,0.0,0.0,0.0
1692800,Java,4,0,0.0,,,0.0,0.0,0.0,0.0,0.0
1692841,Java,0,0,,,,0.0,0.0,,,
1692900,Java,3,1,0.3333333333333333,,,0.0,0.0,0.0,0.0,0.0
1692942,Java,1,0,0.0,,,0.0,0.0,0.0,0.0,0.0
1693000,Java,6,0,0.0,,,0.0,0.0,0.0,0.0,0.0
1693011,Java,3,0,0.0,,,0.0,0.0,0.0,0.0,0.0
1693012,Java,0,0,,,,0.0,0.0,,,
1693041,Java,1,0,0.0,,,0.0,0.0,0.0,0.0,0.0
1700100,Java,6,0,0.0,,,0.0,0.0,0.0,0.0,0.0
1700131,Java,1,0,0.0,,,0.0,0.0,0.0,0.0,0.0
1700141,Java,1,0,0.0,,,0.0,0.0,0.0,0.0,0.0
1700142,Java,1,0,0.0,,,0.0,0.0,0.0,0.0,0.0
1700153,Java,2,0,0.0,,,0.0,0.0,0.0,0.0,0.0
1700400,Java,5,1,0.2,,,0.0,0.0,0.0,0.0,0.0
1700441,Java,1,0,0.0,,,0.0,0.0,0.0,0.0,0.0
1700700,Java,9,0,0.0,,,0.0,0.0,0.0,0.0,0.0
1700711,Java,7,1,0.1428571428571428,,,0.0,0.0,0.0,0.0,0.0
1700721,Java,1,0,0.0,,,0.0,0.0,0.0,0.0,0.0
1700731,Java,1,0,0.0,,,0.0,0.0,0.0,0.0,0.0
1700751,Java,0,0,,,,0.0,0.0,,,
1700800,Java,7,0,0.0,,,0.0,0.0,0.0,0.0,0.0
1700811,Java,1,0,0.0,,,0.0,0.0,0.0,0.0,0.0
1700841,Java,0,0,,,,0.0,0.0,,,
1701241,Java,4,0,0.0,,,0.0,0.0,0.0,0.0,0.0
1701242,Java,3,1,0.3333333333333333,,,0.0,0.0,0.0,0.0,0.0
1701400,Java,5,1,0.2,,,0.0,0.0,0.0,0.0,0.0
1701441,Java,1,0,0.0,,,0.0,0.0,0.0,0.0,0.0
1701500,Java,7,0,0.0,,,0.0,0.0,0.0,0.0,0.0
1701531,Java,6,0,0.0,,,0.0,0.0,0.0,0.0,0.0
1701551,Java,1,0,0.0,,,0.0,0.0,0.0,0.0,0.0
1701600,Java,4,0,0.0,,,0.0,0.0,0.0,0.0,0.0
1701800,Java,7,1,0.1428571428571428,,,0.0,0.0,0.0,0.0,0.0
1701841,Java,1,0,0.0,,,0.0,0.0,0.0,0.0,0.0
1701842,Java,2,1,0.5,,,0.0,0.0,0.0,0.0,0.0
1701900,Java,2,0,0.0,,,0.0,0.0,0.0,0.0,0.0
1701951,Java,1,0,0.0,,,0.0,0.0,0.0,0.0,0.0
1702000,Java,1,0,0.0,,,0.0,0.0,0.0,0.0,0.0
1704100,Java,3,0,0.0,,,0.0,0.0,0.0,0.0,0.0
1710100,Java,7,2,0.2857142857142857,,,0.0,0.0,0.0,0.0,0.0
1710151,Java,2,0,0.0,,,0.0,0.0,0.0,0.0,0.0
1710152,Java,3,0,0.0,,,0.0,0.0,0.0,0.0,0.0
1710200,Java,4,0,0.0,,,0.0,0.0,0.0,0.0,0.0
1710300,Java,7,0,0.0,,,0.0,0.0,0.0,0.0,0.0
1710341,Java,1,0,0.0,,,0.0,0.0,0.0,0.0,0.0
1710400,Java,3,0,0.0,,,0.0,0.0,0.0,0.0,0.0
1710451,Java,1,0,0.0,,,0.0,0.0,0.0,0.0,0.0
1710500,Java,3,1,0.3333333333333333,,,0.0,0.0,0.0,0.0,0.0
1710600,Java,3,0,0.0,,,0.0,0.0,0.0,0.0,0.0
1710700,Java,4,0,0.0,,,0.0,0.0,0.0,0.0,0.0
1710800,Java,5,0,0.0,,,0.0,0.0,0.0,0.0,0.0
1710851,Java,1,0,0.0,,,0.0,0.0,0.0,0.0,0.0
1711000,Java,4,0,0.0,,,0.0,0.0,0.0,0.0,0.0
1711500,Java,5,0,0.0,,,0.0,0.0,0.0,0.0,0.0
1711511,Java,2,1,0.5,,,0.0,0.0,0.0,0.0,0.0
1711611,Java,4,0,0.0,,,0.0,0.0,0.0,0.0,0.0
1711650,Java,2,0,0.0,,,0.0,0.0,0.0,0.0,0.0
1711700,Java,5,0,0.0,,,0.0,0.0,0.0,0.0,0.0
1711741,Java,1,0,0.0,,,0.0,0.0,0.0,0.0,0.0
1711800,Java,4,0,0.0,,,0.0,0.0,0.0,0.0,0.0
1711900,Java,7,2,0.2857142857142857,,,0.0,0.0,0.0,0.0,0.0
1711941,Java,2,1,0.5,,,0.0,0.0,0.0,0.0,0.0
1711951,Java,0,0,,,,0.0,0.0,,,
1712000,Java,8,0,0.0,,,0.0,0.0,0.0,0.0,0.0
1712031,Java,6,0,0.0,,,0.0,0.0,0.0,0.0,0.0
1712051,Java,2,1,0.5,,,0.0,0.0,0.0,0.0,0.0
1712100,Java,9,0,0.0,,,0.0,0.0,0.0,0.0,0.0
1712141,Java,3,0,0.0,,,0.0,0.0,0.0,0.0,0.0
1712152,Java,0,0,,,,0.0,0.0,,,
1712153,Java,3,0,0.0,,,0.0,0.0,0.0,0.0,0.0
1712154,Java,1,0,0.0,,,0.0,0.0,0.0,0.0,0.0
1712200,Java,4,0,0.0,,,0.0,0.0,0.0,0.0,0.0
1712211,Java,2,0,0.0,,,0.0,0.0,0.0,0.0,0.0
1712231,Java,7,0,0.0,,,0.0,0.0,0.0,0.0,0.0
1712300,Java,5,0,0.0,,,0.0,0.0,0.0,0.0,0.0
1712341,Java,1,0,0.0,,,0.0,0.0,0.0,0.0,0.0
1712351,Java,3,0,0.0,,,0.0,0.0,0.0,0.0,0.0
1712441,Java,4,1,0.25,,,0.0,0.0,0.0,0.0,0.0
1712500,Java,5,0,0.0,,,0.0,0.0,0.0,0.0,0.0
1712600,Java,6,0,0.0,,,0.0,0.0,0.0,0.0,0.0
1712641,Java,0,0,,,,0.0,0.0,,,
1712700,Java,6,1,0.1666666666666666,,,0.0,0.0,0.0,0.0,0.0
1712800,Java,4,0,0.0,,,0.0,0.0,0.0,0.0,0.0
1712900,Java,5,0,0.0,,,0.0,0.0,0.0,0.0,0.0
1713000,Java,1,0,0.0,,,0.0,0.0,0.0,0.0,0.0
1720200,Java,5,0,0.0,,,0.0,0.0,0.0,0.0,0.0
1720241,Java,2,0,0.0,,,0.0,0.0,0.0,0.0,0.0
1720251,Java,3,0,0.0,,,0.0,0.0,0.0,0.0,0.0
1720300,Java,4,0,0.0,,,0.0,0.0,0.0,0.0,0.0
1720400,Java,6,0,0.0,,,0.0,0.0,0.0,0.0,0.0
1720451,Java,1,0,0.0,,,0.0,0.0,0.0,0.0,0.0
1720500,Java,5,1,0.2,,,0.0,0.0,0.0,0.0,0.0
1720531,Java,2,0,0.0,,,0.0,0.0,0.0,0.0,0.0
1720600,Java,4,0,0.0,,,0.0,0.0,0.0,0.0,0.0
1720700,Java,10,0,0.0,,,0.0,0.0,0.0,0.0,0.0
1720741,Java,0,0,,,,0.0,0.0,,,
1721000,Java,3,0,0.0,,,0.0,0.0,0.0,0.0,0.0
1721200,Java,7,1,0.1428571428571428,,,0.0,0.0,0.0,0.0,0.0
1721500,Java,5,0,0.0,,,0.0,0.0,0.0,0.0,0.0
1721552,Java,0,0,,,,0.0,0.0,,,
1721700,Java,6,0,0.0,,,0.0,0.0,0.0,0.0,0.0
1721721,Java,5,0,0.0,,,0.0,0.0,0.0,0.0,0.0
1721751,Java,1,1,1.0,,,0.0,0.0,0.0,0.0,0.0
1721800,Java,4,0,0.0,,,0.0,0.0,0.0,0.0,0.0
1721841,Java,1,0,0.0,,,0.0,0.0,0.0,0.0,0.0
1721900,Java,10,0,0.0,,,0.0,0.0,0.0,0.0,0.0
1721911,Java,6,0,0.0,,,0.0,0.0,0.0,0.0,0.0
1721931,Java,1,0,0.0,,,0.0,0.0,0.0,0.0,0.0
1721932,Java,0,0,,,,0.0,0.0,,,
1721941,Java,2,0,0.0,,,0.0,0.0,0.0,0.0,0.0
1721951,Java,1,0,0.0,,,0.0,0.0,0.0,0.0,0.0
1722000,Java,7,1,0.1428571428571428,,,0.0,0.0,0.0,0.0,0.0
1730100,Java,4,0,0.0,,,0.0,0.0,0.0,0.0,0.0
1730200,Java,2,0,0.0,,,0.0,0.0,0.0,0.0,0.0
1730300,Java,8,1,0.125,,,0.0,0.0,0.0,0.0,0.0
1730331,Java,2,1,0.5,,,0.0,0.0,0.0,0.0,0.0
1730332,Java,6,0,0.0,,,0.0,0.0,0.0,0.0,0.0
1730333,Java,3,0,0.0,,,0.0,0.0,0.0,0.0,0.0
1730400,Java,9,0,0.0,,,0.0,0.0,0.0,0.0,0.0
1730431,Java,1,0,0.0,,,0.0,0.0,0.0,0.0,0.0
1730500,Java,3,0,0.0,,,0.0,0.0,0.0,0.0,0.0
1730600,Java,5,0,0.0,,,0.0,0.0,0.0,0.0,0.0
1730651,Java,1,1,1.0,,,0.0,0.0,0.0,0.0,0.0
1730700,Java,7,0,0.0,,,0.0,0.0,0.0,0.0,0.0
1730711,Java,7,0,0.0,,,0.0,0.0,0.0,0.0,0.0
1730732,Java,1,0,0.0,,,0.0,0.0,0.0,0.0,0.0
1730800,Java,4,1,0.25,,,0.0,0.0,0.0,0.0,0.0
1730900,Java,3,0,0.0,,,0.0,0.0,0.0,0.0,0.0
1731000,Java,1,0,0.0,,,0.0,0.0,0.0,0.0,0.0
1731100,Java,9,1,0.1111111111111111,,,0.0,0.0,0.0,0.0,0.0
1731152,Java,1,0,0.0,,,0.0,0.0,0.0,0.0,0.0
1731231,Java,2,0,0.0,,,0.0,0.0,0.0,0.0,0.0
1731300,Java,2,0,0.0,,,0.0,0.0,0.0,0.0,0.0
1731400,Java,6,1,0.1666666666666666,,,0.0,0.0,0.0,0.0,0.0
1731431,Java,2,1,0.5,,,0.0,0.0,0.0,0.0,0.0
1731441,Java,1,0,0.0,,,0.0,0.0,0.0,0.0,0.0
1731452,Java,2,0,0.0,,,0.0,0.0,0.0,0.0,0.0
1731500,Java,2,0,0.0,,,0.0,0.0,0.0,0.0,0.0
1731700,Java,3,0,0.0,,,0.0,0.0,0.0,0.0,0.0
1731800,Java,8,0,0.0,,,0.0,0.0,0.0,0.0,0.0
1731831,Java,4,0,0.0,,,0.0,0.0,0.0,0.0,0.0
1731842,Java,1,0,0.0,,,0.0,0.0,0.0,0.0,0.0
1731843,Java,0,0,,,,0.0,0.0,,,
1731930,Java,6,0,0.0,,,0.0,0.0,0.0,0.0,0.0
1732000,Java,7,2,0.2857142857142857,,,0.0,0.0,0.0,0.0,0.0
1732051,Java,1,1,1.0,,,0.0,0.0,0.0,0.0,0.0
1732100,Java,5,1,0.2,,,0.0,0.0,0.0,0.0,0.0
1732111,Java,3,0,0.0,,,0.0,0.0,0.0,0.0,0.0
1732131,Java,1,0,0.0,,,0.0,0.0,0.0,0.0,0.0
1732200,Java,1,0,0.0,,,0.0,0.0,0.0,0.0,0.0
1732300,Java,4,0,0.0,,,0.0,0.0,0.0,0.0,0.0
1732400,Java,1,0,0.0,,,0.0,0.0,0.0,0.0,0.0
1732500,Java,4,0,0.0,,,0.0,0.0,0.0,0.0,0.0
1732531,Java,3,0,0.0,,,0.0,0.0,0.0,0.0,0.0
1732541,Java,1,0,0.0,,,0.0,0.0,0.0,0.0,0.0
1732600,Java,7,0,0.0,,,0.0,0.0,0.0,0.0,0.0
1732611,Java,1,0,0.0,,,0.0,0.0,0.0,0.0,0.0
1732700,Java,7,0,0.0,,,0.0,0.0,0.0,0.0,0.0
1732731,Java,0,0,,,,0.0,0.0,,,
1732800,Java,5,0,0.0,,,0.0,0.0,0.0,0.0,0.0
1732811,Java,4,0,0.0,,,0.0,0.0,0.0,0.0,0.0
1732851,Java,1,0,0.0,,,0.0,0.0,0.0,0.0,0.0
1732900,Java,7,2,0.2857142857142857,,,0.0,0.0,0.0,0.0,0.0
1732951,Java,1,0,0.0,,,0.0,0.0,0.0,0.0,0.0
1733000,Java,4,0,0.0,,,0.0,0.0,0.0,0.0,0.0
1740200,Java,3,0,0.0,,,0.0,0.0,0.0,0.0,0.0
1740300,Java,7,0,0.0,,,0.0,0.0,0.0,0.0,0.0
1740331,Java,2,0,0.0,,,0.0,0.0,0.0,0.0,0.0
1740341,Java,0,0,,,,0.0,0.0,,,
1740400,Java,4,0,0.0,,,0.0,0.0,0.0,0.0,0.0
1740451,Java,1,0,0.0,,,0.0,0.0,0.0,0.0,0.0
1740500,Java,6,0,0.0,,,0.0,0.0,0.0,0.0,0.0
1740531,Java,1,0,0.0,,,0.0,0.0,0.0,0.0,0.0
1740541,Batak,2,1,0.5,,,0.0,0.0,0.0,0.0,0.0
1740600,Java,8,0,0.0,,,0.0,0.0,0.0,0.0,0.0
1740611,Java,3,0,0.0,,,0.0,0.0,0.0,0.0,0.0
1740631,Java,4,0,0.0,,,0.0,0.0,0.0,0.0,0.0
1740641,Java,0,0,,,,0.0,0.0,,,
1740651,Java,4,0,0.0,,,0.0,0.0,0.0,0.0,0.0
1740800,Java,6,0,0.0,,,0.0,0.0,0.0,0.0,0.0
1741000,Java,3,0,0.0,,,0.0,0.0,0.0,0.0,0.0
1741100,Java,4,0,0.0,,,0.0,0.0,0.0,0.0,0.0
1741200,Java,6,0,0.0,,,0.0,0.0,0.0,0.0,0.0
1741231,Java,6,0,0.0,,,0.0,0.0,0.0,0.0,0.0
1741300,Java,6,0,0.0,,,0.0,0.0,0.0,0.0,0.0
1741400,Java,6,0,0.0,,,0.0,0.0,0.0,0.0,0.0
1741451,Java,1,0,0.0,,,0.0,0.0,0.0,0.0,0.0
1741452,Java,2,0,0.0,,,0.0,0.0,0.0,0.0,0.0
1741600,Java,5,0,0.0,,,0.0,0.0,0.0,0.0,0.0
1741651,Java,1,0,0.0,,,0.0,0.0,0.0,0.0,0.0
1741652,Java,3,0,0.0,,,0.0,0.0,0.0,0.0,0.0
1741700,Java,15,2,0.1333333333333333,,,0.0,0.0,0.0,0.0,0.0
1741711,Java,0,0,,,,0.0,0.0,,,
1741731,Java,4,0,0.0,,,0.0,0.0,0.0,0.0,0.0
1741741,Java,0,0,,,,0.0,0.0,,,
1741742,Java,0,0,,,,0.0,0.0,,,
1741800,Java,7,0,0.0,,,0.0,0.0,0.0,0.0,0.0
1741852,Java,2,0,0.0,,,0.0,0.0,0.0,0.0,0.0
1741853,Java,1,0,0.0,,,0.0,0.0,0.0,0.0,0.0
1741900,Java,3,1,0.3333333333333333,,,0.0,0.0,0.0,0.0,0.0
1742000,Java,8,0,0.0,,,0.0,0.0,0.0,0.0,0.0
1742011,Java,6,0,0.0,,,0.0,0.0,0.0,0.0,0.0
1742041,Java,1,0,0.0,,,0.0,0.0,0.0,0.0,0.0
1742042,Java,2,0,0.0,,,0.0,0.0,0.0,0.0,0.0
1750100,Java,5,0,0.0,,,0.0,0.0,0.0,0.0,0.0
1750200,Java,5,0,0.0,,,0.0,0.0,0.0,0.0,0.0
1750242,Java,0,0,,,,0.0,0.0,,,
1750300,Java,6,0,0.0,,,0.0,0.0,0.0,0.0,0.0
1750311,Java,1,0,0.0,,,0.0,0.0,0.0,0.0,0.0
1750400,Java,4,0,0.0,,,0.0,0.0,0.0,0.0,0.0
1750500,Java,4,0,0.0,,,0.0,0.0,0.0,0.0,0.0
1750551,Java,1,0,0.0,,,0.0,0.0,0.0,0.0,0.0
1750600,Java,5,0,0.0,,,0.0,0.0,0.0,0.0,0.0
1750651,Java,1,0,0.0,,,0.0,0.0,0.0,0.0,0.0
1750700,Java,3,0,0.0,,,0.0,0.0,0.0,0.0,0.0
1750711,Java,4,0,0.0,,,0.0,0.0,0.0,0.0,0.0
1750751,Java,1,0,0.0,,,0.0,0.0,0.0,0.0,0.0
1750800,Java,4,0,0.0,,,0.0,0.0,0.0,0.0,0.0
1750900,Java,5,0,0.0,,,0.0,0.0,0.0,0.0,0.0
1750951,Java,4,0,0.0,,,0.0,0.0,0.0,0.0,0.0
1751000,Java,4,0,0.0,,,0.0,0.0,0.0,0.0,0.0
1751041,Java,3,0,0.0,,,0.0,0.0,0.0,0.0,0.0
1751100,Java,6,0,0.0,,,0.0,0.0,0.0,0.0,0.0
1751142,Java,1,0,0.0,,,0.0,0.0,0.0,0.0,0.0
1751143,Java,1,1,1.0,,,0.0,0.0,0.0,0.0,0.0
1751151,Java,0,0,,,,0.0,0.0,,,
1751200,Java,5,1,0.2,,,0.0,0.0,0.0,0.0,0.0
1751300,Java,4,0,0.0,,,0.0,0.0,0.0,0.0,0.0
1751351,Java,1,0,0.0,,,0.0,0.0,0.0,0.0,0.0
1751431,Java,3,0,0.0,,,0.0,0.0,0.0,0.0,0.0
1751432,Java,4,0,0.0,,,0.0,0.0,0.0,0.0,0.0
1751441,Java,2,0,0.0,,,0.0,0.0,0.0,0.0,0.0
1751500,Java,7,0,0.0,,,0.0,0.0,0.0,0.0,0.0
1751541,Java,1,0,0.0,,,0.0,0.0,0.0,0.0,0.0
1751542,Java,4,0,0.0,,,0.0,0.0,0.0,0.0,0.0
1751600,Java,4,0,0.0,,,0.0,0.0,0.0,0.0,0.0
1751651,Java,0,0,,,,0.0,0.0,,,
1751700,Java,3,0,0.0,,,0.0,0.0,0.0,0.0,0.0
1751711,Java,2,0,0.0,,,0.0,0.0,0.0,0.0,0.0
1751752,Java,3,0,0.0,,,0.0,0.0,0.0,0.0,0.0
1751800,Java,4,0,0.0,,,0.0,0.0,0.0,0.0,0.0
1751811,Java,1,0,0.0,,,0.0,0.0,0.0,0.0,0.0
1751900,Java,8,1,0.125,,,0.0,0.0,0.0,0.0,0.0
1751921,Java,0,0,,,,0.0,0.0,,,
1751941,Java,5,0,0.0,,,0.0,0.0,0.0,0.0,0.0
1752000,Java,3,0,0.0,,,0.0,0.0,0.0,0.0,0.0
1752031,Java,2,0,0.0,,,0.0,0.0,0.0,0.0,0.0
1752041,Java,2,0,0.0,,,0.0,0.0,0.0,0.0,0.0
1752100,Java,4,0,0.0,,,0.0,0.0,0.0,0.0,0.0
1752200,Java,3,0,0.0,,,0.0,0.0,0.0,0.0,0.0
1752300,Java,6,0,0.0,,,0.0,0.0,0.0,0.0,0.0
1752331,Java,1,0,0.0,,,0.0,0.0,0.0,0.0,0.0
1752351,Java,1,0,0.0,,,0.0,0.0,0.0,0.0,0.0
1752400,Java,6,0,0.0,,,0.0,0.0,0.0,0.0,0.0
1752411,Java,1,1,1.0,,,0.0,0.0,0.0,0.0,0.0
1752441,Java,0,0,,,,0.0,0.0,,,
1752500,Java,7,0,0.0,,,0.0,0.0,0.0,0.0,0.0
1752531,Java,0,0,,,,0.0,0.0,,,
1752600,Java,5,0,0.0,,,0.0,0.0,0.0,0.0,0.0
1752611,Java,3,0,0.0,,,0.0,0.0,0.0,0.0,0.0
1752641,Java,2,0,0.0,,,0.0,0.0,0.0,0.0,0.0
1752700,Java,5,0,0.0,,,0.0,0.0,0.0,0.0,0.0
1752751,Java,3,0,0.0,,,0.0,0.0,0.0,0.0,0.0
1752800,Java,5,0,0.0,,,0.0,0.0,0.0,0.0,0.0
1752841,Java,0,0,,,,0.0,0.0,,,
1752900,Java,5,1,0.2,,,0.0,0.0,0.0,0.0,0.0
1753000,Java,7,0,0.0,,,0.0,0.0,0.0,0.0,0.0
1753031,Java,2,0,0.0,,,0.0,0.0,0.0,0.0,0.0
1753032,Java,1,0,0.0,,,0.0,0.0,0.0,0.0,0.0
1760100,Java,9,1,0.1111111111111111,,,0.0,0.0,0.0,0.0,0.0
1760131,Java,5,0,0.0,,,0.0,0.0,0.0,0.0,0.0
1760153,Java,3,0,0.0,,,0.0,0.0,0.0,0.0,0.0
1760200,Java,5,1,0.2,,,0.0,0.0,0.0,0.0,0.0
1760300,Java,7,0,0.0,,,0.0,0.0,0.0,0.0,0.0
1760341,Java,3,0,0.0,,,0.0,0.0,0.0,0.0,0.0
1760351,Java,0,0,,,,0.0,0.0,,,
1760500,Java,9,0,0.0,,,0.0,0.0,0.0,0.0,0.0
1760531,Java,0,0,,,,0.0,0.0,,,
1760600,Java,4,0,0.0,,,0.0,0.0,0.0,0.0,0.0
1760651,Java,1,0,0.0,,,0.0,0.0,0.0,0.0,0.0
1760700,Java,8,0,0.0,,,0.0,0.0,0.0,0.0,0.0
1760900,Java,3,0,0.0,,,0.0,0.0,0.0,0.0,0.0
1760931,Java,2,0,0.0,,,0.0,0.0,0.0,0.0,0.0
1761000,Java,5,0,0.0,,,0.0,0.0,0.0,0.0,0.0
1761031,Java,2,0,0.0,,,0.0,0.0,0.0,0.0,0.0
1761100,Java,13,2,0.1538461538461538,,,0.0,0.0,0.0,0.0,0.0
1761111,Java,1,1,1.0,,,0.0,0.0,0.0,0.0,0.0
1761131,Java,1,0,0.0,,,0.0,0.0,0.0,0.0,0.0
1761200,Java,5,0,0.0,,,0.0,0.0,0.0,0.0,0.0
1761400,Java,9,0,0.0,,,0.0,0.0,0.0,0.0,0.0
1761431,Java,2,0,0.0,,,0.0,0.0,0.0,0.0,0.0
1761451,Java,1,0,0.0,,,0.0,0.0,0.0,0.0,0.0
1761452,Java,2,2,1.0,,,0.0,0.0,0.0,0.0,0.0
1761500,Java,6,0,0.0,,,0.0,0.0,0.0,0.0,0.0
1761511,Java,2,0,0.0,,,0.0,0.0,0.0,0.0,0.0
1761531,Java,4,0,0.0,,,0.0,0.0,0.0,0.0,0.0
1761600,Java,8,0,0.0,,,0.0,0.0,0.0,0.0,0.0
1761641,Java,1,0,0.0,,,0.0,0.0,0.0,0.0,0.0
1761642,Java,1,0,0.0,,,0.0,0.0,0.0,0.0,0.0
1761651,Java,0,0,,,,0.0,0.0,,,
1761700,Java,7,1,0.1428571428571428,,,0.0,0.0,0.0,0.0,0.0
1761711,Java,3,0,0.0,,,0.0,0.0,0.0,0.0,0.0
1761800,Java,5,0,0.0,,,0.0,0.0,0.0,0.0,0.0
1761831,Java,4,0,0.0,,,0.0,0.0,0.0,0.0,0.0
1761841,Java,1,0,0.0,,,0.0,0.0,0.0,0.0,0.0
1761900,Java,14,1,0.0714285714285714,,,0.0,0.0,0.0,0.0,0.0
1761911,Java,5,0,0.0,,,0.0,0.0,0.0,0.0,0.0
1761941,Java,1,0,0.0,,,0.0,0.0,0.0,0.0,0.0
1762000,Java,6,0,0.0,,,0.0,0.0,0.0,0.0,0.0
1770200,Java,8,0,0.0,,,0.0,0.0,0.0,0.0,0.0
1770221,Java,1,0,0.0,,,0.0,0.0,0.0,0.0,0.0
1770231,Java,0,0,,,,0.0,0.0,,,
1770251,Java,0,0,,,,0.0,0.0,,,
1770252,Java,1,0,0.0,,,0.0,0.0,0.0,0.0,0.0
1770300,Java,7,0,0.0,,,0.0,0.0,0.0,0.0,0.0
1770400,Java,5,1,0.2,,,0.0,0.0,0.0,0.0,0.0
1770500,Java,3,0,0.0,,,0.0,0.0,0.0,0.0,0.0
1770541,Java,0,0,,,,0.0,0.0,,,
1770600,Java,9,0,0.0,,,0.0,0.0,0.0,0.0,0.0
1770622,Java,2,0,0.0,,,0.0,0.0,0.0,0.0,0.0
1770641,Java,4,0,0.0,,,0.0,0.0,0.0,0.0,0.0
1770651,Java,1,0,0.0,,,0.0,0.0,0.0,0.0,0.0
1770700,Java,4,0,0.0,,,0.0,0.0,0.0,0.0,0.0
1770751,Java,1,0,0.0,,,0.0,0.0,0.0,0.0,0.0
1770800,Java,5,0,0.0,,,0.0,0.0,0.0,0.0,0.0
1770851,Java,4,0,0.0,,,0.0,0.0,0.0,0.0,0.0
1770900,Java,6,1,0.1666666666666666,,,0.0,0.0,0.0,0.0,0.0
1770921,Java,1,0,0.0,,,0.0,0.0,0.0,0.0,0.0
1770931,Java,1,1,1.0,,,0.0,0.0,0.0,0.0,0.0
1770951,Java,1,0,0.0,,,0.0,0.0,0.0,0.0,0.0
1771000,Java,5,0,0.0,,,0.0,0.0,0.0,0.0,0.0
1771041,Java,4,0,0.0,,,0.0,0.0,0.0,0.0,0.0
1771100,Java,3,0,0.0,,,0.0,0.0,0.0,0.0,0.0
1771200,Java,5,0,0.0,,,0.0,0.0,0.0,0.0,0.0
1771241,Java,3,0,0.0,,,0.0,0.0,0.0,0.0,0.0
1771300,Java,5,0,0.0,,,0.0,0.0,0.0,0.0,0.0
1771341,Java,1,0,0.0,,,0.0,0.0,0.0,0.0,0.0
1771351,Java,2,1,0.5,,,0.0,0.0,0.0,0.0,0.0
1771400,Java,7,1,0.1428571428571428,,,0.0,0.0,0.0,0.0,0.0
1771451,Java,1,1,1.0,,,0.0,0.0,0.0,0.0,0.0
1771452,Java,2,0,0.0,,,0.0,0.0,0.0,0.0,0.0
1771500,Java,7,0,0.0,,,0.0,0.0,0.0,0.0,0.0
1771541,Java,3,0,0.0,,,0.0,0.0,0.0,0.0,0.0
1771551,Java,1,0,0.0,,,0.0,0.0,0.0,0.0,0.0
1771600,Java,5,0,0.0,,,0.0,0.0,0.0,0.0,0.0
1771800,Java,7,0,0.0,,,0.0,0.0,0.0,0.0,0.0
1771841,Java,2,0,0.0,,,0.0,0.0,0.0,0.0,0.0
1771851,Java,1,1,1.0,,,0.0,0.0,0.0,0.0,0.0
1771900,Java,6,0,0.0,,,0.0,0.0,0.0,0.0,0.0
1771931,Java,2,0,0.0,,,0.0,0.0,0.0,0.0,0.0
1772000,Java,3,0,0.0,,,0.0,0.0,0.0,0.0,0.0
1772031,Java,0,0,,,,0.0,0.0,,,
1772100,Java,3,0,0.0,,,0.0,0.0,0.0,0.0,0.0
1772151,Java,5,0,0.0,,,0.0,0.0,0.0,0.0,0.0
1772200,Java,2,0,0.0,,,0.0,0.0,0.0,0.0,0.0
1772300,Java,6,0,0.0,,,0.0,0.0,0.0,0.0,0.0
1772400,Java,6,0,0.0,,,0.0,0.0,0.0,0.0,0.0
1772451,Java,0,0,,,,0.0,0.0,,,
1772452,Java,2,0,0.0,,,0.0,0.0,0.0,0.0,0.0
1772500,Java,5,1,0.2,,,0.0,0.0,0.0,0.0,0.0
1772600,Java,2,0,0.0,,,0.0,0.0,0.0,0.0,0.0
1772700,Java,5,1,0.2,,,0.0,0.0,0.0,0.0,0.0
1772742,Java,2,1,0.5,,,0.0,0.0,0.0,0.0,0.0
1772800,Java,7,0,0.0,,,0.0,0.0,0.0,0.0,0.0
1772841,Java,1,0,0.0,,,0.0,0.0,0.0,0.0,0.0
1772851,Java,1,0,0.0,,,0.0,0.0,0.0,0.0,0.0
1772900,Java,7,0,0.0,,,0.0,0.0,0.0,0.0,0.0
1772911,Java,5,0,0.0,,,0.0,0.0,0.0,0.0,0.0
1772931,Java,2,0,0.0,,,0.0,0.0,0.0,0.0,0.0
1772932,Java,1,0,0.0,,,0.0,0.0,0.0,0.0,0.0
1772941,Java,3,0,0.0,,,0.0,0.0,0.0,0.0,0.0
1772951,Java,0,0,,,,0.0,0.0,,,
1772952,Java,1,0,0.0,,,0.0,0.0,0.0,0.0,0.0
1773000,Java,5,0,0.0,,,0.0,0.0,0.0,0.0,0.0
1773051,Java,1,0,0.0,,,0.0,0.0,0.0,0.0,0.0
1773052,Java,1,0,0.0,,,0.0,0.0,0.0,0.0,0.0
1773053,Java,1,0,0.0,,,0.0,0.0,0.0,0.0,0.0
1780100,Java,8,0,0.0,,,0.0,0.0,0.0,0.0,0.0
1780132,Java,2,0,0.0,,,0.0,0.0,0.0,0.0,0.0
1780141,Java,2,0,0.0,,,0.0,0.0,0.0,0.0,0.0
1780300,Java,12,0,0.0,,,0.0,0.0,0.0,0.0,0.0
1780332,Java,2,0,0.0,,,0.0,0.0,0.0,0.0,0.0
1780341,Java,2,0,0.0,,,0.0,0.0,0.0,0.0,0.0
1780351,Java,1,0,0.0,,,0.0,0.0,0.0,0.0,0.0
1780352,Java,4,0,0.0,,,0.0,0.0,0.0,0.0,0.0
1780354,Java,1,1,1.0,,,0.0,0.0,0.0,0.0,0.0
1780400,Java,7,0,0.0,,,0.0,0.0,0.0,0.0,0.0
1780451,Java,1,0,0.0,,,0.0,0.0,0.0,0.0,0.0
1780500,Java,5,0,0.0,,,0.0,0.0,0.0,0.0,0.0
1780531,Java,1,0,0.0,,,0.0,0.0,0.0,0.0,0.0
1780551,Java,1,0,0.0,,,0.0,0.0,0.0,0.0,0.0
1780600,Java,5,0,0.0,,,0.0,0.0,0.0,0.0,0.0
1780700,Java,6,0,0.0,,,0.0,0.0,0.0,0.0,0.0
1780741,Java,5,0,0.0,,,0.0,0.0,0.0,0.0,0.0
1780800,Java,3,0,0.0,,,0.0,0.0,0.0,0.0,0.0
1780900,Java,7,0,0.0,,,0.0,0.0,0.0,0.0,0.0
1780911,Java,2,0,0.0,,,0.0,0.0,0.0,0.0,0.0
1780931,Java,0,0,,,,0.0,0.0,,,
1780941,Java,0,0,,,,0.0,0.0,,,
1781000,Java,8,0,0.0,,,0.0,0.0,0.0,0.0,0.0
1781031,Java,2,0,0.0,,,0.0,0.0,0.0,0.0,0.0
1781032,Java,2,0,0.0,,,0.0,0.0,0.0,0.0,0.0
1781100,Java,6,0,0.0,,,0.0,0.0,0.0,0.0,0.0
1781200,Java,8,1,0.125,,,0.0,0.0,0.0,0.0,0.0
1781241,Java,3,0,0.0,,,0.0,0.0,0.0,0.0,0.0
1781251,Java,2,0,0.0,,,0.0,0.0,0.0,0.0,0.0
1781300,Java,4,0,0.0,,,0.0,0.0,0.0,0.0,0.0
1781400,Java,5,1,0.2,,,0.0,0.0,0.0,0.0,0.0
1781500,Java,7,0,0.0,,,0.0,0.0,0.0,0.0,0.0
1781541,Java,2,0,0.0,,,0.0,0.0,0.0,0.0,0.0
1781551,Java,5,0,0.0,,,0.0,0.0,0.0,0.0,0.0
1781600,Java,6,0,0.0,,,0.0,0.0,0.0,0.0,0.0
1781700,Java,7,1,0.1428571428571428,,,0.0,0.0,0.0,0.0,0.0
1781731,Java,2,0,0.0,,,0.0,0.0,0.0,0.0,0.0
1781741,Java,1,0,0.0,,,0.0,0.0,0.0,0.0,0.0
1781800,Java,7,0,0.0,,,0.0,0.0,0.0,0.0,0.0
1781831,Java,4,1,0.25,,,0.0,0.0,0.0,0.0,0.0
1781851,Java,1,0,0.0,,,0.0,0.0,0.0,0.0,0.0
1781852,Java,0,0,,,,0.0,0.0,,,
1781900,Java,2,0,0.0,,,0.0,0.0,0.0,0.0,0.0
1782031,Java,4,0,0.0,,,0.0,0.0,0.0,0.0,0.0
1782050,Java,1,0,0.0,,,0.0,0.0,0.0,0.0,0.0
1782200,Java,4,0,0.0,,,0.0,0.0,0.0,0.0,0.0
1782300,Java,6,0,0.0,,,0.0,0.0,0.0,0.0,0.0
1782400,Java,2,0,0.0,,,0.0,0.0,0.0,0.0,0.0
1782441,Java,1,0,0.0,,,0.0,0.0,0.0,0.0,0.0
1782500,Java,6,0,0.0,,,0.0,0.0,0.0,0.0,0.0
1782541,Java,2,0,0.0,,,0.0,0.0,0.0,0.0,0.0
1782551,Java,1,0,0.0,,,0.0,0.0,0.0,0.0,0.0
1782600,Java,6,0,0.0,,,0.0,0.0,0.0,0.0,0.0
1782641,Java,1,0,0.0,,,0.0,0.0,0.0,0.0,0.0
1782700,Java,8,0,0.0,,,0.0,0.0,0.0,0.0,0.0
1782741,Java,0,0,,,,0.0,0.0,,,
1782751,Java,1,0,0.0,,,0.0,0.0,0.0,0.0,0.0
1782752,Java,4,0,0.0,,,0.0,0.0,0.0,0.0,0.0
1782753,Java,3,0,0.0,,,0.0,0.0,0.0,0.0,0.0
1782800,Java,7,0,0.0,,,0.0,0.0,0.0,0.0,0.0
1782831,Java,3,0,0.0,,,0.0,0.0,0.0,0.0,0.0
1782832,Java,3,0,0.0,,,0.0,0.0,0.0,0.0,0.0
1782841,Java,3,0,0.0,,,0.0,0.0,0.0,0.0,0.0
1782842,Java,0,0,,,,0.0,0.0,,,
1782900,Java,3,0,0.0,,,0.0,0.0,0.0,0.0,0.0
1783000,Java,3,0,0.0,,,0.0,0.0,0.0,0.0,0.0
1783031,Java,1,0,0.0,,,0.0,0.0,0.0,0.0,0.0
1783041,Java,1,0,0.0,,,0.0,0.0,0.0,0.0,0.0
1790100,Java,5,0,0.0,,,0.0,0.0,0.0,0.0,0.0
1790131,Java,1,0,0.0,,,0.0,0.0,0.0,0.0,0.0
1790151,Java,2,1,0.5,,,0.0,0.0,0.0,0.0,0.0
1790200,Java,7,1,0.1428571428571428,,,0.0,0.0,0.0,0.0,0.0
1790300,Java,3,0,0.0,,,0.0,0.0,0.0,0.0,0.0
1790400,Java,4,0,0.0,,,0.0,0.0,0.0,0.0,0.0
1790500,Java,3,0,0.0,,,0.0,0.0,0.0,0.0,0.0
1790521,Java,2,0,0.0,,,0.0,0.0,0.0,0.0,0.0
1790600,Java,6,1,0.1666666666666666,,,0.0,0.0,0.0,0.0,0.0
1790641,Java,2,0,0.0,,,0.0,0.0,0.0,0.0,0.0
1790651,Java,1,0,0.0,,,0.0,0.0,0.0,0.0,0.0
1790800,Java,5,0,0.0,,,0.0,0.0,0.0,0.0,0.0
1790831,Java,3,0,0.0,,,0.0,0.0,0.0,0.0,0.0
1790851,Java,1,0,0.0,,,0.0,0.0,0.0,0.0,0.0
1790900,Java,4,0,0.0,,,0.0,0.0,0.0,0.0,0.0
1791100,Java,7,0,0.0,,,0.0,0.0,0.0,0.0,0.0
1791131,Java,1,0,0.0,,,0.0,0.0,0.0,0.0,0.0
1791151,Java,1,1,1.0,,,0.0,0.0,0.0,0.0,0.0
1791200,Java,4,0,0.0,,,0.0,0.0,0.0,0.0,0.0
1791300,Java,5,0,0.0,,,0.0,0.0,0.0,0.0,0.0
1791400,Java,5,0,0.0,,,0.0,0.0,0.0,0.0,0.0
1791451,Java,1,0,0.0,,,0.0,0.0,0.0,0.0,0.0
1791500,Java,2,0,0.0,,,0.0,0.0,0.0,0.0,0.0
1791600,Java,4,0,0.0,,,0.0,0.0,0.0,0.0,0.0
1791700,Java,3,0,0.0,,,0.0,0.0,0.0,0.0,0.0
1791800,Java,3,0,0.0,,,0.0,0.0,0.0,0.0,0.0
1791841,Java,2,0,0.0,,,0.0,0.0,0.0,0.0,0.0
1792000,Java,5,0,0.0,,,0.0,0.0,0.0,0.0,0.0
1792011,Java,2,0,0.0,,,0.0,0.0,0.0,0.0,0.0
1792021,Java,2,0,0.0,,,0.0,0.0,0.0,0.0,0.0
1792041,Java,1,0,0.0,,,0.0,0.0,0.0,0.0,0.0
1792100,Java,1,0,0.0,,,0.0,0.0,0.0,0.0,0.0
1792200,Java,4,0,0.0,,,0.0,0.0,0.0,0.0,0.0
1792241,Java,1,0,0.0,,,0.0,0.0,0.0,0.0,0.0
1792242,Java,1,0,0.0,,,0.0,0.0,0.0,0.0,0.0
1792300,Java,5,0,0.0,,,0.0,0.0,0.0,0.0,0.0
1792400,Java,4,1,0.25,,,0.0,0.0,0.0,0.0,0.0
1792500,Java,5,0,0.0,,,0.0,0.0,0.0,0.0,0.0
1792541,Java,3,0,0.0,,,0.0,0.0,0.0,0.0,0.0
1792551,Java,1,0,0.0,,,0.0,0.0,0.0,0.0,0.0
1792600,Java,6,0,0.0,,,0.0,0.0,0.0,0.0,0.0
1792641,Java,1,0,0.0,,,0.0,0.0,0.0,0.0,0.0
1792642,Java,1,0,0.0,,,0.0,0.0,0.0,0.0,0.0
1792700,Java,6,0,0.0,,,0.0,0.0,0.0,0.0,0.0
1792800,Java,6,0,0.0,,,0.0,0.0,0.0,0.0,0.0
1792841,Java,3,0,0.0,,,0.0,0.0,0.0,0.0,0.0
1792900,Java,5,0,0.0,,,0.0,0.0,0.0,0.0,0.0
1792951,Java,1,0,0.0,,,0.0,0.0,0.0,0.0,0.0
1793000,Java,7,1,0.1428571428571428,,,0.0,0.0,0.0,0.0,0.0
1793051,Java,0,0,,,,0.0,0.0,,,
1800100,Java,5,0,0.0,,,0.0,0.0,0.0,0.0,0.0
1800141,Java,1,0,0.0,,,0.0,0.0,0.0,0.0,0.0
1800152,Java,2,0,0.0,,,0.0,0.0,0.0,0.0,0.0
1800300,Java,4,0,0.0,,,0.0,0.0,0.0,0.0,0.0
1800311,Java,1,0,0.0,,,0.0,0.0,0.0,0.0,0.0
1800400,Java,5,0,0.0,,,0.0,0.0,0.0,0.0,0.0
1800451,Java,1,1,1.0,,,0.0,0.0,0.0,0.0,0.0
1800500,Java,4,0,0.0,,,0.0,0.0,0.0,0.0,0.0
1800541,Java,1,0,0.0,,,0.0,0.0,0.0,0.0,0.0
1800600,Java,4,0,0.0,,,0.0,0.0,0.0,0.0,0.0
1800641,Java,2,0,0.0,,,0.0,0.0,0.0,0.0,0.0
1800642,Java,1,1,1.0,,,0.0,0.0,0.0,0.0,0.0
1800700,Java,4,0,0.0,,,0.0,0.0,0.0,0.0,0.0
1800800,Java,5,2,0.4,,,0.0,0.0,0.0,0.0,0.0
1800841,Java,1,0,0.0,,,0.0,0.0,0.0,0.0,0.0
1800842,Java,1,1,1.0,,,0.0,0.0,0.0,0.0,0.0
1800900,Java,4,0,0.0,,,0.0,0.0,0.0,0.0,0.0
1801000,Java,5,0,0.0,,,0.0,0.0,0.0,0.0,0.0
1801100,Java,5,0,0.0,,,0.0,0.0,0.0,0.0,0.0
1801200,Java,6,0,0.0,,,0.0,0.0,0.0,0.0,0.0
1801211,Java,12,0,0.0,,,0.0,0.0,0.0,0.0,0.0
1801300,Java,8,1,0.125,,,0.0,0.0,0.0,0.0,0.0
1801400,Java,4,0,0.0,,,0.0,0.0,0.0,0.0,0.0
1801600,Java,6,1,0.1666666666666666,,,0.0,0.0,0.0,0.0,0.0
1801700,Java,4,1,0.25,,,0.0,0.0,0.0,0.0,0.0
1801800,Java,5,0,0.0,,,0.0,0.0,0.0,0.0,0.0
1801832,Java,5,0,0.0,,,0.0,0.0,0.0,0.0,0.0
1801851,Java,0,0,,,,0.0,0.0,,,
1801900,Java,5,0,0.0,,,0.0,0.0,0.0,0.0,0.0
1802000,Java,1,0,0.0,,,0.0,0.0,0.0,0.0,0.0
1802100,Java,6,4,0.6666666666666666,,,0.0,0.0,0.0,0.0,0.0
1802151,Java,1,0,0.0,,,0.0,0.0,0.0,0.0,0.0
1802152,Java,4,0,0.0,,,0.0,0.0,0.0,0.0,0.0
1802200,Java,6,1,0.1666666666666666,,,0.0,0.0,0.0,0.0,0.0
1802241,Java,3,0,0.0,,,0.0,0.0,0.0,0.0,0.0
1802251,Java,1,0,0.0,,,0.0,0.0,0.0,0.0,0.0
1802252,Java,2,1,0.5,,,0.0,0.0,0.0,0.0,0.0
1802300,Java,6,0,0.0,,,0.0,0.0,0.0,0.0,0.0
1802341,Java,1,0,0.0,,,0.0,0.0,0.0,0.0,0.0
1802342,Java,0,0,,,,0.0,0.0,,,
1802400,Java,7,0,0.0,,,0.0,0.0,0.0,0.0,0.0
1802500,Java,4,0,0.0,,,0.0,0.0,0.0,0.0,0.0
1802541,Java,0,0,,,,0.0,0.0,,,
1802600,Java,4,1,0.25,,,0.0,0.0,0.0,0.0,0.0
1802700,Java,6,0,0.0,,,0.0,0.0,0.0,0.0,0.0
1802711,Java,1,0,0.0,,,0.0,0.0,0.0,0.0,0.0
1802731,Java,0,0,,,,0.0,0.0,,,
1802751,Java,1,1,1.0,,,0.0,0.0,0.0,0.0,0.0
1802800,Java,4,1,0.25,,,0.0,0.0,0.0,0.0,0.0
1802831,Java,4,1,0.25,,,0.0,0.0,0.0,0.0,0.0
1802832,Java,5,0,0.0,,,0.0,0.0,0.0,0.0,0.0
1802900,Java,6,1,0.1666666666666666,,,0.0,0.0,0.0,0.0,0.0
1803000,Java,7,0,0.0,,,0.0,0.0,0.0,0.0,0.0
1803031,Java,5,0,0.0,,,0.0,0.0,0.0,0.0,0.0
1810100,Java,5,0,0.0,,,0.0,0.0,0.0,0.0,0.0
1810200,Java,5,1,0.2,,,0.0,0.0,0.0,0.0,0.0
1810231,Java,2,0,0.0,,,0.0,0.0,0.0,0.0,0.0
1810241,Java,1,0,0.0,,,0.0,0.0,0.0,0.0,0.0
1810300,Java,7,0,0.0,,,0.0,0.0,0.0,0.0,0.0
1810341,Java,1,0,0.0,,,0.0,0.0,0.0,0.0,0.0
1810351,Java,1,0,0.0,,,0.0,0.0,0.0,0.0,0.0
1810400,Java,5,0,0.0,,,0.0,0.0,0.0,0.0,0.0
1810441,Java,1,0,0.0,,,0.0,0.0,0.0,0.0,0.0
1810500,Java,6,0,0.0,,,0.0,0.0,0.0,0.0,0.0
1810531,Java,1,1,1.0,,,0.0,0.0,0.0,0.0,0.0
1810551,Java,2,0,0.0,,,0.0,0.0,0.0,0.0,0.0
1810600,Java,4,1,0.25,,,0.0,0.0,0.0,0.0,0.0
1810700,Java,8,0,0.0,,,0.0,0.0,0.0,0.0,0.0
1810711,Java,2,0,0.0,,,0.0,0.0,0.0,0.0,0.0
1810731,Java,4,0,0.0,,,0.0,0.0,0.0,0.0,0.0
1810751,Java,1,0,0.0,,,0.0,0.0,0.0,0.0,0.0
1810800,Java,4,1,0.25,,,0.0,0.0,0.0,0.0,0.0
1810832,Java,8,0,0.0,,,0.0,0.0,0.0,0.0,0.0
1810841,Java,1,0,0.0,,,0.0,0.0,0.0,0.0,0.0
1810842,Java,2,0,0.0,,,0.0,0.0,0.0,0.0,0.0
1810900,Java,5,0,0.0,,,0.0,0.0,0.0,0.0,0.0
1810931,Java,1,0,0.0,,,0.0,0.0,0.0,0.0,0.0
1811000,Java,8,3,0.375,,,0.0,0.0,0.0,0.0,0.0
1811031,Java,1,0,0.0,,,0.0,0.0,0.0,0.0,0.0
1811041,Java,1,0,0.0,,,0.0,0.0,0.0,0.0,0.0
1811100,Java,9,0,0.0,,,0.0,0.0,0.0,0.0,0.0
1811131,Java,2,0,0.0,,,0.0,0.0,0.0,0.0,0.0
1811132,Java,3,0,0.0,,,0.0,0.0,0.0,0.0,0.0
1811133,Java,0,0,,,,0.0,0.0,,,
1811141,Java,0,0,,,,0.0,0.0,,,
1811200,Java,5,2,0.4,,,0.0,0.0,0.0,0.0,0.0
1811211,Java,4,0,0.0,,,0.0,0.0,0.0,0.0,0.0
1811252,Java,1,0,0.0,,,0.0,0.0,0.0,0.0,0.0
1811300,Java,5,0,0.0,,,0.0,0.0,0.0,0.0,0.0
1811341,Java,1,0,0.0,,,0.0,0.0,0.0,0.0,0.0
1811400,Java,7,1,0.1428571428571428,,,0.0,0.0,0.0,0.0,0.0
1811431,Java,0,0,,,,0.0,0.0,,,
1811432,Java,7,0,0.0,,,0.0,0.0,0.0,0.0,0.0
1811500,Java,2,0,0.0,,,0.0,0.0,0.0,0.0,0.0
1811642,Java,2,0,0.0,,,0.0,0.0,0.0,0.0,0.0
1811700,Java,3,0,0.0,,,0.0,0.0,0.0,0.0,0.0
1811751,Java,4,0,0.0,,,0.0,0.0,0.0,0.0,0.0
1812000,Java,3,0,0.0,,,0.0,0.0,0.0,0.0,0.0
1812051,Java,3,0,0.0,,,0.0,0.0,0.0,0.0,0.0
1812100,Java,6,0,0.0,,,0.0,0.0,0.0,0.0,0.0
1812151,Java,3,0,0.0,,,0.0,0.0,0.0,0.0,0.0
1812200,Java,4,0,0.0,,,0.0,0.0,0.0,0.0,0.0
1812231,Java,2,1,0.5,,,0.0,0.0,0.0,0.0,0.0
1812300,Java,4,0,0.0,,,0.0,0.0,0.0,0.0,0.0
1812331,Java,1,0,0.0,,,0.0,0.0,0.0,0.0,0.0
1812351,Java,1,0,0.0,,,0.0,0.0,0.0,0.0,0.0
1812400,Java,5,1,0.2,,,0.0,0.0,0.0,0.0,0.0
1812422,Java,9,0,0.0,,,0.0,0.0,0.0,0.0,0.0
1812441,Java,0,0,,,,0.0,0.0,,,
1812442,Java,0,0,,,,0.0,0.0,,,
1812451,Java,1,1,1.0,,,0.0,0.0,0.0,0.0,0.0
1812500,Java,5,1,0.2,,,0.0,0.0,0.0,0.0,0.0
1812531,Java,3,0,0.0,,,0.0,0.0,0.0,0.0,0.0
1812551,Java,1,0,0.0,,,0.0,0.0,0.0,0.0,0.0
1812600,Java,5,0,0.0,,,0.0,0.0,0.0,0.0,0.0
1812631,Java,1,0,0.0,,,0.0,0.0,0.0,0.0,0.0
1812651,Java,1,0,0.0,,,0.0,0.0,0.0,0.0,0.0
1812700,Java,7,0,0.0,,,0.0,0.0,0.0,0.0,0.0
1812721,Java,1,0,0.0,,,0.0,0.0,0.0,0.0,0.0
1812751,Java,0,0,,,,0.0,0.0,,,
1812800,Java,10,0,0.0,,,0.0,0.0,0.0,0.0,0.0
1812851,Java,0,0,,,,0.0,0.0,,,
1812852,Java,0,0,,,,0.0,0.0,,,
1813000,Java,5,1,0.2,,,0.0,0.0,0.0,0.0,0.0
1813041,Java,1,0,0.0,,,0.0,0.0,0.0,0.0,0.0
1813051,Java,4,0,0.0,,,0.0,0.0,0.0,0.0,0.0
1820100,Java,5,0,0.0,,,0.0,0.0,0.0,0.0,0.0
1820200,Java,8,0,0.0,,,0.0,0.0,0.0,0.0,0.0
1820211,Java,2,1,0.5,,,0.0,0.0,0.0,0.0,0.0
1820212,Java,2,1,0.5,,,0.0,0.0,0.0,0.0,0.0
1820251,Java,1,0,0.0,,,0.0,0.0,0.0,0.0,0.0
1820300,Java,7,0,0.0,,,0.0,0.0,0.0,0.0,0.0
1820331,Java,2,1,0.5,,,0.0,0.0,0.0,0.0,0.0
1820400,Java,3,0,0.0,,,0.0,0.0,0.0,0.0,0.0
1820500,Java,4,0,0.0,,,0.0,0.0,0.0,0.0,0.0
1820600,Java,6,3,0.5,,,0.0,0.0,0.0,0.0,0.0
1820700,Java,3,0,0.0,,,0.0,0.0,0.0,0.0,0.0
1820800,Java,10,1,0.1,,,0.0,0.0,0.0,0.0,0.0
1820811,Java,5,0,0.0,,,0.0,0.0,0.0,0.0,0.0
1820900,Java,6,0,0.0,,,0.0,0.0,0.0,0.0,0.0
1820911,Java,10,1,0.1,,,0.0,0.0,0.0,0.0,0.0
1821200,Java,6,1,0.1666666666666666,,,0.0,0.0,0.0,0.0,0.0
1821241,Java,2,0,0.0,,,0.0,0.0,0.0,0.0,0.0
1821251,Java,1,0,0.0,,,0.0,0.0,0.0,0.0,0.0
1821300,Java,12,1,0.0833333333333333,,,0.0,0.0,0.0,0.0,0.0
1821331,Java,0,0,,,,0.0,0.0,,,
1821341,Java,1,0,0.0,,,0.0,0.0,0.0,0.0,0.0
1821342,Java,1,0,0.0,,,0.0,0.0,0.0,0.0,0.0
1821351,Java,1,0,0.0,,,0.0,0.0,0.0,0.0,0.0
1821400,Java,4,0,0.0,,,0.0,0.0,0.0,0.0,0.0
1821431,Java,1,0,0.0,,,0.0,0.0,0.0,0.0,0.0
1821451,Java,5,0,0.0,,,0.0,0.0,0.0,0.0,0.0
1821500,Java,3,0,0.0,,,0.0,0.0,0.0,0.0,0.0
1821700,Java,7,1,0.1428571428571428,,,0.0,0.0,0.0,0.0,0.0
1821741,Java,3,0,0.0,,,0.0,0.0,0.0,0.0,0.0
1821800,Java,4,0,0.0,,,0.0,0.0,0.0,0.0,0.0
1821841,Java,0,0,,,,0.0,0.0,,,
1821900,Java,6,0,0.0,,,0.0,0.0,0.0,0.0,0.0
1821951,Java,3,0,0.0,,,0.0,0.0,0.0,0.0,0.0
1822000,Java,8,1,0.125,,,0.0,0.0,0.0,0.0,0.0
1822011,Java,1,0,0.0,,,0.0,0.0,0.0,0.0,0.0
1822051,Java,1,1,1.0,,,0.0,0.0,0.0,0.0,0.0
1822052,Java,0,0,,,,0.0,0.0,,,
1830100,Java,9,0,0.0,,,0.0,0.0,0.0,0.0,0.0
1830141,Java,1,0,0.0,,,0.0,0.0,0.0,0.0,0.0
1830151,Java,1,0,0.0,,,0.0,0.0,0.0,0.0,0.0
1830200,Java,5,0,0.0,,,0.0,0.0,0.0,0.0,0.0
1830211,Java,2,0,0.0,,,0.0,0.0,0.0,0.0,0.0
1830300,Java,5,0,0.0,,,0.0,0.0,0.0,0.0,0.0
1830400,Java,6,1,0.1666666666666666,,,0.0,0.0,0.0,0.0,0.0
1830431,Java,1,0,0.0,,,0.0,0.0,0.0,0.0,0.0
1830441,Java,3,0,0.0,,,0.0,0.0,0.0,0.0,0.0
1830451,Java,1,0,0.0,,,0.0,0.0,0.0,0.0,0.0
1830500,Java,6,0,0.0,,,0.0,0.0,0.0,0.0,0.0
1830531,Java,3,0,0.0,,,0.0,0.0,0.0,0.0,0.0
1830600,Java,5,0,0.0,,,0.0,0.0,0.0,0.0,0.0
1830700,Java,5,0,0.0,,,0.0,0.0,0.0,0.0,0.0
1830741,Java,1,1,1.0,,,0.0,0.0,0.0,0.0,0.0
1830800,Java,9,0,0.0,,,0.0,0.0,0.0,0.0,0.0
1830832,Java,2,0,0.0,,,0.0,0.0,0.0,0.0,0.0
1830841,Java,2,0,0.0,,,0.0,0.0,0.0,0.0,0.0
1830842,Java,3,0,0.0,,,0.0,0.0,0.0,0.0,0.0
1830900,Java,6,0,0.0,,,0.0,0.0,0.0,0.0,0.0
1830941,Java,5,0,0.0,,,0.0,0.0,0.0,0.0,0.0
1830951,Java,0,0,,,,0.0,0.0,,,
1831000,Java,7,0,0.0,,,0.0,0.0,0.0,0.0,0.0
1831011,Java,2,0,0.0,,,0.0,0.0,0.0,0.0,0.0
1831042,Java,1,0,0.0,,,0.0,0.0,0.0,0.0,0.0
1831100,Java,7,0,0.0,,,0.0,0.0,0.0,0.0,0.0
1831111,Java,2,0,0.0,,,0.0,0.0,0.0,0.0,0.0
1831121,Java,2,0,0.0,,,0.0,0.0,0.0,0.0,0.0
1831141,Java,1,0,0.0,,,0.0,0.0,0.0,0.0,0.0
1831142,Java,1,0,0.0,,,0.0,0.0,0.0,0.0,0.0
1831151,Java,1,0,0.0,,,0.0,0.0,0.0,0.0,0.0
1831200,Java,2,0,0.0,,,0.0,0.0,0.0,0.0,0.0
1831300,Java,6,0,0.0,,,0.0,0.0,0.0,0.0,0.0
1831332,Java,3,0,0.0,,,0.0,0.0,0.0,0.0,0.0
1831351,Java,1,0,0.0,,,0.0,0.0,0.0,0.0,0.0
1831400,Java,8,0,0.0,,,0.0,0.0,0.0,0.0,0.0
1831441,Java,1,0,0.0,,,0.0,0.0,0.0,0.0,0.0
1831500,Java,6,0,0.0,,,0.0,0.0,0.0,0.0,0.0
1831531,Java,2,0,0.0,,,0.0,0.0,0.0,0.0,0.0
1831600,Java,3,0,0.0,,,0.0,0.0,0.0,0.0,0.0
1831641,Java,1,0,0.0,,,0.0,0.0,0.0,0.0,0.0
1831700,Java,14,0,0.0,,,0.0,0.0,0.0,0.0,0.0
1831721,Java,6,0,0.0,,,0.0,0.0,0.0,0.0,0.0
1831731,Java,2,0,0.0,,,0.0,0.0,0.0,0.0,0.0
1831800,Java,5,0,0.0,,,0.0,0.0,0.0,0.0,0.0
1831851,Java,2,0,0.0,,,0.0,0.0,0.0,0.0,0.0
1831852,Java,2,0,0.0,,,0.0,0.0,0.0,0.0,0.0
1831900,Java,4,0,0.0,,,0.0,0.0,0.0,0.0,0.0
1831941,Java,1,0,0.0,,,0.0,0.0,0.0,0.0,0.0
1832000,Java,2,0,0.0,,,0.0,0.0,0.0,0.0,0.0
1840100,Java,5,0,0.0,,,0.0,0.0,0.0,0.0,0.0
1840200,Java,8,0,0.0,,,0.0,0.0,0.0,0.0,0.0
1840221,Java,11,0,0.0,,,0.0,0.0,0.0,0.0,0.0
1840222,Java,0,0,,,,0.0,0.0,,,
1840231,Java,5,0,0.0,,,0.0,0.0,0.0,0.0,0.0
1840241,Java,2,0,0.0,,,0.0,0.0,0.0,0.0,0.0
1840411,Java,3,0,0.0,,,0.0,0.0,0.0,0.0,0.0
1840500,Java,3,0,0.0,,,0.0,0.0,0.0,0.0,0.0
1840600,Java,5,0,0.0,,,0.0,0.0,0.0,0.0,0.0
1840631,Java,2,0,0.0,,,0.0,0.0,0.0,0.0,0.0
1840700,Java,6,0,0.0,,,0.0,0.0,0.0,0.0,0.0
1840741,Java,1,0,0.0,,,0.0,0.0,0.0,0.0,0.0
1840742,Java,4,0,0.0,,,0.0,0.0,0.0,0.0,0.0
1840751,Java,1,0,0.0,,,0.0,0.0,0.0,0.0,0.0
1840800,Java,2,0,0.0,,,0.0,0.0,0.0,0.0,0.0
1840900,Java,8,2,0.25,,,0.0,0.0,0.0,0.0,0.0
1840921,Java,1,0,0.0,,,0.0,0.0,0.0,0.0,0.0
1840941,Java,1,0,0.0,,,0.0,0.0,0.0,0.0,0.0
1841000,Java,8,1,0.125,,,0.0,0.0,0.0,0.0,0.0
1841041,Java,0,0,,,,0.0,0.0,,,
1841051,Java,2,0,0.0,,,0.0,0.0,0.0,0.0,0.0
1841100,Java,3,0,0.0,,,0.0,0.0,0.0,0.0,0.0
1841141,Java,3,0,0.0,,,0.0,0.0,0.0,0.0,0.0
1841200,Java,6,1,0.1666666666666666,,,0.0,0.0,0.0,0.0,0.0
1841242,Java,1,1,1.0,,,0.0,0.0,0.0,0.0,0.0
1841300,Java,5,0,0.0,,,0.0,0.0,0.0,0.0,0.0
1841400,Java,6,1,0.1666666666666666,,,0.0,0.0,0.0,0.0,0.0
1841431,Java,1,0,0.0,,,0.0,0.0,0.0,0.0,0.0
1841432,Java,1,0,0.0,,,0.0,0.0,0.0,0.0,0.0
1841433,Java,4,0,0.0,,,0.0,0.0,0.0,0.0,0.0
1841500,Java,5,1,0.2,,,0.0,0.0,0.0,0.0,0.0
1841511,Java,1,0,0.0,,,0.0,0.0,0.0,0.0,0.0
1841531,Java,3,1,0.3333333333333333,,,0.0,0.0,0.0,0.0,0.0
1841600,Java,2,0,0.0,,,0.0,0.0,0.0,0.0,0.0
1841611,Java,6,1,0.1666666666666666,,,0.0,0.0,0.0,0.0,0.0
1841700,Java,2,0,0.0,,,0.0,0.0,0.0,0.0,0.0
1841800,Java,9,1,0.1111111111111111,,,0.0,0.0,0.0,0.0,0.0
1841811,Java,4,0,0.0,,,0.0,0.0,0.0,0.0,0.0
1841900,Java,7,0,0.0,,,0.0,0.0,0.0,0.0,0.0
1841941,Java,1,0,0.0,,,0.0,0.0,0.0,0.0,0.0
1841951,Java,3,0,0.0,,,0.0,0.0,0.0,0.0,0.0
1842000,Java,2,0,0.0,,,0.0,0.0,0.0,0.0,0.0
1842031,Java,4,2,0.5,,,0.0,0.0,0.0,0.0,0.0
1842051,Java,1,0,0.0,,,0.0,0.0,0.0,0.0,0.0
1842100,Java,6,1,0.1666666666666666,,,0.0,0.0,0.0,0.0,0.0
1842111,Java,19,0,0.0,,,0.0,0.0,0.0,0.0,0.0
1842141,Java,0,0,,,,0.0,0.0,,,
1842300,Java,15,0,0.0,,,0.0,0.0,0.0,0.0,0.0
1842331,Java,2,1,0.5,,,0.0,0.0,0.0,0.0,0.0
1842400,Java,5,1,0.2,,,0.0,0.0,0.0,0.0,0.0
1842421,Java,1,0,0.0,,,0.0,0.0,0.0,0.0,0.0
1842422,Java,4,0,0.0,,,0.0,0.0,0.0,0.0,0.0
1842500,Java,3,1,0.3333333333333333,,,0.0,0.0,0.0,0.0,0.0
1842531,Java,6,0,0.0,,,0.0,0.0,0.0,0.0,0.0
1842533,Java,7,0,0.0,,,0.0,0.0,0.0,0.0,0.0
1842600,Java,3,0,0.0,,,0.0,0.0,0.0,0.0,0.0
1842641,Java,1,1,1.0,,,0.0,0.0,0.0,0.0,0.0
1842700,Java,5,0,0.0,,,0.0,0.0,0.0,0.0,0.0
1842711,Java,7,1,0.1428571428571428,,,0.0,0.0,0.0,0.0,0.0
1842751,Java,1,0,0.0,,,0.0,0.0,0.0,0.0,0.0
1842753,Java,2,0,0.0,,,0.0,0.0,0.0,0.0,0.0
1842900,Java,2,0,0.0,,,0.0,0.0,0.0,0.0,0.0
1842941,Java,2,1,0.5,,,0.0,0.0,0.0,0.0,0.0
1843000,Java,9,1,0.1111111111111111,,,0.0,0.0,0.0,0.0,0.0
1843021,Java,0,0,,,,0.0,0.0,,,
1843041,Java,1,0,0.0,,,0.0,0.0,0.0,0.0,0.0
1843051,Java,1,0,0.0,,,0.0,0.0,0.0,0.0,0.0
1843052,Java,1,0,0.0,,,0.0,0.0,0.0,0.0,0.0
1850100,Java,3,0,0.0,,,0.0,0.0,0.0,0.0,0.0
1850200,Java,10,0,0.0,,,0.0,0.0,0.0,0.0,0.0
1850211,Java,4,0,0.0,,,0.0,0.0,0.0,0.0,0.0
1850231,Java,0,0,,,,0.0,0.0,,,
1850251,Java,1,0,0.0,,,0.0,0.0,0.0,0.0,0.0
1850321,Java,2,0,0.0,,,0.0,0.0,0.0,0.0,0.0
1850331,Java,3,0,0.0,,,0.0,0.0,0.0,0.0,0.0
1850400,Java,7,0,0.0,,,0.0,0.0,0.0,0.0,0.0
1850431,Java,0,0,,,,0.0,0.0,,,
1850441,Java,1,0,0.0,,,0.0,0.0,0.0,0.0,0.0
1850451,Java,3,1,0.3333333333333333,,,0.0,0.0,0.0,0.0,0.0
1850500,Java,7,0,0.0,,,0.0,0.0,0.0,0.0,0.0
1850551,Java,0,0,,,,0.0,0.0,,,
1850600,Java,9,0,0.0,,,0.0,0.0,0.0,0.0,0.0
1850631,Java,0,0,,,,0.0,0.0,,,
1850632,Java,0,0,,,,0.0,0.0,,,
1850700,Java,3,0,0.0,,,0.0,0.0,0.0,0.0,0.0
1850751,Java,0,0,,,,0.0,0.0,,,
1850800,Java,6,2,0.3333333333333333,,,0.0,0.0,0.0,0.0,0.0
1850853,Java,3,0,0.0,,,0.0,0.0,0.0,0.0,0.0
1850900,Java,4,0,0.0,,,0.0,0.0,0.0,0.0,0.0
1851000,Java,7,1,0.1428571428571428,,,0.0,0.0,0.0,0.0,0.0
1851051,Java,1,1,1.0,,,0.0,0.0,0.0,0.0,0.0
1851100,Java,5,1,0.2,,,0.0,0.0,0.0,0.0,0.0
1851200,Java,5,0,0.0,,,0.0,0.0,0.0,0.0,0.0
1851300,Java,4,0,0.0,,,0.0,0.0,0.0,0.0,0.0
1851400,Java,10,0,0.0,,,0.0,0.0,0.0,0.0,0.0
1851411,Java,0,0,,,,0.0,0.0,,,
1851432,Java,0,0,,,,0.0,0.0,,,
1851500,Java,7,1,0.1428571428571428,,,0.0,0.0,0.0,0.0,0.0
1851600,Java,4,0,0.0,,,0.0,0.0,0.0,0.0,0.0
1851631,Java,2,0,0.0,,,0.0,0.0,0.0,0.0,0.0
1851700,Java,5,0,0.0,,,0.0,0.0,0.0,0.0,0.0
1851800,Java,6,0,0.0,,,0.0,0.0,0.0,0.0,0.0
1851851,Java,2,0,0.0,,,0.0,0.0,0.0,0.0,0.0
1851900,Java,4,0,0.0,,,0.0,0.0,0.0,0.0,0.0
1851941,Java,1,0,0.0,,,0.0,0.0,0.0,0.0,0.0
1851942,Java,1,0,0.0,,,0.0,0.0,0.0,0.0,0.0
1851951,Java,2,0,0.0,,,0.0,0.0,0.0,0.0,0.0
1852000,Java,5,1,0.2,,,0.0,0.0,0.0,0.0,0.0
1852051,Java,2,0,0.0,,,0.0,0.0,0.0,0.0,0.0
1860100,Java,4,0,0.0,,,0.0,0.0,0.0,0.0,0.0
1860141,Java,2,0,0.0,,,0.0,0.0,0.0,0.0,0.0
1860241,Java,1,1,1.0,,,0.0,0.0,0.0,0.0,0.0
1860342,Java,2,0,0.0,,,0.0,0.0,0.0,0.0,0.0
1860841,Java,0,0,,,,0.0,0.0,,,
1860851,Java,0,0,,,,0.0,0.0,,,
1861121,Java,0,0,,,,0.0,0.0,,,
1861400,Java,4,0,0.0,,,0.0,0.0,0.0,0.0,0.0
1861451,Java,1,1,1.0,,,0.0,0.0,0.0,0.0,0.0
1861641,Java,0,0,,,,0.0,0.0,,,
1861842,Java,1,1,1.0,,,0.0,0.0,0.0,0.0,0.0
1862631,Java,1,1,1.0,,,0.0,0.0,0.0,0.0,0.0
1862651,Java,1,1,1.0,,,0.0,0.0,0.0,0.0,0.0
1862652,Java,0,0,,,,0.0,0.0,,,
1862841,Java,4,1,0.25,,,0.0,0.0,0.0,0.0,0.0
1863041,Java,1,1,1.0,,,0.0,0.0,0.0,0.0,0.0
1863051,Java,1,0,0.0,,,0.0,0.0,0.0,0.0,0.0
1870100,Java,2,0,0.0,,,0.0,0.0,0.0,0.0,0.0
1870300,Java,4,0,0.0,,,0.0,0.0,0.0,0.0,0.0
1870400,Java,8,0,0.0,,,0.0,0.0,0.0,0.0,0.0
1870441,Java,1,0,0.0,,,0.0,0.0,0.0,0.0,0.0
1870442,Java,1,0,0.0,,,0.0,0.0,0.0,0.0,0.0
1870443,Java,1,0,0.0,,,0.0,0.0,0.0,0.0,0.0
1870451,Java,0,0,,,,0.0,0.0,,,
1870500,Java,4,1,0.25,,,0.0,0.0,0.0,0.0,0.0
1870600,Java,4,0,0.0,,,0.0,0.0,0.0,0.0,0.0
1870651,Java,3,0,0.0,,,0.0,0.0,0.0,0.0,0.0
1870700,Java,5,0,0.0,,,0.0,0.0,0.0,0.0,0.0
1870751,Java,3,0,0.0,,,0.0,0.0,0.0,0.0,0.0
1870800,Java,6,0,0.0,,,0.0,0.0,0.0,0.0,0.0
1870900,Java,5,0,0.0,,,0.0,0.0,0.0,0.0,0.0
1870921,Java,6,0,0.0,,,0.0,0.0,0.0,0.0,0.0
1870941,Java,2,0,0.0,,,0.0,0.0,0.0,0.0,0.0
1871000,Java,3,0,0.0,,,0.0,0.0,0.0,0.0,0.0
1871100,Java,4,0,0.0,,,0.0,0.0,0.0,0.0,0.0
1871200,Java,3,0,0.0,,,0.0,0.0,0.0,0.0,0.0
1871300,Java,6,1,0.1666666666666666,,,0.0,0.0,0.0,0.0,0.0
1871321,Java,1,0,0.0,,,0.0,0.0,0.0,0.0,0.0
1871331,Java,2,0,0.0,,,0.0,0.0,0.0,0.0,0.0
1871400,Java,6,1,0.1666666666666666,,,0.0,0.0,0.0,0.0,0.0
1871432,Java,1,0,0.0,,,0.0,0.0,0.0,0.0,0.0
1871500,Java,6,0,0.0,,,0.0,0.0,0.0,0.0,0.0
1871600,Java,6,0,0.0,,,0.0,0.0,0.0,0.0,0.0
1871700,Java,6,0,0.0,,,0.0,0.0,0.0,0.0,0.0
1871741,Java,0,0,,,,0.0,0.0,,,
1871751,Java,1,0,0.0,,,0.0,0.0,0.0,0.0,0.0
1871752,Java,3,0,0.0,,,0.0,0.0,0.0,0.0,0.0
1871800,Java,4,0,0.0,,,0.0,0.0,0.0,0.0,0.0
1871900,Java,3,0,0.0,,,0.0,0.0,0.0,0.0,0.0
1871931,Java,3,1,0.3333333333333333,,,0.0,0.0,0.0,0.0,0.0
1872000,Java,10,1,0.1,,,0.0,0.0,0.0,0.0,0.0
1872031,Java,4,0,0.0,,,0.0,0.0,0.0,0.0,0.0
1874100,Java,5,0,0.0,,,0.0,0.0,0.0,0.0,0.0
1874121,Java,7,0,0.0,,,0.0,0.0,0.0,0.0,0.0
1874151,Java,5,0,0.0,,,0.0,0.0,0.0,0.0,0.0
1880300,Java,4,0,0.0,,,0.0,0.0,0.0,0.0,0.0
1880351,Java,1,1,1.0,,,0.0,0.0,0.0,0.0,0.0
1880400,Java,10,0,0.0,,,0.0,0.0,0.0,0.0,0.0
1880441,Java,0,0,,,,0.0,0.0,,,
1880442,Java,1,0,0.0,,,0.0,0.0,0.0,0.0,0.0
1880500,Java,3,0,0.0,,,0.0,0.0,0.0,0.0,0.0
1880600,Java,12,0,0.0,,,0.0,0.0,0.0,0.0,0.0
1880631,Java,0,0,,,,0.0,0.0,,,
1880641,Java,1,0,0.0,,,0.0,0.0,0.0,0.0,0.0
1880643,Java,3,0,0.0,,,0.0,0.0,0.0,0.0,0.0
1880651,Java,2,0,0.0,,,0.0,0.0,0.0,0.0,0.0
1880800,Java,8,0,0.0,,,0.0,0.0,0.0,0.0,0.0
1880831,Java,3,0,0.0,,,0.0,0.0,0.0,0.0,0.0
1880832,Java,2,0,0.0,,,0.0,0.0,0.0,0.0,0.0
1880851,Java,1,0,0.0,,,0.0,0.0,0.0,0.0,0.0
1880852,Java,1,1,1.0,,,0.0,0.0,0.0,0.0,0.0
1880900,Java,5,0,0.0,,,0.0,0.0,0.0,0.0,0.0
1881000,Java,3,0,0.0,,,0.0,0.0,0.0,0.0,0.0
1881041,Java,1,0,0.0,,,0.0,0.0,0.0,0.0,0.0
1881042,Java,1,0,0.0,,,0.0,0.0,0.0,0.0,0.0
1881100,Java,2,0,0.0,,,0.0,0.0,0.0,0.0,0.0
1881200,Java,6,0,0.0,,,0.0,0.0,0.0,0.0,0.0
1881241,Java,1,0,0.0,,,0.0,0.0,0.0,0.0,0.0
1881300,Java,3,0,0.0,,,0.0,0.0,0.0,0.0,0.0
1881400,Java,5,0,0.0,,,0.0,0.0,0.0,0.0,0.0
1881441,Java,1,0,0.0,,,0.0,0.0,0.0,0.0,0.0
1881500,Java,6,0,0.0,,,0.0,0.0,0.0,0.0,0.0
1881600,Java,4,0,0.0,,,0.0,0.0,0.0,0.0,0.0
1881800,Java,6,0,0.0,,,0.0,0.0,0.0,0.0,0.0
1881900,Java,6,0,0.0,,,0.0,0.0,0.0,0.0,0.0
1881941,Java,2,0,0.0,,,0.0,0.0,0.0,0.0,0.0
1882000,Java,3,0,0.0,,,0.0,0.0,0.0,0.0,0.0
1890300,Java,4,0,0.0,,,0.0,0.0,0.0,0.0,0.0
1890331,Java,1,0,0.0,,,0.0,0.0,0.0,0.0,0.0
1890351,Java,1,0,0.0,,,0.0,0.0,0.0,0.0,0.0
1891100,Java,5,0,0.0,,,0.0,0.0,0.0,0.0,0.0
1891241,Java,4,0,0.0,,,0.0,0.0,0.0,0.0,0.0
1891300,Java,8,0,0.0,,,0.0,0.0,0.0,0.0,0.0
1891311,Java,6,0,0.0,,,0.0,0.0,0.0,0.0,0.0
1891333,Java,9,1,0.1111111111111111,,,0.0,0.0,0.0,0.0,0.0
1891341,Java,1,0,0.0,,,0.0,0.0,0.0,0.0,0.0
1891500,Java,6,2,0.3333333333333333,,,0.0,0.0,0.0,0.0,0.0
1891541,Java,1,0,0.0,,,0.0,0.0,0.0,0.0,0.0
1891552,Java,1,0,0.0,,,0.0,0.0,0.0,0.0,0.0
1891600,Java,3,0,0.0,,,0.0,0.0,0.0,0.0,0.0
1891631,Java,6,0,0.0,,,0.0,0.0,0.0,0.0,0.0
1891632,Java,2,1,0.5,,,0.0,0.0,0.0,0.0,0.0
1891800,Java,4,1,0.25,,,0.0,0.0,0.0,0.0,0.0
1891900,Java,4,1,0.25,,,0.0,0.0,0.0,0.0,0.0
1900200,Java,6,0,0.0,,,0.0,0.0,0.0,0.0,0.0
1900232,Java,3,1,0.3333333333333333,,,0.0,0.0,0.0,0.0,0.0
1900251,Java,4,0,0.0,,,0.0,0.0,0.0,0.0,0.0
1900300,Java,8,0,0.0,,,0.0,0.0,0.0,0.0,0.0
1900400,Java,7,1,0.1428571428571428,,,0.0,0.0,0.0,0.0,0.0
1900500,Java,13,3,0.2307692307692307,,,0.0,0.0,0.0,0.0,0.0
1900532,Java,3,0,0.0,,,0.0,0.0,0.0,0.0,0.0
1900542,Java,3,0,0.0,,,0.0,0.0,0.0,0.0,0.0
1900543,Java,3,0,0.0,,,0.0,0.0,0.0,0.0,0.0
1900800,Java,13,1,0.0769230769230769,,,0.0,0.0,0.0,0.0,0.0
1900831,Java,3,2,0.6666666666666666,,,0.0,0.0,0.0,0.0,0.0
1900832,Java,2,1,0.5,,,0.0,0.0,0.0,0.0,0.0
1900851,Java,0,0,,,,0.0,0.0,,,
1900852,Java,2,1,0.5,,,0.0,0.0,0.0,0.0,0.0
1900900,Java,7,0,0.0,,,0.0,0.0,0.0,0.0,0.0
1900911,Java,2,1,0.5,,,0.0,0.0,0.0,0.0,0.0
1900931,Java,2,0,0.0,,,0.0,0.0,0.0,0.0,0.0
1900951,Java,1,1,1.0,,,0.0,0.0,0.0,0.0,0.0
1901000,Java,11,1,0.0909090909090909,,,0.0,0.0,0.0,0.0,0.0
1901200,Java,3,0,0.0,,,0.0,0.0,0.0,0.0,0.0
1901251,Java,1,1,1.0,,,0.0,0.0,0.0,0.0,0.0
1901300,Java,11,0,0.0,,,0.0,0.0,0.0,0.0,0.0
1901343,Java,1,0,0.0,,,0.0,0.0,0.0,0.0,0.0
1901351,Java,2,1,0.5,,,0.0,0.0,0.0,0.0,0.0
1901600,Java,9,3,0.3333333333333333,,,0.0,0.0,0.0,0.0,0.0
1901651,Java,1,0,0.0,,,0.0,0.0,0.0,0.0,0.0
1901700,Java,6,0,0.0,,,0.0,0.0,0.0,0.0,0.0
1901711,Java,3,0,0.0,,,0.0,0.0,0.0,0.0,0.0
1901800,Java,4,0,0.0,,,0.0,0.0,0.0,0.0,0.0
1901811,Java,3,0,0.0,,,0.0,0.0,0.0,0.0,0.0
1902000,Java,1,0,0.0,,,0.0,0.0,0.0,0.0,0.0
1910100,Java,6,0,0.0,,,0.0,0.0,0.0,0.0,0.0
1910141,Java,1,0,0.0,,,0.0,0.0,0.0,0.0,0.0
1910151,Java,0,0,,,,0.0,0.0,,,
1910200,Java,7,0,0.0,,,0.0,0.0,0.0,0.0,0.0
1910600,Java,2,0,0.0,,,0.0,0.0,0.0,0.0,0.0
1910800,Java,9,0,0.0,,,0.0,0.0,0.0,0.0,0.0
1910900,Java,6,0,0.0,,,0.0,0.0,0.0,0.0,0.0
1910951,Java,1,0,0.0,,,0.0,0.0,0.0,0.0,0.0
1911000,Java,14,2,0.1428571428571428,,,0.0,0.0,0.0,0.0,0.0
1911100,Java,7,0,0.0,,,0.0,0.0,0.0,0.0,0.0
1911141,Java,1,0,0.0,,,0.0,0.0,0.0,0.0,0.0
1911151,Batak,1,0,0.0,,,0.0,0.0,0.0,0.0,0.0
1911152,Java,1,0,0.0,,,0.0,0.0,0.0,0.0,0.0
1911221,Java,3,0,0.0,,,0.0,0.0,0.0,0.0,0.0
1911300,Java,9,0,0.0,,,0.0,0.0,0.0,0.0,0.0
1911352,Java,1,0,0.0,,,0.0,0.0,0.0,0.0,0.0
1911400,Java,8,1,0.125,,,0.0,0.0,0.0,0.0,0.0
1911500,Java,2,0,0.0,,,0.0,0.0,0.0,0.0,0.0
1911800,Java,3,0,0.0,,,0.0,0.0,0.0,0.0,0.0
1911851,Java,4,0,0.0,,,0.0,0.0,0.0,0.0,0.0
1911900,Java,6,0,0.0,,,0.0,0.0,0.0,0.0,0.0
1912000,Java,3,0,0.0,,,0.0,0.0,0.0,0.0,0.0
1912041,Java,0,0,,,,0.0,0.0,,,
1920400,Java,6,0,0.0,,,0.0,0.0,0.0,0.0,0.0
1920441,Java,1,0,0.0,,,0.0,0.0,0.0,0.0,0.0
1920451,Java,3,0,0.0,,,0.0,0.0,0.0,0.0,0.0
1920500,Java,4,0,0.0,,,0.0,0.0,0.0,0.0,0.0
1920600,Java,4,0,0.0,,,0.0,0.0,0.0,0.0,0.0
1920700,Java,7,0,0.0,,,0.0,0.0,0.0,0.0,0.0
1920731,Java,2,0,0.0,,,0.0,0.0,0.0,0.0,0.0
1920741,Java,3,0,0.0,,,0.0,0.0,0.0,0.0,0.0
1920751,Java,0,0,,,,0.0,0.0,,,
1920811,Java,5,0,0.0,,,0.0,0.0,0.0,0.0,0.0
1920900,Java,3,0,0.0,,,0.0,0.0,0.0,0.0,0.0
1921100,Java,6,3,0.5,,,0.0,0.0,0.0,0.0,0.0
1921131,Java,4,0,0.0,,,0.0,0.0,0.0,0.0,0.0
1921152,Java,1,0,0.0,,,0.0,0.0,0.0,0.0,0.0
1921200,Java,8,3,0.375,,,0.0,0.0,0.0,0.0,0.0
1921252,Java,1,0,0.0,,,0.0,0.0,0.0,0.0,0.0
1921300,Java,7,0,0.0,,,0.0,0.0,0.0,0.0,0.0
1921341,Java,1,1,1.0,,,0.0,0.0,0.0,0.0,0.0
1921351,Java,3,0,0.0,,,0.0,0.0,0.0,0.0,0.0
1921400,Java,5,0,0.0,,,0.0,0.0,0.0,0.0,0.0
1921700,Java,6,1,0.1666666666666666,,,0.0,0.0,0.0,0.0,0.0
1921751,Java,2,0,0.0,,,0.0,0.0,0.0,0.0,0.0
1921800,Java,2,0,0.0,,,0.0,0.0,0.0,0.0,0.0
1921900,Java,4,0,0.0,,,0.0,0.0,0.0,0.0,0.0
1921941,Java,1,0,0.0,,,0.0,0.0,0.0,0.0,0.0
1930100,Java,5,0,0.0,,,0.0,0.0,0.0,0.0,0.0
1930151,Java,1,0,0.0,,,0.0,0.0,0.0,0.0,0.0
1930200,Java,10,0,0.0,,,0.0,0.0,0.0,0.0,0.0
1930231,Java,5,0,0.0,,,0.0,0.0,0.0,0.0,0.0
1930252,Java,0,0,,,,0.0,0.0,,,
1930300,Java,4,1,0.25,,,0.0,0.0,0.0,0.0,0.0
1930400,Java,6,0,0.0,,,0.0,0.0,0.0,0.0,0.0
1930451,Java,2,1,0.5,,,0.0,0.0,0.0,0.0,0.0
1930500,Java,8,0,0.0,,,0.0,0.0,0.0,0.0,0.0
1930541,Java,0,0,,,,0.0,0.0,,,
1930600,Java,11,1,0.0909090909090909,,,0.0,0.0,0.0,0.0,0.0
1930631,Java,3,0,0.0,,,0.0,0.0,0.0,0.0,0.0
1930700,Java,10,1,0.1,,,0.0,0.0,0.0,0.0,0.0
1930741,Java,2,0,0.0,,,0.0,0.0,0.0,0.0,0.0
1930742,Java,1,0,0.0,,,0.0,0.0,0.0,0.0,0.0
1930800,Java,3,0,0.0,,,0.0,0.0,0.0,0.0,0.0
1930841,Java,2,0,0.0,,,0.0,0.0,0.0,0.0,0.0
1931000,Java,5,0,0.0,,,0.0,0.0,0.0,0.0,0.0
1931041,Java,2,0,0.0,,,0.0,0.0,0.0,0.0,0.0
1931042,Java,2,0,0.0,,,0.0,0.0,0.0,0.0,0.0
1931141,Java,1,0,0.0,,,0.0,0.0,0.0,0.0,0.0
1931200,Java,2,0,0.0,,,0.0,0.0,0.0,0.0,0.0
1931300,Java,6,0,0.0,,,0.0,0.0,0.0,0.0,0.0
1931351,Java,2,0,0.0,,,0.0,0.0,0.0,0.0,0.0
1931400,Java,6,0,0.0,,,0.0,0.0,0.0,0.0,0.0
1931451,Java,1,0,0.0,,,0.0,0.0,0.0,0.0,0.0
1931500,Java,5,1,0.2,,,0.0,0.0,0.0,0.0,0.0
1931631,Java,4,1,0.25,,,0.0,0.0,0.0,0.0,0.0
1931700,Java,6,0,0.0,,,0.0,0.0,0.0,0.0,0.0
1931741,Java,1,0,0.0,,,0.0,0.0,0.0,0.0,0.0
1931742,Java,1,0,0.0,,,0.0,0.0,0.0,0.0,0.0
1931751,Java,1,0,0.0,,,0.0,0.0,0.0,0.0,0.0
1931752,Java,1,0,0.0,,,0.0,0.0,0.0,0.0,0.0
1931800,Java,7,0,0.0,,,0.0,0.0,0.0,0.0,0.0
1931841,Java,3,0,0.0,,,0.0,0.0,0.0,0.0,0.0
1931851,Java,1,0,0.0,,,0.0,0.0,0.0,0.0,0.0
1931852,Java,1,0,0.0,,,0.0,0.0,0.0,0.0,0.0
1931900,Java,8,0,0.0,,,0.0,0.0,0.0,0.0,0.0
1931931,Java,1,1,1.0,,,0.0,0.0,0.0,0.0,0.0
1931941,Java,1,0,0.0,,,0.0,0.0,0.0,0.0,0.0
1931951,Java,0,0,,,,0.0,0.0,,,
1932000,Java,6,0,0.0,,,0.0,0.0,0.0,0.0,0.0
1932011,Java,8,0,0.0,,,0.0,0.0,0.0,0.0,0.0
1932031,Java,1,0,0.0,,,0.0,0.0,0.0,0.0,0.0
1934100,Java,5,0,0.0,,,0.0,0.0,0.0,0.0,0.0
1934142,Java,1,0,0.0,,,0.0,0.0,0.0,0.0,0.0
1940100,Java,3,0,0.0,,,0.0,0.0,0.0,0.0,0.0
1940151,Java,1,0,0.0,,,0.0,0.0,0.0,0.0,0.0
1940152,Java,1,0,0.0,,,0.0,0.0,0.0,0.0,0.0
1940200,Java,4,0,0.0,,,0.0,0.0,0.0,0.0,0.0
1940231,Java,2,0,0.0,,,0.0,0.0,0.0,0.0,0.0
1940300,Java,5,0,0.0,,,0.0,0.0,0.0,0.0,0.0
1940500,Java,5,0,0.0,,,0.0,0.0,0.0,0.0,0.0
1940751,Java,0,0,,,,0.0,0.0,,,
1940831,Java,3,1,0.3333333333333333,,,0.0,0.0,0.0,0.0,0.0
1940841,Java,3,1,0.3333333333333333,,,0.0,0.0,0.0,0.0,0.0
1940900,Java,5,0,0.0,,,0.0,0.0,0.0,0.0,0.0
1941000,Java,3,0,0.0,,,0.0,0.0,0.0,0.0,0.0
1941100,Java,5,0,0.0,,,0.0,0.0,0.0,0.0,0.0
1941141,Java,1,0,0.0,,,0.0,0.0,0.0,0.0,0.0
1941300,Java,3,0,0.0,,,0.0,0.0,0.0,0.0,0.0
1941400,Java,5,0,0.0,,,0.0,0.0,0.0,0.0,0.0
1941441,Java,1,0,0.0,,,0.0,0.0,0.0,0.0,0.0
1941500,Java,6,1,0.1666666666666666,,,0.0,0.0,0.0,0.0,0.0
1941600,Java,4,0,0.0,,,0.0,0.0,0.0,0.0,0.0
1941700,Java,6,0,0.0,,,0.0,0.0,0.0,0.0,0.0
1941731,Java,3,0,0.0,,,0.0,0.0,0.0,0.0,0.0
1941800,Java,3,0,0.0,,,0.0,0.0,0.0,0.0,0.0
1941900,Java,22,2,0.0909090909090909,,,0.0,0.0,0.0,0.0,0.0
1941921,Java,4,0,0.0,,,0.0,0.0,0.0,0.0,0.0
1941931,Java,4,1,0.25,,,0.0,0.0,0.0,0.0,0.0
1941932,Java,4,0,0.0,,,0.0,0.0,0.0,0.0,0.0
1941942,Java,4,0,0.0,,,0.0,0.0,0.0,0.0,0.0
1941946,Java,2,0,0.0,,,0.0,0.0,0.0,0.0,0.0
1941951,Java,1,1,1.0,,,0.0,0.0,0.0,0.0,0.0
1941952,Java,2,1,0.5,,,0.0,0.0,0.0,0.0,0.0
1942000,Java,10,0,0.0,,,0.0,0.0,0.0,0.0,0.0
1950100,Java,8,0,0.0,,,0.0,0.0,0.0,0.0,0.0
1950141,Java,1,0,0.0,,,0.0,0.0,0.0,0.0,0.0
1950151,Java,1,0,0.0,,,0.0,0.0,0.0,0.0,0.0
1950152,Java,1,0,0.0,,,0.0,0.0,0.0,0.0,0.0
1950200,Java,5,1,0.2,,,0.0,0.0,0.0,0.0,0.0
1950251,Java,1,0,0.0,,,0.0,0.0,0.0,0.0,0.0
1950252,Java,1,0,0.0,,,0.0,0.0,0.0,0.0,0.0
1950300,Java,5,1,0.2,,,0.0,0.0,0.0,0.0,0.0
1950351,Java,1,0,0.0,,,0.0,0.0,0.0,0.0,0.0
1950400,Java,5,0,0.0,,,0.0,0.0,0.0,0.0,0.0
1950451,Java,0,0,,,,0.0,0.0,,,
1950500,Java,4,0,0.0,,,0.0,0.0,0.0,0.0,0.0
1950600,Java,3,0,0.0,,,0.0,0.0,0.0,0.0,0.0
1950700,Java,6,0,0.0,,,0.0,0.0,0.0,0.0,0.0
1950731,Java,1,0,0.0,,,0.0,0.0,0.0,0.0,0.0
1950751,Java,1,0,0.0,,,0.0,0.0,0.0,0.0,0.0
1950800,Java,5,0,0.0,,,0.0,0.0,0.0,0.0,0.0
1950841,Java,2,0,0.0,,,0.0,0.0,0.0,0.0,0.0
1950900,Java,7,2,0.2857142857142857,,,0.0,0.0,0.0,0.0,0.0
1950941,Java,0,0,,,,0.0,0.0,,,
1950942,Java,3,0,0.0,,,0.0,0.0,0.0,0.0,0.0
1950951,Java,1,0,0.0,,,0.0,0.0,0.0,0.0,0.0
1951000,Java,5,0,0.0,,,0.0,0.0,0.0,0.0,0.0
1951051,Java,0,0,,,,0.0,0.0,,,
1951052,Java,1,0,0.0,,,0.0,0.0,0.0,0.0,0.0
1951100,Java,6,0,0.0,,,0.0,0.0,0.0,0.0,0.0
1951141,Java,2,0,0.0,,,0.0,0.0,0.0,0.0,0.0
1951142,Java,1,0,0.0,,,0.0,0.0,0.0,0.0,0.0
1951151,Java,2,0,0.0,,,0.0,0.0,0.0,0.0,0.0
1951200,Java,8,0,0.0,,,0.0,0.0,0.0,0.0,0.0
1951211,Java,1,0,0.0,,,0.0,0.0,0.0,0.0,0.0
1951231,Java,3,0,0.0,,,0.0,0.0,0.0,0.0,0.0
1951241,Java,3,0,0.0,,,0.0,0.0,0.0,0.0,0.0
1951254,Java,0,0,,,,0.0,0.0,,,
1951500,Java,14,1,0.0714285714285714,,,0.0,0.0,0.0,0.0,0.0
1951541,Java,0,0,,,,0.0,0.0,,,
1951542,Java,0,0,,,,0.0,0.0,,,
1951551,Java,4,1,0.25,,,0.0,0.0,0.0,0.0,0.0
1951600,Java,8,2,0.25,,,0.0,0.0,0.0,0.0,0.0
1951621,Java,4,0,0.0,,,0.0,0.0,0.0,0.0,0.0
1951641,Java,1,0,0.0,,,0.0,0.0,0.0,0.0,0.0
1951700,Java,6,0,0.0,,,0.0,0.0,0.0,0.0,0.0
1951741,Java,2,1,0.5,,,0.0,0.0,0.0,0.0,0.0
1951800,Java,6,0,0.0,,,0.0,0.0,0.0,0.0,0.0
1951841,Java,1,0,0.0,,,0.0,0.0,0.0,0.0,0.0
1951900,Java,14,4,0.2857142857142857,,,0.0,0.0,0.0,0.0,0.0
1951941,Java,4,0,0.0,,,0.0,0.0,0.0,0.0,0.0
1951942,Java,0,0,,,,0.0,0.0,,,
1951952,Java,1,0,0.0,,,0.0,0.0,0.0,0.0,0.0
1951953,Java,3,0,0.0,,,0.0,0.0,0.0,0.0,0.0
1952000,Java,5,1,0.2,,,0.0,0.0,0.0,0.0,0.0
1960200,Java,2,0,0.0,,,0.0,0.0,0.0,0.0,0.0
1960300,Java,5,0,0.0,,,0.0,0.0,0.0,0.0,0.0
1960331,Java,5,0,0.0,,,0.0,0.0,0.0,0.0,0.0
1960400,Java,4,0,0.0,,,0.0,0.0,0.0,0.0,0.0
1960500,Java,4,0,0.0,,,0.0,0.0,0.0,0.0,0.0
1960541,Java,3,0,0.0,,,0.0,0.0,0.0,0.0,0.0
1960552,Java,0,0,,,,0.0,0.0,,,
1960600,Java,2,0,0.0,,,0.0,0.0,0.0,0.0,0.0
1960700,Java,7,0,0.0,,,0.0,0.0,0.0,0.0,0.0
1960742,Java,0,0,,,,0.0,0.0,,,
1960800,Java,8,0,0.0,,,0.0,0.0,0.0,0.0,0.0
1960811,Java,2,0,0.0,,,0.0,0.0,0.0,0.0,0.0
1960831,Java,2,0,0.0,,,0.0,0.0,0.0,0.0,0.0
1960842,Java,4,0,0.0,,,0.0,0.0,0.0,0.0,0.0
1960851,Java,1,0,0.0,,,0.0,0.0,0.0,0.0,0.0
1960900,Java,2,0,0.0,,,0.0,0.0,0.0,0.0,0.0
1961000,Java,5,0,0.0,,,0.0,0.0,0.0,0.0,0.0
1961100,Java,5,0,0.0,,,0.0,0.0,0.0,0.0,0.0
1961141,Java,0,0,,,,0.0,0.0,,,
1961142,Java,4,0,0.0,,,0.0,0.0,0.0,0.0,0.0
1961200,Java,6,1,0.1666666666666666,,,0.0,0.0,0.0,0.0,0.0
1961300,Java,6,0,0.0,,,0.0,0.0,0.0,0.0,0.0
1961341,Java,4,0,0.0,,,0.0,0.0,0.0,0.0,0.0
1961400,Java,1,0,0.0,,,0.0,0.0,0.0,0.0,0.0
1961500,Java,6,1,0.1666666666666666,,,0.0,0.0,0.0,0.0,0.0
1961600,Java,6,0,0.0,,,0.0,0.0,0.0,0.0,0.0
1961641,Java,0,0,,,,0.0,0.0,,,
1961651,Java,0,0,,,,0.0,0.0,,,
1961700,Java,3,0,0.0,,,0.0,0.0,0.0,0.0,0.0
1961831,Java,3,1,0.3333333333333333,,,0.0,0.0,0.0,0.0,0.0
1961900,Java,3,0,0.0,,,0.0,0.0,0.0,0.0,0.0
1961941,Java,4,0,0.0,,,0.0,0.0,0.0,0.0,0.0
1962000,Java,4,0,0.0,,,0.0,0.0,0.0,0.0,0.0
1962041,Java,1,0,0.0,,,0.0,0.0,0.0,0.0,0.0
1962300,Java,5,0,0.0,,,0.0,0.0,0.0,0.0,0.0
1962342,Java,1,1,1.0,,,0.0,0.0,0.0,0.0,0.0
1962400,Java,11,0,0.0,,,0.0,0.0,0.0,0.0,0.0
1962431,Java,3,0,0.0,,,0.0,0.0,0.0,0.0,0.0
1962451,Java,2,0,0.0,,,0.0,0.0,0.0,0.0,0.0
1962452,Java,1,0,0.0,,,0.0,0.0,0.0,0.0,0.0
1962500,Java,13,0,0.0,,,0.0,0.0,0.0,0.0,0.0
1962532,Java,0,0,,,,0.0,0.0,,,
1962600,Java,3,0,0.0,,,0.0,0.0,0.0,0.0,0.0
1962700,Java,3,1,0.3333333333333333,,,0.0,0.0,0.0,0.0,0.0
1962751,Java,2,2,1.0,,,0.0,0.0,0.0,0.0,0.0
1962800,Java,5,1,0.2,,,0.0,0.0,0.0,0.0,0.0
1962900,Java,3,0,0.0,,,0.0,0.0,0.0,0.0,0.0
1963000,Java,6,0,0.0,,,0.0,0.0,0.0,0.0,0.0
1970100,Java,8,1,0.125,,,0.0,0.0,0.0,0.0,0.0
1970142,Java,3,0,0.0,,,0.0,0.0,0.0,0.0,0.0
1970200,Java,4,0,0.0,,,0.0,0.0,0.0,0.0,0.0
1970231,Java,6,0,0.0,,,0.0,0.0,0.0,0.0,0.0
1970241,Java,6,0,0.0,,,0.0,0.0,0.0,0.0,0.0
1970300,Java,5,0,0.0,,,0.0,0.0,0.0,0.0,0.0
1970351,Java,1,0,0.0,,,0.0,0.0,0.0,0.0,0.0
1970400,Java,5,0,0.0,,,0.0,0.0,0.0,0.0,0.0
1970411,Java,1,0,0.0,,,0.0,0.0,0.0,0.0,0.0
1970431,Java,4,0,0.0,,,0.0,0.0,0.0,0.0,0.0
1970441,Java,1,0,0.0,,,0.0,0.0,0.0,0.0,0.0
1970500,Java,6,0,0.0,,,0.0,0.0,0.0,0.0,0.0
1970600,Java,5,0,0.0,,,0.0,0.0,0.0,0.0,0.0
1970800,Java,4,0,0.0,,,0.0,0.0,0.0,0.0,0.0
1970831,Java,0,0,,,,0.0,0.0,,,
1970900,Java,2,0,0.0,,,0.0,0.0,0.0,0.0,0.0
1971000,Java,3,0,0.0,,,0.0,0.0,0.0,0.0,0.0
1971011,Java,1,0,0.0,,,0.0,0.0,0.0,0.0,0.0
1971100,Java,3,1,0.3333333333333333,,,0.0,0.0,0.0,0.0,0.0
1971151,Java,1,0,0.0,,,0.0,0.0,0.0,0.0,0.0
1971200,Java,5,1,0.2,,,0.0,0.0,0.0,0.0,0.0
1971241,Java,3,0,0.0,,,0.0,0.0,0.0,0.0,0.0
1971300,Java,7,0,0.0,,,0.0,0.0,0.0,0.0,0.0
1971341,Java,1,0,0.0,,,0.0,0.0,0.0,0.0,0.0
1971400,Java,4,0,0.0,,,0.0,0.0,0.0,0.0,0.0
1971451,Java,1,0,0.0,,,0.0,0.0,0.0,0.0,0.0
1971500,Java,6,0,0.0,,,0.0,0.0,0.0,0.0,0.0
1971551,Java,1,1,1.0,,,0.0,0.0,0.0,0.0,0.0
1971600,Java,5,1,0.2,,,0.0,0.0,0.0,0.0,0.0
1971631,Java,2,0,0.0,,,0.0,0.0,0.0,0.0,0.0
1971700,Java,4,2,0.5,,,0.0,0.0,0.0,0.0,0.0
1971751,Java,2,0,0.0,,,0.0,0.0,0.0,0.0,0.0
1971800,Java,1,0,0.0,,,0.0,0.0,0.0,0.0,0.0
1971900,Java,3,0,0.0,,,0.0,0.0,0.0,0.0,0.0
1972000,Java,12,1,0.0833333333333333,,,0.0,0.0,0.0,0.0,0.0
1972011,Java,4,1,0.25,,,0.0,0.0,0.0,0.0,0.0
1972041,Java,3,0,0.0,,,0.0,0.0,0.0,0.0,0.0
1972051,Java,1,0,0.0,,,0.0,0.0,0.0,0.0,0.0
1972100,Java,4,0,0.0,,,0.0,0.0,0.0,0.0,0.0
1972131,Java,2,0,0.0,,,0.0,0.0,0.0,0.0,0.0
1972200,Java,6,0,0.0,,,0.0,0.0,0.0,0.0,0.0
1972300,Java,3,1,0.3333333333333333,,,0.0,0.0,0.0,0.0,0.0
1972400,Java,5,1,0.2,,,0.0,0.0,0.0,0.0,0.0
1972451,Java,2,0,0.0,,,0.0,0.0,0.0,0.0,0.0
1972500,Java,6,0,0.0,,,0.0,0.0,0.0,0.0,0.0
1972532,Java,1,0,0.0,,,0.0,0.0,0.0,0.0,0.0
1972600,Java,4,0,0.0,,,0.0,0.0,0.0,0.0,0.0
1972641,Java,1,0,0.0,,,0.0,0.0,0.0,0.0,0.0
1972642,Java,4,0,0.0,,,0.0,0.0,0.0,0.0,0.0
1972800,Java,7,0,0.0,,,0.0,0.0,0.0,0.0,0.0
1972851,Java,2,0,0.0,,,0.0,0.0,0.0,0.0,0.0
1972900,Java,4,0,0.0,,,0.0,0.0,0.0,0.0,0.0
1973000,Java,5,0,0.0,,,0.0,0.0,0.0,0.0,0.0
1980100,Java,3,0,0.0,,,0.0,0.0,0.0,0.0,0.0
1980151,Java,1,0,0.0,,,0.0,0.0,0.0,0.0,0.0
1980200,Java,4,0,0.0,,,0.0,0.0,0.0,0.0,0.0
1980231,Java,1,0,0.0,,,0.0,0.0,0.0,0.0,0.0
1980300,Java,3,0,0.0,,,0.0,0.0,0.0,0.0,0.0
1980400,Java,3,0,0.0,,,0.0,0.0,0.0,0.0,0.0
1980441,Java,2,0,0.0,,,0.0,0.0,0.0,0.0,0.0
1980511,Java,3,0,0.0,,,0.0,0.0,0.0,0.0,0.0
1980512,Java,5,0,0.0,,,0.0,0.0,0.0,0.0,0.0
1980600,Java,1,0,0.0,,,0.0,0.0,0.0,0.0,0.0
1980731,Java,4,1,0.25,,,0.0,0.0,0.0,0.0,0.0
1980732,Java,2,0,0.0,,,0.0,0.0,0.0,0.0,0.0
1980800,Java,5,0,0.0,,,0.0,0.0,0.0,0.0,0.0
1980841,Java,1,0,0.0,,,0.0,0.0,0.0,0.0,0.0
1980900,Java,4,0,0.0,,,0.0,0.0,0.0,0.0,0.0
1980931,Java,2,0,0.0,,,0.0,0.0,0.0,0.0,0.0
1980941,Java,1,0,0.0,,,0.0,0.0,0.0,0.0,0.0
1981000,Java,7,0,0.0,,,0.0,0.0,0.0,0.0,0.0
1981100,Java,8,0,0.0,,,0.0,0.0,0.0,0.0,0.0
1981300,Java,6,0,0.0,,,0.0,0.0,0.0,0.0,0.0
1981341,Java,1,0,0.0,,,0.0,0.0,0.0,0.0,0.0
1981400,Java,8,0,0.0,,,0.0,0.0,0.0,0.0,0.0
1981500,Java,3,0,0.0,,,0.0,0.0,0.0,0.0,0.0
1981600,Java,4,0,0.0,,,0.0,0.0,0.0,0.0,0.0
1981700,Java,5,1,0.2,,,0.0,0.0,0.0,0.0,0.0
1981751,Java,1,0,0.0,,,0.0,0.0,0.0,0.0,0.0
1981800,Java,2,0,0.0,,,0.0,0.0,0.0,0.0,0.0
1981900,Java,3,0,0.0,,,0.0,0.0,0.0,0.0,0.0
1982000,Java,4,0,0.0,,,0.0,0.0,0.0,0.0,0.0
1982041,Java,2,0,0.0,,,0.0,0.0,0.0,0.0,0.0
1990100,Java,3,0,0.0,,,0.0,0.0,0.0,0.0,0.0
1990141,Java,2,0,0.0,,,0.0,0.0,0.0,0.0,0.0
1990200,Java,6,0,0.0,,,0.0,0.0,0.0,0.0,0.0
1990241,Java,3,0,0.0,,,0.0,0.0,0.0,0.0,0.0
1990251,Java,1,1,1.0,,,0.0,0.0,0.0,0.0,0.0
1990300,Java,5,0,0.0,,,0.0,0.0,0.0,0.0,0.0
1990400,Java,10,0,0.0,,,0.0,0.0,0.0,0.0,0.0
1990431,Java,1,0,0.0,,,0.0,0.0,0.0,0.0,0.0
1990500,Java,4,0,0.0,,,0.0,0.0,0.0,0.0,0.0
1990551,Java,1,0,0.0,,,0.0,0.0,0.0,0.0,0.0
1990600,Java,12,2,0.1666666666666666,,,0.0,0.0,0.0,0.0,0.0
1990641,Java,1,0,0.0,,,0.0,0.0,0.0,0.0,0.0
1990900,Java,7,1,0.1428571428571428,,,0.0,0.0,0.0,0.0,0.0
1991100,Java,4,0,0.0,,,0.0,0.0,0.0,0.0,0.0
1991200,Java,14,0,0.0,,,0.0,0.0,0.0,0.0,0.0
1991231,Java,4,0,0.0,,,0.0,0.0,0.0,0.0,0.0
1991241,Java,1,0,0.0,,,0.0,0.0,0.0,0.0,0.0
1991242,Java,2,0,0.0,,,0.0,0.0,0.0,0.0,0.0
1991243,Java,3,0,0.0,,,0.0,0.0,0.0,0.0,0.0
1991251,Java,0,0,,,,0.0,0.0,,,
1991300,Java,5,0,0.0,,,0.0,0.0,0.0,0.0,0.0
1991400,Java,1,0,0.0,,,0.0,0.0,0.0,0.0,0.0
1991500,Java,4,0,0.0,,,0.0,0.0,0.0,0.0,0.0
1991541,Java,1,0,0.0,,,0.0,0.0,0.0,0.0,0.0
1991542,Java,1,0,0.0,,,0.0,0.0,0.0,0.0,0.0
1991600,Java,6,0,0.0,,,0.0,0.0,0.0,0.0,0.0
1991700,Java,4,0,0.0,,,0.0,0.0,0.0,0.0,0.0
1991741,Java,1,0,0.0,,,0.0,0.0,0.0,0.0,0.0
1991800,Java,9,1,0.1111111111111111,,,0.0,0.0,0.0,0.0,0.0
1991811,Java,3,0,0.0,,,0.0,0.0,0.0,0.0,0.0
1991812,Java,1,0,0.0,,,0.0,0.0,0.0,0.0,0.0
1991831,Java,2,1,0.5,,,0.0,0.0,0.0,0.0,0.0
1991841,Java,1,0,0.0,,,0.0,0.0,0.0,0.0,0.0
1992000,Java,9,2,0.2222222222222222,,,0.0,0.0,0.0,0.0,0.0
2000100,Java,3,0,0.0,,,0.0,0.0,0.0,0.0,0.0
2000231,Java,5,0,0.0,,,0.0,0.0,0.0,0.0,0.0
2000250,Java,1,0,0.0,,,0.0,0.0,0.0,0.0,0.0
2000300,Java,4,1,0.25,,,0.0,0.0,0.0,0.0,0.0
2000400,Java,3,0,0.0,,,0.0,0.0,0.0,0.0,0.0
2000441,Java,1,0,0.0,,,0.0,0.0,0.0,0.0,0.0
2000500,Java,8,0,0.0,,,0.0,0.0,0.0,0.0,0.0
2000551,Java,1,1,1.0,,,0.0,0.0,0.0,0.0,0.0
2000600,Java,2,0,0.0,,,0.0,0.0,0.0,0.0,0.0
2000700,Java,6,0,0.0,,,0.0,0.0,0.0,0.0,0.0
2000800,Java,5,0,0.0,,,0.0,0.0,0.0,0.0,0.0
2000900,Java,7,0,0.0,,,0.0,0.0,0.0,0.0,0.0
2000911,Java,2,0,0.0,,,0.0,0.0,0.0,0.0,0.0
2000931,Java,0,0,,,,0.0,0.0,,,
2001000,Java,4,0,0.0,,,0.0,0.0,0.0,0.0,0.0
2001031,Java,1,0,0.0,,,0.0,0.0,0.0,0.0,0.0
2001041,Java,1,0,0.0,,,0.0,0.0,0.0,0.0,0.0
2001131,Java,5,1,0.2,,,0.0,0.0,0.0,0.0,0.0
2001140,Java,3,0,0.0,,,0.0,0.0,0.0,0.0,0.0
2001200,Java,6,0,0.0,,,0.0,0.0,0.0,0.0,0.0
2001251,Java,1,1,1.0,,,0.0,0.0,0.0,0.0,0.0
2001252,Java,3,0,0.0,,,0.0,0.0,0.0,0.0,0.0
2001300,Java,3,0,0.0,,,0.0,0.0,0.0,0.0,0.0
2001400,Java,4,0,0.0,,,0.0,0.0,0.0,0.0,0.0
2001451,Java,1,0,0.0,,,0.0,0.0,0.0,0.0,0.0
2001500,Java,4,0,0.0,,,0.0,0.0,0.0,0.0,0.0
2001541,Java,1,0,0.0,,,0.0,0.0,0.0,0.0,0.0
2001700,Java,4,0,0.0,,,0.0,0.0,0.0,0.0,0.0
2001731,Java,3,0,0.0,,,0.0,0.0,0.0,0.0,0.0
2001800,Java,3,1,0.3333333333333333,,,0.0,0.0,0.0,0.0,0.0
2001900,Java,6,1,0.1666666666666666,,,0.0,0.0,0.0,0.0,0.0
2002000,Java,5,0,0.0,,,0.0,0.0,0.0,0.0,0.0
2002031,Java,1,0,0.0,,,0.0,0.0,0.0,0.0,0.0
2002051,Java,1,0,0.0,,,0.0,0.0,0.0,0.0,0.0
2010100,Java,3,0,0.0,,,0.0,0.0,0.0,0.0,0.0
2010151,Java,1,1,1.0,,,0.0,0.0,0.0,0.0,0.0
2010200,Java,3,0,0.0,,,0.0,0.0,0.0,0.0,0.0
2010500,Java,4,0,0.0,,,0.0,0.0,0.0,0.0,0.0
2010541,Java,1,0,0.0,,,0.0,0.0,0.0,0.0,0.0
2010542,Java,3,0,0.0,,,0.0,0.0,0.0,0.0,0.0
2010551,Java,1,0,0.0,,,0.0,0.0,0.0,0.0,0.0
2010700,Java,3,0,0.0,,,0.0,0.0,0.0,0.0,0.0
2010741,Java,1,0,0.0,,,0.0,0.0,0.0,0.0,0.0
2010751,Java,2,0,0.0,,,0.0,0.0,0.0,0.0,0.0
2010800,Java,5,0,0.0,,,0.0,0.0,0.0,0.0,0.0
2010841,Java,4,0,0.0,,,0.0,0.0,0.0,0.0,0.0
2010851,Java,1,0,0.0,,,0.0,0.0,0.0,0.0,0.0
2010900,Java,10,0,0.0,,,0.0,0.0,0.0,0.0,0.0
2010911,Java,1,0,0.0,,,0.0,0.0,0.0,0.0,0.0
2010941,Java,1,0,0.0,,,0.0,0.0,0.0,0.0,0.0
2010942,Java,1,0,0.0,,,0.0,0.0,0.0,0.0,0.0
2011000,Java,4,0,0.0,,,0.0,0.0,0.0,0.0,0.0
2011100,Java,4,0,0.0,,,0.0,0.0,0.0,0.0,0.0
2011141,Java,2,0,0.0,,,0.0,0.0,0.0,0.0,0.0
2011142,Java,1,0,0.0,,,0.0,0.0,0.0,0.0,0.0
2011200,Java,3,0,0.0,,,0.0,0.0,0.0,0.0,0.0
2011231,Java,2,0,0.0,,,0.0,0.0,0.0,0.0,0.0
2011300,Java,5,0,0.0,,,0.0,0.0,0.0,0.0,0.0
2011351,Java,0,0,,,,0.0,0.0,,,
2011400,Java,5,0,0.0,,,0.0,0.0,0.0,0.0,0.0
2011411,Java,2,0,0.0,,,0.0,0.0,0.0,0.0,0.0
2011412,Java,0,0,,,,0.0,0.0,,,
2011500,Java,4,0,0.0,,,0.0,0.0,0.0,0.0,0.0
2011600,Java,5,0,0.0,,,0.0,0.0,0.0,0.0,0.0
2011611,Java,2,0,0.0,,,0.0,0.0,0.0,0.0,0.0
2011651,Java,1,0,0.0,,,0.0,0.0,0.0,0.0,0.0
2011700,Java,7,0,0.0,,,0.0,0.0,0.0,0.0,0.0
2011731,Java,2,0,0.0,,,0.0,0.0,0.0,0.0,0.0
2011741,Java,6,1,0.1666666666666666,,,0.0,0.0,0.0,0.0,0.0
2011742,Java,1,0,0.0,,,0.0,0.0,0.0,0.0,0.0
2011831,Java,1,0,0.0,,,0.0,0.0,0.0,0.0,0.0
2011900,Java,5,0,0.0,,,0.0,0.0,0.0,0.0,0.0
2012000,Java,5,0,0.0,,,0.0,0.0,0.0,0.0,0.0
2012031,Java,3,0,0.0,,,0.0,0.0,0.0,0.0,0.0
2012100,Java,4,0,0.0,,,0.0,0.0,0.0,0.0,0.0
2012141,Java,4,0,0.0,,,0.0,0.0,0.0,0.0,0.0
2012151,Java,1,0,0.0,,,0.0,0.0,0.0,0.0,0.0
2012200,Java,9,2,0.2222222222222222,,,0.0,0.0,0.0,0.0,0.0
2012211,Java,1,0,0.0,,,0.0,0.0,0.0,0.0,0.0
2012241,Java,1,0,0.0,,,0.0,0.0,0.0,0.0,0.0
2012251,Java,1,0,0.0,,,0.0,0.0,0.0,0.0,0.0
2012300,Java,4,0,0.0,,,0.0,0.0,0.0,0.0,0.0
2012331,Java,2,0,0.0,,,0.0,0.0,0.0,0.0,0.0
2012332,Java,1,0,0.0,,,0.0,0.0,0.0,0.0,0.0
2012400,Java,8,0,0.0,,,0.0,0.0,0.0,0.0,0.0
2012451,Java,1,0,0.0,,,0.0,0.0,0.0,0.0,0.0
2012500,Java,4,0,0.0,,,0.0,0.0,0.0,0.0,0.0
2012600,Java,3,1,0.3333333333333333,,,0.0,0.0,0.0,0.0,0.0
2012641,Java,1,0,0.0,,,0.0,0.0,0.0,0.0,0.0
2012700,Java,3,0,0.0,,,0.0,0.0,0.0,0.0,0.0
2012751,Java,0,0,,,,0.0,0.0,,,
2012800,Java,4,1,0.25,,,0.0,0.0,0.0,0.0,0.0
2012831,Java,1,0,0.0,,,0.0,0.0,0.0,0.0,0.0
2012900,Java,4,0,0.0,,,0.0,0.0,0.0,0.0,0.0
2012951,Java,1,0,0.0,,,0.0,0.0,0.0,0.0,0.0
2013000,Java,4,0,0.0,,,0.0,0.0,0.0,0.0,0.0
2020100,Java,4,0,0.0,,,0.0,0.0,0.0,0.0,0.0
2020151,Java,1,0,0.0,,,0.0,0.0,0.0,0.0,0.0
2020300,Java,5,0,0.0,,,0.0,0.0,0.0,0.0,0.0
2020400,Java,5,0,0.0,,,0.0,0.0,0.0,0.0,0.0
2020431,Java,2,0,0.0,,,0.0,0.0,0.0,0.0,0.0
2020441,Java,0,0,,,,0.0,0.0,,,
2020500,Java,5,0,0.0,,,0.0,0.0,0.0,0.0,0.0
2020541,Java,1,0,0.0,,,0.0,0.0,0.0,0.0,0.0
2020542,Java,3,0,0.0,,,0.0,0.0,0.0,0.0,0.0
2020700,Java,2,0,0.0,,,0.0,0.0,0.0,0.0,0.0
2020800,Java,3,0,0.0,,,0.0,0.0,0.0,0.0,0.0
2020841,Java,4,0,0.0,,,0.0,0.0,0.0,0.0,0.0
2020851,Java,1,0,0.0,,,0.0,0.0,0.0,0.0,0.0
2020900,Java,9,0,0.0,,,0.0,0.0,0.0,0.0,0.0
2020931,Java,0,0,,,,0.0,0.0,,,
2020941,Java,1,0,0.0,,,0.0,0.0,0.0,0.0,0.0
2020942,Java,1,0,0.0,,,0.0,0.0,0.0,0.0,0.0
2020951,Java,1,1,1.0,,,0.0,0.0,0.0,0.0,0.0
2021000,Java,8,1,0.125,,,0.0,0.0,0.0,0.0,0.0
2021100,Java,4,0,0.0,,,0.0,0.0,0.0,0.0,0.0
2021200,Java,4,0,0.0,,,0.0,0.0,0.0,0.0,0.0
2021251,Java,1,1,1.0,,,0.0,0.0,0.0,0.0,0.0
2021300,Java,8,1,0.125,,,0.0,0.0,0.0,0.0,0.0
2021331,Java,2,1,0.5,,,0.0,0.0,0.0,0.0,0.0
2021332,Java,5,0,0.0,,,0.0,0.0,0.0,0.0,0.0
2021341,Java,1,0,0.0,,,0.0,0.0,0.0,0.0,0.0
2021400,Java,5,0,0.0,,,0.0,0.0,0.0,0.0,0.0
2021452,Java,1,1,1.0,,,0.0,0.0,0.0,0.0,0.0
2021500,Java,6,0,0.0,,,0.0,0.0,0.0,0.0,0.0
2021541,Java,3,0,0.0,,,0.0,0.0,0.0,0.0,0.0
2021551,Java,1,0,0.0,,,0.0,0.0,0.0,0.0,0.0
2021600,Java,10,0,0.0,,,0.0,0.0,0.0,0.0,0.0
2021641,Java,2,0,0.0,,,0.0,0.0,0.0,0.0,0.0
2021651,Java,1,0,0.0,,,0.0,0.0,0.0,0.0,0.0
2021700,Java,7,0,0.0,,,0.0,0.0,0.0,0.0,0.0
2021751,Java,1,1,1.0,,,0.0,0.0,0.0,0.0,0.0
2021752,Java,1,0,0.0,,,0.0,0.0,0.0,0.0,0.0
2021800,Java,13,0,0.0,,,0.0,0.0,0.0,0.0,0.0
2021841,Java,1,0,0.0,,,0.0,0.0,0.0,0.0,0.0
2021842,Java,2,0,0.0,,,0.0,0.0,0.0,0.0,0.0
2021851,Java,1,0,0.0,,,0.0,0.0,0.0,0.0,0.0
2021853,Java,1,1,1.0,,,0.0,0.0,0.0,0.0,0.0
2021900,Java,4,0,0.0,,,0.0,0.0,0.0,0.0,0.0
2021931,Java,2,0,0.0,,,0.0,0.0,0.0,0.0,0.0
2021951,Java,1,0,0.0,,,0.0,0.0,0.0,0.0,0.0
2022000,Java,6,0,0.0,,,0.0,0.0,0.0,0.0,0.0
2022031,Java,4,0,0.0,,,0.0,0.0,0.0,0.0,0.0
2022051,Java,1,1,1.0,,,0.0,0.0,0.0,0.0,0.0
2030100,Java,4,1,0.25,,,0.0,0.0,0.0,0.0,0.0
2030200,Java,5,0,0.0,,,0.0,0.0,0.0,0.0,0.0
2030251,Java,1,0,0.0,,,0.0,0.0,0.0,0.0,0.0
2030252,Java,3,0,0.0,,,0.0,0.0,0.0,0.0,0.0
2030253,Java,1,1,1.0,,,0.0,0.0,0.0,0.0,0.0
2030300,Java,4,0,0.0,,,0.0,0.0,0.0,0.0,0.0
2030341,Java,5,1,0.2,,,0.0,0.0,0.0,0.0,0.0
2030342,Java,4,0,0.0,,,0.0,0.0,0.0,0.0,0.0
2030400,Java,5,2,0.4,,,0.0,0.0,0.0,0.0,0.0
2030451,Java,1,0,0.0,,,0.0,0.0,0.0,0.0,0.0
2030500,Java,5,0,0.0,,,0.0,0.0,0.0,0.0,0.0
2030541,Java,1,0,0.0,,,0.0,0.0,0.0,0.0,0.0
2030551,Java,0,0,,,,0.0,0.0,,,
2030600,Java,5,1,0.2,,,0.0,0.0,0.0,0.0,0.0
2030700,Java,4,0,0.0,,,0.0,0.0,0.0,0.0,0.0
2030731,Java,1,0,0.0,,,0.0,0.0,0.0,0.0,0.0
2030741,Java,1,0,0.0,,,0.0,0.0,0.0,0.0,0.0
2030800,Java,7,0,0.0,,,0.0,0.0,0.0,0.0,0.0
2030941,Java,2,0,0.0,,,0.0,0.0,0.0,0.0,0.0
2031000,Java,10,0,0.0,,,0.0,0.0,0.0,0.0,0.0
2031031,Java,2,1,0.5,,,0.0,0.0,0.0,0.0,0.0
2031041,Java,1,0,0.0,,,0.0,0.0,0.0,0.0,0.0
2031042,Java,0,0,,,,0.0,0.0,,,
2031051,Java,0,0,,,,0.0,0.0,,,
2031100,Java,5,1,0.2,,,0.0,0.0,0.0,0.0,0.0
2031151,Java,1,1,1.0,,,0.0,0.0,0.0,0.0,0.0
2031200,Java,6,0,0.0,,,0.0,0.0,0.0,0.0,0.0
2031231,Java,1,0,0.0,,,0.0,0.0,0.0,0.0,0.0
2031252,Java,3,0,0.0,,,0.0,0.0,0.0,0.0,0.0
2031331,Java,3,0,0.0,,,0.0,0.0,0.0,0.0,0.0
2031400,Java,9,1,0.1111111111111111,,,0.0,0.0,0.0,0.0,0.0
2031441,Java,1,0,0.0,,,0.0,0.0,0.0,0.0,0.0
2031451,Java,0,0,,,,0.0,0.0,,,
2031500,Java,4,0,0.0,,,0.0,0.0,0.0,0.0,0.0
2031551,Java,1,0,0.0,,,0.0,0.0,0.0,0.0,0.0
2031600,Java,2,0,0.0,,,0.0,0.0,0.0,0.0,0.0
2031641,Java,1,0,0.0,,,0.0,0.0,0.0,0.0,0.0
2031700,Java,3,1,0.3333333333333333,,,0.0,0.0,0.0,0.0,0.0
2031800,Java,4,0,0.0,,,0.0,0.0,0.0,0.0,0.0
2031900,Java,6,1,0.1666666666666666,,,0.0,0.0,0.0,0.0,0.0
2031911,Java,2,0,0.0,,,0.0,0.0,0.0,0.0,0.0
2031941,Java,1,0,0.0,,,0.0,0.0,0.0,0.0,0.0
2032000,Java,8,3,0.375,,,0.0,0.0,0.0,0.0,0.0
2040100,Java,9,0,0.0,,,0.0,0.0,0.0,0.0,0.0
2040132,Java,0,0,,,,0.0,0.0,,,
2040200,Java,3,0,0.0,,,0.0,0.0,0.0,0.0,0.0
2040400,Java,8,0,0.0,,,0.0,0.0,0.0,0.0,0.0
2040451,Java,1,1,1.0,,,0.0,0.0,0.0,0.0,0.0
2040453,Java,2,1,0.5,,,0.0,0.0,0.0,0.0,0.0
2040500,Java,5,0,0.0,,,0.0,0.0,0.0,0.0,0.0
2040553,Java,1,0,0.0,,,0.0,0.0,0.0,0.0,0.0
2040600,Java,2,0,0.0,,,0.0,0.0,0.0,0.0,0.0
2040631,Java,2,0,0.0,,,0.0,0.0,0.0,0.0,0.0
2040700,Java,5,0,0.0,,,0.0,0.0,0.0,0.0,0.0
2040800,Java,3,0,0.0,,,0.0,0.0,0.0,0.0,0.0
2040900,Java,4,1,0.25,,,0.0,0.0,0.0,0.0,0.0
2041000,Java,5,0,0.0,,,0.0,0.0,0.0,0.0,0.0
2041052,Java,1,0,0.0,,,0.0,0.0,0.0,0.0,0.0
2041100,Java,8,1,0.125,,,0.0,0.0,0.0,0.0,0.0
2041111,Java,2,0,0.0,,,0.0,0.0,0.0,0.0,0.0
2041112,Java,5,1,0.2,,,0.0,0.0,0.0,0.0,0.0
2041200,Java,7,1,0.1428571428571428,,,0.0,0.0,0.0,0.0,0.0
2041251,Java,1,1,1.0,,,0.0,0.0,0.0,0.0,0.0
2041252,Java,1,0,0.0,,,0.0,0.0,0.0,0.0,0.0
2041300,Java,3,0,0.0,,,0.0,0.0,0.0,0.0,0.0
2041341,Java,1,0,0.0,,,0.0,0.0,0.0,0.0,0.0
2041400,Java,4,0,0.0,,,0.0,0.0,0.0,0.0,0.0
2041451,Java,1,0,0.0,,,0.0,0.0,0.0,0.0,0.0
2041500,Java,10,1,0.1,,,0.0,0.0,0.0,0.0,0.0
2041531,Java,2,0,0.0,,,0.0,0.0,0.0,0.0,0.0
2041532,Java,7,0,0.0,,,0.0,0.0,0.0,0.0,0.0
2041533,Java,0,0,,,,0.0,0.0,,,
2041551,Java,1,0,0.0,,,0.0,0.0,0.0,0.0,0.0
2041600,Java,4,0,0.0,,,0.0,0.0,0.0,0.0,0.0
2041700,Java,5,0,0.0,,,0.0,0.0,0.0,0.0,0.0
2041741,Java,2,0,0.0,,,0.0,0.0,0.0,0.0,0.0
2041800,Java,4,1,0.25,,,0.0,0.0,0.0,0.0,0.0
2041900,Java,3,0,0.0,,,0.0,0.0,0.0,0.0,0.0
2042000,Java,6,0,0.0,,,0.0,0.0,0.0,0.0,0.0
2042052,Java,1,0,0.0,,,0.0,0.0,0.0,0.0,0.0
2050100,Java,5,1,0.2,,,0.0,0.0,0.0,0.0,0.0
2050200,Java,4,0,0.0,,,0.0,0.0,0.0,0.0,0.0
2050251,Java,4,0,0.0,,,0.0,0.0,0.0,0.0,0.0
2050300,Java,7,0,0.0,,,0.0,0.0,0.0,0.0,0.0
2050341,Java,0,0,,,,0.0,0.0,,,
2050351,Java,0,0,,,,0.0,0.0,,,
2050500,Java,6,0,0.0,,,0.0,0.0,0.0,0.0,0.0
2050531,Java,2,0,0.0,,,0.0,0.0,0.0,0.0,0.0
2050551,Java,1,0,0.0,,,0.0,0.0,0.0,0.0,0.0
2050552,Java,3,0,0.0,,,0.0,0.0,0.0,0.0,0.0
2050600,Java,5,1,0.2,,,0.0,0.0,0.0,0.0,0.0
2050700,Java,4,0,0.0,,,0.0,0.0,0.0,0.0,0.0
2050800,Java,6,0,0.0,,,0.0,0.0,0.0,0.0,0.0
2050831,Java,1,0,0.0,,,0.0,0.0,0.0,0.0,0.0
2050841,Java,1,0,0.0,,,0.0,0.0,0.0,0.0,0.0
2050842,Java,1,0,0.0,,,0.0,0.0,0.0,0.0,0.0
2050900,Java,4,1,0.25,,,0.0,0.0,0.0,0.0,0.0
2050931,Java,1,0,0.0,,,0.0,0.0,0.0,0.0,0.0
2051100,Java,4,1,0.25,,,0.0,0.0,0.0,0.0,0.0
2051151,Java,2,0,0.0,,,0.0,0.0,0.0,0.0,0.0
2051152,Java,1,1,1.0,,,0.0,0.0,0.0,0.0,0.0
2051200,Java,2,0,0.0,,,0.0,0.0,0.0,0.0,0.0
2051300,Java,2,0,0.0,,,0.0,0.0,0.0,0.0,0.0
2051400,Java,7,0,0.0,,,0.0,0.0,0.0,0.0,0.0
2051441,Java,3,0,0.0,,,0.0,0.0,0.0,0.0,0.0
2051442,Java,2,1,0.5,,,0.0,0.0,0.0,0.0,0.0
2051500,Java,4,0,0.0,,,0.0,0.0,0.0,0.0,0.0
2051551,Java,1,0,0.0,,,0.0,0.0,0.0,0.0,0.0
2051600,Java,7,0,0.0,,,0.0,0.0,0.0,0.0,0.0
2051631,Java,1,0,0.0,,,0.0,0.0,0.0,0.0,0.0
2051632,Java,0,0,,,,0.0,0.0,,,
2051700,Java,3,0,0.0,,,0.0,0.0,0.0,0.0,0.0
2051900,Java,4,0,0.0,,,0.0,0.0,0.0,0.0,0.0
2051931,Java,2,0,0.0,,,0.0,0.0,0.0,0.0,0.0
2052000,Java,1,0,0.0,,,0.0,0.0,0.0,0.0,0.0
2060100,Java,12,0,0.0,,,0.0,0.0,0.0,0.0,0.0
2060200,Java,5,1,0.2,,,0.0,0.0,0.0,0.0,0.0
2060211,Java,2,0,0.0,,,0.0,0.0,0.0,0.0,0.0
2060300,Java,6,0,0.0,,,0.0,0.0,0.0,0.0,0.0
2060500,Java,2,0,0.0,,,0.0,0.0,0.0,0.0,0.0
2060600,Batak,6,0,0.0,,,0.0,0.0,0.0,0.0,0.0
2060641,Java,1,1,1.0,,,0.0,0.0,0.0,0.0,0.0
2060700,Java,2,0,0.0,,,0.0,0.0,0.0,0.0,0.0
2060800,Java,3,0,0.0,,,0.0,0.0,0.0,0.0,0.0
2060900,Java,4,0,0.0,,,0.0,0.0,0.0,0.0,0.0
2060941,Java,2,0,0.0,,,0.0,0.0,0.0,0.0,0.0
2060942,Java,1,0,0.0,,,0.0,0.0,0.0,0.0,0.0
2060951,Java,0,0,,,,0.0,0.0,,,
2061000,Java,4,0,0.0,,,0.0,0.0,0.0,0.0,0.0
2061100,Java,6,0,0.0,,,0.0,0.0,0.0,0.0,0.0
2061132,Java,1,0,0.0,,,0.0,0.0,0.0,0.0,0.0
2061141,Java,1,0,0.0,,,0.0,0.0,0.0,0.0,0.0
2061200,Java,7,0,0.0,,,0.0,0.0,0.0,0.0,0.0
2061241,Java,2,0,0.0,,,0.0,0.0,0.0,0.0,0.0
2061242,Java,0,0,,,,0.0,0.0,,,
2061300,Java,6,1,0.1666666666666666,,,0.0,0.0,0.0,0.0,0.0
2061341,Java,1,0,0.0,,,0.0,0.0,0.0,0.0,0.0
2061342,Java,3,0,0.0,,,0.0,0.0,0.0,0.0,0.0
2061400,Java,5,0,0.0,,,0.0,0.0,0.0,0.0,0.0
2061500,Java,10,1,0.1,,,0.0,0.0,0.0,0.0,0.0
2061531,Java,1,0,0.0,,,0.0,0.0,0.0,0.0,0.0
2061541,Java,1,0,0.0,,,0.0,0.0,0.0,0.0,0.0
2061600,Java,9,0,0.0,,,0.0,0.0,0.0,0.0,0.0
2061700,Java,4,0,0.0,,,0.0,0.0,0.0,0.0,0.0
2061800,Java,5,1,0.2,,,0.0,0.0,0.0,0.0,0.0
2061851,Java,3,0,0.0,,,0.0,0.0,0.0,0.0,0.0
2061900,Java,4,0,0.0,,,0.0,0.0,0.0,0.0,0.0
2062000,Java,6,1,0.1666666666666666,,,0.0,0.0,0.0,0.0,0.0
2070100,Java,2,0,0.0,,,0.0,0.0,0.0,0.0,0.0
2070141,Java,1,0,0.0,,,0.0,0.0,0.0,0.0,0.0
2070300,Java,4,0,0.0,,,0.0,0.0,0.0,0.0,0.0
2070400,Java,6,1,0.1666666666666666,,,0.0,0.0,0.0,0.0,0.0
2070411,Java,1,0,0.0,,,0.0,0.0,0.0,0.0,0.0
2070451,Java,1,0,0.0,,,0.0,0.0,0.0,0.0,0.0
2070452,Java,2,0,0.0,,,0.0,0.0,0.0,0.0,0.0
2070600,Java,9,0,0.0,,,0.0,0.0,0.0,0.0,0.0
2070642,Java,4,0,0.0,,,0.0,0.0,0.0,0.0,0.0
2070643,Java,2,0,0.0,,,0.0,0.0,0.0,0.0,0.0
2070644,Java,0,0,,,,0.0,0.0,,,
2070700,Java,6,0,0.0,,,0.0,0.0,0.0,0.0,0.0
2070741,Java,1,1,1.0,,,0.0,0.0,0.0,0.0,0.0
2070742,Java,1,0,0.0,,,0.0,0.0,0.0,0.0,0.0
2070800,Java,6,1,0.1666666666666666,,,0.0,0.0,0.0,0.0,0.0
2070831,Java,1,0,0.0,,,0.0,0.0,0.0,0.0,0.0
2070851,Java,1,1,1.0,,,0.0,0.0,0.0,0.0,0.0
2070900,Java,5,0,0.0,,,0.0,0.0,0.0,0.0,0.0
2071000,Java,5,0,0.0,,,0.0,0.0,0.0,0.0,0.0
2071100,Java,3,0,0.0,,,0.0,0.0,0.0,0.0,0.0
2071200,Java,6,1,0.1666666666666666,,,0.0,0.0,0.0,0.0,0.0
2071231,Java,1,0,0.0,,,0.0,0.0,0.0,0.0,0.0
2071300,Java,3,0,0.0,,,0.0,0.0,0.0,0.0,0.0
2071400,Java,5,2,0.4,,,0.0,0.0,0.0,0.0,0.0
2071500,Java,5,0,0.0,,,0.0,0.0,0.0,0.0,0.0
2071600,Java,5,1,0.2,,,0.0,0.0,0.0,0.0,0.0
2071651,Java,1,1,1.0,,,0.0,0.0,0.0,0.0,0.0
2071700,Java,2,0,0.0,,,0.0,0.0,0.0,0.0,0.0
2071751,Java,1,1,1.0,,,0.0,0.0,0.0,0.0,0.0
2071800,Java,5,1,0.2,,,0.0,0.0,0.0,0.0,0.0
2071841,Java,2,0,0.0,,,0.0,0.0,0.0,0.0,0.0
2071900,Java,4,0,0.0,,,0.0,0.0,0.0,0.0,0.0
2071912,Java,3,0,0.0,,,0.0,0.0,0.0,0.0,0.0
2071941,Java,4,0,0.0,,,0.0,0.0,0.0,0.0,0.0
2071951,Java,1,0,0.0,,,0.0,0.0,0.0,0.0,0.0
2072000,Java,6,1,0.1666666666666666,,,0.0,0.0,0.0,0.0,0.0
2072041,Java,1,0,0.0,,,0.0,0.0,0.0,0.0,0.0
2072042,Java,1,0,0.0,,,0.0,0.0,0.0,0.0,0.0
2072051,Java,1,1,1.0,,,0.0,0.0,0.0,0.0,0.0
2072100,Java,7,0,0.0,,,0.0,0.0,0.0,0.0,0.0
2072200,Java,5,0,0.0,,,0.0,0.0,0.0,0.0,0.0
2072300,Java,3,0,0.0,,,0.0,0.0,0.0,0.0,0.0
2072400,Java,3,0,0.0,,,0.0,0.0,0.0,0.0,0.0
2072500,Java,5,0,0.0,,,0.0,0.0,0.0,0.0,0.0
2072600,Java,4,0,0.0,,,0.0,0.0,0.0,0.0,0.0
2072631,Java,4,1,0.25,,,0.0,0.0,0.0,0.0,0.0
2072711,Java,5,0,0.0,,,0.0,0.0,0.0,0.0,0.0
2072750,Java,1,0,0.0,,,0.0,0.0,0.0,0.0,0.0
2072800,Java,6,1,0.1666666666666666,,,0.0,0.0,0.0,0.0,0.0
2072841,Java,1,0,0.0,,,0.0,0.0,0.0,0.0,0.0
2072851,Java,1,0,0.0,,,0.0,0.0,0.0,0.0,0.0
2072900,Java,9,2,0.2222222222222222,,,0.0,0.0,0.0,0.0,0.0
2072931,Java,5,1,0.2,,,0.0,0.0,0.0,0.0,0.0
2072951,Java,1,1,1.0,,,0.0,0.0,0.0,0.0,0.0
2072952,Java,0,0,,,,0.0,0.0,,,
2073000,Java,3,0,0.0,,,0.0,0.0,0.0,0.0,0.0
2080100,Java,5,1,0.2,,,0.0,0.0,0.0,0.0,0.0
2080151,Java,2,0,0.0,,,0.0,0.0,0.0,0.0,0.0
2080200,Java,4,1,0.25,,,0.0,0.0,0.0,0.0,0.0
2080241,Java,1,0,0.0,,,0.0,0.0,0.0,0.0,0.0
2080251,Java,1,1,1.0,,,0.0,0.0,0.0,0.0,0.0
2080300,Java,2,0,0.0,,,0.0,0.0,0.0,0.0,0.0
2080400,Java,3,0,0.0,,,0.0,0.0,0.0,0.0,0.0
2080600,Java,3,0,0.0,,,0.0,0.0,0.0,0.0,0.0
2080641,Java,1,1,1.0,,,0.0,0.0,0.0,0.0,0.0
2080700,Java,3,0,0.0,,,0.0,0.0,0.0,0.0,0.0
2080731,Java,0,0,,,,0.0,0.0,,,
2080800,Java,1,0,0.0,,,0.0,0.0,0.0,0.0,0.0
2081000,Java,2,0,0.0,,,0.0,0.0,0.0,0.0,0.0
2081100,Java,4,0,0.0,,,0.0,0.0,0.0,0.0,0.0
2081141,Java,1,0,0.0,,,0.0,0.0,0.0,0.0,0.0
2081200,Java,3,0,0.0,,,0.0,0.0,0.0,0.0,0.0
2081300,Java,3,0,0.0,,,0.0,0.0,0.0,0.0,0.0
2081500,Java,4,0,0.0,,,0.0,0.0,0.0,0.0,0.0
2081600,Java,2,0,0.0,,,0.0,0.0,0.0,0.0,0.0
2081700,Java,4,1,0.25,,,0.0,0.0,0.0,0.0,0.0
2081741,Java,1,1,1.0,,,0.0,0.0,0.0,0.0,0.0
2081800,Java,4,0,0.0,,,0.0,0.0,0.0,0.0,0.0
2081831,Java,4,0,0.0,,,0.0,0.0,0.0,0.0,0.0
2081841,Java,4,0,0.0,,,0.0,0.0,0.0,0.0,0.0
2081900,Java,4,0,0.0,,,0.0,0.0,0.0,0.0,0.0
2081951,Java,3,0,0.0,,,0.0,0.0,0.0,0.0,0.0
2082000,Java,6,1,0.1666666666666666,,,0.0,0.0,0.0,0.0,0.0
2082011,Java,4,0,0.0,,,0.0,0.0,0.0,0.0,0.0
2082041,Java,2,0,0.0,,,0.0,0.0,0.0,0.0,0.0
2082042,Java,1,1,1.0,,,0.0,0.0,0.0,0.0,0.0
2082200,Java,9,1,0.1111111111111111,,,0.0,0.0,0.0,0.0,0.0
2082300,Java,5,0,0.0,,,0.0,0.0,0.0,0.0,0.0
2082400,Java,6,0,0.0,,,0.0,0.0,0.0,0.0,0.0
2082431,Java,4,0,0.0,,,0.0,0.0,0.0,0.0,0.0
2082441,Java,1,0,0.0,,,0.0,0.0,0.0,0.0,0.0
2082600,Java,2,0,0.0,,,0.0,0.0,0.0,0.0,0.0
2082700,Java,5,0,0.0,,,0.0,0.0,0.0,0.0,0.0
2082741,Java,3,0,0.0,,,0.0,0.0,0.0,0.0,0.0
2082800,Java,3,0,0.0,,,0.0,0.0,0.0,0.0,0.0
2082841,Java,1,0,0.0,,,0.0,0.0,0.0,0.0,0.0
2082900,Java,4,1,0.25,,,0.0,0.0,0.0,0.0,0.0
2083000,Java,3,0,0.0,,,0.0,0.0,0.0,0.0,0.0
2090100,Java,7,0,0.0,,,0.0,0.0,0.0,0.0,0.0
2090200,Java,4,0,0.0,,,0.0,0.0,0.0,0.0,0.0
2090400,Java,4,0,0.0,,,0.0,0.0,0.0,0.0,0.0
2090500,Java,2,0,0.0,,,0.0,0.0,0.0,0.0,0.0
2090711,Java,9,0,0.0,,,0.0,0.0,0.0,0.0,0.0
2090800,Java,6,1,0.1666666666666666,,,0.0,0.0,0.0,0.0,0.0
2090851,Java,1,0,0.0,,,0.0,0.0,0.0,0.0,0.0
2090900,Java,5,2,0.4,,,0.0,0.0,0.0,0.0,0.0
2090941,Java,1,0,0.0,,,0.0,0.0,0.0,0.0,0.0
2090951,Java,1,1,1.0,,,0.0,0.0,0.0,0.0,0.0
2091000,Java,4,0,0.0,,,0.0,0.0,0.0,0.0,0.0
2091100,Java,5,0,0.0,,,0.0,0.0,0.0,0.0,0.0
2091151,Java,4,0,0.0,,,0.0,0.0,0.0,0.0,0.0
2091152,Java,4,0,0.0,,,0.0,0.0,0.0,0.0,0.0
2091200,Java,5,0,0.0,,,0.0,0.0,0.0,0.0,0.0
2091241,Java,1,0,0.0,,,0.0,0.0,0.0,0.0,0.0
2091300,Java,9,1,0.1111111111111111,,,0.0,0.0,0.0,0.0,0.0
2091351,Java,1,0,0.0,,,0.0,0.0,0.0,0.0,0.0
2091400,Java,5,0,0.0,,,0.0,0.0,0.0,0.0,0.0
2091500,Java,7,1,0.1428571428571428,,,0.0,0.0,0.0,0.0,0.0
2091531,Java,1,0,0.0,,,0.0,0.0,0.0,0.0,0.0
2091541,Java,4,0,0.0,,,0.0,0.0,0.0,0.0,0.0
2091600,Java,7,3,0.4285714285714285,,,0.0,0.0,0.0,0.0,0.0
2091651,Java,1,1,1.0,,,0.0,0.0,0.0,0.0,0.0
2091700,Java,5,1,0.2,,,0.0,0.0,0.0,0.0,0.0
2091800,Java,4,0,0.0,,,0.0,0.0,0.0,0.0,0.0
2091841,Java,1,0,0.0,,,0.0,0.0,0.0,0.0,0.0
2091900,Java,4,0,0.0,,,0.0,0.0,0.0,0.0,0.0
2092000,Java,3,0,0.0,,,0.0,0.0,0.0,0.0,0.0
2092041,Java,1,0,0.0,,,0.0,0.0,0.0,0.0,0.0
2092100,Java,1,0,0.0,,,0.0,0.0,0.0,0.0,0.0
2092300,Java,1,0,0.0,,,0.0,0.0,0.0,0.0,0.0
2092400,Java,7,0,0.0,,,0.0,0.0,0.0,0.0,0.0
2092411,Java,3,0,0.0,,,0.0,0.0,0.0,0.0,0.0
2092500,Java,4,0,0.0,,,0.0,0.0,0.0,0.0,0.0
2092600,Java,2,0,0.0,,,0.0,0.0,0.0,0.0,0.0
2092641,Java,3,0,0.0,,,0.0,0.0,0.0,0.0,0.0
2092700,Java,6,0,0.0,,,0.0,0.0,0.0,0.0,0.0
2092800,Java,5,1,0.2,,,0.0,0.0,0.0,0.0,0.0
2092851,Java,2,0,0.0,,,0.0,0.0,0.0,0.0,0.0
2100100,Java,8,0,0.0,,,0.0,0.0,0.0,0.0,0.0
2100200,Java,4,0,0.0,,,0.0,0.0,0.0,0.0,0.0
2100600,Java,5,1,0.2,,,0.0,0.0,0.0,0.0,0.0
2100800,Java,2,0,0.0,,,0.0,0.0,0.0,0.0,0.0
2100900,Java,4,0,0.0,,,0.0,0.0,0.0,0.0,0.0
2100951,Java,1,1,1.0,,,0.0,0.0,0.0,0.0,0.0
2101100,Java,1,0,0.0,,,0.0,0.0,0.0,0.0,0.0
2101200,Java,3,0,0.0,,,0.0,0.0,0.0,0.0,0.0
2101400,Java,3,2,0.6666666666666666,,,0.0,0.0,0.0,0.0,0.0
2101441,Java,2,1,0.5,,,0.0,0.0,0.0,0.0,0.0
2101641,Java,2,0,0.0,,,0.0,0.0,0.0,0.0,0.0
2101700,Java,10,1,0.1,,,0.0,0.0,0.0,0.0,0.0
2101731,Java,1,0,0.0,,,0.0,0.0,0.0,0.0,0.0
2101732,Java,1,0,0.0,,,0.0,0.0,0.0,0.0,0.0
2101741,Java,1,0,0.0,,,0.0,0.0,0.0,0.0,0.0
2101742,Java,2,0,0.0,,,0.0,0.0,0.0,0.0,0.0
2101743,Java,2,0,0.0,,,0.0,0.0,0.0,0.0,0.0
2101900,Java,3,0,0.0,,,0.0,0.0,0.0,0.0,0.0
2110200,Java,5,0,0.0,,,0.0,0.0,0.0,0.0,0.0
2110241,Java,1,0,0.0,,,0.0,0.0,0.0,0.0,0.0
2110300,Java,3,0,0.0,,,0.0,0.0,0.0,0.0,0.0
2110400,Java,2,0,0.0,,,0.0,0.0,0.0,0.0,0.0
2110500,Java,5,0,0.0,,,0.0,0.0,0.0,0.0,0.0
2110551,Java,3,0,0.0,,,0.0,0.0,0.0,0.0,0.0
2110600,Java,3,0,0.0,,,0.0,0.0,0.0,0.0,0.0
2110651,Java,1,0,0.0,,,0.0,0.0,0.0,0.0,0.0
2110652,Java,1,1,1.0,,,0.0,0.0,0.0,0.0,0.0
2110800,Java,7,1,0.1428571428571428,,,0.0,0.0,0.0,0.0,0.0
2110811,Java,2,0,0.0,,,0.0,0.0,0.0,0.0,0.0
2110900,Java,2,1,0.5,,,0.0,0.0,0.0,0.0,0.0
2111000,Java,4,0,0.0,,,0.0,0.0,0.0,0.0,0.0
2111100,Java,4,0,0.0,,,0.0,0.0,0.0,0.0,0.0
2111141,Java,1,0,0.0,,,0.0,0.0,0.0,0.0,0.0
2111200,Java,4,1,0.25,,,0.0,0.0,0.0,0.0,0.0
2111241,Java,3,0,0.0,,,0.0,0.0,0.0,0.0,0.0
2111300,Java,6,0,0.0,,,0.0,0.0,0.0,0.0,0.0
2111341,Java,5,0,0.0,,,0.0,0.0,0.0,0.0,0.0
2111342,Java,4,0,0.0,,,0.0,0.0,0.0,0.0,0.0
2111343,Java,3,0,0.0,,,0.0,0.0,0.0,0.0,0.0
2111400,Java,5,1,0.2,,,0.0,0.0,0.0,0.0,0.0
2111500,Java,4,1,0.25,,,0.0,0.0,0.0,0.0,0.0
2111541,Java,1,0,0.0,,,0.0,0.0,0.0,0.0,0.0
2111600,Java,6,0,0.0,,,0.0,0.0,0.0,0.0,0.0
2111631,Java,1,0,0.0,,,0.0,0.0,0.0,0.0,0.0
2111641,Java,1,0,0.0,,,0.0,0.0,0.0,0.0,0.0
2111700,Java,6,1,0.1666666666666666,,,0.0,0.0,0.0,0.0,0.0
2111751,Java,4,0,0.0,,,0.0,0.0,0.0,0.0,0.0
2111752,Java,5,2,0.4,,,0.0,0.0,0.0,0.0,0.0
2111800,Java,5,0,0.0,,,0.0,0.0,0.0,0.0,0.0
2111831,Java,3,2,0.6666666666666666,,,0.0,0.0,0.0,0.0,0.0
2111832,Java,1,1,1.0,,,0.0,0.0,0.0,0.0,0.0
2112000,Java,6,1,0.1666666666666666,,,0.0,0.0,0.0,0.0,0.0
2120400,Java,1,0,0.0,,,0.0,0.0,0.0,0.0,0.0
2120500,Java,4,0,0.0,,,0.0,0.0,0.0,0.0,0.0
2120600,Java,6,0,0.0,,,0.0,0.0,0.0,0.0,0.0
2120641,Java,0,0,,,,0.0,0.0,,,
2120700,Java,10,0,0.0,,,0.0,0.0,0.0,0.0,0.0
2120732,Java,2,0,0.0,,,0.0,0.0,0.0,0.0,0.0
2120741,Java,4,0,0.0,,,0.0,0.0,0.0,0.0,0.0
2121000,Java,7,0,0.0,,,0.0,0.0,0.0,0.0,0.0
2121011,Java,4,0,0.0,,,0.0,0.0,0.0,0.0,0.0
2121052,Java,1,0,0.0,,,0.0,0.0,0.0,0.0,0.0
2121100,Java,5,3,0.6,,,0.0,0.0,0.0,0.0,0.0
2121141,Java,4,0,0.0,,,0.0,0.0,0.0,0.0,0.0
2121152,Java,2,0,0.0,,,0.0,0.0,0.0,0.0,0.0
2121300,Java,7,1,0.1428571428571428,,,0.0,0.0,0.0,0.0,0.0
2121331,Java,1,0,0.0,,,0.0,0.0,0.0,0.0,0.0
2121351,Java,1,0,0.0,,,0.0,0.0,0.0,0.0,0.0
2121352,Java,3,0,0.0,,,0.0,0.0,0.0,0.0,0.0
2121400,Java,4,1,0.25,,,0.0,0.0,0.0,0.0,0.0
2121500,Java,7,1,0.1428571428571428,,,0.0,0.0,0.0,0.0,0.0
2121541,Java,0,0,,,,0.0,0.0,,,
2121700,Java,9,0,0.0,,,0.0,0.0,0.0,0.0,0.0
2121731,Java,2,0,0.0,,,0.0,0.0,0.0,0.0,0.0
2121751,Java,1,0,0.0,,,0.0,0.0,0.0,0.0,0.0
2121752,Java,1,1,1.0,,,0.0,0.0,0.0,0.0,0.0
2121831,Java,6,2,0.3333333333333333,,,0.0,0.0,0.0,0.0,0.0
2121832,Java,3,0,0.0,,,0.0,0.0,0.0,0.0,0.0
2130200,Java,4,0,0.0,,,0.0,0.0,0.0,0.0,0.0
2130300,Java,5,1,0.2,,,0.0,0.0,0.0,0.0,0.0
2130800,Java,10,0,0.0,,,0.0,0.0,0.0,0.0,0.0
2130911,Java,9,0,0.0,,,0.0,0.0,0.0,0.0,0.0
2131000,Java,20,0,0.0,,,0.0,0.0,0.0,0.0,0.0
2131031,Java,2,0,0.0,,,0.0,0.0,0.0,0.0,0.0
2131032,Java,3,0,0.0,,,0.0,0.0,0.0,0.0,0.0
2131033,Java,4,0,0.0,,,0.0,0.0,0.0,0.0,0.0
2131034,Java,7,0,0.0,,,0.0,0.0,0.0,0.0,0.0
2131035,Java,3,0,0.0,,,0.0,0.0,0.0,0.0,0.0
2131100,Java,5,2,0.4,,,0.0,0.0,0.0,0.0,0.0
2131141,Java,1,0,0.0,,,0.0,0.0,0.0,0.0,0.0
2131500,Java,5,0,0.0,,,0.0,0.0,0.0,0.0,0.0
2132000,Java,4,0,0.0,,,0.0,0.0,0.0,0.0,0.0
2140100,Java,5,0,0.0,,,0.0,0.0,0.0,0.0,0.0
2140200,Java,4,1,0.25,,,0.0,0.0,0.0,0.0,0.0
2140231,Java,4,0,0.0,,,0.0,0.0,0.0,0.0,0.0
2140300,Java,7,0,0.0,,,0.0,0.0,0.0,0.0,0.0
2140400,Java,4,0,0.0,,,0.0,0.0,0.0,0.0,0.0
2140500,Java,5,0,0.0,,,0.0,0.0,0.0,0.0,0.0
2140541,Java,2,0,0.0,,,0.0,0.0,0.0,0.0,0.0
2140700,Java,4,1,0.25,,,0.0,0.0,0.0,0.0,0.0
2140800,Java,9,2,0.2222222222222222,,,0.0,0.0,0.0,0.0,0.0
2141200,Java,5,0,0.0,,,0.0,0.0,0.0,0.0,0.0
2141300,Java,3,0,0.0,,,0.0,0.0,0.0,0.0,0.0
2141351,Java,3,0,0.0,,,0.0,0.0,0.0,0.0,0.0
2141400,Java,6,0,0.0,,,0.0,0.0,0.0,0.0,0.0
2141431,Java,1,0,0.0,,,0.0,0.0,0.0,0.0,0.0
2141442,Java,4,0,0.0,,,0.0,0.0,0.0,0.0,0.0
2141443,Java,3,0,0.0,,,0.0,0.0,0.0,0.0,0.0
2141500,Java,6,1,0.1666666666666666,,,0.0,0.0,0.0,0.0,0.0
2141511,Java,1,0,0.0,,,0.0,0.0,0.0,0.0,0.0
2141700,Java,25,1,0.04,,,0.0,0.0,0.0,0.0,0.0
2141731,Java,5,0,0.0,,,0.0,0.0,0.0,0.0,0.0
2141732,Java,1,0,0.0,,,0.0,0.0,0.0,0.0,0.0
2150200,Java,6,0,0.0,,,0.0,0.0,0.0,0.0,0.0
2150231,Java,1,0,0.0,,,0.0,0.0,0.0,0.0,0.0
2150400,Java,4,1,0.25,,,0.0,0.0,0.0,0.0,0.0
2150452,Java,3,0,0.0,,,0.0,0.0,0.0,0.0,0.0
2150531,Java,5,0,0.0,,,0.0,0.0,0.0,0.0,0.0
2150600,Java,5,2,0.4,,,0.0,0.0,0.0,0.0,0.0
2150900,Java,2,0,0.0,,,0.0,0.0,0.0,0.0,0.0
2151000,Java,9,0,0.0,,,0.0,0.0,0.0,0.0,0.0
2151031,Java,5,0,0.0,,,0.0,0.0,0.0,0.0,0.0
2151300,Java,6,0,0.0,,,0.0,0.0,0.0,0.0,0.0
2151311,Java,4,0,0.0,,,0.0,0.0,0.0,0.0,0.0
2151400,Java,5,2,0.4,,,0.0,0.0,0.0,0.0,0.0
2151531,Java,4,1,0.25,,,0.0,0.0,0.0,0.0,0.0
2151541,Java,1,0,0.0,,,0.0,0.0,0.0,0.0,0.0
2151542,Java,3,0,0.0,,,0.0,0.0,0.0,0.0,0.0
2151600,Java,5,0,0.0,,,0.0,0.0,0.0,0.0,0.0
2151700,Java,5,0,0.0,,,0.0,0.0,0.0,0.0,0.0
2151800,Java,9,4,0.4444444444444444,,,0.0,0.0,0.0,0.0,0.0
2151832,Java,1,0,0.0,,,0.0,0.0,0.0,0.0,0.0
2151841,Java,3,0,0.0,,,0.0,0.0,0.0,0.0,0.0
2151851,Java,1,1,1.0,,,0.0,0.0,0.0,0.0,0.0
2152000,Java,8,0,0.0,,,0.0,0.0,0.0,0.0,0.0
2152042,Java,3,0,0.0,,,0.0,0.0,0.0,0.0,0.0
2152051,Java,1,1,1.0,,,0.0,0.0,0.0,0.0,0.0
2160500,Minang,4,0,0.0,,,0.0,0.0,0.0,0.0,0.0
2160531,Java,3,0,0.0,,,0.0,0.0,0.0,0.0,0.0
2160541,Minang,1,0,0.0,,,0.0,0.0,0.0,0.0,0.0
2160900,Java,5,0,0.0,,,0.0,0.0,0.0,0.0,0.0
2161400,Java,4,0,0.0,,,0.0,0.0,0.0,0.0,0.0
2161451,Java,4,0,0.0,,,0.0,0.0,0.0,0.0,0.0
2161600,Java,7,1,0.1428571428571428,,,0.0,0.0,0.0,0.0,0.0
2161641,Java,0,0,,,,0.0,0.0,,,
2161651,Java,1,1,1.0,,,0.0,0.0,0.0,0.0,0.0
2161653,Java,5,0,0.0,,,0.0,0.0,0.0,0.0,0.0
2162000,Java,12,1,0.0833333333333333,,,0.0,0.0,0.0,0.0,0.0
2170200,Java,1,0,0.0,,,0.0,0.0,0.0,0.0,0.0
2170300,Java,7,0,0.0,,,0.0,0.0,0.0,0.0,0.0
2170400,Java,12,1,0.0833333333333333,,,0.0,0.0,0.0,0.0,0.0
2170700,Java,9,1,0.1111111111111111,,,0.0,0.0,0.0,0.0,0.0
2170731,Java,2,1,0.5,,,0.0,0.0,0.0,0.0,0.0
2170741,Java,1,0,0.0,,,0.0,0.0,0.0,0.0,0.0
2170742,Java,4,0,0.0,,,0.0,0.0,0.0,0.0,0.0
2170743,Java,1,0,0.0,,,0.0,0.0,0.0,0.0,0.0
2170800,Java,6,1,0.1666666666666666,,,0.0,0.0,0.0,0.0,0.0
2170841,Java,0,0,,,,0.0,0.0,,,
2170842,Java,1,1,1.0,,,0.0,0.0,0.0,0.0,0.0
2170900,Java,7,1,0.1428571428571428,,,0.0,0.0,0.0,0.0,0.0
2170911,Java,4,0,0.0,,,0.0,0.0,0.0,0.0,0.0
2170951,Java,1,1,1.0,,,0.0,0.0,0.0,0.0,0.0
2171000,Java,5,0,0.0,,,0.0,0.0,0.0,0.0,0.0
2171041,Java,3,0,0.0,,,0.0,0.0,0.0,0.0,0.0
2171100,Java,6,0,0.0,,,0.0,0.0,0.0,0.0,0.0
2171311,Java,5,0,0.0,,,0.0,0.0,0.0,0.0,0.0
2171400,Java,6,1,0.1666666666666666,,,0.0,0.0,0.0,0.0,0.0
2171600,Java,4,1,0.25,,,0.0,0.0,0.0,0.0,0.0
2171700,Java,5,0,0.0,,,0.0,0.0,0.0,0.0,0.0
2171731,Java,0,0,,,,0.0,0.0,,,
2171900,Java,10,1,0.1,,,0.0,0.0,0.0,0.0,0.0
2171931,Java,2,0,0.0,,,0.0,0.0,0.0,0.0,0.0
2171951,Java,1,0,0.0,,,0.0,0.0,0.0,0.0,0.0
2172000,Java,4,1,0.25,,,0.0,0.0,0.0,0.0,0.0
2172051,Java,2,0,0.0,,,0.0,0.0,0.0,0.0,0.0
2180100,Java,4,0,0.0,,,0.0,0.0,0.0,0.0,0.0
2180131,Java,1,0,0.0,,,0.0,0.0,0.0,0.0,0.0
2180132,Java,3,0,0.0,,,0.0,0.0,0.0,0.0,0.0
2180200,Java,3,0,0.0,,,0.0,0.0,0.0,0.0,0.0
2180211,Java,1,0,0.0,,,0.0,0.0,0.0,0.0,0.0
2180311,Java,4,1,0.25,,,0.0,0.0,0.0,0.0,0.0
2180342,Java,6,0,0.0,,,0.0,0.0,0.0,0.0,0.0
2180400,Java,5,0,0.0,,,0.0,0.0,0.0,0.0,0.0
2180431,Java,3,0,0.0,,,0.0,0.0,0.0,0.0,0.0
2180500,Java,6,1,0.1666666666666666,,,0.0,0.0,0.0,0.0,0.0
2180600,Java,6,0,0.0,,,0.0,0.0,0.0,0.0,0.0
2180700,Java,5,1,0.2,,,0.0,0.0,0.0,0.0,0.0
2180800,Java,3,0,0.0,,,0.0,0.0,0.0,0.0,0.0
2180900,Java,4,0,0.0,,,0.0,0.0,0.0,0.0,0.0
2181000,Java,5,1,0.2,,,0.0,0.0,0.0,0.0,0.0
2181100,Java,6,0,0.0,,,0.0,0.0,0.0,0.0,0.0
2181131,Java,4,0,0.0,,,0.0,0.0,0.0,0.0,0.0
2181141,Java,2,0,0.0,,,0.0,0.0,0.0,0.0,0.0
2181200,Java,4,0,0.0,,,0.0,0.0,0.0,0.0,0.0
2181241,Java,3,0,0.0,,,0.0,0.0,0.0,0.0,0.0
2181300,Java,5,0,0.0,,,0.0,0.0,0.0,0.0,0.0
2181351,Java,1,1,1.0,,,0.0,0.0,0.0,0.0,0.0
2181400,Java,5,0,0.0,,,0.0,0.0,0.0,0.0,0.0
2181451,Java,1,0,0.0,,,0.0,0.0,0.0,0.0,0.0
2181500,Java,6,1,0.1666666666666666,,,0.0,0.0,0.0,0.0,0.0
2181511,Java,2,0,0.0,,,0.0,0.0,0.0,0.0,0.0
2181541,Java,2,0,0.0,,,0.0,0.0,0.0,0.0,0.0
2181600,Java,5,0,0.0,,,0.0,0.0,0.0,0.0,0.0
2181611,Java,3,0,0.0,,,0.0,0.0,0.0,0.0,0.0
2181631,Java,3,0,0.0,,,0.0,0.0,0.0,0.0,0.0
2181700,Java,9,0,0.0,,,0.0,0.0,0.0,0.0,0.0
2181711,Java,1,0,0.0,,,0.0,0.0,0.0,0.0,0.0
2181731,Java,5,0,0.0,,,0.0,0.0,0.0,0.0,0.0
2181732,Java,9,0,0.0,,,0.0,0.0,0.0,0.0,0.0
2181741,Java,1,0,0.0,,,0.0,0.0,0.0,0.0,0.0
2181742,Java,4,0,0.0,,,0.0,0.0,0.0,0.0,0.0
2181800,Java,7,0,0.0,,,0.0,0.0,0.0,0.0,0.0
2181900,Java,6,1,0.1666666666666666,,,0.0,0.0,0.0,0.0,0.0
2190100,Java,6,1,0.1666666666666666,,,0.0,0.0,0.0,0.0,0.0
2190200,Java,7,0,0.0,,,0.0,0.0,0.0,0.0,0.0
2190231,Java,2,0,0.0,,,0.0,0.0,0.0,0.0,0.0
2190241,Java,1,0,0.0,,,0.0,0.0,0.0,0.0,0.0
2190242,Java,1,0,0.0,,,0.0,0.0,0.0,0.0,0.0
2190243,Java,1,0,0.0,,,0.0,0.0,0.0,0.0,0.0
2190311,Java,4,1,0.25,,,0.0,0.0,0.0,0.0,0.0
2190340,Java,1,1,1.0,,,0.0,0.0,0.0,0.0,0.0
2190531,Java,3,0,0.0,,,0.0,0.0,0.0,0.0,0.0
2190541,Java,2,0,0.0,,,0.0,0.0,0.0,0.0,0.0
2190542,Java,3,0,0.0,,,0.0,0.0,0.0,0.0,0.0
2190600,Java,5,0,0.0,,,0.0,0.0,0.0,0.0,0.0
2190631,Java,0,0,,,,0.0,0.0,,,
2190700,Java,3,0,0.0,,,0.0,0.0,0.0,0.0,0.0
2190731,Java,1,0,0.0,,,0.0,0.0,0.0,0.0,0.0
2190752,Java,1,0,0.0,,,0.0,0.0,0.0,0.0,0.0
2190800,Java,4,0,0.0,,,0.0,0.0,0.0,0.0,0.0
2190831,Java,1,0,0.0,,,0.0,0.0,0.0,0.0,0.0
2190900,Java,5,0,0.0,,,0.0,0.0,0.0,0.0,0.0
2190941,Java,2,0,0.0,,,0.0,0.0,0.0,0.0,0.0
2191000,Java,5,0,0.0,,,0.0,0.0,0.0,0.0,0.0
2191100,Java,5,1,0.2,,,0.0,0.0,0.0,0.0,0.0
2191200,Java,13,0,0.0,,,0.0,0.0,0.0,0.0,0.0
2191241,Java,0,0,,,,0.0,0.0,,,
2191242,Java,1,0,0.0,,,0.0,0.0,0.0,0.0,0.0
2191243,Java,4,0,0.0,,,0.0,0.0,0.0,0.0,0.0
2191251,Java,0,0,,,,0.0,0.0,,,
2191300,Java,5,0,0.0,,,0.0,0.0,0.0,0.0,0.0
2191400,Java,7,0,0.0,,,0.0,0.0,0.0,0.0,0.0
2191441,Java,2,0,0.0,,,0.0,0.0,0.0,0.0,0.0
2191500,Java,4,1,0.25,,,0.0,0.0,0.0,0.0,0.0
2191551,Java,1,0,0.0,,,0.0,0.0,0.0,0.0,0.0
2191600,Java,3,0,0.0,,,0.0,0.0,0.0,0.0,0.0
2191631,Java,4,1,0.25,,,0.0,0.0,0.0,0.0,0.0
2191700,Java,5,0,0.0,,,0.0,0.0,0.0,0.0,0.0
2191741,Java,3,0,0.0,,,0.0,0.0,0.0,0.0,0.0
2191800,Java,4,1,0.25,,,0.0,0.0,0.0,0.0,0.0
2191900,Java,8,0,0.0,,,0.0,0.0,0.0,0.0,0.0
2191931,Java,1,0,0.0,,,0.0,0.0,0.0,0.0,0.0
2191941,Java,4,0,0.0,,,0.0,0.0,0.0,0.0,0.0
2192000,Java,4,0,0.0,,,0.0,0.0,0.0,0.0,0.0
2192100,Java,4,0,0.0,,,0.0,0.0,0.0,0.0,0.0
2192141,Java,1,0,0.0,,,0.0,0.0,0.0,0.0,0.0
2192151,Java,2,0,0.0,,,0.0,0.0,0.0,0.0,0.0
2192200,Java,8,2,0.25,,,0.0,0.0,0.0,0.0,0.0
2192231,Java,1,1,1.0,,,0.0,0.0,0.0,0.0,0.0
2192241,Java,3,0,0.0,,,0.0,0.0,0.0,0.0,0.0
2192242,Java,0,0,,,,0.0,0.0,,,
2192251,Java,1,1,1.0,,,0.0,0.0,0.0,0.0,0.0
2192300,Java,8,1,0.125,,,0.0,0.0,0.0,0.0,0.0
2192400,Java,6,0,0.0,,,0.0,0.0,0.0,0.0,0.0
2192500,Java,6,0,0.0,,,0.0,0.0,0.0,0.0,0.0
2192541,Java,1,0,0.0,,,0.0,0.0,0.0,0.0,0.0
2192551,Java,0,0,,,,0.0,0.0,,,
2192600,Java,4,0,0.0,,,0.0,0.0,0.0,0.0,0.0
2192641,Java,4,0,0.0,,,0.0,0.0,0.0,0.0,0.0
2192642,Java,5,0,0.0,,,0.0,0.0,0.0,0.0,0.0
2192643,Java,1,0,0.0,,,0.0,0.0,0.0,0.0,0.0
2192700,Java,4,0,0.0,,,0.0,0.0,0.0,0.0,0.0
2192800,Java,8,0,0.0,,,0.0,0.0,0.0,0.0,0.0
2192831,Java,7,1,0.1428571428571428,,,0.0,0.0,0.0,0.0,0.0
2192841,Java,3,0,0.0,,,0.0,0.0,0.0,0.0,0.0
2192851,Java,1,0,0.0,,,0.0,0.0,0.0,0.0,0.0
2192900,Java,6,0,0.0,,,0.0,0.0,0.0,0.0,0.0
2192931,Java,2,0,0.0,,,0.0,0.0,0.0,0.0,0.0
2200100,Java,5,0,0.0,,,0.0,0.0,0.0,0.0,0.0
2200200,Java,9,0,0.0,,,0.0,0.0,0.0,0.0,0.0
2200300,Java,6,0,0.0,,,0.0,0.0,0.0,0.0,0.0
2200631,Java,3,0,0.0,,,0.0,0.0,0.0,0.0,0.0
2200700,Java,4,0,0.0,,,0.0,0.0,0.0,0.0,0.0
2200800,Java,11,0,0.0,,,0.0,0.0,0.0,0.0,0.0
2200841,Java,3,0,0.0,,,0.0,0.0,0.0,0.0,0.0
2200842,Java,3,0,0.0,,,0.0,0.0,0.0,0.0,0.0
2200851,Java,2,0,0.0,,,0.0,0.0,0.0,0.0,0.0
2200900,Java,3,0,0.0,,,0.0,0.0,0.0,0.0,0.0
2201000,Java,7,0,0.0,,,0.0,0.0,0.0,0.0,0.0
2201041,Java,1,0,0.0,,,0.0,0.0,0.0,0.0,0.0
2201100,Java,5,0,0.0,,,0.0,0.0,0.0,0.0,0.0
2201141,Java,1,0,0.0,,,0.0,0.0,0.0,0.0,0.0
2201200,Java,8,0,0.0,,,0.0,0.0,0.0,0.0,0.0
2201211,Java,2,0,0.0,,,0.0,0.0,0.0,0.0,0.0
2201241,Java,1,0,0.0,,,0.0,0.0,0.0,0.0,0.0
2201300,Java,5,0,0.0,,,0.0,0.0,0.0,0.0,0.0
2201341,Java,1,0,0.0,,,0.0,0.0,0.0,0.0,0.0
2201400,Java,8,0,0.0,,,0.0,0.0,0.0,0.0,0.0
2201500,Java,4,0,0.0,,,0.0,0.0,0.0,0.0,0.0
2201600,Java,9,2,0.2222222222222222,,,0.0,0.0,0.0,0.0,0.0
2201631,Java,2,1,0.5,,,0.0,0.0,0.0,0.0,0.0
2201800,Java,6,0,0.0,,,0.0,0.0,0.0,0.0,0.0
2201851,Java,1,0,0.0,,,0.0,0.0,0.0,0.0,0.0
2201900,Java,6,0,0.0,,,0.0,0.0,0.0,0.0,0.0
2201941,Java,1,0,0.0,,,0.0,0.0,0.0,0.0,0.0
2202000,Java,5,0,0.0,,,0.0,0.0,0.0,0.0,0.0
2202041,Java,0,0,,,,0.0,0.0,,,
2202051,Java,3,0,0.0,,,0.0,0.0,0.0,0.0,0.0
2210100,Java,3,0,0.0,,,0.0,0.0,0.0,0.0,0.0
2210300,Java,6,0,0.0,,,0.0,0.0,0.0,0.0,0.0
2210341,Java,1,0,0.0,,,0.0,0.0,0.0,0.0,0.0
2210342,Java,0,0,,,,0.0,0.0,,,
2210400,Java,7,0,0.0,,,0.0,0.0,0.0,0.0,0.0
2210451,Java,0,0,,,,0.0,0.0,,,
2210500,Java,8,0,0.0,,,0.0,0.0,0.0,0.0,0.0
2210541,Java,1,0,0.0,,,0.0,0.0,0.0,0.0,0.0
2210600,Java,4,0,0.0,,,0.0,0.0,0.0,0.0,0.0
2210700,Java,3,0,0.0,,,0.0,0.0,0.0,0.0,0.0
2210900,Java,5,0,0.0,,,0.0,0.0,0.0,0.0,0.0
2211000,Java,11,0,0.0,,,0.0,0.0,0.0,0.0,0.0
2211041,Java,3,0,0.0,,,0.0,0.0,0.0,0.0,0.0
2211042,Java,1,0,0.0,,,0.0,0.0,0.0,0.0,0.0
2211051,Java,1,0,0.0,,,0.0,0.0,0.0,0.0,0.0
2211100,Java,3,0,0.0,,,0.0,0.0,0.0,0.0,0.0
2211200,Java,3,0,0.0,,,0.0,0.0,0.0,0.0,0.0
2211251,Java,1,0,0.0,,,0.0,0.0,0.0,0.0,0.0
2211300,Java,4,0,0.0,,,0.0,0.0,0.0,0.0,0.0
2211400,Java,6,0,0.0,,,0.0,0.0,0.0,0.0,0.0
2211441,Java,1,0,0.0,,,0.0,0.0,0.0,0.0,0.0
2211500,Java,5,0,0.0,,,0.0,0.0,0.0,0.0,0.0
2211541,Java,1,0,0.0,,,0.0,0.0,0.0,0.0,0.0
2211600,Java,5,0,0.0,,,0.0,0.0,0.0,0.0,0.0
2211651,Java,3,0,0.0,,,0.0,0.0,0.0,0.0,0.0
2211700,Java,6,1,0.1666666666666666,,,0.0,0.0,0.0,0.0,0.0
2211741,Java,1,0,0.0,,,0.0,0.0,0.0,0.0,0.0
2211800,Java,6,0,0.0,,,0.0,0.0,0.0,0.0,0.0
2212000,Java,5,0,0.0,,,0.0,0.0,0.0,0.0,0.0
2212100,Java,2,0,0.0,,,0.0,0.0,0.0,0.0,0.0
2212200,Java,4,0,0.0,,,0.0,0.0,0.0,0.0,0.0
2212300,Java,9,0,0.0,,,0.0,0.0,0.0,0.0,0.0
2212351,Java,2,0,0.0,,,0.0,0.0,0.0,0.0,0.0
2212400,Java,3,0,0.0,,,0.0,0.0,0.0,0.0,0.0
2212500,Java,5,0,0.0,,,0.0,0.0,0.0,0.0,0.0
2212551,Java,2,0,0.0,,,0.0,0.0,0.0,0.0,0.0
2212600,Java,5,0,0.0,,,0.0,0.0,0.0,0.0,0.0
2212700,Java,2,0,0.0,,,0.0,0.0,0.0,0.0,0.0
2212741,Java,2,0,0.0,,,0.0,0.0,0.0,0.0,0.0
2212800,Java,5,1,0.2,,,0.0,0.0,0.0,0.0,0.0
2212900,Java,5,0,0.0,,,0.0,0.0,0.0,0.0,0.0
2213000,Java,4,0,0.0,,,0.0,0.0,0.0,0.0,0.0
2220100,Java,4,0,0.0,,,0.0,0.0,0.0,0.0,0.0
2220200,Java,4,0,0.0,,,0.0,0.0,0.0,0.0,0.0
2220300,Java,4,0,0.0,,,0.0,0.0,0.0,0.0,0.0
2220400,Java,1,0,0.0,,,0.0,0.0,0.0,0.0,0.0
2220500,Java,6,0,0.0,,,0.0,0.0,0.0,0.0,0.0
2220551,Java,4,0,0.0,,,0.0,0.0,0.0,0.0,0.0
2220552,Java,1,1,1.0,,,0.0,0.0,0.0,0.0,0.0
2220600,Java,5,1,0.2,,,0.0,0.0,0.0,0.0,0.0
2220631,Java,2,0,0.0,,,0.0,0.0,0.0,0.0,0.0
2220633,Java,10,0,0.0,,,0.0,0.0,0.0,0.0,0.0
2220800,Java,4,0,0.0,,,0.0,0.0,0.0,0.0,0.0
2220900,Java,5,0,0.0,,,0.0,0.0,0.0,0.0,0.0
2220942,Java,3,0,0.0,,,0.0,0.0,0.0,0.0,0.0
2220943,Java,2,0,0.0,,,0.0,0.0,0.0,0.0,0.0
2220951,Java,1,0,0.0,,,0.0,0.0,0.0,0.0,0.0
2220952,Java,2,0,0.0,,,0.0,0.0,0.0,0.0,0.0
2221000,Java,2,0,0.0,,,0.0,0.0,0.0,0.0,0.0
2221100,Java,5,0,0.0,,,0.0,0.0,0.0,0.0,0.0
2221300,Java,5,0,0.0,,,0.0,0.0,0.0,0.0,0.0
2221331,Java,6,0,0.0,,,0.0,0.0,0.0,0.0,0.0
2221341,Java,1,1,1.0,,,0.0,0.0,0.0,0.0,0.0
2221400,Java,5,0,0.0,,,0.0,0.0,0.0,0.0,0.0
2221441,Java,1,1,1.0,,,0.0,0.0,0.0,0.0,0.0
2221611,Java,6,1,0.1666666666666666,,,0.0,0.0,0.0,0.0,0.0
2221700,Java,6,0,0.0,,,0.0,0.0,0.0,0.0,0.0
2221841,Java,3,0,0.0,,,0.0,0.0,0.0,0.0,0.0
2221900,Java,4,0,0.0,,,0.0,0.0,0.0,0.0,0.0
2222000,Java,7,0,0.0,,,0.0,0.0,0.0,0.0,0.0
2222041,Java,1,0,0.0,,,0.0,0.0,0.0,0.0,0.0
2230200,Java,4,0,0.0,,,0.0,0.0,0.0,0.0,0.0
2230600,Java,3,0,0.0,,,0.0,0.0,0.0,0.0,0.0
2230700,Java,6,1,0.1666666666666666,,,0.0,0.0,0.0,0.0,0.0
2230731,Java,2,1,0.5,,,0.0,0.0,0.0,0.0,0.0
2230741,Java,2,0,0.0,,,0.0,0.0,0.0,0.0,0.0
2230743,Java,0,0,,,,0.0,0.0,,,
2230800,Java,6,0,0.0,,,0.0,0.0,0.0,0.0,0.0
2230900,Java,5,0,0.0,,,0.0,0.0,0.0,0.0,0.0
2230941,Java,1,0,0.0,,,0.0,0.0,0.0,0.0,0.0
2231000,Java,6,1,0.1666666666666666,,,0.0,0.0,0.0,0.0,0.0
2231041,Java,2,0,0.0,,,0.0,0.0,0.0,0.0,0.0
2231100,Java,7,0,0.0,,,0.0,0.0,0.0,0.0,0.0
2231141,Java,1,0,0.0,,,0.0,0.0,0.0,0.0,0.0
2231151,Java,1,1,1.0,,,0.0,0.0,0.0,0.0,0.0
2231600,Java,8,0,0.0,,,0.0,0.0,0.0,0.0,0.0
2231631,Java,2,1,0.5,,,0.0,0.0,0.0,0.0,0.0
2231632,Java,2,0,0.0,,,0.0,0.0,0.0,0.0,0.0
2231641,Java,1,0,0.0,,,0.0,0.0,0.0,0.0,0.0
2231651,Java,1,1,1.0,,,0.0,0.0,0.0,0.0,0.0
2231800,Java,11,0,0.0,,,0.0,0.0,0.0,0.0,0.0
2231831,Java,5,0,0.0,,,0.0,0.0,0.0,0.0,0.0
2231841,Java,4,0,0.0,,,0.0,0.0,0.0,0.0,0.0
2231842,Java,1,0,0.0,,,0.0,0.0,0.0,0.0,0.0
2231851,Java,1,1,1.0,,,0.0,0.0,0.0,0.0,0.0
2231852,Java,1,1,1.0,,,0.0,0.0,0.0,0.0,0.0
2231900,Java,5,2,0.4,,,0.0,0.0,0.0,0.0,0.0
2231941,Java,0,0,,,,0.0,0.0,,,
2240100,Java,5,1,0.2,,,0.0,0.0,0.0,0.0,0.0
2240152,Java,1,0,0.0,,,0.0,0.0,0.0,0.0,0.0
2240200,Java,6,0,0.0,,,0.0,0.0,0.0,0.0,0.0
2240400,Java,3,0,0.0,,,0.0,0.0,0.0,0.0,0.0
2240431,Java,2,0,0.0,,,0.0,0.0,0.0,0.0,0.0
2240441,Java,3,0,0.0,,,0.0,0.0,0.0,0.0,0.0
2240600,Java,4,0,0.0,,,0.0,0.0,0.0,0.0,0.0
2240641,Java,1,1,1.0,,,0.0,0.0,0.0,0.0,0.0
2240800,Java,5,0,0.0,,,0.0,0.0,0.0,0.0,0.0
2240900,Java,7,0,0.0,,,0.0,0.0,0.0,0.0,0.0
2240941,Java,1,0,0.0,,,0.0,0.0,0.0,0.0,0.0
2240951,Java,1,0,0.0,,,0.0,0.0,0.0,0.0,0.0
2241000,Java,7,0,0.0,,,0.0,0.0,0.0,0.0,0.0
2241051,Java,1,1,1.0,,,0.0,0.0,0.0,0.0,0.0
2241052,Java,0,0,,,,0.0,0.0,,,
2241200,Java,5,0,0.0,,,0.0,0.0,0.0,0.0,0.0
2241241,Java,1,1,1.0,,,0.0,0.0,0.0,0.0,0.0
2241300,Java,6,1,0.1666666666666666,,,0.0,0.0,0.0,0.0,0.0
2241400,Java,5,0,0.0,,,0.0,0.0,0.0,0.0,0.0
2241451,Java,1,0,0.0,,,0.0,0.0,0.0,0.0,0.0
2241500,Java,4,0,0.0,,,0.0,0.0,0.0,0.0,0.0
2241531,Java,5,0,0.0,,,0.0,0.0,0.0,0.0,0.0
2241600,Java,4,0,0.0,,,0.0,0.0,0.0,0.0,0.0
2241631,Java,2,1,0.5,,,0.0,0.0,0.0,0.0,0.0
2241641,Java,1,0,0.0,,,0.0,0.0,0.0,0.0,0.0
2241700,Java,8,0,0.0,,,0.0,0.0,0.0,0.0,0.0
2241741,Java,0,0,,,,0.0,0.0,,,
2241751,Java,0,0,,,,0.0,0.0,,,
2241800,Java,7,0,0.0,,,0.0,0.0,0.0,0.0,0.0
2241841,Java,0,0,,,,0.0,0.0,,,
2241900,Java,5,0,0.0,,,0.0,0.0,0.0,0.0,0.0
2241941,Java,2,0,0.0,,,0.0,0.0,0.0,0.0,0.0
2242000,Java,5,0,0.0,,,0.0,0.0,0.0,0.0,0.0
2242051,Java,1,1,1.0,,,0.0,0.0,0.0,0.0,0.0
2242100,Java,10,1,0.1,,,0.0,0.0,0.0,0.0,0.0
2242141,Java,1,0,0.0,,,0.0,0.0,0.0,0.0,0.0
2242151,Java,4,0,0.0,,,0.0,0.0,0.0,0.0,0.0
2242152,Java,1,0,0.0,,,0.0,0.0,0.0,0.0,0.0
2242200,Java,5,1,0.2,,,0.0,0.0,0.0,0.0,0.0
2242300,Java,7,0,0.0,,,0.0,0.0,0.0,0.0,0.0
2242331,Java,2,0,0.0,,,0.0,0.0,0.0,0.0,0.0
2242400,Java,9,0,0.0,,,0.0,0.0,0.0,0.0,0.0
2242441,Java,2,0,0.0,,,0.0,0.0,0.0,0.0,0.0
2242442,Java,0,0,,,,0.0,0.0,,,
2242443,Java,1,0,0.0,,,0.0,0.0,0.0,0.0,0.0
2242500,Java,5,0,0.0,,,0.0,0.0,0.0,0.0,0.0
2242611,Java,5,1,0.2,,,0.0,0.0,0.0,0.0,0.0
2242700,Java,5,0,0.0,,,0.0,0.0,0.0,0.0,0.0
2242742,Java,1,0,0.0,,,0.0,0.0,0.0,0.0,0.0
2242800,Java,2,1,0.5,,,0.0,0.0,0.0,0.0,0.0
2242811,Java,4,0,0.0,,,0.0,0.0,0.0,0.0,0.0
2242900,Java,8,2,0.25,,,0.0,0.0,0.0,0.0,0.0
2242911,Java,1,0,0.0,,,0.0,0.0,0.0,0.0,0.0
2242941,Java,4,0,0.0,,,0.0,0.0,0.0,0.0,0.0
2242942,Java,1,0,0.0,,,0.0,0.0,0.0,0.0,0.0
2242951,Java,1,0,0.0,,,0.0,0.0,0.0,0.0,0.0
2250100,Java,9,0,0.0,,,0.0,0.0,0.0,0.0,0.0
2250141,Java,3,0,0.0,,,0.0,0.0,0.0,0.0,0.0
2250200,Java,6,0,0.0,,,0.0,0.0,0.0,0.0,0.0
2250300,Java,6,0,0.0,,,0.0,0.0,0.0,0.0,0.0
2250331,Java,1,0,0.0,,,0.0,0.0,0.0,0.0,0.0
2250351,Java,2,0,0.0,,,0.0,0.0,0.0,0.0,0.0
2250400,Java,4,0,0.0,,,0.0,0.0,0.0,0.0,0.0
2250600,Java,3,0,0.0,,,0.0,0.0,0.0,0.0,0.0
2250651,Java,2,0,0.0,,,0.0,0.0,0.0,0.0,0.0
2250700,Java,4,0,0.0,,,0.0,0.0,0.0,0.0,0.0
2250751,Java,2,1,0.5,,,0.0,0.0,0.0,0.0,0.0
2250900,Java,4,0,0.0,,,0.0,0.0,0.0,0.0,0.0
2251011,Java,2,0,0.0,,,0.0,0.0,0.0,0.0,0.0
2251031,Java,3,0,0.0,,,0.0,0.0,0.0,0.0,0.0
2251100,Java,6,0,0.0,,,0.0,0.0,0.0,0.0,0.0
2251141,Java,1,0,0.0,,,0.0,0.0,0.0,0.0,0.0
2251151,Java,3,0,0.0,,,0.0,0.0,0.0,0.0,0.0
2251200,Java,4,0,0.0,,,0.0,0.0,0.0,0.0,0.0
2251241,Java,1,1,1.0,,,0.0,0.0,0.0,0.0,0.0
2251300,Java,5,0,0.0,,,0.0,0.0,0.0,0.0,0.0
2251341,Java,1,0,0.0,,,0.0,0.0,0.0,0.0,0.0
2251400,Java,5,0,0.0,,,0.0,0.0,0.0,0.0,0.0
2251441,Java,3,0,0.0,,,0.0,0.0,0.0,0.0,0.0
2251600,Java,1,0,0.0,,,0.0,0.0,0.0,0.0,0.0
2251700,Java,2,0,0.0,,,0.0,0.0,0.0,0.0,0.0
2251800,Java,5,0,0.0,,,0.0,0.0,0.0,0.0,0.0
2251851,Java,1,0,0.0,,,0.0,0.0,0.0,0.0,0.0
2251900,Java,4,0,0.0,,,0.0,0.0,0.0,0.0,0.0
2252031,Java,5,0,0.0,,,0.0,0.0,0.0,0.0,0.0
2252041,Java,2,0,0.0,,,0.0,0.0,0.0,0.0,0.0
2260100,Java,7,0,0.0,,,0.0,0.0,0.0,0.0,0.0
2260131,Java,4,0,0.0,,,0.0,0.0,0.0,0.0,0.0
2260132,Java,1,0,0.0,,,0.0,0.0,0.0,0.0,0.0
2260151,Java,1,1,1.0,,,0.0,0.0,0.0,0.0,0.0
2260200,Java,8,0,0.0,,,0.0,0.0,0.0,0.0,0.0
2260231,Java,2,1,0.5,,,0.0,0.0,0.0,0.0,0.0
2260241,Java,1,0,0.0,,,0.0,0.0,0.0,0.0,0.0
2260242,Java,3,0,0.0,,,0.0,0.0,0.0,0.0,0.0
2260251,Java,1,0,0.0,,,0.0,0.0,0.0,0.0,0.0
2260300,Java,3,0,0.0,,,0.0,0.0,0.0,0.0,0.0
2260331,Java,5,0,0.0,,,0.0,0.0,0.0,0.0,0.0
2260400,Java,7,0,0.0,,,0.0,0.0,0.0,0.0,0.0
2260441,Java,0,0,,,,0.0,0.0,,,
2260500,Java,5,0,0.0,,,0.0,0.0,0.0,0.0,0.0
2260511,Java,3,0,0.0,,,0.0,0.0,0.0,0.0,0.0
2260541,Java,8,0,0.0,,,0.0,0.0,0.0,0.0,0.0
2260600,Java,3,0,0.0,,,0.0,0.0,0.0,0.0,0.0
2260641,Java,2,0,0.0,,,0.0,0.0,0.0,0.0,0.0
2260700,Java,6,0,0.0,,,0.0,0.0,0.0,0.0,0.0
2260711,Java,1,0,0.0,,,0.0,0.0,0.0,0.0,0.0
2260731,Java,2,0,0.0,,,0.0,0.0,0.0,0.0,0.0
2260800,Java,10,0,0.0,,,0.0,0.0,0.0,0.0,0.0
2260811,Java,1,0,0.0,,,0.0,0.0,0.0,0.0,0.0
2260851,Java,4,0,0.0,,,0.0,0.0,0.0,0.0,0.0
2260900,Java,6,0,0.0,,,0.0,0.0,0.0,0.0,0.0
2260941,Java,1,0,0.0,,,0.0,0.0,0.0,0.0,0.0
2260942,Java,1,0,0.0,,,0.0,0.0,0.0,0.0,0.0
2261000,Java,5,0,0.0,,,0.0,0.0,0.0,0.0,0.0
2261042,Java,1,1,1.0,,,0.0,0.0,0.0,0.0,0.0
2261100,Java,5,0,0.0,,,0.0,0.0,0.0,0.0,0.0
2261131,Java,7,1,0.1428571428571428,,,0.0,0.0,0.0,0.0,0.0
2261132,Java,4,1,0.25,,,0.0,0.0,0.0,0.0,0.0
2261151,Java,1,0,0.0,,,0.0,0.0,0.0,0.0,0.0
2261200,Java,4,0,0.0,,,0.0,0.0,0.0,0.0,0.0
2261231,Java,5,0,0.0,,,0.0,0.0,0.0,0.0,0.0
2261300,Java,6,0,0.0,,,0.0,0.0,0.0,0.0,0.0
2261331,Java,2,0,0.0,,,0.0,0.0,0.0,0.0,0.0
2261400,Java,8,0,0.0,,,0.0,0.0,0.0,0.0,0.0
2261441,Java,0,0,,,,0.0,0.0,,,
2261500,Java,6,0,0.0,,,0.0,0.0,0.0,0.0,0.0
2261531,Java,5,0,0.0,,,0.0,0.0,0.0,0.0,0.0
2261541,Java,2,0,0.0,,,0.0,0.0,0.0,0.0,0.0
2261551,Java,4,0,0.0,,,0.0,0.0,0.0,0.0,0.0
2261552,Java,4,0,0.0,,,0.0,0.0,0.0,0.0,0.0
2261600,Java,6,0,0.0,,,0.0,0.0,0.0,0.0,0.0
2261700,Java,7,0,0.0,,,0.0,0.0,0.0,0.0,0.0
2261741,Java,3,0,0.0,,,0.0,0.0,0.0,0.0,0.0
2261751,Java,0,0,,,,0.0,0.0,,,
2261800,Java,2,0,0.0,,,0.0,0.0,0.0,0.0,0.0
2261851,Java,2,0,0.0,,,0.0,0.0,0.0,0.0,0.0
2261900,Java,5,0,0.0,,,0.0,0.0,0.0,0.0,0.0
2262031,Java,5,0,0.0,,,0.0,0.0,0.0,0.0,0.0
2262032,Java,1,0,0.0,,,0.0,0.0,0.0,0.0,0.0
2262100,Java,12,1,0.0833333333333333,,,0.0,0.0,0.0,0.0,0.0
2262141,Java,5,0,0.0,,,0.0,0.0,0.0,0.0,0.0
2262142,Java,4,1,0.25,,,0.0,0.0,0.0,0.0,0.0
2262152,Java,1,0,0.0,,,0.0,0.0,0.0,0.0,0.0
2262153,Java,3,0,0.0,,,0.0,0.0,0.0,0.0,0.0
2262300,Java,6,0,0.0,,,0.0,0.0,0.0,0.0,0.0
2262341,Java,1,0,0.0,,,0.0,0.0,0.0,0.0,0.0
2262400,Java,5,0,0.0,,,0.0,0.0,0.0,0.0,0.0
2262441,Java,6,0,0.0,,,0.0,0.0,0.0,0.0,0.0
2262500,Java,8,0,0.0,,,0.0,0.0,0.0,0.0,0.0
2262531,Java,5,0,0.0,,,0.0,0.0,0.0,0.0,0.0
2262541,Java,1,0,0.0,,,0.0,0.0,0.0,0.0,0.0
2262551,Java,4,0,0.0,,,0.0,0.0,0.0,0.0,0.0
2262700,Java,3,1,0.3333333333333333,,,0.0,0.0,0.0,0.0,0.0
2263000,Java,4,0,0.0,,,0.0,0.0,0.0,0.0,0.0
2263051,Java,4,0,0.0,,,0.0,0.0,0.0,0.0,0.0
2270100,Java,5,0,0.0,,,0.0,0.0,0.0,0.0,0.0
2270200,Java,6,0,0.0,,,0.0,0.0,0.0,0.0,0.0
2270241,Java,6,0,0.0,,,0.0,0.0,0.0,0.0,0.0
2270251,Java,0,0,,,,0.0,0.0,,,
2270252,Java,1,1,1.0,,,0.0,0.0,0.0,0.0,0.0
2270253,Java,1,0,0.0,,,0.0,0.0,0.0,0.0,0.0
2270300,Java,10,0,0.0,,,0.0,0.0,0.0,0.0,0.0
2270311,Java,2,0,0.0,,,0.0,0.0,0.0,0.0,0.0
2270331,Java,3,1,0.3333333333333333,,,0.0,0.0,0.0,0.0,0.0
2270351,Java,1,0,0.0,,,0.0,0.0,0.0,0.0,0.0
2270400,Java,7,0,0.0,,,0.0,0.0,0.0,0.0,0.0
2270451,Java,1,1,1.0,,,0.0,0.0,0.0,0.0,0.0
2270500,Java,1,0,0.0,,,0.0,0.0,0.0,0.0,0.0
2270600,Java,4,0,0.0,,,0.0,0.0,0.0,0.0,0.0
2270700,Java,5,0,0.0,,,0.0,0.0,0.0,0.0,0.0
2270751,Java,0,0,,,,0.0,0.0,,,
2270900,Java,6,0,0.0,,,0.0,0.0,0.0,0.0,0.0
2270951,Java,0,0,,,,0.0,0.0,,,
2271000,Java,5,0,0.0,,,0.0,0.0,0.0,0.0,0.0
2271051,Java,1,0,0.0,,,0.0,0.0,0.0,0.0,0.0
2271300,Java,4,0,0.0,,,0.0,0.0,0.0,0.0,0.0
2271400,Java,8,0,0.0,,,0.0,0.0,0.0,0.0,0.0
2271431,Java,1,0,0.0,,,0.0,0.0,0.0,0.0,0.0
2271432,Java,2,0,0.0,,,0.0,0.0,0.0,0.0,0.0
2271441,Java,1,0,0.0,,,0.0,0.0,0.0,0.0,0.0
2271500,Java,4,0,0.0,,,0.0,0.0,0.0,0.0,0.0
2271551,Java,0,0,,,,0.0,0.0,,,
2271600,Java,5,0,0.0,,,0.0,0.0,0.0,0.0,0.0
2271631,Java,2,0,0.0,,,0.0,0.0,0.0,0.0,0.0
2271700,Java,7,0,0.0,,,0.0,0.0,0.0,0.0,0.0
2271731,Java,2,0,0.0,,,0.0,0.0,0.0,0.0,0.0
2271741,Java,1,0,0.0,,,0.0,0.0,0.0,0.0,0.0
2271751,Java,1,1,1.0,,,0.0,0.0,0.0,0.0,0.0
2271752,Java,1,0,0.0,,,0.0,0.0,0.0,0.0,0.0
2271800,Java,1,0,0.0,,,0.0,0.0,0.0,0.0,0.0
2271900,Java,4,1,0.25,,,0.0,0.0,0.0,0.0,0.0
2272000,Java,7,0,0.0,,,0.0,0.0,0.0,0.0,0.0
2272031,Java,3,0,0.0,,,0.0,0.0,0.0,0.0,0.0
2280111,Java,2,0,0.0,,,0.0,0.0,0.0,0.0,0.0
2280400,Java,5,0,0.0,,,0.0,0.0,0.0,0.0,0.0
2280842,Java,1,0,0.0,,,0.0,0.0,0.0,0.0,0.0
2281251,Java,1,1,1.0,,,0.0,0.0,0.0,0.0,0.0
2281831,Java,3,1,0.3333333333333333,,,0.0,0.0,0.0,0.0,0.0
2281832,Java,1,0,0.0,,,0.0,0.0,0.0,0.0,0.0
2282000,Java,1,0,0.0,,,0.0,0.0,0.0,0.0,0.0
2282300,Java,10,0,0.0,,,0.0,0.0,0.0,0.0,0.0
2282331,Java,1,0,0.0,,,0.0,0.0,0.0,0.0,0.0
2282341,Java,1,0,0.0,,,0.0,0.0,0.0,0.0,0.0
2282351,Java,0,0,,,,0.0,0.0,,,
2282500,Java,9,0,0.0,,,0.0,0.0,0.0,0.0,0.0
2282642,Java,1,0,0.0,,,0.0,0.0,0.0,0.0,0.0
2282941,Java,4,0,0.0,,,0.0,0.0,0.0,0.0,0.0
2290100,Java,4,0,0.0,,,0.0,0.0,0.0,0.0,0.0
2290200,Java,4,0,0.0,,,0.0,0.0,0.0,0.0,0.0
2290241,Java,1,0,0.0,,,0.0,0.0,0.0,0.0,0.0
2290411,Java,3,0,0.0,,,0.0,0.0,0.0,0.0,0.0
2290431,Java,2,0,0.0,,,0.0,0.0,0.0,0.0,0.0
2290441,Java,0,0,,,,0.0,0.0,,,
2290442,Java,1,0,0.0,,,0.0,0.0,0.0,0.0,0.0
2290500,Java,3,0,0.0,,,0.0,0.0,0.0,0.0,0.0
2290600,Java,5,0,0.0,,,0.0,0.0,0.0,0.0,0.0
2290611,Java,1,0,0.0,,,0.0,0.0,0.0,0.0,0.0
2290700,Java,4,0,0.0,,,0.0,0.0,0.0,0.0,0.0
2290800,Java,7,0,0.0,,,0.0,0.0,0.0,0.0,0.0
2290851,Java,4,0,0.0,,,0.0,0.0,0.0,0.0,0.0
2290900,Java,6,0,0.0,,,0.0,0.0,0.0,0.0,0.0
2291000,Java,5,0,0.0,,,0.0,0.0,0.0,0.0,0.0
2291031,Java,1,0,0.0,,,0.0,0.0,0.0,0.0,0.0
2291100,Java,3,0,0.0,,,0.0,0.0,0.0,0.0,0.0
2291131,Java,1,0,0.0,,,0.0,0.0,0.0,0.0,0.0
2291200,Java,2,0,0.0,,,0.0,0.0,0.0,0.0,0.0
2291400,Java,9,0,0.0,,,0.0,0.0,0.0,0.0,0.0
2291500,Java,6,0,0.0,,,0.0,0.0,0.0,0.0,0.0
2291532,Java,3,0,0.0,,,0.0,0.0,0.0,0.0,0.0
2291600,Java,4,0,0.0,,,0.0,0.0,0.0,0.0,0.0
2291631,Java,2,0,0.0,,,0.0,0.0,0.0,0.0,0.0
2291632,Java,3,0,0.0,,,0.0,0.0,0.0,0.0,0.0
2291641,Java,0,0,,,,0.0,0.0,,,
2291741,Java,1,0,0.0,,,0.0,0.0,0.0,0.0,0.0
2291742,Java,4,0,0.0,,,0.0,0.0,0.0,0.0,0.0
2291743,Java,1,0,0.0,,,0.0,0.0,0.0,0.0,0.0
2291900,Java,4,0,0.0,,,0.0,0.0,0.0,0.0,0.0
2292000,Java,1,0,0.0,,,0.0,0.0,0.0,0.0,0.0
2292140,Java,6,0,0.0,,,0.0,0.0,0.0,0.0,0.0
2292200,Java,2,0,0.0,,,0.0,0.0,0.0,0.0,0.0
2292241,Java,1,0,0.0,,,0.0,0.0,0.0,0.0,0.0
2292300,Java,6,0,0.0,,,0.0,0.0,0.0,0.0,0.0
2292341,Java,1,0,0.0,,,0.0,0.0,0.0,0.0,0.0
2292351,Java,2,0,0.0,,,0.0,0.0,0.0,0.0,0.0
2292400,Java,3,0,0.0,,,0.0,0.0,0.0,0.0,0.0
2292500,Java,6,0,0.0,,,0.0,0.0,0.0,0.0,0.0
2292551,Java,5,0,0.0,,,0.0,0.0,0.0,0.0,0.0
2292600,Java,10,0,0.0,,,0.0,0.0,0.0,0.0,0.0
2292631,Java,3,0,0.0,,,0.0,0.0,0.0,0.0,0.0
2292633,Java,3,0,0.0,,,0.0,0.0,0.0,0.0,0.0
2292641,Java,1,0,0.0,,,0.0,0.0,0.0,0.0,0.0
2292800,Java,4,0,0.0,,,0.0,0.0,0.0,0.0,0.0
2292841,Java,1,0,0.0,,,0.0,0.0,0.0,0.0,0.0
2293051,Java,3,0,0.0,,,0.0,0.0,0.0,0.0,0.0
2300200,Java,6,0,0.0,,,0.0,0.0,0.0,0.0,0.0
2300231,Java,1,0,0.0,,,0.0,0.0,0.0,0.0,0.0
2300331,Java,3,0,0.0,,,0.0,0.0,0.0,0.0,0.0
2301000,Java,3,0,0.0,,,0.0,0.0,0.0,0.0,0.0
2301251,Java,3,0,0.0,,,0.0,0.0,0.0,0.0,0.0
2301451,Java,1,0,0.0,,,0.0,0.0,0.0,0.0,0.0
2301700,Java,4,0,0.0,,,0.0,0.0,0.0,0.0,0.0
2301752,Java,3,0,0.0,,,0.0,0.0,0.0,0.0,0.0
2301800,Java,5,0,0.0,,,0.0,0.0,0.0,0.0,0.0
2301900,Java,4,0,0.0,,,0.0,0.0,0.0,0.0,0.0
2302000,Java,3,0,0.0,,,0.0,0.0,0.0,0.0,0.0
2302451,Java,1,0,0.0,,,0.0,0.0,0.0,0.0,0.0
2302500,Java,5,0,0.0,,,0.0,0.0,0.0,0.0,0.0
2310100,Java,2,1,0.5,,,0.0,0.0,0.0,0.0,0.0
2310131,Java,2,0,0.0,,,0.0,0.0,0.0,0.0,0.0
2310132,Java,5,0,0.0,,,0.0,0.0,0.0,0.0,0.0
2310300,Java,3,0,0.0,,,0.0,0.0,0.0,0.0,0.0
2310400,Java,5,0,0.0,,,0.0,0.0,0.0,0.0,0.0
2310431,Java,2,0,0.0,,,0.0,0.0,0.0,0.0,0.0
2310500,Java,6,0,0.0,,,0.0,0.0,0.0,0.0,0.0
2310531,Java,3,0,0.0,,,0.0,0.0,0.0,0.0,0.0
2310600,Java,5,0,0.0,,,0.0,0.0,0.0,0.0,0.0
2310631,Java,2,0,0.0,,,0.0,0.0,0.0,0.0,0.0
2310700,Java,5,0,0.0,,,0.0,0.0,0.0,0.0,0.0
2310711,Java,2,0,0.0,,,0.0,0.0,0.0,0.0,0.0
2310751,Java,1,0,0.0,,,0.0,0.0,0.0,0.0,0.0
2310752,Java,3,0,0.0,,,0.0,0.0,0.0,0.0,0.0
2310800,Java,6,0,0.0,,,0.0,0.0,0.0,0.0,0.0
2310900,Java,2,0,0.0,,,0.0,0.0,0.0,0.0,0.0
2310931,Java,1,0,0.0,,,0.0,0.0,0.0,0.0,0.0
2311000,Java,5,0,0.0,,,0.0,0.0,0.0,0.0,0.0
2311041,Java,0,0,,,,0.0,0.0,,,
2311051,Java,0,0,,,,0.0,0.0,,,
2311100,Java,3,0,0.0,,,0.0,0.0,0.0,0.0,0.0
2311200,Java,4,0,0.0,,,0.0,0.0,0.0,0.0,0.0
2311211,Java,3,0,0.0,,,0.0,0.0,0.0,0.0,0.0
2311300,Java,4,0,0.0,,,0.0,0.0,0.0,0.0,0.0
2311341,Java,1,0,0.0,,,0.0,0.0,0.0,0.0,0.0
2311400,Java,4,0,0.0,,,0.0,0.0,0.0,0.0,0.0
2311451,Java,1,0,0.0,,,0.0,0.0,0.0,0.0,0.0
2311500,Java,6,0,0.0,,,0.0,0.0,0.0,0.0,0.0
2311541,Java,3,0,0.0,,,0.0,0.0,0.0,0.0,0.0
2311551,Java,2,0,0.0,,,0.0,0.0,0.0,0.0,0.0
2311600,Java,3,0,0.0,,,0.0,0.0,0.0,0.0,0.0
2311651,Java,1,0,0.0,,,0.0,0.0,0.0,0.0,0.0
2311700,Java,2,0,0.0,,,0.0,0.0,0.0,0.0,0.0
2311741,Java,1,0,0.0,,,0.0,0.0,0.0,0.0,0.0
2311800,Java,4,0,0.0,,,0.0,0.0,0.0,0.0,0.0
2311900,Java,5,0,0.0,,,0.0,0.0,0.0,0.0,0.0
2311941,Java,0,0,,,,0.0,0.0,,,
2312000,Java,4,0,0.0,,,0.0,0.0,0.0,0.0,0.0
2312100,Java,4,0,0.0,,,0.0,0.0,0.0,0.0,0.0
2312151,Java,1,0,0.0,,,0.0,0.0,0.0,0.0,0.0
2312200,Java,5,1,0.2,,,0.0,0.0,0.0,0.0,0.0
2312242,Java,1,0,0.0,,,0.0,0.0,0.0,0.0,0.0
2312300,Java,4,0,0.0,,,0.0,0.0,0.0,0.0,0.0
2312400,Java,4,0,0.0,,,0.0,0.0,0.0,0.0,0.0
2312500,Java,3,0,0.0,,,0.0,0.0,0.0,0.0,0.0
2312531,Java,2,0,0.0,,,0.0,0.0,0.0,0.0,0.0
2312600,Java,6,0,0.0,,,0.0,0.0,0.0,0.0,0.0
2312651,Java,1,0,0.0,,,0.0,0.0,0.0,0.0,0.0
2312700,Java,8,0,0.0,,,0.0,0.0,0.0,0.0,0.0
2312711,Java,1,0,0.0,,,0.0,0.0,0.0,0.0,0.0
2312731,Java,0,0,,,,0.0,0.0,,,
2312741,Java,3,0,0.0,,,0.0,0.0,0.0,0.0,0.0
2312800,Java,3,0,0.0,,,0.0,0.0,0.0,0.0,0.0
2312851,Java,1,0,0.0,,,0.0,0.0,0.0,0.0,0.0
2312900,Java,2,0,0.0,,,0.0,0.0,0.0,0.0,0.0
2313000,Java,5,1,0.2,,,0.0,0.0,0.0,0.0,0.0
2313041,Java,4,0,0.0,,,0.0,0.0,0.0,0.0,0.0
2320100,Java,6,0,0.0,,,0.0,0.0,0.0,0.0,0.0
2320200,Java,6,0,0.0,,,0.0,0.0,0.0,0.0,0.0
2320400,Java,4,0,0.0,,,0.0,0.0,0.0,0.0,0.0
2320500,Java,8,0,0.0,,,0.0,0.0,0.0,0.0,0.0
2320531,Java,3,0,0.0,,,0.0,0.0,0.0,0.0,0.0
2320551,Java,1,0,0.0,,,0.0,0.0,0.0,0.0,0.0
2320600,Java,5,0,0.0,,,0.0,0.0,0.0,0.0,0.0
2320631,Java,3,0,0.0,,,0.0,0.0,0.0,0.0,0.0
2320641,Java,1,0,0.0,,,0.0,0.0,0.0,0.0,0.0
2320900,Java,1,0,0.0,,,0.0,0.0,0.0,0.0,0.0
2321041,Java,3,0,0.0,,,0.0,0.0,0.0,0.0,0.0
2321200,Java,10,0,0.0,,,0.0,0.0,0.0,0.0,0.0
2321231,Java,1,0,0.0,,,0.0,0.0,0.0,0.0,0.0
2321232,Java,0,0,,,,0.0,0.0,,,
2321300,Java,4,0,0.0,,,0.0,0.0,0.0,0.0,0.0
2321400,Java,6,0,0.0,,,0.0,0.0,0.0,0.0,0.0
2321431,Java,5,0,0.0,,,0.0,0.0,0.0,0.0,0.0
2321500,Java,5,1,0.2,,,0.0,0.0,0.0,0.0,0.0
2321600,Java,4,0,0.0,,,0.0,0.0,0.0,0.0,0.0
2321700,Java,7,0,0.0,,,0.0,0.0,0.0,0.0,0.0
2321800,Java,4,0,0.0,,,0.0,0.0,0.0,0.0,0.0
2321900,Java,5,0,0.0,,,0.0,0.0,0.0,0.0,0.0
2321911,Java,4,0,0.0,,,0.0,0.0,0.0,0.0,0.0
2321941,Java,1,0,0.0,,,0.0,0.0,0.0,0.0,0.0
2322200,Java,3,0,0.0,,,0.0,0.0,0.0,0.0,0.0
2322211,Java,2,0,0.0,,,0.0,0.0,0.0,0.0,0.0
2322400,Java,4,0,0.0,,,0.0,0.0,0.0,0.0,0.0
2322411,Java,1,1,1.0,,,0.0,0.0,0.0,0.0,0.0
2322600,Java,4,1,0.25,,,0.0,0.0,0.0,0.0,0.0
2322800,Java,6,0,0.0,,,0.0,0.0,0.0,0.0,0.0
2322851,Java,0,0,,,,0.0,0.0,,,
2322852,Java,1,0,0.0,,,0.0,0.0,0.0,0.0,0.0
2322900,Java,5,0,0.0,,,0.0,0.0,0.0,0.0,0.0
2330742,Java,5,0,0.0,,,0.0,0.0,0.0,0.0,0.0
2330800,Java,4,0,0.0,,,0.0,0.0,0.0,0.0,0.0
2331300,Java,8,1,0.125,,,0.0,0.0,0.0,0.0,0.0
2331341,Java,1,0,0.0,,,0.0,0.0,0.0,0.0,0.0
2332300,Java,2,0,0.0,,,0.0,0.0,0.0,0.0,0.0
2332800,Java,5,0,0.0,,,0.0,0.0,0.0,0.0,0.0
2332900,Java,1,0,0.0,,,0.0,0.0,0.0,0.0,0.0
2340331,Java,8,0,0.0,,,0.0,0.0,0.0,0.0,0.0
2340442,Java,1,1,1.0,,,0.0,0.0,0.0,0.0,0.0
2340700,Java,7,0,0.0,,,0.0,0.0,0.0,0.0,0.0
2340841,Java,1,1,1.0,,,0.0,0.0,0.0,0.0,0.0
2341141,Java,3,0,0.0,,,0.0,0.0,0.0,0.0,0.0
2341151,Java,1,0,0.0,,,0.0,0.0,0.0,0.0,0.0
2341400,Java,9,3,0.3333333333333333,,,0.0,0.0,0.0,0.0,0.0
2341442,Java,2,0,0.0,,,0.0,0.0,0.0,0.0,0.0
2341552,Java,2,0,0.0,,,0.0,0.0,0.0,0.0,0.0
2341651,Java,1,1,1.0,,,0.0,0.0,0.0,0.0,0.0
2350100,Java,5,0,0.0,,,0.0,0.0,0.0,0.0,0.0
2350300,Java,5,0,0.0,,,0.0,0.0,0.0,0.0,0.0
2351000,Java,5,0,0.0,,,0.0,0.0,0.0,0.0,0.0
2351551,Java,1,0,0.0,,,0.0,0.0,0.0,0.0,0.0
2351600,Java,7,1,0.1428571428571428,,,0.0,0.0,0.0,0.0,0.0
2351641,Java,1,0,0.0,,,0.0,0.0,0.0,0.0,0.0
2351800,Java,8,1,0.125,,,0.0,0.0,0.0,0.0,0.0
2351842,Java,1,1,1.0,,,0.0,0.0,0.0,0.0,0.0
2351951,Java,1,0,0.0,,,0.0,0.0,0.0,0.0,0.0
2352000,Java,2,1,0.5,,,0.0,0.0,0.0,0.0,0.0
2360100,Java,5,0,0.0,,,0.0,0.0,0.0,0.0,0.0
2360300,Java,4,0,0.0,,,0.0,0.0,0.0,0.0,0.0
2360500,Java,9,0,0.0,,,0.0,0.0,0.0,0.0,0.0
2360531,Java,1,0,0.0,,,0.0,0.0,0.0,0.0,0.0
2360541,Java,1,0,0.0,,,0.0,0.0,0.0,0.0,0.0
2360542,Java,0,0,,,,0.0,0.0,,,
2360551,Java,1,0,0.0,,,0.0,0.0,0.0,0.0,0.0
2360600,Java,5,0,0.0,,,0.0,0.0,0.0,0.0,0.0
2360641,Java,1,0,0.0,,,0.0,0.0,0.0,0.0,0.0
2360651,Java,1,0,0.0,,,0.0,0.0,0.0,0.0,0.0
2360800,Java,4,0,0.0,,,0.0,0.0,0.0,0.0,0.0
2360831,Java,6,0,0.0,,,0.0,0.0,0.0,0.0,0.0
2360832,Java,3,0,0.0,,,0.0,0.0,0.0,0.0,0.0
2361052,Java,1,0,0.0,,,0.0,0.0,0.0,0.0,0.0
2361100,Java,4,0,0.0,,,0.0,0.0,0.0,0.0,0.0
2361200,Java,11,2,0.1818181818181818,,,0.0,0.0,0.0,0.0,0.0
2361231,Java,8,0,0.0,,,0.0,0.0,0.0,0.0,0.0
2361300,Java,11,3,0.2727272727272727,,,0.0,0.0,0.0,0.0,0.0
2361331,Java,5,0,0.0,,,0.0,0.0,0.0,0.0,0.0
2361332,Java,2,1,0.5,,,0.0,0.0,0.0,0.0,0.0
2361333,Java,3,0,0.0,,,0.0,0.0,0.0,0.0,0.0
2361400,Java,5,0,0.0,,,0.0,0.0,0.0,0.0,0.0
2361500,Java,1,0,0.0,,,0.0,0.0,0.0,0.0,0.0
2361600,Java,7,0,0.0,,,0.0,0.0,0.0,0.0,0.0
2361700,Java,6,0,0.0,,,0.0,0.0,0.0,0.0,0.0
2361941,Java,1,0,0.0,,,0.0,0.0,0.0,0.0,0.0
2361951,Java,1,0,0.0,,,0.0,0.0,0.0,0.0,0.0
2370100,Java,5,0,0.0,,,0.0,0.0,0.0,0.0,0.0
2370151,Java,0,0,,,,0.0,0.0,,,
2370200,Java,5,0,0.0,,,0.0,0.0,0.0,0.0,0.0
2370241,Java,1,0,0.0,,,0.0,0.0,0.0,0.0,0.0
2370251,Java,3,0,0.0,,,0.0,0.0,0.0,0.0,0.0
2370300,Java,5,0,0.0,,,0.0,0.0,0.0,0.0,0.0
2370331,Java,2,0,0.0,,,0.0,0.0,0.0,0.0,0.0
2370400,Java,9,0,0.0,,,0.0,0.0,0.0,0.0,0.0
2370431,Java,1,0,0.0,,,0.0,0.0,0.0,0.0,0.0
2370441,Java,1,0,0.0,,,0.0,0.0,0.0,0.0,0.0
2370451,Java,0,0,,,,0.0,0.0,,,
2370500,Java,5,0,0.0,,,0.0,0.0,0.0,0.0,0.0
2370531,Java,2,0,0.0,,,0.0,0.0,0.0,0.0,0.0
2370551,Java,1,0,0.0,,,0.0,0.0,0.0,0.0,0.0
2370552,Java,1,1,1.0,,,0.0,0.0,0.0,0.0,0.0
2370600,Java,4,0,0.0,,,0.0,0.0,0.0,0.0,0.0
2370631,Java,2,0,0.0,,,0.0,0.0,0.0,0.0,0.0
2370700,Java,5,0,0.0,,,0.0,0.0,0.0,0.0,0.0
2370800,Java,9,0,0.0,,,0.0,0.0,0.0,0.0,0.0
2370831,Java,0,0,,,,0.0,0.0,,,
2370832,Java,1,0,0.0,,,0.0,0.0,0.0,0.0,0.0
2370841,Java,1,0,0.0,,,0.0,0.0,0.0,0.0,0.0
2370900,Java,4,1,0.25,,,0.0,0.0,0.0,0.0,0.0
2370941,Java,2,0,0.0,,,0.0,0.0,0.0,0.0,0.0
2371000,Java,3,0,0.0,,,0.0,0.0,0.0,0.0,0.0
2371041,Java,1,0,0.0,,,0.0,0.0,0.0,0.0,0.0
2371100,Java,5,0,0.0,,,0.0,0.0,0.0,0.0,0.0
2371151,Java,1,0,0.0,,,0.0,0.0,0.0,0.0,0.0
2371200,Java,7,1,0.1428571428571428,,,0.0,0.0,0.0,0.0,0.0
2371300,Java,6,0,0.0,,,0.0,0.0,0.0,0.0,0.0
2371341,Java,3,0,0.0,,,0.0,0.0,0.0,0.0,0.0
2371400,Java,4,0,0.0,,,0.0,0.0,0.0,0.0,0.0
2371600,Java,5,0,0.0,,,0.0,0.0,0.0,0.0,0.0
2371700,Java,4,0,0.0,,,0.0,0.0,0.0,0.0,0.0
2371900,Java,9,0,0.0,,,0.0,0.0,0.0,0.0,0.0
2371911,Java,0,0,,,,0.0,0.0,,,
2371931,Java,2,0,0.0,,,0.0,0.0,0.0,0.0,0.0
2371941,Java,1,0,0.0,,,0.0,0.0,0.0,0.0,0.0
2372000,Java,4,0,0.0,,,0.0,0.0,0.0,0.0,0.0
2372041,Java,1,0,0.0,,,0.0,0.0,0.0,0.0,0.0
2372100,Java,5,0,0.0,,,0.0,0.0,0.0,0.0,0.0
2372200,Java,8,0,0.0,,,0.0,0.0,0.0,0.0,0.0
2372231,Java,2,0,0.0,,,0.0,0.0,0.0,0.0,0.0
2372241,Java,0,0,,,,0.0,0.0,,,
2372300,Java,3,0,0.0,,,0.0,0.0,0.0,0.0,0.0
2372400,Java,6,0,0.0,,,0.0,0.0,0.0,0.0,0.0
2372451,Java,1,1,1.0,,,0.0,0.0,0.0,0.0,0.0
2372500,Java,5,0,0.0,,,0.0,0.0,0.0,0.0,0.0
2372551,Java,1,0,0.0,,,0.0,0.0,0.0,0.0,0.0
2372600,Java,6,0,0.0,,,0.0,0.0,0.0,0.0,0.0
2372700,Java,4,0,0.0,,,0.0,0.0,0.0,0.0,0.0
2372800,Java,3,0,0.0,,,0.0,0.0,0.0,0.0,0.0
2372841,Java,1,1,1.0,,,0.0,0.0,0.0,0.0,0.0
2372900,Java,6,1,0.1666666666666666,,,0.0,0.0,0.0,0.0,0.0
2372941,Java,1,0,0.0,,,0.0,0.0,0.0,0.0,0.0
2372942,Java,3,0,0.0,,,0.0,0.0,0.0,0.0,0.0
2373000,Java,7,0,0.0,,,0.0,0.0,0.0,0.0,0.0
2373031,Java,1,0,0.0,,,0.0,0.0,0.0,0.0,0.0
2373041,Java,0,0,,,,0.0,0.0,,,
2373051,Java,0,0,,,,0.0,0.0,,,
2380100,Java,3,0,0.0,,,0.0,0.0,0.0,0.0,0.0
2380200,Java,6,0,0.0,,,0.0,0.0,0.0,0.0,0.0
2380211,Java,2,0,0.0,,,0.0,0.0,0.0,0.0,0.0
2380331,Java,0,0,,,,0.0,0.0,,,
2380400,Java,5,0,0.0,,,0.0,0.0,0.0,0.0,0.0
2380441,Java,1,0,0.0,,,0.0,0.0,0.0,0.0,0.0
2380451,Java,4,0,0.0,,,0.0,0.0,0.0,0.0,0.0
2380500,Java,4,1,0.25,,,0.0,0.0,0.0,0.0,0.0
2380541,Java,4,0,0.0,,,0.0,0.0,0.0,0.0,0.0
2380700,Java,5,0,0.0,,,0.0,0.0,0.0,0.0,0.0
2380741,Java,1,0,0.0,,,0.0,0.0,0.0,0.0,0.0
2380800,Java,4,0,0.0,,,0.0,0.0,0.0,0.0,0.0
2381000,Java,3,0,0.0,,,0.0,0.0,0.0,0.0,0.0
2381100,Java,8,2,0.25,,,0.0,0.0,0.0,0.0,0.0
2381131,Java,7,0,0.0,,,0.0,0.0,0.0,0.0,0.0
2381132,Java,3,0,0.0,,,0.0,0.0,0.0,0.0,0.0
2381141,Java,2,0,0.0,,,0.0,0.0,0.0,0.0,0.0
2381200,Java,5,0,0.0,,,0.0,0.0,0.0,0.0,0.0
2381231,Java,1,0,0.0,,,0.0,0.0,0.0,0.0,0.0
2381251,Java,1,0,0.0,,,0.0,0.0,0.0,0.0,0.0
2381400,Java,6,1,0.1666666666666666,,,0.0,0.0,0.0,0.0,0.0
2381451,Java,1,0,0.0,,,0.0,0.0,0.0,0.0,0.0
2381532,Java,2,0,0.0,,,0.0,0.0,0.0,0.0,0.0
2381631,Java,2,0,0.0,,,0.0,0.0,0.0,0.0,0.0
2381700,Java,6,0,0.0,,,0.0,0.0,0.0,0.0,0.0
2381741,Java,2,1,0.5,,,0.0,0.0,0.0,0.0,0.0
2381743,Java,1,1,1.0,,,0.0,0.0,0.0,0.0,0.0
2381744,Java,1,0,0.0,,,0.0,0.0,0.0,0.0,0.0
2381800,Java,4,0,0.0,,,0.0,0.0,0.0,0.0,0.0
2381851,Java,1,1,1.0,,,0.0,0.0,0.0,0.0,0.0
2381900,Java,3,0,0.0,,,0.0,0.0,0.0,0.0,0.0
2390100,Java,14,0,0.0,,,0.0,0.0,0.0,0.0,0.0
2390111,Java,1,1,1.0,,,0.0,0.0,0.0,0.0,0.0
2390131,Java,0,0,,,,0.0,0.0,,,
2390200,Java,4,0,0.0,,,0.0,0.0,0.0,0.0,0.0
2390300,Java,7,0,0.0,,,0.0,0.0,0.0,0.0,0.0
2390331,Java,4,0,0.0,,,0.0,0.0,0.0,0.0,0.0
2390332,Java,1,0,0.0,,,0.0,0.0,0.0,0.0,0.0
2390351,Java,0,0,,,,0.0,0.0,,,
2390431,Java,4,0,0.0,,,0.0,0.0,0.0,0.0,0.0
2390441,Java,6,0,0.0,,,0.0,0.0,0.0,0.0,0.0
2390500,Java,4,0,0.0,,,0.0,0.0,0.0,0.0,0.0
2390551,Java,2,0,0.0,,,0.0,0.0,0.0,0.0,0.0
2390600,Java,5,0,0.0,,,0.0,0.0,0.0,0.0,0.0
2390651,Java,1,0,0.0,,,0.0,0.0,0.0,0.0,0.0
2390731,Java,4,0,0.0,,,0.0,0.0,0.0,0.0,0.0
2390800,Java,8,0,0.0,,,0.0,0.0,0.0,0.0,0.0
2390841,Java,1,0,0.0,,,0.0,0.0,0.0,0.0,0.0
2390842,Java,3,0,0.0,,,0.0,0.0,0.0,0.0,0.0
2390900,Java,6,0,0.0,,,0.0,0.0,0.0,0.0,0.0
2390941,Java,0,0,,,,0.0,0.0,,,
2391100,Java,4,0,0.0,,,0.0,0.0,0.0,0.0,0.0
2391142,Java,1,0,0.0,,,0.0,0.0,0.0,0.0,0.0
2391200,Java,4,0,0.0,,,0.0,0.0,0.0,0.0,0.0
2391251,Java,1,0,0.0,,,0.0,0.0,0.0,0.0,0.0
2391300,Java,3,0,0.0,,,0.0,0.0,0.0,0.0,0.0
2391331,Java,3,0,0.0,,,0.0,0.0,0.0,0.0,0.0
2391400,Java,1,0,0.0,,,0.0,0.0,0.0,0.0,0.0
2391600,Java,5,0,0.0,,,0.0,0.0,0.0,0.0,0.0
2391641,Java,0,0,,,,0.0,0.0,,,
2391700,Java,3,0,0.0,,,0.0,0.0,0.0,0.0,0.0
2391800,Java,6,0,0.0,,,0.0,0.0,0.0,0.0,0.0
2391831,Java,1,0,0.0,,,0.0,0.0,0.0,0.0,0.0
2391851,Java,1,0,0.0,,,0.0,0.0,0.0,0.0,0.0
2391900,Java,6,0,0.0,,,0.0,0.0,0.0,0.0,0.0
2391941,Java,1,0,0.0,,,0.0,0.0,0.0,0.0,0.0
2392000,Java,5,0,0.0,,,0.0,0.0,0.0,0.0,0.0
2392051,Java,1,0,0.0,,,0.0,0.0,0.0,0.0,0.0
2392100,Java,8,0,0.0,,,0.0,0.0,0.0,0.0,0.0
2392131,Java,1,0,0.0,,,0.0,0.0,0.0,0.0,0.0
2392132,Java,2,0,0.0,,,0.0,0.0,0.0,0.0,0.0
2392141,Java,1,0,0.0,,,0.0,0.0,0.0,0.0,0.0
2392200,Java,5,0,0.0,,,0.0,0.0,0.0,0.0,0.0
2392241,Java,3,0,0.0,,,0.0,0.0,0.0,0.0,0.0
2392400,Java,3,0,0.0,,,0.0,0.0,0.0,0.0,0.0
2392500,Java,6,0,0.0,,,0.0,0.0,0.0,0.0,0.0
2392600,Java,4,0,0.0,,,0.0,0.0,0.0,0.0,0.0
2392700,Java,5,1,0.2,,,0.0,0.0,0.0,0.0,0.0
2392751,Java,1,0,0.0,,,0.0,0.0,0.0,0.0,0.0
2392800,Java,4,0,0.0,,,0.0,0.0,0.0,0.0,0.0
2392841,Java,1,0,0.0,,,0.0,0.0,0.0,0.0,0.0
2392851,Java,1,0,0.0,,,0.0,0.0,0.0,0.0,0.0
2392900,Java,5,0,0.0,,,0.0,0.0,0.0,0.0,0.0
2392941,Java,1,0,0.0,,,0.0,0.0,0.0,0.0,0.0
2392951,Java,2,0,0.0,,,0.0,0.0,0.0,0.0,0.0
2393000,Java,9,0,0.0,,,0.0,0.0,0.0,0.0,0.0
2393011,Java,1,0,0.0,,,0.0,0.0,0.0,0.0,0.0
2393031,Java,1,1,1.0,,,0.0,0.0,0.0,0.0,0.0
2393032,Java,1,0,0.0,,,0.0,0.0,0.0,0.0,0.0
2393041,Java,2,0,0.0,,,0.0,0.0,0.0,0.0,0.0
2393044,Java,3,0,0.0,,,0.0,0.0,0.0,0.0,0.0
2393057,Java,4,0,0.0,,,0.0,0.0,0.0,0.0,0.0
2400100,Java,5,0,0.0,,,0.0,0.0,0.0,0.0,0.0
2400141,Java,5,0,0.0,,,0.0,0.0,0.0,0.0,0.0
2400231,Java,4,0,0.0,,,0.0,0.0,0.0,0.0,0.0
2400232,Java,3,0,0.0,,,0.0,0.0,0.0,0.0,0.0
2400240,Java,1,0,0.0,,,0.0,0.0,0.0,0.0,0.0
2400300,Java,6,0,0.0,,,0.0,0.0,0.0,0.0,0.0
2400400,Java,4,1,0.25,,,0.0,0.0,0.0,0.0,0.0
2400500,Java,10,0,0.0,,,0.0,0.0,0.0,0.0,0.0
2400531,Java,2,0,0.0,,,0.0,0.0,0.0,0.0,0.0
2400541,Java,0,0,,,,0.0,0.0,,,
2400542,Java,1,0,0.0,,,0.0,0.0,0.0,0.0,0.0
2400551,Java,3,0,0.0,,,0.0,0.0,0.0,0.0,0.0
2400600,Java,6,1,0.1666666666666666,,,0.0,0.0,0.0,0.0,0.0
2400641,Java,2,0,0.0,,,0.0,0.0,0.0,0.0,0.0
2400651,Java,3,0,0.0,,,0.0,0.0,0.0,0.0,0.0
2400652,Java,2,0,0.0,,,0.0,0.0,0.0,0.0,0.0
2400653,Java,1,0,0.0,,,0.0,0.0,0.0,0.0,0.0
2400700,Java,10,1,0.1,,,0.0,0.0,0.0,0.0,0.0
2400741,Java,0,0,,,,0.0,0.0,,,
2400800,Java,7,0,0.0,,,0.0,0.0,0.0,0.0,0.0
2400831,Java,6,0,0.0,,,0.0,0.0,0.0,0.0,0.0
2400851,Java,1,0,0.0,,,0.0,0.0,0.0,0.0,0.0
2400900,Java,9,0,0.0,,,0.0,0.0,0.0,0.0,0.0
2400931,Java,3,1,0.3333333333333333,,,0.0,0.0,0.0,0.0,0.0
2400933,Java,1,1,1.0,,,0.0,0.0,0.0,0.0,0.0
2400941,Java,2,0,0.0,,,0.0,0.0,0.0,0.0,0.0
2401100,Java,1,0,0.0,,,0.0,0.0,0.0,0.0,0.0
2401200,Java,5,0,0.0,,,0.0,0.0,0.0,0.0,0.0
2401231,Java,4,0,0.0,,,0.0,0.0,0.0,0.0,0.0
2401500,Java,3,0,0.0,,,0.0,0.0,0.0,0.0,0.0
2401600,Java,3,0,0.0,,,0.0,0.0,0.0,0.0,0.0
2401631,Java,5,0,0.0,,,0.0,0.0,0.0,0.0,0.0
2401700,Java,12,0,0.0,,,0.0,0.0,0.0,0.0,0.0
2401731,Java,3,0,0.0,,,0.0,0.0,0.0,0.0,0.0
2401741,Java,1,0,0.0,,,0.0,0.0,0.0,0.0,0.0
2401743,Java,1,1,1.0,,,0.0,0.0,0.0,0.0,0.0
2401744,Java,1,0,0.0,,,0.0,0.0,0.0,0.0,0.0
2401800,Java,6,2,0.3333333333333333,,,0.0,0.0,0.0,0.0,0.0
2401900,Java,5,1,0.2,,,0.0,0.0,0.0,0.0,0.0
2401951,Java,1,0,0.0,,,0.0,0.0,0.0,0.0,0.0
2401952,Java,1,0,0.0,,,0.0,0.0,0.0,0.0,0.0
2402000,Java,6,0,0.0,,,0.0,0.0,0.0,0.0,0.0
2402041,Java,1,0,0.0,,,0.0,0.0,0.0,0.0,0.0
2402051,Java,1,0,0.0,,,0.0,0.0,0.0,0.0,0.0
2402100,Java,5,0,0.0,,,0.0,0.0,0.0,0.0,0.0
2402151,Java,1,0,0.0,,,0.0,0.0,0.0,0.0,0.0
2402200,Java,5,1,0.2,,,0.0,0.0,0.0,0.0,0.0
2402251,Java,1,1,1.0,,,0.0,0.0,0.0,0.0,0.0
2402300,Java,5,0,0.0,,,0.0,0.0,0.0,0.0,0.0
2402400,Java,6,2,0.3333333333333333,,,0.0,0.0,0.0,0.0,0.0
2402441,Java,1,0,0.0,,,0.0,0.0,0.0,0.0,0.0
2402442,Java,6,0,0.0,,,0.0,0.0,0.0,0.0,0.0
2402451,Java,1,1,1.0,,,0.0,0.0,0.0,0.0,0.0
2402454,Java,0,0,,,,0.0,0.0,,,
2402600,Java,7,0,0.0,,,0.0,0.0,0.0,0.0,0.0
2402611,Java,1,0,0.0,,,0.0,0.0,0.0,0.0,0.0
2402612,Java,4,0,0.0,,,0.0,0.0,0.0,0.0,0.0
2402651,Java,4,0,0.0,,,0.0,0.0,0.0,0.0,0.0
2402700,Java,5,0,0.0,,,0.0,0.0,0.0,0.0,0.0
2402751,Java,1,1,1.0,,,0.0,0.0,0.0,0.0,0.0
2402800,Java,4,0,0.0,,,0.0,0.0,0.0,0.0,0.0
2402841,Java,2,0,0.0,,,0.0,0.0,0.0,0.0,0.0
2402900,Java,14,1,0.0714285714285714,,,0.0,0.0,0.0,0.0,0.0
2402911,Java,2,1,0.5,,,0.0,0.0,0.0,0.0,0.0
2402912,Java,8,0,0.0,,,0.0,0.0,0.0,0.0,0.0
2402941,Java,0,0,,,,0.0,0.0,,,
2402951,Java,1,0,0.0,,,0.0,0.0,0.0,0.0,0.0
2403031,Java,6,1,0.1666666666666666,,,0.0,0.0,0.0,0.0,0.0
2410100,Java,3,1,0.3333333333333333,,,0.0,0.0,0.0,0.0,0.0
2410111,Java,2,1,0.5,,,0.0,0.0,0.0,0.0,0.0
2410200,Java,3,0,0.0,,,0.0,0.0,0.0,0.0,0.0
2410300,Java,6,0,0.0,,,0.0,0.0,0.0,0.0,0.0
2410341,Java,4,0,0.0,,,0.0,0.0,0.0,0.0,0.0
2410400,Java,1,0,0.0,,,0.0,0.0,0.0,0.0,0.0
2410500,Java,4,0,0.0,,,0.0,0.0,0.0,0.0,0.0
2410541,Java,4,1,0.25,,,0.0,0.0,0.0,0.0,0.0
2410542,Java,1,0,0.0,,,0.0,0.0,0.0,0.0,0.0
2410600,Java,3,1,0.3333333333333333,,,0.0,0.0,0.0,0.0,0.0
2410651,Java,1,1,1.0,,,0.0,0.0,0.0,0.0,0.0
2410700,Java,6,1,0.1666666666666666,,,0.0,0.0,0.0,0.0,0.0
2410741,Java,1,0,0.0,,,0.0,0.0,0.0,0.0,0.0
2410800,Java,4,0,0.0,,,0.0,0.0,0.0,0.0,0.0
2410900,Java,5,0,0.0,,,0.0,0.0,0.0,0.0,0.0
2410931,Java,6,0,0.0,,,0.0,0.0,0.0,0.0,0.0
2410941,Java,1,0,0.0,,,0.0,0.0,0.0,0.0,0.0
2411000,Java,5,0,0.0,,,0.0,0.0,0.0,0.0,0.0
2411031,Java,1,0,0.0,,,0.0,0.0,0.0,0.0,0.0
2411051,Java,1,0,0.0,,,0.0,0.0,0.0,0.0,0.0
2411100,Java,7,0,0.0,,,0.0,0.0,0.0,0.0,0.0
2411141,Java,4,0,0.0,,,0.0,0.0,0.0,0.0,0.0
2411152,Java,0,0,,,,0.0,0.0,,,
2411200,Java,7,0,0.0,,,0.0,0.0,0.0,0.0,0.0
2411500,Java,7,0,0.0,,,0.0,0.0,0.0,0.0,0.0
2411541,Java,2,0,0.0,,,0.0,0.0,0.0,0.0,0.0
2411552,Java,0,0,,,,0.0,0.0,,,
2411600,Java,5,0,0.0,,,0.0,0.0,0.0,0.0,0.0
2411700,Java,5,0,0.0,,,0.0,0.0,0.0,0.0,0.0
2411800,Java,6,0,0.0,,,0.0,0.0,0.0,0.0,0.0
2411841,Java,1,0,0.0,,,0.0,0.0,0.0,0.0,0.0
2411900,Java,5,0,0.0,,,0.0,0.0,0.0,0.0,0.0
2412000,Java,7,0,0.0,,,0.0,0.0,0.0,0.0,0.0
2412041,Java,1,0,0.0,,,0.0,0.0,0.0,0.0,0.0
2412052,Java,1,0,0.0,,,0.0,0.0,0.0,0.0,0.0
2412100,Java,8,0,0.0,,,0.0,0.0,0.0,0.0,0.0
2412131,Java,0,0,,,,0.0,0.0,,,
2412132,Java,3,0,0.0,,,0.0,0.0,0.0,0.0,0.0
2412151,Java,1,0,0.0,,,0.0,0.0,0.0,0.0,0.0
2412200,Java,5,0,0.0,,,0.0,0.0,0.0,0.0,0.0
2412241,Java,2,0,0.0,,,0.0,0.0,0.0,0.0,0.0
2412300,Java,2,0,0.0,,,0.0,0.0,0.0,0.0,0.0
2412400,Java,3,1,0.3333333333333333,,,0.0,0.0,0.0,0.0,0.0
2412451,Java,1,1,1.0,,,0.0,0.0,0.0,0.0,0.0
2412500,Java,3,0,0.0,,,0.0,0.0,0.0,0.0,0.0
2412600,Java,5,1,0.2,,,0.0,0.0,0.0,0.0,0.0
2412700,Java,8,2,0.25,,,0.0,0.0,0.0,0.0,0.0
2412741,Java,3,0,0.0,,,0.0,0.0,0.0,0.0,0.0
2412751,Java,1,1,1.0,,,0.0,0.0,0.0,0.0,0.0
2412800,Java,4,0,0.0,,,0.0,0.0,0.0,0.0,0.0
2412900,Java,7,0,0.0,,,0.0,0.0,0.0,0.0,0.0
2412931,Java,5,0,0.0,,,0.0,0.0,0.0,0.0,0.0
2413000,Java,7,1,0.1428571428571428,,,0.0,0.0,0.0,0.0,0.0
2413042,Java,2,0,0.0,,,0.0,0.0,0.0,0.0,0.0
2414100,Java,8,2,0.25,,,0.0,0.0,0.0,0.0,0.0
2414131,Java,0,0,,,,0.0,0.0,,,
2420100,Java,3,0,0.0,,,0.0,0.0,0.0,0.0,0.0
2420200,Java,5,0,0.0,,,0.0,0.0,0.0,0.0,0.0
2420231,Java,1,0,0.0,,,0.0,0.0,0.0,0.0,0.0
2420300,Java,9,1,0.1111111111111111,,,0.0,0.0,0.0,0.0,0.0
2420351,Java,1,0,0.0,,,0.0,0.0,0.0,0.0,0.0
2420400,Java,8,0,0.0,,,0.0,0.0,0.0,0.0,0.0
2420451,Java,1,0,0.0,,,0.0,0.0,0.0,0.0,0.0
2420500,Java,4,0,0.0,,,0.0,0.0,0.0,0.0,0.0
2420600,Java,3,1,0.3333333333333333,,,0.0,0.0,0.0,0.0,0.0
2420652,Java,2,0,0.0,,,0.0,0.0,0.0,0.0,0.0
2420700,Java,3,0,0.0,,,0.0,0.0,0.0,0.0,0.0
2420751,Java,1,0,0.0,,,0.0,0.0,0.0,0.0,0.0
2420800,Java,5,0,0.0,,,0.0,0.0,0.0,0.0,0.0
2420900,Java,3,0,0.0,,,0.0,0.0,0.0,0.0,0.0
2420951,Java,1,0,0.0,,,0.0,0.0,0.0,0.0,0.0
2421000,Java,7,0,0.0,,,0.0,0.0,0.0,0.0,0.0
2421041,Java,1,0,0.0,,,0.0,0.0,0.0,0.0,0.0
2421200,Java,6,0,0.0,,,0.0,0.0,0.0,0.0,0.0
2421211,Java,1,0,0.0,,,0.0,0.0,0.0,0.0,0.0
2421300,Java,3,0,0.0,,,0.0,0.0,0.0,0.0,0.0
2421351,Java,1,0,0.0,,,0.0,0.0,0.0,0.0,0.0
2421400,Java,2,0,0.0,,,0.0,0.0,0.0,0.0,0.0
2421500,Java,8,0,0.0,,,0.0,0.0,0.0,0.0,0.0
2421511,Java,2,0,0.0,,,0.0,0.0,0.0,0.0,0.0
2421541,Java,1,0,0.0,,,0.0,0.0,0.0,0.0,0.0
2421600,Java,1,0,0.0,,,0.0,0.0,0.0,0.0,0.0
2421700,Java,3,1,0.3333333333333333,,,0.0,0.0,0.0,0.0,0.0
2421800,Java,4,0,0.0,,,0.0,0.0,0.0,0.0,0.0
2421900,Java,7,0,0.0,,,0.0,0.0,0.0,0.0,0.0
2421911,Java,1,0,0.0,,,0.0,0.0,0.0,0.0,0.0
2421951,Java,1,0,0.0,,,0.0,0.0,0.0,0.0,0.0
2422000,Java,5,0,0.0,,,0.0,0.0,0.0,0.0,0.0
2422100,Java,4,0,0.0,,,0.0,0.0,0.0,0.0,0.0
2422111,Java,1,0,0.0,,,0.0,0.0,0.0,0.0,0.0
2422141,Java,1,0,0.0,,,0.0,0.0,0.0,0.0,0.0
2422200,Java,2,0,0.0,,,0.0,0.0,0.0,0.0,0.0
2422300,Java,4,0,0.0,,,0.0,0.0,0.0,0.0,0.0
2422341,Java,4,0,0.0,,,0.0,0.0,0.0,0.0,0.0
2422351,Java,1,0,0.0,,,0.0,0.0,0.0,0.0,0.0
2422500,Java,5,0,0.0,,,0.0,0.0,0.0,0.0,0.0
2422551,Java,1,0,0.0,,,0.0,0.0,0.0,0.0,0.0
2422552,Java,1,0,0.0,,,0.0,0.0,0.0,0.0,0.0
2422600,Java,4,0,0.0,,,0.0,0.0,0.0,0.0,0.0
2422641,Java,1,0,0.0,,,0.0,0.0,0.0,0.0,0.0
2422700,Java,7,0,0.0,,,0.0,0.0,0.0,0.0,0.0
2422741,Java,2,0,0.0,,,0.0,0.0,0.0,0.0,0.0
2422800,Java,2,0,0.0,,,0.0,0.0,0.0,0.0,0.0
2422900,Java,4,0,0.0,,,0.0,0.0,0.0,0.0,0.0
2423000,Java,5,0,0.0,,,0.0,0.0,0.0,0.0,0.0
2423051,Java,1,0,0.0,,,0.0,0.0,0.0,0.0,0.0
2430100,Java,6,0,0.0,,,0.0,0.0,0.0,0.0,0.0
2430200,Java,5,0,0.0,,,0.0,0.0,0.0,0.0,0.0
2430251,Java,0,0,,,,0.0,0.0,,,
2430300,Java,5,0,0.0,,,0.0,0.0,0.0,0.0,0.0
2430331,Java,3,0,0.0,,,0.0,0.0,0.0,0.0,0.0
2430400,Java,3,0,0.0,,,0.0,0.0,0.0,0.0,0.0
2430600,Java,4,0,0.0,,,0.0,0.0,0.0,0.0,0.0
2430700,Java,1,0,0.0,,,0.0,0.0,0.0,0.0,0.0
2430800,Java,4,0,0.0,,,0.0,0.0,0.0,0.0,0.0
2430900,Java,3,0,0.0,,,0.0,0.0,0.0,0.0,0.0
2431000,Java,5,0,0.0,,,0.0,0.0,0.0,0.0,0.0
2431200,Java,4,0,0.0,,,0.0,0.0,0.0,0.0,0.0
2431251,Java,1,1,1.0,,,0.0,0.0,0.0,0.0,0.0
2431300,Java,4,0,0.0,,,0.0,0.0,0.0,0.0,0.0
2431400,Java,7,0,0.0,,,0.0,0.0,0.0,0.0,0.0
2431500,Java,2,0,0.0,,,0.0,0.0,0.0,0.0,0.0
2431600,Java,5,0,0.0,,,0.0,0.0,0.0,0.0,0.0
2431700,Java,5,1,0.2,,,0.0,0.0,0.0,0.0,0.0
2431731,Java,3,0,0.0,,,0.0,0.0,0.0,0.0,0.0
2431800,Java,4,0,0.0,,,0.0,0.0,0.0,0.0,0.0
2431900,Java,3,0,0.0,,,0.0,0.0,0.0,0.0,0.0
2432000,Java,8,0,0.0,,,0.0,0.0,0.0,0.0,0.0
2440100,Java,1,0,0.0,,,0.0,0.0,0.0,0.0,0.0
2440200,Java,6,0,0.0,,,0.0,0.0,0.0,0.0,0.0
2440241,Java,0,0,,,,0.0,0.0,,,
2440242,Java,1,0,0.0,,,0.0,0.0,0.0,0.0,0.0
2440300,Java,1,0,0.0,,,0.0,0.0,0.0,0.0,0.0
2440400,Java,3,0,0.0,,,0.0,0.0,0.0,0.0,0.0
2440500,Java,5,1,0.2,,,0.0,0.0,0.0,0.0,0.0
2440511,Java,5,0,0.0,,,0.0,0.0,0.0,0.0,0.0
2440600,Java,1,0,0.0,,,0.0,0.0,0.0,0.0,0.0
2440700,Java,3,0,0.0,,,0.0,0.0,0.0,0.0,0.0
2440741,Java,1,0,0.0,,,0.0,0.0,0.0,0.0,0.0
2440800,Java,3,0,0.0,,,0.0,0.0,0.0,0.0,0.0
2441000,Java,5,0,0.0,,,0.0,0.0,0.0,0.0,0.0
2441031,Java,2,0,0.0,,,0.0,0.0,0.0,0.0,0.0
2441041,Java,4,0,0.0,,,0.0,0.0,0.0,0.0,0.0
2441100,Java,5,0,0.0,,,0.0,0.0,0.0,0.0,0.0
2441111,Java,2,0,0.0,,,0.0,0.0,0.0,0.0,0.0
2441200,Java,4,0,0.0,,,0.0,0.0,0.0,0.0,0.0
2441400,Java,4,0,0.0,,,0.0,0.0,0.0,0.0,0.0
2441431,Java,1,0,0.0,,,0.0,0.0,0.0,0.0,0.0
2441452,Java,2,0,0.0,,,0.0,0.0,0.0,0.0,0.0
2441500,Java,4,2,0.5,,,0.0,0.0,0.0,0.0,0.0
2441600,Java,10,0,0.0,,,0.0,0.0,0.0,0.0,0.0
2441641,Java,2,0,0.0,,,0.0,0.0,0.0,0.0,0.0
2441642,Java,1,0,0.0,,,0.0,0.0,0.0,0.0,0.0
2441643,Java,0,0,,,,0.0,0.0,,,
2441700,Java,5,0,0.0,,,0.0,0.0,0.0,0.0,0.0
2441800,Java,4,0,0.0,,,0.0,0.0,0.0,0.0,0.0
2442000,Java,5,0,0.0,,,0.0,0.0,0.0,0.0,0.0
2442051,Java,0,0,,,,0.0,0.0,,,
2442100,Java,5,0,0.0,,,0.0,0.0,0.0,0.0,0.0
2442200,Java,6,0,0.0,,,0.0,0.0,0.0,0.0,0.0
2442300,Java,5,0,0.0,,,0.0,0.0,0.0,0.0,0.0
2442500,Java,3,0,0.0,,,0.0,0.0,0.0,0.0,0.0
2442541,Java,2,0,0.0,,,0.0,0.0,0.0,0.0,0.0
2442600,Java,1,0,0.0,,,0.0,0.0,0.0,0.0,0.0
2442700,Java,5,0,0.0,,,0.0,0.0,0.0,0.0,0.0
2442711,Java,3,0,0.0,,,0.0,0.0,0.0,0.0,0.0
2442800,Java,4,0,0.0,,,0.0,0.0,0.0,0.0,0.0
2442900,Java,9,0,0.0,,,0.0,0.0,0.0,0.0,0.0
2442911,Java,3,1,0.3333333333333333,,,0.0,0.0,0.0,0.0,0.0
2442953,Java,1,0,0.0,,,0.0,0.0,0.0,0.0,0.0
2443000,Java,1,0,0.0,,,0.0,0.0,0.0,0.0,0.0
2450100,Java,8,0,0.0,,,0.0,0.0,0.0,0.0,0.0
2450141,Java,0,0,,,,0.0,0.0,,,
2450142,Java,1,0,0.0,,,0.0,0.0,0.0,0.0,0.0
2450151,Java,1,0,0.0,,,0.0,0.0,0.0,0.0,0.0
2450300,Java,8,0,0.0,,,0.0,0.0,0.0,0.0,0.0
2450341,Java,1,0,0.0,,,0.0,0.0,0.0,0.0,0.0
2450400,Java,3,0,0.0,,,0.0,0.0,0.0,0.0,0.0
2450441,Java,4,0,0.0,,,0.0,0.0,0.0,0.0,0.0
2450500,Java,4,0,0.0,,,0.0,0.0,0.0,0.0,0.0
2450600,Java,4,0,0.0,,,0.0,0.0,0.0,0.0,0.0
2450631,Java,1,0,0.0,,,0.0,0.0,0.0,0.0,0.0
2450632,Java,5,0,0.0,,,0.0,0.0,0.0,0.0,0.0
2450651,Java,2,0,0.0,,,0.0,0.0,0.0,0.0,0.0
2450652,Java,1,0,0.0,,,0.0,0.0,0.0,0.0,0.0
2450700,Java,6,1,0.1666666666666666,,,0.0,0.0,0.0,0.0,0.0
2450741,Java,3,0,0.0,,,0.0,0.0,0.0,0.0,0.0
2450751,Java,2,1,0.5,,,0.0,0.0,0.0,0.0,0.0
2450800,Java,5,0,0.0,,,0.0,0.0,0.0,0.0,0.0
2450900,Java,7,2,0.2857142857142857,,,0.0,0.0,0.0,0.0,0.0
2450931,Java,0,0,,,,0.0,0.0,,,
2450941,Java,1,0,0.0,,,0.0,0.0,0.0,0.0,0.0
2451100,Java,5,1,0.2,,,0.0,0.0,0.0,0.0,0.0
2451111,Java,1,0,0.0,,,0.0,0.0,0.0,0.0,0.0
2451141,Java,1,0,0.0,,,0.0,0.0,0.0,0.0,0.0
2451200,Java,5,0,0.0,,,0.0,0.0,0.0,0.0,0.0
2451231,Java,1,0,0.0,,,0.0,0.0,0.0,0.0,0.0
2451300,Java,6,0,0.0,,,0.0,0.0,0.0,0.0,0.0
2451352,Java,1,0,0.0,,,0.0,0.0,0.0,0.0,0.0
2451400,Java,3,0,0.0,,,0.0,0.0,0.0,0.0,0.0
2451500,Java,3,0,0.0,,,0.0,0.0,0.0,0.0,0.0
2451600,Java,7,0,0.0,,,0.0,0.0,0.0,0.0,0.0
2451611,Java,2,0,0.0,,,0.0,0.0,0.0,0.0,0.0
2451700,Java,6,0,0.0,,,0.0,0.0,0.0,0.0,0.0
2451741,Java,3,0,0.0,,,0.0,0.0,0.0,0.0,0.0
2451742,Java,6,0,0.0,,,0.0,0.0,0.0,0.0,0.0
2451751,Java,0,0,,,,0.0,0.0,,,
2451800,Java,3,0,0.0,,,0.0,0.0,0.0,0.0,0.0
2451831,Java,2,0,0.0,,,0.0,0.0,0.0,0.0,0.0
2451900,Java,7,0,0.0,,,0.0,0.0,0.0,0.0,0.0
2451911,Java,0,0,,,,0.0,0.0,,,
2451941,Java,1,1,1.0,,,0.0,0.0,0.0,0.0,0.0
2452000,Java,2,0,0.0,,,0.0,0.0,0.0,0.0,0.0
2452100,Java,5,0,0.0,,,0.0,0.0,0.0,0.0,0.0
2452141,Java,0,0,,,,0.0,0.0,,,
2452151,Java,1,0,0.0,,,0.0,0.0,0.0,0.0,0.0
2452200,Java,6,2,0.3333333333333333,,,0.0,0.0,0.0,0.0,0.0
2452251,Java,1,0,0.0,,,0.0,0.0,0.0,0.0,0.0
2452252,Java,3,0,0.0,,,0.0,0.0,0.0,0.0,0.0
2452253,Java,1,1,1.0,,,0.0,0.0,0.0,0.0,0.0
2452300,Java,4,0,0.0,,,0.0,0.0,0.0,0.0,0.0
2452351,Java,2,0,0.0,,,0.0,0.0,0.0,0.0,0.0
2452500,Java,7,0,0.0,,,0.0,0.0,0.0,0.0,0.0
2452531,Java,6,0,0.0,,,0.0,0.0,0.0,0.0,0.0
2452600,Java,4,0,0.0,,,0.0,0.0,0.0,0.0,0.0
2452611,Java,1,0,0.0,,,0.0,0.0,0.0,0.0,0.0
2452700,Java,5,0,0.0,,,0.0,0.0,0.0,0.0,0.0
2452751,Java,1,0,0.0,,,0.0,0.0,0.0,0.0,0.0
2452800,Java,4,0,0.0,,,0.0,0.0,0.0,0.0,0.0
2452831,Java,2,0,0.0,,,0.0,0.0,0.0,0.0,0.0
2452900,Java,8,0,0.0,,,0.0,0.0,0.0,0.0,0.0
2452941,Java,2,0,0.0,,,0.0,0.0,0.0,0.0,0.0
2452951,Java,1,0,0.0,,,0.0,0.0,0.0,0.0,0.0
2452952,Java,0,0,,,,0.0,0.0,,,
2452953,Java,1,0,0.0,,,0.0,0.0,0.0,0.0,0.0
2460100,Java,7,2,0.2857142857142857,,,0.0,0.0,0.0,0.0,0.0
2460141,Java,2,0,0.0,,,0.0,0.0,0.0,0.0,0.0
2460200,Java,7,1,0.1428571428571428,,,0.0,0.0,0.0,0.0,0.0
2460231,Java,2,0,0.0,,,0.0,0.0,0.0,0.0,0.0
2460300,Java,4,0,0.0,,,0.0,0.0,0.0,0.0,0.0
2460351,Java,1,0,0.0,,,0.0,0.0,0.0,0.0,0.0
2460500,Java,6,0,0.0,,,0.0,0.0,0.0,0.0,0.0
2460641,Java,4,1,0.25,,,0.0,0.0,0.0,0.0,0.0
2460700,Java,3,0,0.0,,,0.0,0.0,0.0,0.0,0.0
2460800,Java,5,0,0.0,,,0.0,0.0,0.0,0.0,0.0
2460900,Java,4,1,0.25,,,0.0,0.0,0.0,0.0,0.0
2461000,Java,5,1,0.2,,,0.0,0.0,0.0,0.0,0.0
2461100,Java,5,2,0.4,,,0.0,0.0,0.0,0.0,0.0
2461200,Java,8,1,0.125,,,0.0,0.0,0.0,0.0,0.0
2461211,Java,1,1,1.0,,,0.0,0.0,0.0,0.0,0.0
2461332,Java,2,0,0.0,,,0.0,0.0,0.0,0.0,0.0
2461400,Java,4,1,0.25,,,0.0,0.0,0.0,0.0,0.0
2461500,Java,6,0,0.0,,,0.0,0.0,0.0,0.0,0.0
2461541,Java,3,0,0.0,,,0.0,0.0,0.0,0.0,0.0
2461600,Java,7,0,0.0,,,0.0,0.0,0.0,0.0,0.0
2461641,Java,1,0,0.0,,,0.0,0.0,0.0,0.0,0.0
2461651,Java,1,0,0.0,,,0.0,0.0,0.0,0.0,0.0
2461700,Java,6,0,0.0,,,0.0,0.0,0.0,0.0,0.0
2461900,Java,4,0,0.0,,,0.0,0.0,0.0,0.0,0.0
2461931,Java,1,1,1.0,,,0.0,0.0,0.0,0.0,0.0
2461951,Java,1,1,1.0,,,0.0,0.0,0.0,0.0,0.0
2462000,Java,6,1,0.1666666666666666,,,0.0,0.0,0.0,0.0,0.0
2464100,Java,5,0,0.0,,,0.0,0.0,0.0,0.0,0.0
2464141,Java,1,1,1.0,,,0.0,0.0,0.0,0.0,0.0
2470100,Java,4,0,0.0,,,0.0,0.0,0.0,0.0,0.0
2470151,Java,1,0,0.0,,,0.0,0.0,0.0,0.0,0.0
2470200,Java,4,0,0.0,,,0.0,0.0,0.0,0.0,0.0
2470300,Java,3,0,0.0,,,0.0,0.0,0.0,0.0,0.0
2470400,Java,4,1,0.25,,,0.0,0.0,0.0,0.0,0.0
2470451,Java,1,1,1.0,,,0.0,0.0,0.0,0.0,0.0
2470452,Java,1,0,0.0,,,0.0,0.0,0.0,0.0,0.0
2470500,Java,5,0,0.0,,,0.0,0.0,0.0,0.0,0.0
2470600,Java,3,0,0.0,,,0.0,0.0,0.0,0.0,0.0
2470700,Java,7,1,0.1428571428571428,,,0.0,0.0,0.0,0.0,0.0
2470731,Java,5,0,0.0,,,0.0,0.0,0.0,0.0,0.0
2470800,Java,6,0,0.0,,,0.0,0.0,0.0,0.0,0.0
2470831,Java,2,0,0.0,,,0.0,0.0,0.0,0.0,0.0
2470841,Java,4,0,0.0,,,0.0,0.0,0.0,0.0,0.0
2470900,Java,3,0,0.0,,,0.0,0.0,0.0,0.0,0.0
2471000,Java,5,0,0.0,,,0.0,0.0,0.0,0.0,0.0
2471100,Java,5,0,0.0,,,0.0,0.0,0.0,0.0,0.0
2471200,Java,8,0,0.0,,,0.0,0.0,0.0,0.0,0.0
2471251,Java,1,1,1.0,,,0.0,0.0,0.0,0.0,0.0
2471252,Java,3,0,0.0,,,0.0,0.0,0.0,0.0,0.0
2471253,Java,4,0,0.0,,,0.0,0.0,0.0,0.0,0.0
2471300,Java,2,0,0.0,,,0.0,0.0,0.0,0.0,0.0
2471400,Java,6,0,0.0,,,0.0,0.0,0.0,0.0,0.0
2471500,Java,7,0,0.0,,,0.0,0.0,0.0,0.0,0.0
2471541,Java,1,0,0.0,,,0.0,0.0,0.0,0.0,0.0
2471600,Java,1,0,0.0,,,0.0,0.0,0.0,0.0,0.0
2471700,Java,6,0,0.0,,,0.0,0.0,0.0,0.0,0.0
2471900,Java,7,0,0.0,,,0.0,0.0,0.0,0.0,0.0
2471941,Java,1,0,0.0,,,0.0,0.0,0.0,0.0,0.0
2472000,Java,3,0,0.0,,,0.0,0.0,0.0,0.0,0.0
2472100,Java,7,0,0.0,,,0.0,0.0,0.0,0.0,0.0
2472151,Java,1,0,0.0,,,0.0,0.0,0.0,0.0,0.0
2472200,Java,3,0,0.0,,,0.0,0.0,0.0,0.0,0.0
2472251,Java,1,1,1.0,,,0.0,0.0,0.0,0.0,0.0
2472300,Java,5,1,0.2,,,0.0,0.0,0.0,0.0,0.0
2472400,Java,5,0,0.0,,,0.0,0.0,0.0,0.0,0.0
2472441,Java,1,0,0.0,,,0.0,0.0,0.0,0.0,0.0
2472442,Java,3,0,0.0,,,0.0,0.0,0.0,0.0,0.0
2472500,Java,4,0,0.0,,,0.0,0.0,0.0,0.0,0.0
2472700,Java,5,0,0.0,,,0.0,0.0,0.0,0.0,0.0
2472741,Java,3,0,0.0,,,0.0,0.0,0.0,0.0,0.0
2472800,Java,5,0,0.0,,,0.0,0.0,0.0,0.0,0.0
2472841,Java,2,0,0.0,,,0.0,0.0,0.0,0.0,0.0
2472842,Java,3,0,0.0,,,0.0,0.0,0.0,0.0,0.0
2472851,Java,2,0,0.0,,,0.0,0.0,0.0,0.0,0.0
2472900,Java,5,0,0.0,,,0.0,0.0,0.0,0.0,0.0
2472941,Java,1,0,0.0,,,0.0,0.0,0.0,0.0,0.0
2472942,Java,2,0,0.0,,,0.0,0.0,0.0,0.0,0.0
2473000,Java,5,0,0.0,,,0.0,0.0,0.0,0.0,0.0
2480100,Java,3,1,0.3333333333333333,,,0.0,0.0,0.0,0.0,0.0
2480200,Java,5,1,0.2,,,0.0,0.0,0.0,0.0,0.0
2480251,Java,1,0,0.0,,,0.0,0.0,0.0,0.0,0.0
2480300,Java,6,0,0.0,,,0.0,0.0,0.0,0.0,0.0
2480331,Java,2,0,0.0,,,0.0,0.0,0.0,0.0,0.0
2480341,Java,1,0,0.0,,,0.0,0.0,0.0,0.0,0.0
2480400,Java,9,0,0.0,,,0.0,0.0,0.0,0.0,0.0
2480411,Java,2,0,0.0,,,0.0,0.0,0.0,0.0,0.0
2480412,Java,1,0,0.0,,,0.0,0.0,0.0,0.0,0.0
2480500,Java,4,1,0.25,,,0.0,0.0,0.0,0.0,0.0
2480600,Java,6,1,0.1666666666666666,,,0.0,0.0,0.0,0.0,0.0
2480641,Java,1,0,0.0,,,0.0,0.0,0.0,0.0,0.0
2480642,Java,4,0,0.0,,,0.0,0.0,0.0,0.0,0.0
2480651,Java,1,1,1.0,,,0.0,0.0,0.0,0.0,0.0
2480800,Java,4,0,0.0,,,0.0,0.0,0.0,0.0,0.0
2480900,Java,4,0,0.0,,,0.0,0.0,0.0,0.0,0.0
2480941,Java,1,0,0.0,,,0.0,0.0,0.0,0.0,0.0
2481000,Java,4,0,0.0,,,0.0,0.0,0.0,0.0,0.0
2481100,Java,6,0,0.0,,,0.0,0.0,0.0,0.0,0.0
2481111,Java,2,0,0.0,,,0.0,0.0,0.0,0.0,0.0
2481141,Java,1,0,0.0,,,0.0,0.0,0.0,0.0,0.0
2481200,Java,5,0,0.0,,,0.0,0.0,0.0,0.0,0.0
2481231,Java,3,1,0.3333333333333333,,,0.0,0.0,0.0,0.0,0.0
2481241,Java,1,0,0.0,,,0.0,0.0,0.0,0.0,0.0
2481252,Java,1,0,0.0,,,0.0,0.0,0.0,0.0,0.0
2481253,Java,2,0,0.0,,,0.0,0.0,0.0,0.0,0.0
2481500,Java,6,0,0.0,,,0.0,0.0,0.0,0.0,0.0
2481700,Java,5,0,0.0,,,0.0,0.0,0.0,0.0,0.0
2481731,Java,2,0,0.0,,,0.0,0.0,0.0,0.0,0.0
2481800,Java,4,0,0.0,,,0.0,0.0,0.0,0.0,0.0
2481851,Java,1,1,1.0,,,0.0,0.0,0.0,0.0,0.0
2481900,Java,4,0,0.0,,,0.0,0.0,0.0,0.0,0.0
2490100,Java,10,2,0.2,,,0.0,0.0,0.0,0.0,0.0
2490111,Java,2,0,0.0,,,0.0,0.0,0.0,0.0,0.0
2490131,Java,3,0,0.0,,,0.0,0.0,0.0,0.0,0.0
2490200,Java,3,0,0.0,,,0.0,0.0,0.0,0.0,0.0
2490300,Java,6,0,0.0,,,0.0,0.0,0.0,0.0,0.0
2490351,Java,1,0,0.0,,,0.0,0.0,0.0,0.0,0.0
2490352,Java,1,1,1.0,,,0.0,0.0,0.0,0.0,0.0
2490400,Java,1,0,0.0,,,0.0,0.0,0.0,0.0,0.0
2490500,Java,4,0,0.0,,,0.0,0.0,0.0,0.0,0.0
2490551,Java,1,0,0.0,,,0.0,0.0,0.0,0.0,0.0
2490600,Java,4,0,0.0,,,0.0,0.0,0.0,0.0,0.0
2490700,Java,9,1,0.1111111111111111,,,0.0,0.0,0.0,0.0,0.0
2490731,Java,2,0,0.0,,,0.0,0.0,0.0,0.0,0.0
2490751,Java,1,0,0.0,,,0.0,0.0,0.0,0.0,0.0
2490752,Java,1,0,0.0,,,0.0,0.0,0.0,0.0,0.0
2490800,Java,8,0,0.0,,,0.0,0.0,0.0,0.0,0.0
2490851,Java,3,0,0.0,,,0.0,0.0,0.0,0.0,0.0
2490852,Java,3,0,0.0,,,0.0,0.0,0.0,0.0,0.0
2490853,Java,0,0,,,,0.0,0.0,,,
2490900,Java,6,0,0.0,,,0.0,0.0,0.0,0.0,0.0
2490941,Java,2,0,0.0,,,0.0,0.0,0.0,0.0,0.0
2491000,Java,5,1,0.2,,,0.0,0.0,0.0,0.0,0.0
2491051,Java,3,0,0.0,,,0.0,0.0,0.0,0.0,0.0
2491100,Java,6,1,0.1666666666666666,,,0.0,0.0,0.0,0.0,0.0
2491200,Java,6,0,0.0,,,0.0,0.0,0.0,0.0,0.0
2491251,Java,2,0,0.0,,,0.0,0.0,0.0,0.0,0.0
2491300,Java,10,0,0.0,,,0.0,0.0,0.0,0.0,0.0
2491331,Java,0,0,,,,0.0,0.0,,,
2491400,Java,3,1,0.3333333333333333,,,0.0,0.0,0.0,0.0,0.0
2491600,Java,5,0,0.0,,,0.0,0.0,0.0,0.0,0.0
2491631,Java,2,0,0.0,,,0.0,0.0,0.0,0.0,0.0
2491651,Java,1,0,0.0,,,0.0,0.0,0.0,0.0,0.0
2491700,Java,4,0,0.0,,,0.0,0.0,0.0,0.0,0.0
2491741,Java,2,0,0.0,,,0.0,0.0,0.0,0.0,0.0
2491900,Java,3,0,0.0,,,0.0,0.0,0.0,0.0,0.0
2492100,Java,6,1,0.1666666666666666,,,0.0,0.0,0.0,0.0,0.0
2492111,Java,1,0,0.0,,,0.0,0.0,0.0,0.0,0.0
2492200,Java,5,0,0.0,,,0.0,0.0,0.0,0.0,0.0
2492241,Java,1,0,0.0,,,0.0,0.0,0.0,0.0,0.0
2492400,Java,5,0,0.0,,,0.0,0.0,0.0,0.0,0.0
2492500,Java,6,0,0.0,,,0.0,0.0,0.0,0.0,0.0
2492541,Java,3,0,0.0,,,0.0,0.0,0.0,0.0,0.0
2492542,Java,5,0,0.0,,,0.0,0.0,0.0,0.0,0.0
2492551,Java,1,0,0.0,,,0.0,0.0,0.0,0.0,0.0
2492600,Java,8,0,0.0,,,0.0,0.0,0.0,0.0,0.0
2492631,Java,1,0,0.0,,,0.0,0.0,0.0,0.0,0.0
2492641,Java,0,0,,,,0.0,0.0,,,
2492700,Java,9,1,0.1111111111111111,,,0.0,0.0,0.0,0.0,0.0
2492732,Java,2,1,0.5,,,0.0,0.0,0.0,0.0,0.0
2492741,Java,1,0,0.0,,,0.0,0.0,0.0,0.0,0.0
2492742,Java,1,0,0.0,,,0.0,0.0,0.0,0.0,0.0
2492751,Java,1,0,0.0,,,0.0,0.0,0.0,0.0,0.0
2492900,Java,7,0,0.0,,,0.0,0.0,0.0,0.0,0.0
2492931,Java,6,0,0.0,,,0.0,0.0,0.0,0.0,0.0
2492932,Java,1,0,0.0,,,0.0,0.0,0.0,0.0,0.0
2492933,Java,2,0,0.0,,,0.0,0.0,0.0,0.0,0.0
2500952,Java,1,0,0.0,,,0.0,0.0,0.0,0.0,0.0
2501653,Java,1,1,1.0,,,0.0,0.0,0.0,0.0,0.0
2502842,Java,1,0,0.0,,,0.0,0.0,0.0,0.0,0.0
2512834,Java,5,0,0.0,,,0.0,0.0,0.0,0.0,0.0
2521441,Java,1,1,1.0,,,0.0,0.0,0.0,0.0,0.0
2522531,Java,3,0,0.0,,,0.0,0.0,0.0,0.0,0.0
2530100,Java,4,0,0.0,,,0.0,0.0,0.0,0.0,0.0
2530151,Java,1,0,0.0,,,0.0,0.0,0.0,0.0,0.0
2530152,Java,1,1,1.0,,,0.0,0.0,0.0,0.0,0.0
2530200,Java,10,0,0.0,,,0.0,0.0,0.0,0.0,0.0
2530241,Java,1,0,0.0,,,0.0,0.0,0.0,0.0,0.0
2530300,Java,4,0,0.0,,,0.0,0.0,0.0,0.0,0.0
2530400,Java,1,0,0.0,,,0.0,0.0,0.0,0.0,0.0
2530500,Java,4,0,0.0,,,0.0,0.0,0.0,0.0,0.0
2530541,Java,1,0,0.0,,,0.0,0.0,0.0,0.0,0.0
2530700,Java,7,1,0.1428571428571428,,,0.0,0.0,0.0,0.0,0.0
2530741,Java,1,0,0.0,,,0.0,0.0,0.0,0.0,0.0
2530800,Java,2,0,0.0,,,0.0,0.0,0.0,0.0,0.0
2530900,Java,6,2,0.3333333333333333,,,0.0,0.0,0.0,0.0,0.0
2530941,Java,1,0,0.0,,,0.0,0.0,0.0,0.0,0.0
2530951,Java,0,0,,,,0.0,0.0,,,
2531100,Java,6,0,0.0,,,0.0,0.0,0.0,0.0,0.0
2531151,Java,1,1,1.0,,,0.0,0.0,0.0,0.0,0.0
2531200,Java,6,0,0.0,,,0.0,0.0,0.0,0.0,0.0
2531300,Java,8,2,0.25,,,0.0,0.0,0.0,0.0,0.0
2531332,Java,2,1,0.5,,,0.0,0.0,0.0,0.0,0.0
2531351,Java,1,0,0.0,,,0.0,0.0,0.0,0.0,0.0
2531441,Java,5,0,0.0,,,0.0,0.0,0.0,0.0,0.0
2531500,Java,7,0,0.0,,,0.0,0.0,0.0,0.0,0.0
2531541,Java,0,0,,,,0.0,0.0,,,
2531600,Java,13,0,0.0,,,0.0,0.0,0.0,0.0,0.0
2531611,Java,3,1,0.3333333333333333,,,0.0,0.0,0.0,0.0,0.0
2531641,Java,1,0,0.0,,,0.0,0.0,0.0,0.0,0.0
2531642,Java,0,0,,,,0.0,0.0,,,
2531643,Java,1,0,0.0,,,0.0,0.0,0.0,0.0,0.0
2531644,Java,4,0,0.0,,,0.0,0.0,0.0,0.0,0.0
2531651,Java,1,1,1.0,,,0.0,0.0,0.0,0.0,0.0
2531652,Java,1,0,0.0,,,0.0,0.0,0.0,0.0,0.0
2531800,Java,4,0,0.0,,,0.0,0.0,0.0,0.0,0.0
2531851,Java,0,0,,,,0.0,0.0,,,
2531900,Java,12,0,0.0,,,0.0,0.0,0.0,0.0,0.0
2531911,Java,1,0,0.0,,,0.0,0.0,0.0,0.0,0.0
2531912,Java,1,0,0.0,,,0.0,0.0,0.0,0.0,0.0
2531931,Java,2,0,0.0,,,0.0,0.0,0.0,0.0,0.0
2532000,Java,2,0,0.0,,,0.0,0.0,0.0,0.0,0.0
2532051,Java,1,0,0.0,,,0.0,0.0,0.0,0.0,0.0
2540100,Java,3,1,0.3333333333333333,,,0.0,0.0,0.0,0.0,0.0
2540142,Java,4,0,0.0,,,0.0,0.0,0.0,0.0,0.0
2540200,Java,5,0,0.0,,,0.0,0.0,0.0,0.0,0.0
2540251,Java,1,0,0.0,,,0.0,0.0,0.0,0.0,0.0
2540400,Java,5,2,0.4,,,0.0,0.0,0.0,0.0,0.0
2540641,Java,2,0,0.0,,,0.0,0.0,0.0,0.0,0.0
2540800,Java,5,0,0.0,,,0.0,0.0,0.0,0.0,0.0
2540832,Java,3,2,0.6666666666666666,,,0.0,0.0,0.0,0.0,0.0
2540900,Java,5,2,0.4,,,0.0,0.0,0.0,0.0,0.0
2540931,Java,2,1,0.5,,,0.0,0.0,0.0,0.0,0.0
2540951,Java,1,0,0.0,,,0.0,0.0,0.0,0.0,0.0
2541000,Java,8,1,0.125,,,0.0,0.0,0.0,0.0,0.0
2541031,Java,5,0,0.0,,,0.0,0.0,0.0,0.0,0.0
2541041,Java,1,0,0.0,,,0.0,0.0,0.0,0.0,0.0
2541042,Java,2,0,0.0,,,0.0,0.0,0.0,0.0,0.0
2541051,Java,1,1,1.0,,,0.0,0.0,0.0,0.0,0.0
2541100,Java,6,0,0.0,,,0.0,0.0,0.0,0.0,0.0
2541200,Java,4,0,0.0,,,0.0,0.0,0.0,0.0,0.0
2541251,Java,3,0,0.0,,,0.0,0.0,0.0,0.0,0.0
2541252,Java,1,0,0.0,,,0.0,0.0,0.0,0.0,0.0
2541300,Java,2,0,0.0,,,0.0,0.0,0.0,0.0,0.0
2541400,Java,4,1,0.25,,,0.0,0.0,0.0,0.0,0.0
2541451,Java,1,0,0.0,,,0.0,0.0,0.0,0.0,0.0
2541500,Java,2,0,0.0,,,0.0,0.0,0.0,0.0,0.0
2541600,Java,6,2,0.3333333333333333,,,0.0,0.0,0.0,0.0,0.0
2541631,Java,4,0,0.0,,,0.0,0.0,0.0,0.0,0.0
2541651,Java,0,0,,,,0.0,0.0,,,
2541700,Java,5,0,0.0,,,0.0,0.0,0.0,0.0,0.0
2541711,Java,4,0,0.0,,,0.0,0.0,0.0,0.0,0.0
2541731,Java,1,0,0.0,,,0.0,0.0,0.0,0.0,0.0
2541900,Java,9,1,0.1111111111111111,,,0.0,0.0,0.0,0.0,0.0
2541911,Java,5,0,0.0,,,0.0,0.0,0.0,0.0,0.0
2541931,Java,1,0,0.0,,,0.0,0.0,0.0,0.0,0.0
2541941,Java,2,0,0.0,,,0.0,0.0,0.0,0.0,0.0
2541942,Java,1,0,0.0,,,0.0,0.0,0.0,0.0,0.0
2542000,Java,5,0,0.0,,,0.0,0.0,0.0,0.0,0.0
2550100,Java,5,0,0.0,,,0.0,0.0,0.0,0.0,0.0
2550111,Java,3,0,0.0,,,0.0,0.0,0.0,0.0,0.0
2550151,Java,4,1,0.25,,,0.0,0.0,0.0,0.0,0.0
2550152,Java,1,0,0.0,,,0.0,0.0,0.0,0.0,0.0
2550200,Java,4,0,0.0,,,0.0,0.0,0.0,0.0,0.0
2550241,Java,2,1,0.5,,,0.0,0.0,0.0,0.0,0.0
2550300,Java,4,0,0.0,,,0.0,0.0,0.0,0.0,0.0
2550400,Java,5,0,0.0,,,0.0,0.0,0.0,0.0,0.0
2550451,Java,1,0,0.0,,,0.0,0.0,0.0,0.0,0.0
2550600,Java,6,0,0.0,,,0.0,0.0,0.0,0.0,0.0
2550631,Java,2,0,0.0,,,0.0,0.0,0.0,0.0,0.0
2550632,Java,2,0,0.0,,,0.0,0.0,0.0,0.0,0.0
2550700,Java,4,0,0.0,,,0.0,0.0,0.0,0.0,0.0
2550800,Java,5,0,0.0,,,0.0,0.0,0.0,0.0,0.0
2550811,Java,1,0,0.0,,,0.0,0.0,0.0,0.0,0.0
2550841,Java,1,0,0.0,,,0.0,0.0,0.0,0.0,0.0
2551000,Java,8,0,0.0,,,0.0,0.0,0.0,0.0,0.0
2551042,Java,2,0,0.0,,,0.0,0.0,0.0,0.0,0.0
2551200,Java,5,1,0.2,,,0.0,0.0,0.0,0.0,0.0
2551251,Java,1,0,0.0,,,0.0,0.0,0.0,0.0,0.0
2551300,Java,4,0,0.0,,,0.0,0.0,0.0,0.0,0.0
2551341,Java,5,0,0.0,,,0.0,0.0,0.0,0.0,0.0
2551600,Java,3,0,0.0,,,0.0,0.0,0.0,0.0,0.0
2551700,Java,4,1,0.25,,,0.0,0.0,0.0,0.0,0.0
2551800,Java,7,0,0.0,,,0.0,0.0,0.0,0.0,0.0
2551811,Java,1,0,0.0,,,0.0,0.0,0.0,0.0,0.0
2551841,Java,3,0,0.0,,,0.0,0.0,0.0,0.0,0.0
2551842,Java,5,1,0.2,,,0.0,0.0,0.0,0.0,0.0
2552000,Java,5,0,0.0,,,0.0,0.0,0.0,0.0,0.0
2552011,Java,5,0,0.0,,,0.0,0.0,0.0,0.0,0.0
2552041,Java,1,0,0.0,,,0.0,0.0,0.0,0.0,0.0
2560100,Java,4,0,0.0,,,0.0,0.0,0.0,0.0,0.0
2560300,Java,5,0,0.0,,,0.0,0.0,0.0,0.0,0.0
2560351,Java,2,1,0.5,,,0.0,0.0,0.0,0.0,0.0
2560400,Java,5,1,0.2,,,0.0,0.0,0.0,0.0,0.0
2560451,Java,0,0,,,,0.0,0.0,,,
2560500,Java,2,0,0.0,,,0.0,0.0,0.0,0.0,0.0
2560700,Java,2,0,0.0,,,0.0,0.0,0.0,0.0,0.0
2560900,Java,6,0,0.0,,,0.0,0.0,0.0,0.0,0.0
2561000,Java,6,0,0.0,,,0.0,0.0,0.0,0.0,0.0
2561100,Java,3,0,0.0,,,0.0,0.0,0.0,0.0,0.0
2561200,Java,5,0,0.0,,,0.0,0.0,0.0,0.0,0.0
2561300,Java,5,0,0.0,,,0.0,0.0,0.0,0.0,0.0
2561400,Java,7,1,0.1428571428571428,,,0.0,0.0,0.0,0.0,0.0
2561500,Java,3,0,0.0,,,0.0,0.0,0.0,0.0,0.0
2561541,Java,1,0,0.0,,,0.0,0.0,0.0,0.0,0.0
2561551,Java,2,0,0.0,,,0.0,0.0,0.0,0.0,0.0
2561600,Java,7,2,0.2857142857142857,,,0.0,0.0,0.0,0.0,0.0
2561641,Java,0,0,,,,0.0,0.0,,,
2561642,Java,3,0,0.0,,,0.0,0.0,0.0,0.0,0.0
2561700,Java,6,1,0.1666666666666666,,,0.0,0.0,0.0,0.0,0.0
2561741,Java,3,0,0.0,,,0.0,0.0,0.0,0.0,0.0
2561751,Java,2,1,0.5,,,0.0,0.0,0.0,0.0,0.0
2561900,Java,6,1,0.1666666666666666,,,0.0,0.0,0.0,0.0,0.0
2562000,Java,12,1,0.0833333333333333,,,0.0,0.0,0.0,0.0,0.0
2562041,Java,5,0,0.0,,,0.0,0.0,0.0,0.0,0.0
2562051,Java,1,1,1.0,,,0.0,0.0,0.0,0.0,0.0
2570100,Java,12,1,0.0833333333333333,,,0.0,0.0,0.0,0.0,0.0
2570111,Java,2,0,0.0,,,0.0,0.0,0.0,0.0,0.0
2570131,Java,1,0,0.0,,,0.0,0.0,0.0,0.0,0.0
2570141,Java,0,0,,,,0.0,0.0,,,
2570200,Java,4,0,0.0,,,0.0,0.0,0.0,0.0,0.0
2570251,Java,1,0,0.0,,,0.0,0.0,0.0,0.0,0.0
2570400,Java,4,0,0.0,,,0.0,0.0,0.0,0.0,0.0
2570500,Java,7,0,0.0,,,0.0,0.0,0.0,0.0,0.0
2570511,Java,1,0,0.0,,,0.0,0.0,0.0,0.0,0.0
2570600,Java,8,0,0.0,,,0.0,0.0,0.0,0.0,0.0
2570611,Java,1,0,0.0,,,0.0,0.0,0.0,0.0,0.0
2570631,Java,2,0,0.0,,,0.0,0.0,0.0,0.0,0.0
2570641,Java,1,0,0.0,,,0.0,0.0,0.0,0.0,0.0
2570700,Java,5,0,0.0,,,0.0,0.0,0.0,0.0,0.0
2570741,Java,1,0,0.0,,,0.0,0.0,0.0,0.0,0.0
2570900,Java,3,1,0.3333333333333333,,,0.0,0.0,0.0,0.0,0.0
2570931,Java,2,0,0.0,,,0.0,0.0,0.0,0.0,0.0
2571000,Java,8,1,0.125,,,0.0,0.0,0.0,0.0,0.0
2571041,Java,3,0,0.0,,,0.0,0.0,0.0,0.0,0.0
2571100,Java,2,0,0.0,,,0.0,0.0,0.0,0.0,0.0
2571200,Java,4,0,0.0,,,0.0,0.0,0.0,0.0,0.0
2571400,Java,8,0,0.0,,,0.0,0.0,0.0,0.0,0.0
2571451,Java,0,0,,,,0.0,0.0,,,
2571500,Java,6,0,0.0,,,0.0,0.0,0.0,0.0,0.0
2571541,Java,0,0,,,,0.0,0.0,,,
2571551,Java,1,0,0.0,,,0.0,0.0,0.0,0.0,0.0
2571552,Java,3,0,0.0,,,0.0,0.0,0.0,0.0,0.0
2571600,Java,11,2,0.1818181818181818,,,0.0,0.0,0.0,0.0,0.0
2571631,Java,5,0,0.0,,,0.0,0.0,0.0,0.0,0.0
2571632,Java,1,0,0.0,,,0.0,0.0,0.0,0.0,0.0
2571633,Java,1,0,0.0,,,0.0,0.0,0.0,0.0,0.0
2571641,Java,1,0,0.0,,,0.0,0.0,0.0,0.0,0.0
2571642,Java,0,0,,,,0.0,0.0,,,
2571652,Java,3,0,0.0,,,0.0,0.0,0.0,0.0,0.0
2571700,Java,2,0,0.0,,,0.0,0.0,0.0,0.0,0.0
2571731,Java,2,0,0.0,,,0.0,0.0,0.0,0.0,0.0
2571800,Java,4,1,0.25,,,0.0,0.0,0.0,0.0,0.0
2571851,Java,1,0,0.0,,,0.0,0.0,0.0,0.0,0.0
2571900,Java,7,1,0.1428571428571428,,,0.0,0.0,0.0,0.0,0.0
2580100,Java,9,1,0.1111111111111111,,,0.0,0.0,0.0,0.0,0.0
2580142,Java,1,1,1.0,,,0.0,0.0,0.0,0.0,0.0
2580151,Java,1,0,0.0,,,0.0,0.0,0.0,0.0,0.0
2580241,Java,2,0,0.0,,,0.0,0.0,0.0,0.0,0.0
2580300,Java,7,0,0.0,,,0.0,0.0,0.0,0.0,0.0
2580341,Java,1,0,0.0,,,0.0,0.0,0.0,0.0,0.0
2580351,Java,0,0,,,,0.0,0.0,,,
2580400,Java,8,2,0.25,,,0.0,0.0,0.0,0.0,0.0
2580431,Java,1,1,1.0,,,0.0,0.0,0.0,0.0,0.0
2580441,Java,1,0,0.0,,,0.0,0.0,0.0,0.0,0.0
2580500,Java,7,0,0.0,,,0.0,0.0,0.0,0.0,0.0
2580551,Java,0,0,,,,0.0,0.0,,,
2580553,Java,1,0,0.0,,,0.0,0.0,0.0,0.0,0.0
2580600,Java,3,0,0.0,,,0.0,0.0,0.0,0.0,0.0
2580700,Java,5,0,0.0,,,0.0,0.0,0.0,0.0,0.0
2580741,Java,0,0,,,,0.0,0.0,,,
2580742,Java,4,0,0.0,,,0.0,0.0,0.0,0.0,0.0
2580751,Java,1,1,1.0,,,0.0,0.0,0.0,0.0,0.0
2580800,Java,8,0,0.0,,,0.0,0.0,0.0,0.0,0.0
2580841,Java,1,1,1.0,,,0.0,0.0,0.0,0.0,0.0
2580842,Java,1,0,0.0,,,0.0,0.0,0.0,0.0,0.0
2580851,Java,1,0,0.0,,,0.0,0.0,0.0,0.0,0.0
2580852,Java,1,0,0.0,,,0.0,0.0,0.0,0.0,0.0
2581000,Java,4,0,0.0,,,0.0,0.0,0.0,0.0,0.0
2581051,Java,1,1,1.0,,,0.0,0.0,0.0,0.0,0.0
2581132,Java,9,2,0.2222222222222222,,,0.0,0.0,0.0,0.0,0.0
2581150,Java,3,0,0.0,,,0.0,0.0,0.0,0.0,0.0
2581200,Java,4,0,0.0,,,0.0,0.0,0.0,0.0,0.0
2581241,Java,3,0,0.0,,,0.0,0.0,0.0,0.0,0.0
2581300,Java,8,0,0.0,,,0.0,0.0,0.0,0.0,0.0
2581400,Java,4,2,0.5,,,0.0,0.0,0.0,0.0,0.0
2581500,Java,6,1,0.1666666666666666,,,0.0,0.0,0.0,0.0,0.0
2581600,Java,9,0,0.0,,,0.0,0.0,0.0,0.0,0.0
2581700,Java,9,0,0.0,,,0.0,0.0,0.0,0.0,0.0
2581731,Java,2,0,0.0,,,0.0,0.0,0.0,0.0,0.0
2581800,Java,6,1,0.1666666666666666,,,0.0,0.0,0.0,0.0,0.0
2581841,Java,1,0,0.0,,,0.0,0.0,0.0,0.0,0.0
2581900,Java,5,0,0.0,,,0.0,0.0,0.0,0.0,0.0
2581951,Java,1,0,0.0,,,0.0,0.0,0.0,0.0,0.0
2582000,Java,6,0,0.0,,,0.0,0.0,0.0,0.0,0.0
2582051,Java,1,0,0.0,,,0.0,0.0,0.0,0.0,0.0
2582052,Java,1,0,0.0,,,0.0,0.0,0.0,0.0,0.0
2590100,Java,8,1,0.125,,,0.0,0.0,0.0,0.0,0.0
2590131,Java,0,0,,,,0.0,0.0,,,
2590132,Java,2,1,0.5,,,0.0,0.0,0.0,0.0,0.0
2590151,Java,2,0,0.0,,,0.0,0.0,0.0,0.0,0.0
2590651,Java,1,0,0.0,,,0.0,0.0,0.0,0.0,0.0
2591031,Java,3,1,0.3333333333333333,,,0.0,0.0,0.0,0.0,0.0
2591300,Java,7,2,0.2857142857142857,,,0.0,0.0,0.0,0.0,0.0
2591311,Java,1,1,1.0,,,0.0,0.0,0.0,0.0,0.0
2591341,Java,1,0,0.0,,,0.0,0.0,0.0,0.0,0.0
2591351,Java,1,0,0.0,,,0.0,0.0,0.0,0.0,0.0
2591600,Java,5,1,0.2,,,0.0,0.0,0.0,0.0,0.0
2591651,Java,1,0,0.0,,,0.0,0.0,0.0,0.0,0.0
2591700,Java,10,4,0.4,,,0.0,0.0,0.0,0.0,0.0
2591711,Java,1,1,1.0,,,0.0,0.0,0.0,0.0,0.0
2600100,Java,5,0,0.0,,,0.0,0.0,0.0,0.0,0.0
2600300,Java,3,1,0.3333333333333333,,,0.0,0.0,0.0,0.0,0.0
2600400,Java,5,0,0.0,,,0.0,0.0,0.0,0.0,0.0
2600441,Java,1,0,0.0,,,0.0,0.0,0.0,0.0,0.0
2600500,Java,3,1,0.3333333333333333,,,0.0,0.0,0.0,0.0,0.0
2600541,Java,1,0,0.0,,,0.0,0.0,0.0,0.0,0.0
2600742,Java,0,0,,,,0.0,0.0,,,
2600743,Java,1,0,0.0,,,0.0,0.0,0.0,0.0,0.0
2600752,Java,1,0,0.0,,,0.0,0.0,0.0,0.0,0.0
2600753,Java,1,0,0.0,,,0.0,0.0,0.0,0.0,0.0
2600900,Java,4,0,0.0,,,0.0,0.0,0.0,0.0,0.0
2600931,Java,6,0,0.0,,,0.0,0.0,0.0,0.0,0.0
2601100,Java,6,0,0.0,,,0.0,0.0,0.0,0.0,0.0
2601151,Java,1,0,0.0,,,0.0,0.0,0.0,0.0,0.0
2601300,Java,5,0,0.0,,,0.0,0.0,0.0,0.0,0.0
2601341,Java,1,0,0.0,,,0.0,0.0,0.0,0.0,0.0
2601400,Java,3,2,0.6666666666666666,,,0.0,0.0,0.0,0.0,0.0
2601431,Java,2,0,0.0,,,0.0,0.0,0.0,0.0,0.0
2601452,Java,2,0,0.0,,,0.0,0.0,0.0,0.0,0.0
2610200,Java,10,0,0.0,,,0.0,0.0,0.0,0.0,0.0
2610211,Java,2,0,0.0,,,0.0,0.0,0.0,0.0,0.0
2610231,Java,1,0,0.0,,,0.0,0.0,0.0,0.0,0.0
2610232,Java,3,0,0.0,,,0.0,0.0,0.0,0.0,0.0
2610241,Java,1,0,0.0,,,0.0,0.0,0.0,0.0,0.0
2610300,Java,7,1,0.1428571428571428,,,0.0,0.0,0.0,0.0,0.0
2610331,Java,3,0,0.0,,,0.0,0.0,0.0,0.0,0.0
2610351,Java,1,0,0.0,,,0.0,0.0,0.0,0.0,0.0
2610352,Java,1,1,1.0,,,0.0,0.0,0.0,0.0,0.0
2610531,Java,4,1,0.25,,,0.0,0.0,0.0,0.0,0.0
2610600,Java,6,1,0.1666666666666666,,,0.0,0.0,0.0,0.0,0.0
2610651,Java,1,1,1.0,,,0.0,0.0,0.0,0.0,0.0
2610800,Java,5,0,0.0,,,0.0,0.0,0.0,0.0,0.0
2610851,Java,1,1,1.0,,,0.0,0.0,0.0,0.0,0.0
2610900,Java,5,0,0.0,,,0.0,0.0,0.0,0.0,0.0
2611300,Java,4,0,0.0,,,0.0,0.0,0.0,0.0,0.0
2611400,Java,5,0,0.0,,,0.0,0.0,0.0,0.0,0.0
2611441,Java,1,0,0.0,,,0.0,0.0,0.0,0.0,0.0
2611451,Java,1,1,1.0,,,0.0,0.0,0.0,0.0,0.0
2611500,Java,7,0,0.0,,,0.0,0.0,0.0,0.0,0.0
2611541,Java,1,1,1.0,,,0.0,0.0,0.0,0.0,0.0
2611542,Java,1,0,0.0,,,0.0,0.0,0.0,0.0,0.0
2611600,Java,7,0,0.0,,,0.0,0.0,0.0,0.0,0.0
2611700,Java,5,0,0.0,,,0.0,0.0,0.0,0.0,0.0
2611741,Java,2,0,0.0,,,0.0,0.0,0.0,0.0,0.0
2611800,Java,5,0,0.0,,,0.0,0.0,0.0,0.0,0.0
2611851,Java,1,1,1.0,,,0.0,0.0,0.0,0.0,0.0
2611900,Java,4,1,0.25,,,0.0,0.0,0.0,0.0,0.0
2612000,Java,1,1,1.0,,,0.0,0.0,0.0,0.0,0.0
2620200,Java,6,1,0.1666666666666666,,,0.0,0.0,0.0,0.0,0.0
2620231,Java,5,0,0.0,,,0.0,0.0,0.0,0.0,0.0
2620241,Java,1,0,0.0,,,0.0,0.0,0.0,0.0,0.0
2620251,Java,1,0,0.0,,,0.0,0.0,0.0,0.0,0.0
2620300,Java,6,0,0.0,,,0.0,0.0,0.0,0.0,0.0
2620341,Java,1,0,0.0,,,0.0,0.0,0.0,0.0,0.0
2620400,Java,6,2,0.3333333333333333,,,0.0,0.0,0.0,0.0,0.0
2620431,Java,1,0,0.0,,,0.0,0.0,0.0,0.0,0.0
2620451,Java,1,0,0.0,,,0.0,0.0,0.0,0.0,0.0
2620541,Java,3,1,0.3333333333333333,,,0.0,0.0,0.0,0.0,0.0
2620600,Java,4,0,0.0,,,0.0,0.0,0.0,0.0,0.0
2620700,Java,4,1,0.25,,,0.0,0.0,0.0,0.0,0.0
2620800,Java,4,0,0.0,,,0.0,0.0,0.0,0.0,0.0
2620900,Java,4,0,0.0,,,0.0,0.0,0.0,0.0,0.0
2621000,Java,6,0,0.0,,,0.0,0.0,0.0,0.0,0.0
2621041,Java,1,0,0.0,,,0.0,0.0,0.0,0.0,0.0
2621051,Java,1,0,0.0,,,0.0,0.0,0.0,0.0,0.0
2621141,Java,2,0,0.0,,,0.0,0.0,0.0,0.0,0.0
2621200,Java,5,0,0.0,,,0.0,0.0,0.0,0.0,0.0
2621241,Java,1,1,1.0,,,0.0,0.0,0.0,0.0,0.0
2621242,Java,3,1,0.3333333333333333,,,0.0,0.0,0.0,0.0,0.0
2621400,Java,4,1,0.25,,,0.0,0.0,0.0,0.0,0.0
2621431,Java,2,0,0.0,,,0.0,0.0,0.0,0.0,0.0
2621500,Java,8,1,0.125,,,0.0,0.0,0.0,0.0,0.0
2621600,Java,6,0,0.0,,,0.0,0.0,0.0,0.0,0.0
2621700,Java,5,0,0.0,,,0.0,0.0,0.0,0.0,0.0
2621800,Java,5,1,0.2,,,0.0,0.0,0.0,0.0,0.0
2621831,Java,2,0,0.0,,,0.0,0.0,0.0,0.0,0.0
2621851,Java,1,0,0.0,,,0.0,0.0,0.0,0.0,0.0
2621900,Java,4,0,0.0,,,0.0,0.0,0.0,0.0,0.0
2621951,Java,2,0,0.0,,,0.0,0.0,0.0,0.0,0.0
2622000,Java,3,0,0.0,,,0.0,0.0,0.0,0.0,0.0
2640551,Java,3,1,0.3333333333333333,,,0.0,0.0,0.0,0.0,0.0
2640800,Java,4,0,0.0,,,0.0,0.0,0.0,0.0,0.0
2640851,Java,1,0,0.0,,,0.0,0.0,0.0,0.0,0.0
2650151,Java,4,0,0.0,,,0.0,0.0,0.0,0.0,0.0
2650800,Java,4,0,0.0,,,0.0,0.0,0.0,0.0,0.0
2660400,Java,8,0,0.0,,,0.0,0.0,0.0,0.0,0.0
2660433,Java,2,0,0.0,,,0.0,0.0,0.0,0.0,0.0
2660434,Java,3,0,0.0,,,0.0,0.0,0.0,0.0,0.0
2660441,Java,1,0,0.0,,,0.0,0.0,0.0,0.0,0.0
2660451,Java,1,1,1.0,,,0.0,0.0,0.0,0.0,0.0
2671151,Java,1,1,1.0,,,0.0,0.0,0.0,0.0,0.0
2671200,Java,8,0,0.0,,,0.0,0.0,0.0,0.0,0.0
2684300,Java,5,1,0.2,,,0.0,0.0,0.0,0.0,0.0
2712341,Java,1,0,0.0,,,0.0,0.0,0.0,0.0,0.0
2731100,Java,5,0,0.0,,,0.0,0.0,0.0,0.0,0.0
2731141,Java,5,0,0.0,,,0.0,0.0,0.0,0.0,0.0
2731142,Java,1,0,0.0,,,0.0,0.0,0.0,0.0,0.0
2731200,Java,5,2,0.4,,,0.0,0.0,0.0,0.0,0.0
2731211,Java,3,1,0.3333333333333333,,,0.0,0.0,0.0,0.0,0.0
2731240,Java,2,1,0.5,,,0.0,0.0,0.0,0.0,0.0
2731600,Java,4,1,0.25,,,0.0,0.0,0.0,0.0,0.0
2731741,Java,1,0,0.0,,,0.0,0.0,0.0,0.0,0.0
2731800,Java,4,0,0.0,,,0.0,0.0,0.0,0.0,0.0
2732700,Java,5,0,0.0,,,0.0,0.0,0.0,0.0,0.0
2742741,Java,3,1,0.3333333333333333,,,0.0,0.0,0.0,0.0,0.0
2760451,Java,1,1,1.0,,,0.0,0.0,0.0,0.0,0.0
2760951,Java,1,0,0.0,,,0.0,0.0,0.0,0.0,0.0
2761031,Java,2,1,0.5,,,0.0,0.0,0.0,0.0,0.0
2761042,Java,2,0,0.0,,,0.0,0.0,0.0,0.0,0.0
2761411,Java,8,1,0.125,,,0.0,0.0,0.0,0.0,0.0
2780831,Java,1,0,0.0,,,0.0,0.0,0.0,0.0,0.0
2780841,Java,0,0,,,,0.0,0.0,,,
2780900,Java,11,0,0.0,,,0.0,0.0,0.0,0.0,0.0
2800700,Java,5,0,0.0,,,0.0,0.0,0.0,0.0,0.0
2800731,Java,1,0,0.0,,,0.0,0.0,0.0,0.0,0.0
2800732,Java,5,0,0.0,,,0.0,0.0,0.0,0.0,0.0
2800800,Batak,5,0,0.0,,,0.0,0.0,0.0,0.0,0.0
2842941,Java,1,1,1.0,,,0.0,0.0,0.0,0.0,0.0
2850242,Java,1,1,1.0,,,0.0,0.0,0.0,0.0,0.0
2850600,Java,5,0,0.0,,,0.0,0.0,0.0,0.0,0.0
2850642,Java,1,0,0.0,,,0.0,0.0,0.0,0.0,0.0
2850643,Java,1,0,0.0,,,0.0,0.0,0.0,0.0,0.0
2871131,Java,7,1,0.1428571428571428,,,0.0,0.0,0.0,0.0,0.0
2872252,Minang,1,1,1.0,,,0.0,0.0,0.0,0.0,0.0
2900131,Java,1,0,0.0,,,0.0,0.0,0.0,0.0,0.0
2912041,Java,1,1,1.0,,,0.0,0.0,0.0,0.0,0.0
2930351,Java,1,0,0.0,,,0.0,0.0,0.0,0.0,0.0
2930741,Java,1,1,1.0,,,0.0,0.0,0.0,0.0,0.0
2930751,Java,1,0,0.0,,,0.0,0.0,0.0,0.0,0.0
2931100,Java,10,0,0.0,,,0.0,0.0,0.0,0.0,0.0
2931131,Java,2,0,0.0,,,0.0,0.0,0.0,0.0,0.0
2931200,Java,6,1,0.1666666666666666,,,0.0,0.0,0.0,0.0,0.0
2931300,Java,4,0,0.0,,,0.0,0.0,0.0,0.0,0.0
2931351,Java,1,1,1.0,,,0.0,0.0,0.0,0.0,0.0
2931400,Java,4,0,0.0,,,0.0,0.0,0.0,0.0,0.0
2931441,Java,1,0,0.0,,,0.0,0.0,0.0,0.0,0.0
2931451,Java,1,1,1.0,,,0.0,0.0,0.0,0.0,0.0
2931500,Java,5,1,0.2,,,0.0,0.0,0.0,0.0,0.0
2931531,Java,1,0,0.0,,,0.0,0.0,0.0,0.0,0.0
2931600,Java,4,0,0.0,,,0.0,0.0,0.0,0.0,0.0
2931621,Java,3,0,0.0,,,0.0,0.0,0.0,0.0,0.0
2931700,Java,7,2,0.2857142857142857,,,0.0,0.0,0.0,0.0,0.0
2931800,Java,8,0,0.0,,,0.0,0.0,0.0,0.0,0.0
2931831,Java,1,0,0.0,,,0.0,0.0,0.0,0.0,0.0
2931851,Java,1,0,0.0,,,0.0,0.0,0.0,0.0,0.0
2932000,Java,5,0,0.0,,,0.0,0.0,0.0,0.0,0.0
2932041,Java,6,0,0.0,,,0.0,0.0,0.0,0.0,0.0
2932100,Java,6,0,0.0,,,0.0,0.0,0.0,0.0,0.0
2932131,Java,5,0,0.0,,,0.0,0.0,0.0,0.0,0.0
2932141,Java,2,0,0.0,,,0.0,0.0,0.0,0.0,0.0
2932200,Java,4,0,0.0,,,0.0,0.0,0.0,0.0,0.0
2932400,Java,5,0,0.0,,,0.0,0.0,0.0,0.0,0.0
2932800,Java,4,0,0.0,,,0.0,0.0,0.0,0.0,0.0
2932841,Java,1,0,0.0,,,0.0,0.0,0.0,0.0,0.0
2934100,Java,3,0,0.0,,,0.0,0.0,0.0,0.0,0.0
2934200,Java,5,0,0.0,,,0.0,0.0,0.0,0.0,0.0
2934241,Java,6,0,0.0,,,0.0,0.0,0.0,0.0,0.0
2950352,Java,1,0,0.0,,,0.0,0.0,0.0,0.0,0.0
2950700,Java,5,0,0.0,,,0.0,0.0,0.0,0.0,0.0
2950711,Java,2,1,0.5,,,0.0,0.0,0.0,0.0,0.0
2951251,Java,1,1,1.0,,,0.0,0.0,0.0,0.0,0.0
2951621,Java,3,1,0.3333333333333333,,,0.0,0.0,0.0,0.0,0.0
2952941,Java,1,0,0.0,,,0.0,0.0,0.0,0.0,0.0
2952951,Java,1,1,1.0,,,0.0,0.0,0.0,0.0,0.0
2952952,Java,1,1,1.0,,,0.0,0.0,0.0,0.0,0.0
2954400,Java,2,0,0.0,,,0.0,0.0,0.0,0.0,0.0
2960100,Java,5,0,0.0,,,0.0,0.0,0.0,0.0,0.0
2960141,Java,1,0,0.0,,,0.0,0.0,0.0,0.0,0.0
2960300,Java,8,0,0.0,,,0.0,0.0,0.0,0.0,0.0
2960331,Java,1,1,1.0,,,0.0,0.0,0.0,0.0,0.0
2960341,Java,0,0,,,,0.0,0.0,,,
2960351,Java,0,0,,,,0.0,0.0,,,
2960500,Java,7,0,0.0,,,0.0,0.0,0.0,0.0,0.0
2960531,Java,6,0,0.0,,,0.0,0.0,0.0,0.0,0.0
2960600,Java,6,0,0.0,,,0.0,0.0,0.0,0.0,0.0
2960641,Java,2,1,0.5,,,0.0,0.0,0.0,0.0,0.0
2960651,Java,0,0,,,,0.0,0.0,,,
2960700,Java,10,1,0.1,,,0.0,0.0,0.0,0.0,0.0
2961000,Java,8,0,0.0,,,0.0,0.0,0.0,0.0,0.0
2961031,Java,0,0,,,,0.0,0.0,,,
2961200,Java,5,0,0.0,,,0.0,0.0,0.0,0.0,0.0
2961300,Java,4,0,0.0,,,0.0,0.0,0.0,0.0,0.0
2961500,Java,9,0,0.0,,,0.0,0.0,0.0,0.0,0.0
2961700,Java,8,0,0.0,,,0.0,0.0,0.0,0.0,0.0
2961731,Java,4,0,0.0,,,0.0,0.0,0.0,0.0,0.0
2961741,Java,1,0,0.0,,,0.0,0.0,0.0,0.0,0.0
2961742,Java,2,0,0.0,,,0.0,0.0,0.0,0.0,0.0
2961751,Java,0,0,,,,0.0,0.0,,,
2961752,Java,1,1,1.0,,,0.0,0.0,0.0,0.0,0.0
2961800,Java,7,1,0.1428571428571428,,,0.0,0.0,0.0,0.0,0.0
2961900,Java,5,0,0.0,,,0.0,0.0,0.0,0.0,0.0
2961951,Java,0,0,,,,0.0,0.0,,,
2962000,Java,4,0,0.0,,,0.0,0.0,0.0,0.0,0.0
2971100,Java,4,1,0.25,,,0.0,0.0,0.0,0.0,0.0
2971251,Java,2,1,0.5,,,0.0,0.0,0.0,0.0,0.0
2971541,Java,1,1,1.0,,,0.0,0.0,0.0,0.0,0.0
2974151,Java,1,0,0.0,,,0.0,0.0,0.0,0.0,0.0
2974642,Java,2,1,0.5,,,0.0,0.0,0.0,0.0,0.0
2974651,Java,1,1,1.0,,,0.0,0.0,0.0,0.0,0.0
2974700,Java,3,0,0.0,,,0.0,0.0,0.0,0.0,0.0
2980241,Java,1,0,0.0,,,0.0,0.0,0.0,0.0,0.0
2991041,Java,2,0,0.0,,,0.0,0.0,0.0,0.0,0.0
2993011,Java,7,0,0.0,,,0.0,0.0,0.0,0.0,0.0
3010200,Java,6,1,0.1666666666666666,,,0.0,0.0,0.0,0.0,0.0
3010242,Java,1,0,0.0,,,0.0,0.0,0.0,0.0,0.0
3010243,Java,1,0,0.0,,,0.0,0.0,0.0,0.0,0.0
3010300,Java,3,0,0.0,,,0.0,0.0,0.0,0.0,0.0
3010500,Java,7,2,0.2857142857142857,,,0.0,0.0,0.0,0.0,0.0
3010751,Java,1,0,0.0,,,0.0,0.0,0.0,0.0,0.0
3010800,Java,5,0,0.0,,,0.0,0.0,0.0,0.0,0.0
3011000,Java,5,1,0.2,,,0.0,0.0,0.0,0.0,0.0
3011031,Java,1,0,0.0,,,0.0,0.0,0.0,0.0,0.0
3011042,Java,2,0,0.0,,,0.0,0.0,0.0,0.0,0.0
3011100,Java,7,1,0.1428571428571428,,,0.0,0.0,0.0,0.0,0.0
3011200,Java,4,0,0.0,,,0.0,0.0,0.0,0.0,0.0
3011400,Java,5,1,0.2,,,0.0,0.0,0.0,0.0,0.0
3011800,Java,3,0,0.0,,,0.0,0.0,0.0,0.0,0.0
3011811,Java,4,0,0.0,,,0.0,0.0,0.0,0.0,0.0
3011821,Java,1,0,0.0,,,0.0,0.0,0.0,0.0,0.0
3012200,Java,7,1,0.1428571428571428,,,0.0,0.0,0.0,0.0,0.0
3012211,Java,3,1,0.3333333333333333,,,0.0,0.0,0.0,0.0,0.0
3012212,Java,0,0,,,,0.0,0.0,,,
3012300,Java,6,2,0.3333333333333333,,,0.0,0.0,0.0,0.0,0.0
3012331,Java,2,1,0.5,,,0.0,0.0,0.0,0.0,0.0
3012341,Java,1,0,0.0,,,0.0,0.0,0.0,0.0,0.0
3012351,Java,1,1,1.0,,,0.0,0.0,0.0,0.0,0.0
3012400,Java,4,0,0.0,,,0.0,0.0,0.0,0.0,0.0
3012800,Java,5,0,0.0,,,0.0,0.0,0.0,0.0,0.0
3012831,Java,1,0,0.0,,,0.0,0.0,0.0,0.0,0.0
3012841,Java,1,0,0.0,,,0.0,0.0,0.0,0.0,0.0
3012900,Java,4,0,0.0,,,0.0,0.0,0.0,0.0,0.0
3013000,Java,10,1,0.1,,,0.0,0.0,0.0,0.0,0.0
3013041,Java,0,0,,,,0.0,0.0,,,
3013042,Java,1,0,0.0,,,0.0,0.0,0.0,0.0,0.0
3013051,Java,1,1,1.0,,,0.0,0.0,0.0,0.0,0.0
3021221,Java,2,0,0.0,,,0.0,0.0,0.0,0.0,0.0
3021431,Java,2,0,0.0,,,0.0,0.0,0.0,0.0,0.0
3021531,Java,3,0,0.0,,,0.0,0.0,0.0,0.0,0.0
3032000,Java,4,0,0.0,,,0.0,0.0,0.0,0.0,0.0
3040700,Java,5,0,0.0,,,0.0,0.0,0.0,0.0,0.0
3040723,Java,9,0,0.0,,,0.0,0.0,0.0,0.0,0.0
3050541,Java,2,0,0.0,,,0.0,0.0,0.0,0.0,0.0
3050600,Java,7,0,0.0,,,0.0,0.0,0.0,0.0,0.0
3051721,Java,2,0,0.0,,,0.0,0.0,0.0,0.0,0.0
3051741,Java,1,0,0.0,,,0.0,0.0,0.0,0.0,0.0
3070500,Java,5,1,0.2,,,0.0,0.0,0.0,0.0,0.0
3070531,Java,4,2,0.5,,,0.0,0.0,0.0,0.0,0.0
3070542,Java,1,1,1.0,,,0.0,0.0,0.0,0.0,0.0
3070800,Java,11,1,0.0909090909090909,,,0.0,0.0,0.0,0.0,0.0
3101941,Java,4,0,0.0,,,0.0,0.0,0.0,0.0,0.0
3160141,Java,2,0,0.0,,,0.0,0.0,0.0,0.0,0.0
3161141,Java,6,1,0.1666666666666666,,,0.0,0.0,0.0,0.0,0.0
3170451,Java,1,1,1.0,,,0.0,0.0,0.0,0.0,0.0
3191251,Java,3,0,0.0,,,0.0,0.0,0.0,0.0,0.0
3210800,Java,5,0,0.0,,,0.0,0.0,0.0,0.0,0.0
3210841,Java,1,1,1.0,,,0.0,0.0,0.0,0.0,0.0
3211400,Java,11,1,0.0909090909090909,,,0.0,0.0,0.0,0.0,0.0
3211453,Java,1,0,0.0,,,0.0,0.0,0.0,0.0,0.0
