hhid14,n_members,n_adults,n_outmig_adults,amount_given_total,amount_received_total,log_received_total,ethnic_modal,ethnic_share_modal,has_minang,has_batak,has_java,nelm_d1_deployment,nelm_d2_remittance,non_nuclear_adults,nelm_d3_extended_ratio,expenditure_total_monthly,log_exp_monthly,expenditure_pcm,log_exp_pcm,urban_rural,prov_bps,kab_bps,urban,subethnic_modal
0030100,10,9,1,150000.0,100000.0,11.51293546492023,4.0,1.0,False,True,False,0.1111111111111111,11.51293546492023,7,0.7,1523888.3333333333,14.236776396669056,152388.8333333333,11.934197209598246,2.0,12.0,77.0,0,Diaspora-Muslim-Batak
0030151,3,2,0,0.0,0.0,0.0,4.0,1.0,False,True,False,0.0,0.0,0,0.0,2291575.0,14.644750348429774,763858.3333333334,13.546138932523084,2.0,12.0,7.0,0,Diaspora-Muslim-Batak
0030152,3,1,1,0.0,0.0,0.0,4.0,1.0,False,True,False,1.0,0.0,0,0.0,1333885.0,14.10360704453466,444628.3333333333,13.004996255243936,2.0,12.0,77.0,0,Diaspora-Muslim-Batak
0030153,2,1,0,0.0,0.0,0.0,4.0,1.0,False,True,False,0.0,0.0,0,0.0,1104976.6666666667,13.915335681568354,552488.3333333334,13.222189406003666,2.0,12.0,77.0,0,Diaspora-Muslim-Batak
0030241,4,4,0,0.0,0.0,0.0,4.0,1.0,False,True,False,0.0,0.0,2,0.5,,,,,2.0,12.0,77.0,0,Diaspora-Muslim-Batak
0030251,2,0,0,0.0,0.0,0.0,4.0,1.0,False,True,False,,0.0,0,0.0,1595210.0,14.282516573852996,797605.0,13.589370020169174,2.0,12.0,77.0,0,Diaspora-Muslim-Batak
0030300,11,7,0,0.0,300000.0,12.611541086966117,4.0,1.0,False,True,False,0.0,12.611541086966117,5,0.4545454545454545,1191553.3333333333,13.990769175264576,108323.03030303027,11.592882294830495,2.0,12.0,77.0,0,Diaspora-Muslim-Batak
0030312,6,3,1,0.0,310000.0,12.644330802262578,4.0,1.0,False,True,False,0.3333333333333333,12.644330802262578,1,0.1666666666666666,3551891.6666666665,15.082991164919916,591981.9444444444,13.291233103391065,2.0,12.0,77.0,0,Diaspora-Muslim-Batak
0030342,2,1,0,0.0,0.0,0.0,4.0,1.0,False,True,False,0.0,0.0,0,0.0,3637126.6666666665,15.106704825543508,1818563.3333333333,14.413557919925758,2.0,12.0,20.0,0,Diaspora-Muslim-Batak
0030400,9,7,0,20000.0,0.0,0.0,4.0,1.0,False,True,False,0.0,0.0,5,0.5555555555555556,2569656.6666666665,14.759283244367364,285517.4074074074,12.562061780281462,2.0,12.0,77.0,0,Diaspora-Muslim-Batak
0030451,2,1,0,0.0,2500000.0,14.731801689838347,4.0,1.0,False,True,False,0.0,14.731801689838347,0,0.0,1587646.6666666667,14.277764023795749,793823.3333333334,13.584617473098271,2.0,12.0,77.0,0,Diaspora-Muslim-Batak
0030500,11,10,1,450000.0,550000.0,13.21767537538882,4.0,1.0,False,True,False,0.1,13.21767537538882,8,0.7272727272727273,3155360.0,14.964613468964894,286850.9090909091,12.566721365370984,2.0,12.0,77.0,0,Diaspora-Muslim-Batak
0030541,4,1,0,0.0,0.0,0.0,4.0,1.0,False,True,False,0.0,0.0,0,0.0,3589351.6666666665,15.093482428513896,897337.9166666666,13.70718890319896,2.0,12.0,3.0,0,Diaspora-Muslim-Batak
0030551,5,1,0,0.0,500000.0,13.122365377402328,4.0,1.0,False,True,False,0.0,13.122365377402328,0,0.0,2705858.333333333,14.81093010311459,541171.6666666667,13.201493668952844,2.0,12.0,77.0,0,Diaspora-Muslim-Batak
0030552,2,1,0,0.0,0.0,0.0,4.0,1.0,False,True,False,0.0,0.0,0,0.0,1534118.3333333333,14.24346705014791,767059.1666666666,13.550320521427526,1.0,12.0,77.0,1,Diaspora-Muslim-Batak
0030700,5,4,0,0.0,0.0,0.0,4.0,1.0,False,True,False,0.0,0.0,2,0.4,759571.6666666666,13.540511273421684,151914.3333333333,11.93107862709265,2.0,12.0,77.0,0,Diaspora-Muslim-Batak
0030800,9,8,0,0.0,0.0,0.0,4.0,1.0,False,True,False,0.0,0.0,6,0.6666666666666666,805771.6666666666,13.59955693042277,89530.18518518518,11.402342281395883,2.0,12.0,77.0,0,Diaspora-Muslim-Batak
0030900,19,17,0,3000000.0,0.0,0.0,4.0,0.8823529411764706,False,True,True,0.0,0.0,15,0.7894736842105263,2404895.0,14.69301721734374,126573.42105263156,11.748585722880437,2.0,12.0,77.0,0,Diaspora-Muslim-Batak
0030941,4,2,1,0.0,0.0,0.0,4.0,1.0,False,True,False,0.5,0.0,0,0.0,8259013.333333333,15.926815808271837,2064753.3333333333,14.540521810391349,2.0,12.0,4.0,0,Diaspora-Muslim-Batak
0030951,5,2,0,0.0,0.0,0.0,4.0,1.0,False,True,False,0.0,0.0,0,0.0,4547201.666666667,15.33002280332622,909440.3333333334,13.720585770553429,2.0,12.0,77.0,0,Diaspora-Muslim-Batak
0031000,6,5,0,0.0,300000.0,12.611541086966117,4.0,1.0,False,True,False,0.0,12.611541086966117,3,0.5,1691095.0,14.340887397410633,281849.1666666667,12.549130884840633,2.0,12.0,77.0,0,Diaspora-Muslim-Batak
0031041,4,1,0,0.0,0.0,0.0,4.0,1.0,False,True,False,0.0,0.0,0,0.0,2675480.0,14.79963973523192,668870.0,13.413346495405106,2.0,12.0,77.0,0,Diaspora-Muslim-Batak
0031042,1,1,0,80000.0,380000.0,12.847929163278051,4.0,1.0,False,True,False,0.0,12.847929163278051,0,0.0,1060600.0,13.874346286547253,1060600.0,13.874346286547253,2.0,12.0,77.0,0,Diaspora-Muslim-Batak
0031100,6,5,1,0.0,0.0,0.0,4.0,1.0,False,True,False,0.2,0.0,3,0.5,1477391.6666666667,14.20578938038953,246231.94444444447,12.41403329549636,2.0,12.0,77.0,0,Diaspora-Muslim-Batak
0031151,3,1,0,0.0,0.0,0.0,4.0,1.0,False,True,False,0.0,0.0,0,0.0,1347240.0,14.113569355498797,449080.0,13.014958551344977,2.0,12.0,20.0,0,Diaspora-Muslim-Batak
0031200,9,6,0,500000.0,0.0,0.0,4.0,1.0,False,True,False,0.0,0.0,4,0.4444444444444444,2889461.6666666665,14.876581114312728,321051.2962962963,12.679359305653543,2.0,12.0,77.0,0,Diaspora-Muslim-Batak
0031211,5,2,0,30000.0,0.0,0.0,4.0,1.0,False,True,False,0.0,0.0,0,0.0,2659408.333333333,14.793614600962146,531881.6666666667,13.184178192620305,2.0,12.0,77.0,0,Diaspora-Muslim-Batak
0031300,8,7,2,0.0,150000.0,11.918397239722838,4.0,1.0,False,True,False,0.2857142857142857,11.918397239722838,5,0.625,2014101.6666666667,14.515684327459237,251762.7083333333,12.4362462612665,2.0,12.0,77.0,0,Diaspora-Muslim-Batak
0031341,5,3,1,300000.0,0.0,0.0,4.0,1.0,False,True,False,0.3333333333333333,0.0,1,0.2,2430960.0,14.703797210388824,486192.0,13.09436094339318,1.0,12.0,75.0,1,Diaspora-Muslim-Batak
0031400,14,11,1,0.0,100000.0,11.51293546492023,4.0,1.0,False,True,False,0.0909090909090909,11.51293546492023,9,0.6428571428571429,2081723.3333333333,14.548707114651735,148694.52380952382,11.90965602983998,2.0,12.0,77.0,0,Diaspora-Muslim-Batak
0031431,5,1,1,0.0,0.0,0.0,4.0,0.8,False,True,False,1.0,0.0,0,0.0,1215115.0,14.010350103450534,243023.0,12.4009154828778,2.0,12.0,77.0,0,Diaspora-Muslim-Batak
0031500,9,6,1,0.0,350000.0,12.765691290604371,4.0,1.0,False,True,False,0.1666666666666666,12.765691290604371,4,0.4444444444444444,2839826.6666666665,14.859253927545064,315536.2962962963,12.662032167277228,2.0,12.0,77.0,0,Diaspora-Muslim-Batak
0031551,2,1,1,0.0,0.0,0.0,4.0,1.0,False,True,False,1.0,0.0,0,0.0,3117653.333333333,14.95259146079079,1558826.6666666667,14.259444600984764,1.0,12.0,77.0,1,Diaspora-Muslim-Batak
0031700,6,6,3,0.0,0.0,0.0,4.0,1.0,False,True,False,0.5,0.0,4,0.6666666666666666,1483660.0,14.210023239956154,247276.66666666663,12.4182671407645,2.0,12.0,77.0,0,Diaspora-Muslim-Batak
0031731,3,1,0,0.0,0.0,0.0,4.0,1.0,False,True,False,0.0,0.0,0,0.0,2493426.6666666665,14.729168894791451,831142.2222222221,13.630557408231711,2.0,12.0,77.0,0,Diaspora-Muslim-Batak
0031741,3,1,0,0.0,0.0,0.0,4.0,1.0,False,True,False,0.0,0.0,0,0.0,3336293.333333333,15.020371267985256,1112097.7777777778,13.921759578784458,1.0,12.0,75.0,1,Diaspora-Muslim-Batak
0031751,1,0,0,0.0,0.0,0.0,4.0,1.0,False,True,False,,0.0,0,0.0,3946990.0,15.188464074429564,3946990.0,15.188464074429564,2.0,12.0,77.0,0,Diaspora-Muslim-Batak
0031752,2,1,0,0.0,0.0,0.0,4.0,1.0,False,True,False,0.0,0.0,0,0.0,875055.0,13.68204316329184,437527.5,12.988897125515246,2.0,12.0,3.0,0,Diaspora-Muslim-Batak
0031800,7,6,0,600000.0,1000000.0,13.815511557963774,4.0,1.0,False,True,False,0.0,13.815511557963774,4,0.5714285714285714,2652771.6666666665,14.79111594029142,378967.38095238095,12.845208053018013,2.0,12.0,77.0,0,Diaspora-Muslim-Batak
0031831,3,1,0,0.0,0.0,0.0,4.0,1.0,False,True,False,0.0,0.0,0,0.0,3938391.6666666665,15.186283245416131,1312797.2222222222,14.087671464569276,2.0,12.0,77.0,0,Diaspora-Muslim-Batak
0031841,4,1,0,0.0,0.0,0.0,4.0,1.0,False,True,False,0.0,0.0,0,0.0,2883706.6666666665,14.874587408402803,720926.6666666666,13.48829408760974,2.0,12.0,3.0,0,Diaspora-Muslim-Batak
0031842,3,1,1,0.0,0.0,0.0,4.0,1.0,False,True,False,1.0,0.0,0,0.0,5323591.666666667,15.487658946679629,1774530.5555555555,14.38904703369759,1.0,31.0,71.0,1,Diaspora-Muslim-Batak
0031851,2,1,1,0.0,0.0,0.0,4.0,1.0,False,True,False,1.0,0.0,0,0.0,2492693.333333333,14.728874745013885,1246346.6666666667,14.035727965626188,2.0,12.0,77.0,0,Diaspora-Muslim-Batak
0031900,5,5,0,0.0,1000000.0,13.815511557963774,4.0,1.0,False,True,False,0.0,13.815511557963774,3,0.6,1320306.6666666667,14.093375348211524,264061.3333333334,12.483940465369724,2.0,12.0,77.0,0,Diaspora-Muslim-Batak
0031911,7,2,0,0.0,0.0,0.0,4.0,1.0,False,True,False,0.0,0.0,0,0.0,2354123.333333333,14.671679383306156,336303.3333333334,12.725771782965992,2.0,12.0,77.0,0,Diaspora-Muslim-Batak
0031931,1,1,0,0.0,0.0,0.0,4.0,1.0,False,True,False,0.0,0.0,0,0.0,4221933.333333333,15.255803953819266,4221933.333333333,15.255803953819266,1.0,12.0,77.0,1,Diaspora-Muslim-Batak
0031941,5,1,0,0.0,0.0,0.0,4.0,1.0,False,True,False,0.0,0.0,0,0.0,2184295.0,14.59680413779895,436859.0,12.987368056616813,2.0,12.0,77.0,0,Diaspora-Muslim-Batak
0031954,1,1,0,0.0,0.0,0.0,4.0,1.0,False,True,False,0.0,0.0,0,0.0,1021140.0,13.836431187513943,1021140.0,13.836431187513943,1.0,12.0,77.0,1,Diaspora-Muslim-Batak
0032000,10,8,1,0.0,0.0,0.0,4.0,1.0,False,True,False,0.125,0.0,6,0.6,3351611.6666666665,15.02495218100362,335161.1666666666,12.72236977328046,2.0,12.0,77.0,0,Diaspora-Muslim-Batak
0032051,3,1,0,0.0,0.0,0.0,4.0,1.0,False,True,False,0.0,0.0,0,0.0,,,,,1.0,12.0,77.0,1,Diaspora-Muslim-Batak
0032400,15,10,2,500000.0,10500000.0,16.166885910365842,4.0,1.0,False,True,False,0.2,16.166885910365842,8,0.5333333333333333,3567151.6666666665,15.087278263163489,237810.1111111111,12.379231986752435,2.0,12.0,77.0,0,Diaspora-Muslim-Batak
0032431,5,1,0,100000.0,700000.0,13.45883704259595,4.0,1.0,False,True,False,0.0,13.45883704259595,0,0.0,8131598.333333333,15.911268182144358,1626319.6666666665,14.301830761618287,2.0,12.0,77.0,0,Diaspora-Muslim-Batak
0032432,6,6,0,0.0,0.0,0.0,4.0,1.0,False,True,False,0.0,0.0,4,0.6666666666666666,4730296.666666667,15.369498690130005,788382.7777777779,13.577740277917323,2.0,12.0,3.0,0,Diaspora-Muslim-Batak
0032441,5,1,0,0.0,3000000.0,14.914123179965662,4.0,1.0,False,True,False,0.0,14.914123179965662,0,0.0,3395080.0,15.037838177305932,679016.0,13.428401443046267,1.0,15.0,71.0,1,Diaspora-Muslim-Batak
0032454,2,1,0,0.0,0.0,0.0,4.0,1.0,False,True,False,0.0,0.0,0,0.0,1511571.6666666667,14.228661167908871,755785.8333333334,13.535514648911343,2.0,12.0,3.0,0,Diaspora-Muslim-Batak
0032500,12,7,1,2000000.0,3100000.0,14.946912992035967,4.0,1.0,False,True,False,0.1428571428571428,14.946912992035967,5,0.4166666666666667,5641553.333333333,15.54567017652256,470129.4444444445,13.060765476549918,2.0,12.0,77.0,0,Diaspora-Muslim-Batak
0032652,2,1,1,0.0,500000.0,13.122365377402328,4.0,1.0,False,True,False,1.0,13.122365377402328,0,0.0,3788756.6666666665,15.14754873088669,1894378.3333333333,14.45440181426547,2.0,12.0,3.0,0,Diaspora-Muslim-Batak
0032700,6,5,1,1150000.0,500000.0,13.122365377402328,4.0,1.0,False,True,False,0.2,13.122365377402328,3,0.5,7006410.0,15.762336145021187,1167735.0,13.970577389425006,2.0,12.0,3.0,0,Diaspora-Muslim-Batak
0032800,5,5,2,0.0,0.0,0.0,4.0,1.0,False,True,False,0.4,0.0,3,0.6,1691770.0,14.341286467199046,338354.0,12.731850919148346,2.0,12.0,21.0,0,Diaspora-Muslim-Batak
0032831,8,5,0,0.0,0.0,0.0,4.0,1.0,False,True,False,0.0,0.0,3,0.375,,,,,2.0,12.0,77.0,0,Diaspora-Muslim-Batak
0032900,8,6,1,500000.0,8000000.0,15.894952224644102,4.0,1.0,False,True,False,0.1666666666666666,15.894952224644102,4,0.5,4422091.666666667,15.302123596006885,552761.4583333334,13.222683637286744,2.0,12.0,77.0,0,Diaspora-Muslim-Batak
0032941,7,3,1,0.0,0.0,0.0,4.0,1.0,False,True,False,0.3333333333333333,0.0,1,0.1428571428571428,6970221.333333333,15.75715768084106,995745.9047619049,13.811248392590056,1.0,21.0,71.0,1,Diaspora-Muslim-Batak
0033000,7,4,0,0.0,0.0,0.0,4.0,0.8,False,True,True,0.0,0.0,2,0.2857142857142857,1367150.0,14.12823957046894,195307.14285714287,12.18233381009259,2.0,12.0,77.0,0,Diaspora-Muslim-Batak
0040100,5,4,2,100000.0,400000.0,12.899222326086994,4.0,1.0,False,True,False,0.5,12.899222326086994,2,0.4,7036321.666666667,15.76659624317788,1407264.3333333335,14.15715889922238,2.0,12.0,6.0,0,Diaspora-Christian-Batak
0040200,10,8,0,300000.0,1200000.0,13.997832948091215,4.0,1.0,False,True,False,0.0,13.997832948091215,6,0.6,1874665.0,14.443941068185689,187466.5,12.141360776035311,2.0,12.0,6.0,0,Diaspora-Christian-Batak
0040241,3,1,1,0.0,0.0,0.0,4.0,1.0,False,True,False,1.0,0.0,0,0.0,1221775.0,14.015816095855422,407258.3333333333,12.91720544414725,2.0,12.0,6.0,0,Diaspora-Christian-Batak
0040252,2,1,0,0.0,0.0,0.0,4.0,1.0,False,True,False,0.0,0.0,0,0.0,4386656.666666667,15.2940781435195,2193328.333333333,14.600931190923522,1.0,12.0,6.0,1,Diaspora-Christian-Batak
0040300,17,10,0,0.0,0.0,0.0,4.0,1.0,False,True,False,0.0,0.0,8,0.4705882352941176,2466806.6666666665,14.718435430034756,145106.27450980392,11.885228572073231,2.0,12.0,6.0,0,Diaspora-Christian-Batak
0040321,4,3,0,0.0,0.0,0.0,4.0,1.0,False,True,False,0.0,0.0,1,0.25,2762271.6666666665,14.831564328812572,690567.9166666666,13.445271053754317,2.0,14.0,5.0,0,Diaspora-Christian-Batak
0040351,2,2,1,0.0,0.0,0.0,4.0,1.0,False,True,False,0.5,0.0,0,0.0,5281806.666666667,15.479778958201363,2640903.333333333,14.78663196697052,2.0,12.0,6.0,0,Diaspora-Christian-Batak
0040400,13,9,2,0.0,60000.0,11.002116507732016,4.0,1.0,False,True,False,0.2222222222222222,11.002116507732016,7,0.5384615384615384,1387616.6666666667,14.143098925811808,106739.7435897436,11.57815821622814,2.0,12.0,6.0,0,Diaspora-Christian-Batak
0040441,7,4,0,0.0,0.0,0.0,4.0,1.0,False,True,False,0.0,0.0,2,0.2857142857142857,,,,,1.0,12.0,75.0,1,Diaspora-Christian-Batak
0040451,2,1,0,0.0,0.0,0.0,4.0,1.0,False,True,False,0.0,0.0,0,0.0,2816695.0,14.851075124812205,1408347.5,14.157928299278083,2.0,12.0,6.0,0,Diaspora-Christian-Batak
0040500,8,6,1,0.0,0.0,0.0,4.0,1.0,False,True,False,0.1666666666666666,0.0,4,0.5,2349150.0,14.669564544248486,293643.75,12.590125982364146,2.0,12.0,6.0,0,Diaspora-Christian-Batak
0040551,2,1,0,0.0,0.0,0.0,4.0,1.0,False,True,False,0.0,0.0,0,0.0,1669370.0,14.327957466737164,834685.0,13.634810885205058,2.0,12.0,6.0,0,Diaspora-Christian-Batak
0040600,7,7,1,0.0,0.0,0.0,4.0,1.0,False,True,False,0.1428571428571428,0.0,5,0.7142857142857143,1229415.0,14.022049817848966,175630.7142857143,12.076144549147706,2.0,12.0,6.0,0,Diaspora-Christian-Batak
0040651,3,1,1,0.0,0.0,0.0,4.0,1.0,False,True,False,1.0,0.0,0,0.0,3777663.3333333335,15.14461647538156,1259221.1111111112,14.046004716140972,2.0,12.0,6.0,0,Diaspora-Christian-Batak
0040652,1,1,1,0.0,0.0,0.0,4.0,1.0,False,True,False,1.0,0.0,0,0.0,3171556.6666666665,14.969733402664446,3171556.6666666665,14.969733402664446,2.0,12.0,6.0,0,Diaspora-Christian-Batak
0040653,3,1,0,300000.0,0.0,0.0,4.0,1.0,False,True,False,0.0,0.0,0,0.0,6328290.0,15.66054077346585,2109430.0,14.561928800838784,2.0,12.0,6.0,0,Diaspora-Christian-Batak
0040700,15,10,0,200000.0,8000000.0,15.894952224644102,4.0,1.0,False,True,False,0.0,15.894952224644102,8,0.5333333333333333,2387376.6666666665,14.68570611093176,159158.44444444444,11.977661773987176,2.0,12.0,6.0,0,Diaspora-Christian-Batak
0040731,5,2,0,0.0,0.0,0.0,4.0,0.6,False,True,True,0.0,0.0,0,0.0,4645260.0,15.35135811810253,929052.0,13.741921066760687,2.0,12.0,6.0,0,Diaspora-Christian-Batak
0040743,5,1,0,0.0,0.0,0.0,4.0,1.0,False,True,False,0.0,0.0,0,0.0,2757411.6666666665,14.829803358408494,551482.3333333333,13.220366896608589,2.0,12.0,6.0,0,Diaspora-Christian-Batak
0040751,1,1,0,0.0,0.0,0.0,4.0,1.0,False,True,False,0.0,0.0,0,0.0,1238761.6666666667,14.029623589935644,1238761.6666666667,14.029623589935644,2.0,12.0,6.0,0,Diaspora-Christian-Batak
0040900,11,6,0,600000.0,0.0,0.0,4.0,1.0,False,True,False,0.0,0.0,4,0.3636363636363636,887116.6666666666,13.695732909389472,80646.9696969697,11.297848908989357,2.0,12.0,6.0,0,Diaspora-Christian-Batak
0041000,10,10,0,0.0,3000000.0,14.914123179965662,4.0,1.0,False,True,False,0.0,14.914123179965662,8,0.8,2232199.333333333,14.618498353533251,223219.93333333332,12.315917292427258,2.0,12.0,6.0,0,Diaspora-Christian-Batak
0041021,6,2,0,0.0,0.0,0.0,4.0,1.0,False,True,False,0.0,0.0,0,0.0,2293476.6666666665,14.645579855307538,382246.1111111111,12.85382256617246,2.0,12.0,6.0,0,Diaspora-Christian-Batak
0041031,4,3,0,0.0,0.0,0.0,4.0,1.0,False,True,False,0.0,0.0,1,0.25,1710208.3333333333,14.35212633814047,427552.0833333333,12.965833731190266,2.0,12.0,6.0,0,Diaspora-Christian-Batak
0041041,5,1,0,50000.0,0.0,0.0,4.0,1.0,False,True,False,0.0,0.0,0,0.0,3746446.6666666665,15.136318660096032,749289.3333333333,13.526881815339427,2.0,12.0,6.0,0,Diaspora-Christian-Batak
0041042,4,1,0,0.0,0.0,0.0,4.0,1.0,False,True,False,0.0,0.0,0,0.0,3188162.5,14.97495560364993,797040.625,13.588662183510197,2.0,12.0,6.0,0,Diaspora-Christian-Batak
0041051,2,1,1,0.0,0.0,0.0,4.0,1.0,False,True,False,1.0,0.0,0,0.0,733905.0,13.506136234000484,366952.5,12.81299041601193,2.0,12.0,6.0,0,Diaspora-Christian-Batak
0041052,2,1,0,0.0,0.0,0.0,4.0,1.0,False,True,False,0.0,0.0,0,0.0,1292680.0,14.07222891424494,646340.0,13.379082507270754,2.0,12.0,6.0,0,Diaspora-Christian-Batak
0041053,5,3,0,0.0,0.0,0.0,4.0,1.0,False,True,False,0.0,0.0,1,0.2,6160893.333333333,15.633732508954212,1232178.6666666665,14.024295245776289,1.0,32.0,16.0,1,Diaspora-Christian-Batak
0041111,4,3,0,1500000.0,0.0,0.0,4.0,1.0,False,True,False,0.0,0.0,1,0.25,2616346.6666666665,14.777289882830727,654086.6666666666,13.390996668346782,2.0,12.0,6.0,0,Diaspora-Christian-Batak
0041300,9,7,0,0.0,0.0,0.0,4.0,1.0,False,True,False,0.0,0.0,5,0.5555555555555556,1564603.3333333333,14.263143527840258,173844.8148148148,12.06592406360476,2.0,12.0,6.0,0,Diaspora-Christian-Batak
0041321,2,1,0,0.0,0.0,0.0,4.0,1.0,False,True,False,0.0,0.0,0,0.0,3890441.3333333335,15.174033419498562,1945220.6666666667,14.480886495978764,2.0,12.0,6.0,0,Diaspora-Christian-Batak
0041341,5,1,0,0.0,0.0,0.0,4.0,1.0,False,True,False,0.0,0.0,0,0.0,5744476.666666667,15.563749545491286,1148895.3333333335,13.954312329377869,1.0,12.0,6.0,1,Diaspora-Christian-Batak
0041351,2,2,0,0.0,0.0,0.0,4.0,1.0,False,True,False,0.0,0.0,0,0.0,4191995.0,15.248687550784089,2095997.5,14.555540608773958,1.0,12.0,6.0,1,Diaspora-Christian-Batak
0041400,11,11,2,0.0,350000.0,12.765691290604371,4.0,1.0,False,True,False,0.1818181818181818,12.765691290604371,9,0.8181818181818182,1892096.6666666667,14.453196648121413,172008.78787878787,12.055306660448512,2.0,12.0,6.0,0,Diaspora-Christian-Batak
0041441,5,1,0,0.0,0.0,0.0,4.0,1.0,False,True,False,0.0,0.0,0,0.0,951421.6666666666,13.765713687235792,190284.3333333333,12.156279979023152,2.0,12.0,6.0,0,Diaspora-Christian-Batak
0041451,2,0,0,0.0,0.0,0.0,4.0,1.0,False,True,False,,0.0,0,0.0,4986493.333333333,15.422243682421795,2493246.6666666665,14.72909670240352,2.0,12.0,6.0,0,Diaspora-Christian-Batak
0041500,11,6,0,800000.0,1200000.0,13.997832948091215,4.0,1.0,False,True,False,0.0,13.997832948091215,4,0.3636363636363636,8815526.666666666,15.992025232109537,801411.5151515151,13.59413109367257,2.0,12.0,6.0,0,Diaspora-Christian-Batak
0041600,6,5,1,200000.0,1200000.0,13.997832948091215,4.0,1.0,False,True,False,0.2,13.997832948091215,3,0.5,6012005.0,15.609269027858495,1002000.8333333334,13.817510390299258,2.0,12.0,6.0,0,Diaspora-Christian-Batak
0041641,7,2,0,0.0,0.0,0.0,4.0,1.0,False,True,False,0.0,0.0,0,0.0,,,,,1.0,12.0,6.0,1,Diaspora-Christian-Batak
0041700,8,5,1,0.0,0.0,0.0,4.0,1.0,False,True,False,0.2,0.0,3,0.375,6094816.666666667,15.622949405218977,761852.0833333334,13.543509012055202,1.0,32.0,76.0,1,Diaspora-Christian-Batak
0041800,4,3,1,0.0,0.0,0.0,4.0,1.0,False,True,False,0.3333333333333333,0.0,1,0.25,756100.0,13.535930244121866,189025.0,12.149639850717993,2.0,12.0,6.0,0,Diaspora-Christian-Batak
0041941,4,3,0,0.0,0.0,0.0,4.0,1.0,False,True,False,0.0,0.0,1,0.25,3140851.6666666665,14.96000487091528,785212.9166666666,13.573711464949572,1.0,14.0,5.0,1,Diaspora-Christian-Batak
0042000,4,4,1,0.0,1000000.0,13.815511557963774,4.0,1.0,False,True,False,0.25,13.815511557963774,2,0.5,2580660.0,14.763556125634176,645165.0,13.377262927006472,2.0,12.0,6.0,0,Diaspora-Christian-Batak
0042041,1,1,0,0.0,0.0,0.0,4.0,1.0,False,True,False,0.0,0.0,0,0.0,2417340.6666666665,14.698179009507705,2417340.6666666665,14.698179009507705,1.0,12.0,75.0,1,Diaspora-Christian-Batak
0042200,11,7,2,0.0,5200000.0,15.46416937585933,4.0,1.0,False,True,False,0.2857142857142857,15.46416937585933,5,0.4545454545454545,3280516.6666666665,15.00351179311049,298228.78787878784,12.605619568606864,2.0,12.0,6.0,0,Diaspora-Christian-Batak
0042222,7,2,0,0.0,0.0,0.0,4.0,1.0,False,True,False,0.0,0.0,0,0.0,1449883.3333333333,14.186994341100007,207126.19047619047,12.241088330297275,2.0,12.0,6.0,0,Diaspora-Christian-Batak
0042242,2,1,0,0.0,0.0,0.0,4.0,1.0,False,True,False,0.0,0.0,0,0.0,2456700.0,14.714329950976415,1228350.0,14.021183177466328,2.0,12.0,6.0,0,Diaspora-Christian-Batak
0042251,4,1,1,0.0,0.0,0.0,4.0,1.0,False,True,False,1.0,0.0,0,0.0,2814093.333333333,14.850151038956474,703523.3333333334,13.46385774389836,2.0,12.0,6.0,0,Diaspora-Christian-Batak
0042300,3,3,0,0.0,0.0,0.0,4.0,1.0,False,True,False,0.0,0.0,1,0.3333333333333333,431633.3333333333,12.975334058167356,143877.77777777778,11.876726403040214,2.0,12.0,6.0,0,Diaspora-Christian-Batak
0042321,4,1,0,0.0,0.0,0.0,4.0,1.0,False,True,False,0.0,0.0,0,0.0,4507366.666666667,15.321223875152029,1126841.6666666667,13.93493017960886,1.0,36.0,71.0,1,Diaspora-Christian-Batak
0042400,10,10,0,0.0,0.0,0.0,4.0,1.0,False,True,False,0.0,0.0,8,0.8,6018771.666666667,15.61039392053048,601877.1666666667,13.307810322856788,2.0,12.0,6.0,0,Diaspora-Christian-Batak
0042422,3,1,0,0.0,0.0,0.0,4.0,1.0,False,True,False,0.0,0.0,0,0.0,4162850.0,15.241710734040064,1387616.6666666667,14.143098925811808,2.0,12.0,6.0,0,Diaspora-Christian-Batak
0042500,3,2,0,0.0,0.0,0.0,4.0,1.0,False,True,False,0.0,0.0,0,0.0,693085.0,13.448909368596604,231028.3333333333,12.350299965569112,2.0,12.0,6.0,0,Diaspora-Christian-Batak
0042531,5,1,0,0.0,0.0,0.0,4.0,1.0,False,True,False,0.0,0.0,0,0.0,2052761.6666666667,14.534697086136172,410552.3333333334,12.92526112229368,2.0,12.0,6.0,0,Diaspora-Christian-Batak
0042600,15,9,2,1000000.0,0.0,0.0,4.0,1.0,False,True,False,0.2222222222222222,0.0,7,0.4666666666666667,407031.6666666667,12.916648723284164,27135.444444444445,10.208632916864214,2.0,12.0,6.0,0,Diaspora-Christian-Batak
0042641,4,3,0,0.0,0.0,0.0,4.0,1.0,False,True,False,0.0,0.0,1,0.25,0.0,0.0,0.0,0.0,1.0,12.0,75.0,1,Diaspora-Christian-Batak
0042642,4,1,0,0.0,0.0,0.0,4.0,1.0,False,True,False,0.0,0.0,0,0.0,1102411.6666666667,13.913011669257765,275602.9166666667,12.526720029438172,2.0,12.0,6.0,0,Diaspora-Christian-Batak
0042700,6,4,0,50000.0,0.0,0.0,4.0,0.75,False,True,False,0.0,0.0,2,0.3333333333333333,1198756.6666666667,13.996796300710256,199792.77777777775,12.205041002458296,2.0,12.0,6.0,0,Diaspora-Christian-Batak
0042741,5,2,2,0.0,0.0,0.0,4.0,1.0,False,True,False,1.0,0.0,0,0.0,2654546.6666666665,14.791784827773126,530909.3333333333,13.18234842218595,2.0,12.0,6.0,0,Diaspora-Christian-Batak
0042800,7,5,0,0.0,100000.0,11.51293546492023,4.0,1.0,False,True,False,0.0,11.51293546492023,3,0.4285714285714285,323950.0,12.688347548769464,46278.57142857143,10.742455920862216,2.0,12.0,6.0,0,Diaspora-Christian-Batak
0042900,6,5,2,0.0,0.0,0.0,4.0,1.0,False,True,False,0.4,0.0,3,0.5,4158085.0,15.240565430206887,693014.1666666666,13.44880716345444,2.0,12.0,6.0,0,Diaspora-Christian-Batak
0042951,3,1,0,0.0,0.0,0.0,4.0,1.0,False,True,False,0.0,0.0,0,0.0,6665445.0,15.712447426085305,2221815.0,14.613835437472089,2.0,12.0,6.0,0,Diaspora-Christian-Batak
0043022,9,6,0,0.0,0.0,0.0,4.0,1.0,False,True,False,0.0,0.0,4,0.4444444444444444,7333050.0,15.807902221913336,814783.3333333334,13.610678735527614,2.0,12.0,6.0,0,Diaspora-Christian-Batak
0050100,13,12,3,0.0,0.0,0.0,4.0,0.9166666666666666,False,True,True,0.25,0.0,10,0.7692307692307693,16872828.333333332,16.641215154350284,1297909.8717948718,14.07626650809109,1.0,12.0,7.0,1,Diaspora-Christian-Batak
0050131,4,1,0,0.0,0.0,0.0,4.0,1.0,False,True,False,0.0,0.0,0,0.0,8897356.666666666,16.00126489923563,2224339.1666666665,14.614970875294436,1.0,12.0,7.0,1,Diaspora-Christian-Batak
0050500,3,3,1,200000.0,50000.0,10.819798284210286,4.0,0.6666666666666666,False,True,True,0.3333333333333333,10.819798284210286,1,0.3333333333333333,5668329.0,15.550405099692815,1889443.0,14.451793163862252,2.0,14.0,7.0,0,Diaspora-Muslim-Batak
0050953,2,2,0,0.0,0.0,0.0,4.0,1.0,False,True,False,0.0,0.0,0,0.0,,,,,1.0,12.0,7.0,1,Diaspora-Muslim-Batak
0051000,6,6,0,0.0,0.0,0.0,4.0,0.8333333333333334,False,True,True,0.0,0.0,4,0.6666666666666666,1162381.6666666667,13.96598247945004,193730.27777777775,12.17422731172216,1.0,12.0,7.0,1,Diaspora-Muslim-Batak
0051441,3,1,0,0.0,0.0,0.0,4.0,1.0,False,True,False,0.0,0.0,0,0.0,4184286.6666666665,15.246847036346878,1394762.2222222222,14.148235225657263,1.0,12.0,22.0,1,Diaspora-Muslim-Batak
0051700,6,4,1,0.0,3550000.0,15.0824584431417,4.0,1.0,False,True,False,0.25,15.0824584431417,2,0.3333333333333333,6226835.0,15.6443788965879,1037805.8333333334,13.852620230335546,1.0,12.0,7.0,1,Diaspora-Christian-Batak
0051741,2,1,0,0.0,1000000.0,13.815511557963774,4.0,1.0,False,True,False,0.0,13.815511557963774,0,0.0,5921983.333333333,15.594182142137528,2960991.6666666665,14.901035130439888,2.0,12.0,23.0,0,Diaspora-Christian-Batak
0052000,10,8,1,500000.0,300000.0,12.611541086966117,4.0,1.0,False,True,False,0.125,12.611541086966117,6,0.6,4590480.0,15.339495369574644,459048.0,13.036912237157535,1.0,12.0,7.0,1,Diaspora-Christian-Batak
0060100,7,4,1,1200000.0,0.0,0.0,4.0,1.0,False,True,False,0.25,0.0,2,0.2857142857142857,3472056.6666666665,15.060257963687429,496008.0952380952,13.11434954271252,1.0,12.0,9.0,1,Diaspora-Christian-Batak
0060431,5,3,0,0.0,0.0,0.0,4.0,1.0,False,True,False,0.0,0.0,1,0.2,3996700.0,15.200979828790766,799340.0,13.591542917181595,1.0,12.0,9.0,1,Diaspora-Muslim-Batak
0060441,6,1,0,600000.0,0.0,0.0,4.0,1.0,False,True,False,0.0,0.0,0,0.0,3664718.3333333335,15.114262310106714,610786.3888888889,13.322504205238692,1.0,12.0,9.0,1,Diaspora-Muslim-Batak
0060442,5,2,0,0.0,0.0,0.0,4.0,0.75,False,True,True,0.0,0.0,0,0.0,2664730.0,14.795613672401188,532946.0,13.186177261055564,1.0,12.0,9.0,1,Diaspora-Muslim-Batak
0060600,10,8,4,0.0,0.0,0.0,4.0,1.0,False,True,False,0.5,0.0,6,0.6,3879538.3333333335,15.171226976028333,387953.8333333334,12.868644202894655,1.0,12.0,9.0,1,Diaspora-Christian-Batak
0060651,1,0,0,0.0,0.0,0.0,4.0,1.0,False,True,False,,0.0,0,0.0,2060118.3333333333,14.538274467890544,2060118.3333333333,14.538274467890544,2.0,12.0,7.0,0,Diaspora-Christian-Batak
0060800,9,6,0,100000.0,0.0,0.0,4.0,0.8888888888888888,False,True,False,0.0,0.0,4,0.4444444444444444,5166116.666666667,15.45763202951106,574012.962962963,13.260409000725286,1.0,12.0,9.0,1,Diaspora-Muslim-Batak
0061200,6,5,0,120000.0,0.0,0.0,4.0,0.8,False,True,True,0.0,0.0,3,0.5,1800380.0,14.403508867134832,300063.3333333333,12.61175217509286,2.0,12.0,9.0,0,Diaspora-Muslim-Batak
0061300,8,5,0,1000000.0,0.0,0.0,4.0,1.0,False,True,False,0.0,0.0,3,0.375,6972288.333333333,15.757454184091632,871536.0416666666,13.678013646385692,1.0,12.0,9.0,1,Diaspora-Christian-Batak
0061400,6,5,1,800000.0,0.0,0.0,4.0,1.0,False,True,False,0.2,0.0,3,0.5,1814966.6666666667,14.411578211013683,302494.44444444444,12.619821496651848,1.0,12.0,9.0,1,Diaspora-Christian-Batak
0061441,3,1,0,500000.0,1000000.0,13.815511557963774,4.0,1.0,False,True,False,0.0,13.815511557963774,0,0.0,3433223.333333333,15.049010416454976,1144407.7777777778,13.95039871032946,1.0,36.0,3.0,1,Diaspora-Christian-Batak
0061442,5,4,0,200000.0,1000000.0,13.815511557963774,4.0,1.0,False,True,False,0.0,13.815511557963774,2,0.4,10245158.333333334,16.142315891836137,2049031.6666666667,14.532878369830248,1.0,12.0,75.0,1,Diaspora-Christian-Batak
0061451,2,1,1,0.0,0.0,0.0,4.0,1.0,False,True,False,1.0,0.0,0,0.0,2053563.3333333333,14.535087540513942,1026781.6666666666,13.841940846912085,1.0,12.0,9.0,1,Diaspora-Christian-Batak
0061800,5,3,0,0.0,0.0,0.0,4.0,1.0,False,True,False,0.0,0.0,1,0.2,2506382.333333333,14.734351368954432,501276.4666666667,13.124915052444129,2.0,12.0,11.0,0,Diaspora-Muslim-Batak
0070141,6,3,0,0.0,0.0,0.0,4.0,1.0,False,True,False,0.0,0.0,1,0.1666666666666666,2416686.6666666665,14.697908427780163,402781.1111111111,12.90615102749751,2.0,12.0,9.0,0,Diaspora-Christian-Batak
0070200,1,1,0,0.0,0.0,0.0,4.0,1.0,False,True,False,0.0,0.0,0,0.0,622065.0,13.34080147541688,622065.0,13.34080147541688,2.0,12.0,9.0,0,Diaspora-Christian-Batak
0070300,10,5,0,0.0,500000.0,13.122365377402328,4.0,1.0,False,True,False,0.0,13.122365377402328,3,0.3,2006293.3333333333,14.511799963227944,200629.3333333333,12.209219356106018,2.0,12.0,9.0,0,Diaspora-Christian-Batak
0070331,5,3,0,0.0,0.0,0.0,4.0,1.0,False,True,False,0.0,0.0,1,0.2,2740591.6666666665,14.823684756677576,548118.3333333333,13.214248303780725,2.0,12.0,9.0,0,Diaspora-Christian-Batak
0070351,5,1,1,0.0,0.0,0.0,4.0,1.0,False,True,False,1.0,0.0,0,0.0,2628316.6666666665,14.781854529008555,525663.3333333333,13.172418138459353,2.0,12.0,9.0,0,Diaspora-Christian-Batak
0070400,8,6,0,0.0,0.0,0.0,4.0,1.0,False,True,False,0.0,0.0,4,0.5,1203096.6666666667,14.000410177585495,150387.08333333334,11.920974454202735,2.0,12.0,9.0,0,Diaspora-Christian-Batak
0070451,4,1,0,0.0,0.0,0.0,4.0,1.0,False,True,False,0.0,0.0,0,0.0,2304893.333333333,14.650545390990436,576223.3333333334,13.264252331447803,2.0,12.0,9.0,0,Diaspora-Christian-Batak
0070500,6,4,1,100000.0,150000.0,11.918397239722838,4.0,1.0,False,True,False,0.25,11.918397239722838,2,0.3333333333333333,2723630.0,14.817476474520593,453938.3333333333,13.02571884107551,2.0,12.0,9.0,0,Diaspora-Christian-Batak
0070600,6,6,1,0.0,0.0,0.0,4.0,1.0,False,True,False,0.1666666666666666,0.0,4,0.6666666666666666,903426.6666666666,13.713951326779826,150571.1111111111,11.922197392013851,2.0,12.0,9.0,0,Diaspora-Christian-Batak
0070641,4,2,0,0.0,0.0,0.0,4.0,1.0,False,True,False,0.0,0.0,0,0.0,2085626.6666666667,14.550580407080504,521406.6666666667,13.164287484375482,2.0,12.0,9.0,0,Diaspora-Christian-Batak
0070642,2,1,0,0.0,0.0,0.0,4.0,1.0,False,True,False,0.0,0.0,0,0.0,1144179.1666666667,13.95019892686688,572089.5833333334,13.257052620294784,2.0,12.0,18.0,0,Diaspora-Christian-Batak
0070700,4,3,0,0.0,0.0,0.0,4.0,1.0,False,True,False,0.0,0.0,1,0.25,447071.6666666667,13.010476425633222,111767.91666666669,11.624188774809348,2.0,12.0,9.0,0,Diaspora-Christian-Batak
0070900,5,5,0,0.0,0.0,0.0,4.0,1.0,False,True,False,0.0,0.0,3,0.6,514903.3333333333,13.151736401872451,102980.66666666666,11.542306257841537,2.0,12.0,9.0,0,Diaspora-Christian-Batak
0070921,3,3,0,0.0,0.0,0.0,4.0,1.0,False,True,False,0.0,0.0,1,0.3333333333333333,,,,,1.0,12.0,73.0,1,Diaspora-Christian-Batak
0070922,3,3,0,0.0,0.0,0.0,4.0,1.0,False,True,False,0.0,0.0,1,0.3333333333333333,,,,,2.0,12.0,9.0,0,Diaspora-Christian-Batak
0071000,2,1,0,0.0,0.0,0.0,4.0,1.0,False,True,False,0.0,0.0,0,0.0,360701.6666666666,12.79580925989637,180350.8333333333,12.10266485169911,2.0,12.0,9.0,0,Diaspora-Christian-Batak
0071100,9,3,0,0.0,0.0,0.0,4.0,1.0,False,True,False,0.0,0.0,1,0.1111111111111111,1645550.0,14.3135858405042,182838.88888888888,12.116366124749636,2.0,12.0,9.0,0,Diaspora-Christian-Batak
0071200,5,4,0,0.0,0.0,0.0,4.0,1.0,False,True,False,0.0,0.0,2,0.4,3387396.6666666665,15.0355725346117,677479.3333333333,13.426135803024382,2.0,12.0,9.0,0,Diaspora-Christian-Batak
0071300,7,5,1,5550000.0,550000.0,13.21767537538882,4.0,1.0,False,True,False,0.2,13.21767537538882,3,0.4285714285714285,2520520.0,14.739976184150336,360074.28571428574,12.79406841555242,2.0,12.0,9.0,0,Diaspora-Christian-Batak
0071331,6,5,0,0.0,0.0,0.0,4.0,0.8,False,True,True,0.0,0.0,3,0.5,,,,,2.0,12.0,9.0,0,Diaspora-Christian-Batak
0071351,3,1,0,0.0,0.0,0.0,4.0,1.0,False,True,False,0.0,0.0,0,0.0,8581580.0,15.965128720223566,2860526.6666666665,14.866516664612718,1.0,21.0,71.0,1,Diaspora-Christian-Batak
0071400,5,5,0,0.0,0.0,0.0,4.0,1.0,False,True,False,0.0,0.0,3,0.6,1414953.3333333333,14.16260781527602,282990.6666666666,12.553172729784285,2.0,12.0,9.0,0,Diaspora-Christian-Batak
0071411,4,4,0,0.0,0.0,0.0,4.0,1.0,False,True,False,0.0,0.0,2,0.5,1117946.6666666667,13.927005121822202,279486.6666666667,12.540713444187473,2.0,12.0,9.0,0,Diaspora-Christian-Batak
0071431,11,9,0,500000.0,0.0,0.0,4.0,1.0,False,True,False,0.0,0.0,7,0.6363636363636364,1923540.0,14.46967831625795,174867.27272727274,12.071788242191506,2.0,12.0,9.0,0,Diaspora-Christian-Batak
0071500,6,5,2,0.0,0.0,0.0,4.0,1.0,False,True,False,0.4,0.0,3,0.5,1336781.6666666667,14.105776289891606,222796.94444444447,12.31402056098034,2.0,12.0,9.0,0,Diaspora-Christian-Batak
0071600,7,7,1,0.0,8000000.0,15.894952224644102,4.0,1.0,False,True,False,0.1428571428571428,15.894952224644102,5,0.7142857142857143,1996636.6666666667,14.506975157111034,285233.8095238095,12.561068013103196,2.0,12.0,9.0,0,Diaspora-Christian-Batak
0071631,9,6,1,0.0,0.0,0.0,4.0,1.0,False,True,False,0.1666666666666666,0.0,4,0.4444444444444444,10088653.333333334,16.126922017066363,1120961.4814814816,13.929698232699808,2.0,12.0,17.0,0,Diaspora-Christian-Batak
0071651,2,1,0,0.0,0.0,0.0,4.0,1.0,False,True,False,0.0,0.0,0,0.0,2949860.0,14.897268608561816,1474930.0,14.20412176700084,2.0,12.0,9.0,0,Diaspora-Christian-Batak
0071800,9,9,0,200000.0,300000.0,12.611541086966117,4.0,1.0,False,True,False,0.0,12.611541086966117,7,0.7777777777777778,1425066.6666666667,14.16972985593761,158340.74074074076,11.97251089235415,2.0,12.0,9.0,0,Diaspora-Christian-Batak
0071841,6,3,0,0.0,0.0,0.0,4.0,1.0,False,True,False,0.0,0.0,1,0.1666666666666666,3675151.6666666665,15.117105231716344,612525.2777777778,13.325347122975064,1.0,12.0,73.0,1,Diaspora-Christian-Batak
0071851,4,1,1,0.0,0.0,0.0,4.0,1.0,False,True,False,1.0,0.0,0,0.0,3620663.3333333335,15.102168084460072,905165.8333333334,13.715874551917064,2.0,12.0,9.0,0,Diaspora-Christian-Batak
0071852,4,3,0,0.0,0.0,0.0,4.0,1.0,False,True,False,0.0,0.0,1,0.25,1609396.25,14.291370287981389,402349.0625,12.90507779091166,2.0,12.0,9.0,0,Diaspora-Christian-Batak
0072000,7,6,0,0.0,0.0,0.0,4.0,1.0,False,True,False,0.0,0.0,4,0.5714285714285714,1747021.6666666667,14.373423563655187,249574.52380952385,12.427516849008487,2.0,12.0,9.0,0,Diaspora-Christian-Batak
0072021,5,3,0,0.0,0.0,0.0,4.0,1.0,False,True,False,0.0,0.0,1,0.2,,,,,2.0,12.0,9.0,0,Diaspora-Christian-Batak
0072200,5,4,1,0.0,0.0,0.0,4.0,1.0,False,True,False,0.25,0.0,2,0.4,1994896.6666666667,14.506103312086546,398979.3333333334,12.896667404765818,2.0,12.0,9.0,0,Diaspora-Christian-Batak
0072300,10,7,1,0.0,6000000.0,15.607270193858982,4.0,1.0,False,True,False,0.1428571428571428,15.607270193858982,5,0.5,1407138.3333333333,14.157069359859705,140713.8333333333,11.854490662800307,2.0,12.0,9.0,0,Diaspora-Christian-Batak
0072331,5,3,0,0.0,0.0,0.0,4.0,1.0,False,True,False,0.0,0.0,1,0.2,787041.6666666666,13.576037740245964,157408.3333333333,11.966604910115535,2.0,12.0,9.0,0,Diaspora-Christian-Batak
0072351,1,1,0,50000.0,0.0,0.0,4.0,1.0,False,True,False,0.0,0.0,0,0.0,1478390.0,14.20646489218869,1478390.0,14.20646489218869,2.0,12.0,9.0,0,Diaspora-Christian-Batak
0072400,5,4,0,20000.0,100000.0,11.51293546492023,4.0,1.0,False,True,False,0.0,11.51293546492023,2,0.4,807096.6666666666,13.601199964299322,161419.3333333333,11.991767007882633,2.0,12.0,9.0,0,Diaspora-Christian-Batak
0072451,2,0,0,0.0,0.0,0.0,4.0,1.0,False,True,False,,0.0,0,0.0,1656286.6666666667,14.320089310596437,828143.3333333334,13.626942733796165,2.0,12.0,9.0,0,Diaspora-Christian-Batak
0072500,13,8,0,500000.0,100000.0,11.51293546492023,4.0,1.0,False,True,False,0.0,11.51293546492023,6,0.4615384615384615,1994366.6666666667,14.505837598999632,153412.82051282053,11.940894258464713,2.0,12.0,9.0,0,Diaspora-Christian-Batak
0072541,2,2,2,200000.0,0.0,0.0,4.0,1.0,False,True,False,1.0,0.0,0,0.0,2143280.0,14.57784839045133,1071640.0,13.884701676465657,1.0,12.0,9.0,1,Diaspora-Christian-Batak
0072600,4,4,0,0.0,0.0,0.0,4.0,1.0,False,True,False,0.0,0.0,2,0.5,1558976.6666666667,14.259540822515024,389744.1666666667,12.873248385731303,2.0,12.0,9.0,0,Diaspora-Christian-Batak
0072651,2,0,0,0.0,0.0,0.0,4.0,1.0,False,True,False,,0.0,0,0.0,2245923.333333333,14.624627724190908,1122961.6666666667,13.93148098888184,2.0,12.0,9.0,0,Diaspora-Christian-Batak
0072700,3,1,0,0.0,0.0,0.0,4.0,1.0,False,True,False,0.0,0.0,0,0.0,431170.0,12.974260042140864,143723.33333333334,11.87565239199288,2.0,12.0,9.0,0,Diaspora-Christian-Batak
0072800,7,6,0,0.0,1000000.0,13.815511557963774,4.0,1.0,False,True,False,0.0,13.815511557963774,4,0.5714285714285714,738206.6666666666,13.51198045514679,105458.09523809524,11.566078433852658,2.0,12.0,9.0,0,Diaspora-Christian-Batak
0072811,7,5,0,0.0,0.0,0.0,4.0,1.0,False,True,False,0.0,0.0,3,0.4285714285714285,,,,,1.0,12.0,75.0,1,Diaspora-Christian-Batak
0072851,3,1,0,0.0,0.0,0.0,4.0,1.0,False,True,False,0.0,0.0,0,0.0,1204450.0,14.001534419429172,401483.3333333333,12.90292379126725,2.0,12.0,9.0,0,Diaspora-Christian-Batak
0072900,3,3,0,0.0,500000.0,13.122365377402328,4.0,0.6666666666666666,False,True,True,0.0,13.122365377402328,1,0.3333333333333333,1159733.3333333333,13.963701513864272,386577.77777777775,12.865090949727565,2.0,12.0,9.0,0,Diaspora-Christian-Batak
0080200,9,9,0,0.0,0.0,0.0,4.0,1.0,False,True,False,0.0,0.0,7,0.7777777777777778,2434586.6666666665,14.705287964088672,270509.6296296296,12.508066672724432,2.0,12.0,9.0,0,Diaspora-Muslim-Batak
0080551,2,1,0,0.0,0.0,0.0,4.0,1.0,False,True,False,0.0,0.0,0,0.0,2301451.6666666665,14.649051075730602,1150725.8333333333,13.955904329678738,1.0,12.0,75.0,1,Diaspora-Muslim-Batak
0080831,3,1,0,0.0,0.0,0.0,4.0,1.0,False,True,False,0.0,0.0,0,0.0,2221665.0,14.613767922851771,740555.0,13.515156534408584,2.0,12.0,9.0,0,Diaspora-Muslim-Batak
0081941,2,0,0,0.0,0.0,0.0,4.0,1.0,False,True,False,,0.0,0,0.0,5394221.666666667,15.50083906226485,2697110.833333333,14.80769206708841,2.0,12.0,9.0,0,Diaspora-Muslim-Batak
0082751,3,1,1,0.0,0.0,0.0,4.0,1.0,False,True,False,1.0,0.0,0,0.0,6281131.666666667,15.653060883115486,2093710.555555556,14.554448912861234,2.0,12.0,8.0,0,Diaspora-Muslim-Batak
0082752,3,2,0,0.0,0.0,0.0,4.0,0.6666666666666666,False,True,True,0.0,0.0,0,0.0,4460606.666666667,15.310795562846852,1486868.888888889,14.212183722548046,1.0,12.0,75.0,1,Diaspora-Muslim-Batak
0090100,8,8,0,0.0,0.0,0.0,4.0,1.0,False,True,False,0.0,0.0,6,0.75,2411799.333333333,14.69588405286098,301474.9166666667,12.61644541357308,2.0,12.0,10.0,0,Diaspora-Christian-Batak
0090141,2,1,0,0.0,0.0,0.0,4.0,1.0,False,True,False,0.0,0.0,0,0.0,399856.6666666667,12.898863929433084,199928.3333333333,12.20571924975991,2.0,14.0,5.0,0,Diaspora-Christian-Batak
0090142,5,3,0,0.0,0.0,0.0,4.0,1.0,False,True,False,0.0,0.0,1,0.2,,,,,2.0,12.0,10.0,0,Diaspora-Christian-Batak
0090143,8,3,0,0.0,0.0,0.0,4.0,1.0,False,True,False,0.0,0.0,1,0.125,6998200.0,15.761163673989428,874775.0,13.68172313256616,2.0,12.0,10.0,0,Diaspora-Christian-Batak
0090144,3,3,0,0.0,0.0,0.0,4.0,1.0,False,True,False,0.0,0.0,1,0.3333333333333333,2288520.0,14.643416315350096,762840.0,13.544804900608478,2.0,14.0,5.0,0,Diaspora-Christian-Batak
0090200,11,6,1,0.0,0.0,0.0,4.0,1.0,False,True,False,0.1666666666666666,0.0,4,0.3636363636363636,2033695.0,14.525365385226795,184881.36363636365,12.127475029572096,2.0,12.0,10.0,0,Diaspora-Christian-Batak
0090241,7,2,0,0.0,0.0,0.0,4.0,1.0,False,True,False,0.0,0.0,0,0.0,3243293.333333333,14.9921001407558,463327.6190476191,13.046191841669634,2.0,12.0,10.0,0,Diaspora-Christian-Batak
0090251,3,2,1,0.0,0.0,0.0,4.0,1.0,False,True,False,0.5,0.0,0,0.0,1853656.6666666667,14.43267136224794,617885.5555555556,13.334060152527124,1.0,12.0,10.0,1,Diaspora-Christian-Batak
0090331,8,6,1,500000.0,0.0,0.0,4.0,1.0,False,True,False,0.1666666666666666,0.0,4,0.5,3407503.333333333,15.04149071425659,425937.9166666667,12.962051226864034,2.0,12.0,10.0,0,Diaspora-Christian-Batak
0090400,6,5,0,0.0,0.0,0.0,4.0,1.0,False,True,False,0.0,0.0,3,0.5,3313496.6666666665,15.01351488632024,552249.4444444444,13.221756926070531,2.0,12.0,10.0,0,Diaspora-Christian-Batak
0090500,8,8,1,0.0,0.0,0.0,4.0,1.0,False,True,False,0.125,0.0,6,0.75,1147085.0,13.952735371504794,143385.625,11.87329993222586,2.0,12.0,10.0,0,Diaspora-Christian-Batak
0090531,6,2,1,0.0,100000.0,11.51293546492023,4.0,1.0,False,True,False,0.5,11.51293546492023,0,0.0,1858820.0,14.435452973740505,309803.3333333333,12.64369619438591,2.0,12.0,10.0,0,Diaspora-Christian-Batak
0090541,5,2,1,0.0,7000000.0,15.76142084987672,4.0,1.0,False,True,False,0.5,15.76142084987672,0,0.0,2202777.6666666665,14.60523015167978,440555.5333333333,12.995794055132327,2.0,12.0,11.0,0,Diaspora-Christian-Batak
0090542,2,1,0,0.0,0.0,0.0,4.0,1.0,False,True,False,0.0,0.0,0,0.0,2083533.3333333333,14.54957620839058,1041766.6666666667,13.856429507784211,1.0,12.0,10.0,1,Diaspora-Christian-Batak
0090551,2,0,0,0.0,0.0,0.0,4.0,1.0,False,True,False,,0.0,0,0.0,1242483.3333333333,14.03262342788617,621241.6666666666,13.339477052165025,2.0,12.0,10.0,0,Diaspora-Christian-Batak
0090552,3,2,0,0.0,0.0,0.0,4.0,1.0,False,True,False,0.0,0.0,0,0.0,2809553.333333333,14.848536428494333,936517.777777778,13.749924851682644,1.0,12.0,10.0,1,Diaspora-Christian-Batak
0090600,8,5,0,200000.0,0.0,0.0,4.0,1.0,False,True,False,0.0,0.0,3,0.375,3193951.6666666665,14.976769788194144,399243.9583333333,12.897330438153652,2.0,14.0,5.0,0,Diaspora-Christian-Batak
0090641,6,2,0,1000000.0,0.0,0.0,4.0,1.0,False,True,False,0.0,0.0,0,0.0,4041263.3333333335,15.212068154772888,673543.8888888889,13.420309922780632,2.0,14.0,5.0,0,Diaspora-Christian-Batak
0090743,3,2,1,300000.0,0.0,0.0,4.0,1.0,False,True,False,0.5,0.0,0,0.0,2618075.0,14.77795025482436,872691.6666666666,13.679338730075724,2.0,12.0,21.0,0,Diaspora-Muslim-Batak
0090751,3,1,1,0.0,0.0,0.0,4.0,1.0,False,True,False,1.0,0.0,0,0.0,7438750.0,15.822213516372376,2479583.333333333,14.723601496566571,1.0,32.0,75.0,1,Diaspora-Muslim-Batak
0090800,9,9,1,0.0,0.0,0.0,4.0,1.0,False,True,False,0.1111111111111111,0.0,7,0.7777777777777778,2989871.6666666665,14.910741358060935,332207.9629629629,12.713519456420368,2.0,12.0,5.0,0,Diaspora-Christian-Batak
0090842,4,3,0,0.0,0.0,0.0,4.0,1.0,False,True,False,0.0,0.0,1,0.25,4369883.333333333,15.290247098376703,1092470.8333333333,13.903953423773606,1.0,12.0,5.0,1,Diaspora-Christian-Batak
0090900,10,6,2,0.0,0.0,0.0,4.0,1.0,False,True,False,0.3333333333333333,0.0,4,0.4,4006493.3333333335,15.203427185830945,400649.3333333334,12.900844339187234,2.0,14.0,5.0,0,Diaspora-Christian-Batak
0091100,14,12,0,0.0,500000.0,13.122365377402328,4.0,1.0,False,True,False,0.0,13.122365377402328,10,0.7142857142857143,1979303.3333333333,14.498255994132622,141378.80952380953,11.859205232459994,2.0,12.0,10.0,0,Diaspora-Christian-Batak
0091151,1,1,0,250000.0,0.0,0.0,4.0,1.0,False,True,False,0.0,0.0,0,0.0,2034655.0,14.52583732080062,2034655.0,14.52583732080062,2.0,12.0,10.0,0,Diaspora-Muslim-Batak
0091200,12,5,1,0.0,0.0,0.0,4.0,1.0,False,True,False,0.2,0.0,3,0.25,1173526.6666666667,13.975524870191864,97793.88888888888,11.490627593807456,2.0,12.0,10.0,0,Diaspora-Christian-Batak
0091241,7,3,0,0.0,0.0,0.0,4.0,1.0,False,True,False,0.0,0.0,1,0.1428571428571428,3686288.3333333335,15.120130909338409,526612.619047619,13.1742223879348,1.0,12.0,18.0,1,Diaspora-Christian-Batak
0091251,5,3,0,0.0,0.0,0.0,4.0,1.0,False,True,False,0.0,0.0,1,0.2,4343065.0,15.284091108270012,868613.0,13.674654116843826,2.0,12.0,7.0,0,Diaspora-Christian-Batak
0091400,8,8,1,0.0,1000000.0,13.815511557963774,4.0,1.0,False,True,False,0.125,13.815511557963774,6,0.75,3195336.6666666665,14.977203326177062,399417.0833333333,12.89776397518662,2.0,12.0,10.0,0,Diaspora-Christian-Batak
0091500,15,7,0,50000.0,500000.0,13.122365377402328,4.0,1.0,False,True,False,0.0,13.122365377402328,5,0.3333333333333333,3070984.1666666665,14.93750896927996,204732.27777777775,12.22946332696502,2.0,12.0,10.0,0,Diaspora-Christian-Batak
0091531,7,3,0,0.0,0.0,0.0,4.0,1.0,False,True,False,0.0,0.0,1,0.1428571428571428,4819061.666666667,15.388089999618986,688437.380952381,13.4421810956183,2.0,12.0,10.0,0,Diaspora-Christian-Batak
0091600,7,5,0,0.0,0.0,0.0,4.0,1.0,False,True,False,0.0,0.0,3,0.4285714285714285,2365176.6666666665,14.67636370041284,337882.38095238095,12.730456088161622,2.0,12.0,10.0,0,Diaspora-Christian-Batak
0091641,4,1,0,0.0,0.0,0.0,4.0,1.0,False,True,False,0.0,0.0,0,0.0,2325520.0,14.659454657921575,581380.0,13.273161586834355,2.0,12.0,10.0,0,Diaspora-Christian-Batak
0091700,8,7,0,500000.0,500000.0,13.122365377402328,4.0,1.0,False,True,False,0.0,13.122365377402328,5,0.625,2476855.0,14.722500571941069,309606.875,12.64306185642073,2.0,12.0,10.0,0,Diaspora-Christian-Batak
0091741,4,1,0,0.0,0.0,0.0,4.0,1.0,False,True,False,0.0,0.0,0,0.0,6519836.666666667,15.690360035842373,1629959.1666666667,14.30406613485653,2.0,12.0,10.0,0,Diaspora-Christian-Batak
0091751,1,0,0,0.0,0.0,0.0,4.0,1.0,False,True,False,,0.0,0,0.0,2982360.0,14.90822582667117,2982360.0,14.90822582667117,2.0,12.0,10.0,0,Diaspora-Christian-Batak
0091752,3,1,1,0.0,0.0,0.0,4.0,1.0,False,True,False,1.0,0.0,0,0.0,1315530.0,14.08975094436917,438510.0,12.991140175998552,2.0,12.0,10.0,0,Diaspora-Christian-Batak
0091800,6,5,0,0.0,0.0,0.0,4.0,1.0,False,True,False,0.0,0.0,3,0.5,2416188.333333333,14.69770220141227,402698.0555555556,12.905944801556329,2.0,12.0,10.0,0,Diaspora-Christian-Batak
0091831,7,4,0,0.0,100000.0,11.51293546492023,4.0,1.0,False,True,False,0.0,11.51293546492023,2,0.2857142857142857,2263210.0,14.632295159332374,323315.71428571426,12.686387661374129,2.0,12.0,10.0,0,Diaspora-Christian-Batak
0091832,6,1,0,0.0,0.0,0.0,4.0,1.0,False,True,False,0.0,0.0,0,0.0,1661353.3333333333,14.323143691150864,276892.2222222222,12.531387231511056,2.0,12.0,10.0,0,Diaspora-Christian-Batak
0091900,8,7,0,0.0,0.0,0.0,4.0,1.0,False,True,False,0.0,0.0,5,0.625,1428290.0,14.17198918263364,178536.25,12.092552541903853,2.0,12.0,10.0,0,Diaspora-Christian-Batak
0091931,6,1,0,0.0,0.0,0.0,4.0,1.0,False,True,False,0.0,0.0,0,0.0,2259633.333333333,14.630713558747502,376605.5555555556,12.838956302264402,2.0,12.0,10.0,0,Diaspora-Christian-Batak
0091941,5,2,0,100000.0,0.0,0.0,4.0,1.0,False,True,False,0.0,0.0,0,0.0,3569363.333333333,15.087898080011811,713872.6666666667,13.478461288224802,2.0,14.0,8.0,0,Diaspora-Christian-Batak
0091942,5,5,1,0.0,0.0,0.0,4.0,1.0,False,True,False,0.2,0.0,3,0.6,5414593.333333333,15.50460852025236,1082918.6666666665,13.895171346562158,1.0,21.0,71.0,1,Diaspora-Christian-Batak
0092000,8,8,2,380000.0,5200000.0,15.46416937585933,4.0,1.0,False,True,False,0.25,15.46416937585933,6,0.75,6982546.666666667,15.758924403368454,872818.3333333334,13.679483864187535,2.0,12.0,10.0,0,Diaspora-Muslim-Batak
0092041,3,1,0,0.0,0.0,0.0,4.0,1.0,False,True,False,0.0,0.0,0,0.0,,,,,1.0,21.0,71.0,1,Diaspora-Muslim-Batak
0092051,1,1,0,0.0,0.0,0.0,4.0,1.0,False,True,False,0.0,0.0,0,0.0,7036753.333333333,15.766657589629236,7036753.333333333,15.766657589629236,2.0,12.0,10.0,0,Diaspora-Muslim-Batak
0092052,2,1,0,1500000.0,0.0,0.0,4.0,1.0,False,True,False,0.0,0.0,0,0.0,2908930.0,14.883296217704792,1454465.0,14.190149380913684,2.0,12.0,10.0,0,Diaspora-Muslim-Batak
0092100,10,9,1,350000.0,690000.0,13.444448325847754,4.0,1.0,False,True,False,0.1111111111111111,13.444448325847754,7,0.7,1103763.3333333333,13.914237016848451,110376.33333333331,11.611660077735664,2.0,12.0,10.0,0,Diaspora-Muslim-Batak
0092141,3,1,0,0.0,0.0,0.0,4.0,1.0,False,True,False,0.0,0.0,0,0.0,2598110.0,14.770295200473198,866036.6666666666,13.671683681594844,2.0,12.0,10.0,0,Diaspora-Muslim-Batak
0092151,2,1,1,0.0,0.0,0.0,4.0,1.0,False,True,False,1.0,0.0,0,0.0,2815653.333333333,14.850705237778586,1407826.6666666667,14.15755841237581,2.0,12.0,10.0,0,Diaspora-Muslim-Batak
0092200,8,8,2,0.0,0.0,0.0,4.0,1.0,False,True,False,0.25,0.0,6,0.75,1803490.0,14.405234789016632,225436.25,12.32579712869047,2.0,12.0,10.0,0,Diaspora-Christian-Batak
0092251,2,1,0,0.0,800000.0,13.592368256649284,4.0,1.0,False,True,False,0.0,13.592368256649284,0,0.0,2922656.6666666665,14.88800392011752,1461328.3333333333,14.194857081711856,1.0,12.0,10.0,1,Diaspora-Christian-Batak
0092300,10,9,0,0.0,0.0,0.0,4.0,1.0,False,True,False,0.0,0.0,7,0.7,11756220.0,16.279893105255443,1175622.0,13.977308777813231,2.0,12.0,10.0,0,Diaspora-Muslim-Batak
0092341,2,1,1,1000000.0,0.0,0.0,4.0,1.0,False,True,False,1.0,0.0,0,0.0,2891326.6666666665,14.877226354827316,1445663.3333333333,14.184079520129185,2.0,12.0,7.0,0,Diaspora-Muslim-Batak
0092342,2,1,0,0.0,0.0,0.0,4.0,1.0,False,True,False,0.0,0.0,0,0.0,1360853.3333333333,14.12362324676034,680426.6666666666,13.43047680103263,2.0,12.0,16.0,0,Diaspora-Muslim-Batak
0092400,7,6,1,1300000.0,500000.0,13.122365377402328,4.0,1.0,False,True,False,0.1666666666666666,13.122365377402328,4,0.5714285714285714,580943.3333333334,13.2724102194251,82991.90476190476,11.326510398328374,2.0,12.0,10.0,0,Diaspora-Muslim-Batak
0092441,3,0,0,0.0,0.0,0.0,4.0,1.0,False,True,False,,0.0,0,0.0,5609894.0,15.540042560746182,1869964.6666666667,14.44143062859092,1.0,12.0,10.0,1,Diaspora-Muslim-Batak
0092600,12,6,0,1000.0,50000.0,10.819798284210286,4.0,1.0,False,True,False,0.0,10.819798284210286,4,0.3333333333333333,5551591.666666667,15.52959541152244,462632.6388888889,13.04469074314586,2.0,12.0,10.0,0,Diaspora-Christian-Batak
0092800,7,6,1,0.0,0.0,0.0,4.0,1.0,False,True,False,0.1666666666666666,0.0,4,0.5714285714285714,642766.6666666666,13.373538610812894,91823.80952380953,11.427637796346588,2.0,12.0,10.0,0,Diaspora-Christian-Batak
0092841,2,2,0,0.0,0.0,0.0,4.0,1.0,False,True,False,0.0,0.0,0,0.0,,,,,2.0,12.0,10.0,0,Diaspora-Christian-Batak
0092842,3,1,1,0.0,0.0,0.0,4.0,1.0,False,True,False,1.0,0.0,0,0.0,1053766.6666666667,13.867882553677632,351255.5555555556,12.769272162959291,2.0,12.0,11.0,0,Diaspora-Christian-Batak
0092843,7,5,0,0.0,0.0,0.0,4.0,1.0,False,True,False,0.0,0.0,3,0.4285714285714285,,,,,2.0,12.0,9.0,0,Diaspora-Christian-Batak
0092900,4,4,0,3000000.0,1500000.0,14.220976332738882,4.0,1.0,False,True,False,0.0,14.220976332738882,2,0.5,1703440.0,14.348160880907496,425860.0,12.96186828092718,2.0,12.0,10.0,0,Diaspora-Christian-Batak
0092941,4,1,0,0.0,0.0,0.0,4.0,1.0,False,True,False,0.0,0.0,0,0.0,6155996.666666667,15.63293739490683,1538999.1666666667,14.24664352111644,2.0,12.0,10.0,0,Diaspora-Christian-Batak
0092942,2,1,1,0.0,0.0,0.0,4.0,1.0,False,True,False,1.0,0.0,0,0.0,7373255.0,15.813369957649366,3686627.5,15.120222912714702,1.0,12.0,76.0,1,Diaspora-Christian-Batak
0093000,5,4,0,0.0,1000000.0,13.815511557963774,4.0,1.0,False,True,False,0.0,13.815511557963774,2,0.4,2149130.0,14.580574132352137,429826.0,12.9711380811337,2.0,12.0,10.0,0,Diaspora-Christian-Batak
0093011,6,2,0,0.0,0.0,0.0,4.0,1.0,False,True,False,0.0,0.0,0,0.0,5572393.333333333,15.53333538189698,928732.222222222,13.741576809948883,2.0,14.0,5.0,0,Diaspora-Christian-Batak
0093041,8,4,0,0.0,0.0,0.0,4.0,1.0,False,True,False,0.0,0.0,2,0.25,2582273.333333333,14.764181093131029,322784.1666666667,12.684742262236188,2.0,14.0,5.0,0,Diaspora-Christian-Batak
0093053,1,1,0,0.0,0.0,0.0,4.0,1.0,False,True,False,0.0,0.0,0,0.0,6440011.666666667,15.678041064952309,6440011.666666667,15.678041064952309,2.0,14.0,5.0,0,Diaspora-Christian-Batak
0100300,10,3,0,0.0,100000.0,11.51293546492023,4.0,1.0,False,True,False,0.0,11.51293546492023,1,0.1,1274035.0,14.05770037217184,127403.5,11.755122343317437,2.0,12.0,10.0,0,Diaspora-Christian-Batak
0100521,6,3,1,0.0,500000.0,13.122365377402328,4.0,1.0,False,True,False,0.3333333333333333,13.122365377402328,1,0.1666666666666666,2298370.0,14.647711169094592,383061.6666666667,12.855953875318002,2.0,12.0,10.0,0,Diaspora-Christian-Batak
0100522,11,8,1,0.0,0.0,0.0,4.0,1.0,False,True,False,0.125,0.0,6,0.5454545454545454,6882873.333333333,15.744546903671091,625715.7575757576,13.346653083753052,2.0,14.0,5.0,0,Diaspora-Christian-Batak
0100531,7,3,0,0.0,0.0,0.0,4.0,1.0,False,True,False,0.0,0.0,1,0.1428571428571428,3063423.333333333,14.935043911424934,437631.9047619048,12.989135720960228,1.0,14.0,71.0,1,Diaspora-Christian-Batak
0100532,7,3,0,0.0,0.0,0.0,4.0,1.0,False,True,False,0.0,0.0,1,0.1428571428571428,1986300.0,14.501784673029544,283757.14285714284,12.555877544659886,2.0,12.0,10.0,0,Diaspora-Christian-Batak
0100600,10,7,0,0.0,500000.0,13.122365377402328,4.0,1.0,False,True,False,0.0,13.122365377402328,5,0.5,1811878.3333333333,14.409875170284494,181187.8333333333,12.107295044496311,2.0,12.0,10.0,0,Diaspora-Christian-Batak
0100641,5,1,0,0.0,0.0,0.0,4.0,1.0,False,True,False,0.0,0.0,0,0.0,3835963.3333333335,15.159931417062504,767192.6666666667,13.550494547390423,2.0,12.0,10.0,0,Diaspora-Christian-Batak
0100651,3,1,1,500000.0,0.0,0.0,4.0,1.0,False,True,False,1.0,0.0,0,0.0,5493430.0,15.519063572745656,1831143.3333333333,14.420451648148678,2.0,12.0,10.0,0,Diaspora-Christian-Batak
0100652,1,0,0,0.0,0.0,0.0,4.0,1.0,False,True,False,,0.0,0,0.0,3604603.3333333335,15.09772256770772,3604603.3333333335,15.09772256770772,2.0,12.0,10.0,0,Diaspora-Christian-Batak
0100700,7,7,1,0.0,100000.0,11.51293546492023,4.0,1.0,False,True,False,0.1428571428571428,11.51293546492023,5,0.7142857142857143,3231770.0,14.988540842152467,461681.4285714286,13.04263254966262,2.0,12.0,10.0,0,Diaspora-Christian-Batak
0100741,5,2,0,0.0,0.0,0.0,4.0,1.0,False,True,False,0.0,0.0,0,0.0,,,,,2.0,12.0,11.0,0,Diaspora-Christian-Batak
0100800,5,4,0,200000.0,0.0,0.0,4.0,1.0,False,True,False,0.0,0.0,2,0.4,1657536.6666666667,14.320843725771375,331507.3333333334,12.711408226552528,2.0,12.0,10.0,0,Diaspora-Christian-Batak
0100851,1,1,0,0.0,0.0,0.0,4.0,1.0,False,True,False,0.0,0.0,0,0.0,1879396.6666666667,14.446461893399348,1879396.6666666667,14.446461893399348,2.0,12.0,10.0,0,Diaspora-Christian-Batak
0101000,9,6,1,0.0,500000.0,13.122365377402328,4.0,1.0,False,True,False,0.1666666666666666,13.122365377402328,4,0.4444444444444444,2342050.0,14.666537599162307,260227.77777777775,12.46931643762973,2.0,12.0,10.0,0,Diaspora-Christian-Batak
0101031,4,2,1,0.0,0.0,0.0,4.0,1.0,False,True,False,0.5,0.0,0,0.0,1705738.3333333333,14.34950920129938,426434.5833333333,12.963216598946088,1.0,33.0,15.0,1,Diaspora-Christian-Batak
0101051,4,2,2,0.0,0.0,0.0,4.0,1.0,False,True,False,1.0,0.0,0,0.0,3610510.0,15.09935987153817,902627.5,13.713066341325248,1.0,33.0,13.0,1,Diaspora-Christian-Batak
0101200,15,9,0,0.0,300000.0,12.611541086966117,4.0,1.0,False,True,False,0.0,12.611541086966117,7,0.4666666666666667,2583270.0,14.764566983338051,172218.0,12.056522201706764,2.0,12.0,10.0,0,Diaspora-Christian-Batak
0101251,2,1,0,0.0,0.0,0.0,4.0,1.0,False,True,False,0.0,0.0,0,0.0,2734440.0,14.821437585379677,1367220.0,14.128290770525124,2.0,12.0,10.0,0,Diaspora-Christian-Batak
0101400,10,4,0,0.0,0.0,0.0,4.0,1.0,False,True,False,0.0,0.0,2,0.2,2180856.6666666665,14.595228782470372,218085.66666666663,12.292647816284584,2.0,12.0,10.0,0,Diaspora-Christian-Batak
0101421,3,3,0,0.0,0.0,0.0,4.0,1.0,False,True,False,0.0,0.0,1,0.3333333333333333,2122783.333333333,14.568239149718956,707594.4444444445,13.469627803209232,2.0,12.0,10.0,0,Diaspora-Christian-Batak
0101500,9,9,1,0.0,0.0,0.0,4.0,1.0,False,True,False,0.1111111111111111,0.0,7,0.7777777777777778,2844380.0,14.860856027177318,316042.22222222225,12.663634262399878,2.0,12.0,10.0,0,Diaspora-Christian-Batak
0101531,7,6,0,0.0,0.0,0.0,4.0,1.0,False,True,False,0.0,0.0,4,0.5714285714285714,,,,,1.0,12.0,75.0,1,Diaspora-Christian-Batak
0101700,7,4,3,1200000.0,0.0,0.0,4.0,1.0,False,True,False,0.75,0.0,2,0.2857142857142857,7869996.666666667,15.878568323909002,1124285.238095238,13.932658937242442,1.0,32.0,4.0,1,Diaspora-Christian-Batak
0101741,3,1,0,0.0,1000000.0,13.815511557963774,4.0,1.0,False,True,False,0.0,13.815511557963774,0,0.0,2162163.333333333,14.586620284160094,720721.1111111111,13.488008920490628,2.0,12.0,10.0,0,Diaspora-Christian-Batak
0101800,9,6,1,0.0,0.0,0.0,4.0,1.0,False,True,False,0.1666666666666666,0.0,4,0.4444444444444444,2012806.6666666667,14.51504115443702,223645.1851851852,12.31782055164056,2.0,12.0,10.0,0,Diaspora-Christian-Batak
0101851,2,0,0,0.0,0.0,0.0,4.0,1.0,False,True,False,,0.0,0,0.0,1641670.0,14.311225183510642,820835.0,13.61807861208596,2.0,12.0,10.0,0,Diaspora-Christian-Batak
0102000,10,4,0,0.0,0.0,0.0,4.0,1.0,False,True,False,0.0,0.0,2,0.2,1398783.3333333333,14.15111408403238,139878.3333333333,11.848535425176058,2.0,12.0,10.0,0,Diaspora-Christian-Batak
0102100,14,10,3,0.0,0.0,0.0,4.0,1.0,False,True,False,0.3,0.0,8,0.5714285714285714,2122645.0,14.568173981609943,151617.5,11.92912277640742,2.0,12.0,10.0,0,Diaspora-Christian-Batak
0102121,4,1,0,0.0,0.0,0.0,4.0,1.0,False,True,False,0.0,0.0,0,0.0,2497000.0,14.730600969742406,624250.0,13.344307810063045,1.0,31.0,72.0,1,Diaspora-Christian-Batak
0102131,5,2,0,0.0,0.0,0.0,4.0,1.0,False,True,False,0.0,0.0,0,0.0,2124303.333333333,14.568954934193544,424860.6666666667,12.959518904727044,2.0,12.0,10.0,0,Diaspora-Christian-Batak
0102141,1,1,0,0.0,0.0,0.0,4.0,1.0,False,True,False,0.0,0.0,0,0.0,1217376.6666666667,14.012209649766628,1217376.6666666667,14.012209649766628,2.0,12.0,10.0,0,Diaspora-Christian-Batak
0102200,9,8,0,300000.0,0.0,0.0,4.0,1.0,False,True,False,0.0,0.0,6,0.6666666666666666,1940136.6666666667,14.478269490721123,215570.7407407408,12.28104903679514,2.0,12.0,10.0,0,Diaspora-Christian-Batak
0102400,9,7,1,0.0,0.0,0.0,4.0,1.0,False,True,False,0.1428571428571428,0.0,5,0.5555555555555556,3340346.6666666665,15.021585451352074,371149.6296296296,12.82436326897327,2.0,12.0,10.0,0,Diaspora-Christian-Batak
0102451,4,1,0,0.0,0.0,0.0,4.0,1.0,False,True,False,0.0,0.0,0,0.0,1444713.3333333333,14.18342216678987,361178.3333333333,12.797129882202906,2.0,12.0,10.0,0,Diaspora-Christian-Batak
0102511,8,4,0,100000.0,400000.0,12.899222326086994,4.0,1.0,False,True,False,0.0,12.899222326086994,2,0.25,3830168.3333333335,15.158419572538063,478771.0416666667,13.078979858451996,2.0,12.0,10.0,0,Diaspora-Christian-Batak
0102521,2,2,0,400000.0,0.0,0.0,4.0,1.0,False,True,False,0.0,0.0,0,0.0,3783123.3333333335,15.146060769406915,1891561.6666666667,14.452913853178718,2.0,12.0,10.0,0,Diaspora-Christian-Batak
0102600,19,15,3,500000.0,1200000.0,13.997832948091215,4.0,1.0,False,True,False,0.2,13.997832948091215,13,0.6842105263157895,7112820.0,15.777409488208509,374358.94736842107,12.832973039680365,2.0,12.0,10.0,0,Diaspora-Christian-Batak
0102641,4,0,0,0.0,0.0,0.0,4.0,1.0,False,True,False,,0.0,0,0.0,3585894.333333333,15.092518745139914,896473.5833333334,13.706225220630818,1.0,12.0,75.0,1,Diaspora-Christian-Batak
0102652,1,1,0,0.0,0.0,0.0,4.0,1.0,False,True,False,0.0,0.0,0,0.0,1197093.3333333333,13.995407789566352,1197093.3333333333,13.995407789566352,1.0,12.0,12.0,1,Diaspora-Christian-Batak
0102700,11,10,1,200000.0,100000.0,11.51293546492023,4.0,1.0,False,True,False,0.1,11.51293546492023,8,0.7272727272727273,2690621.333333333,14.805283075502116,244601.93939393945,12.407391519309115,2.0,12.0,10.0,0,Diaspora-Christian-Batak
0102751,3,1,1,0.0,0.0,0.0,4.0,1.0,False,True,False,1.0,0.0,0,0.0,6801706.666666667,15.732684266070097,2267235.5555555555,14.634072271445747,1.0,14.0,5.0,1,Diaspora-Christian-Batak
0102752,2,0,0,0.0,0.0,0.0,4.0,1.0,False,True,False,,0.0,0,0.0,735823.3333333334,13.508746691686763,367911.6666666667,12.815600870145916,2.0,12.0,10.0,0,Diaspora-Christian-Batak
0102754,5,2,0,0.0,0.0,0.0,4.0,1.0,False,True,False,0.0,0.0,0,0.0,3268836.6666666665,14.999945026066069,653767.3333333333,13.39050833730777,2.0,12.0,10.0,0,Diaspora-Christian-Batak
0102800,9,3,0,200000.0,0.0,0.0,4.0,1.0,False,True,False,0.0,0.0,1,0.1111111111111111,5835218.333333333,15.579422412256546,648357.5925925926,13.3821992059047,2.0,12.0,10.0,0,Diaspora-Christian-Batak
0102900,6,6,1,0.0,1200000.0,13.997832948091215,4.0,1.0,False,True,False,0.1666666666666666,13.997832948091215,4,0.6666666666666666,1792653.3333333333,14.399207947238176,298775.5555555556,12.607451267166365,2.0,12.0,10.0,0,Diaspora-Christian-Batak
0102951,2,2,0,0.0,0.0,0.0,4.0,1.0,False,True,False,0.0,0.0,0,0.0,2023383.3333333333,14.520282079980714,1011691.6666666666,13.827135393642129,1.0,62.0,71.0,1,Diaspora-Christian-Batak
0103000,10,7,2,0.0,4300000.0,15.274125813221904,4.0,1.0,False,True,False,0.2857142857142857,15.274125813221904,5,0.5,1329920.0,14.100630099937536,132992.0,11.798051774239854,2.0,12.0,10.0,0,Diaspora-Christian-Batak
0104100,7,5,1,100000.0,3000000.0,14.914123179965662,4.0,1.0,False,True,False,0.2,14.914123179965662,3,0.4285714285714285,1214922.3333333333,14.010191532628712,173560.3333333333,12.064286322144437,2.0,12.0,10.0,0,Diaspora-Christian-Batak
0104141,5,1,1,0.0,0.0,0.0,4.0,1.0,False,True,False,1.0,0.0,0,0.0,2056510.0,14.536521415532064,411302.0,12.92708544813794,2.0,12.0,10.0,0,Diaspora-Christian-Batak
0104151,1,1,0,0.0,0.0,0.0,4.0,1.0,False,True,False,0.0,0.0,0,0.0,1587463.3333333333,14.277648542304991,1587463.3333333333,14.277648542304991,2.0,12.0,10.0,0,Diaspora-Christian-Batak
0104152,3,1,1,0.0,0.0,0.0,4.0,1.0,False,True,False,1.0,0.0,0,0.0,24764310.0,17.02491410209514,8254770.0,15.92630189418841,1.0,32.0,4.0,1,Diaspora-Christian-Batak
0104200,7,3,1,0.0,0.0,0.0,4.0,1.0,False,True,False,0.3333333333333333,0.0,1,0.1428571428571428,3448943.333333333,15.053578751844782,492706.1904761905,13.10767034245071,2.0,12.0,10.0,0,Diaspora-Christian-Batak
0104300,10,9,1,150000.0,500000.0,13.122365377402328,4.0,1.0,False,True,False,0.1111111111111111,13.122365377402328,7,0.7,1370646.6666666667,14.130793935485247,137064.6666666667,11.828215408708523,2.0,12.0,10.0,0,Diaspora-Christian-Batak
0104331,6,3,0,0.0,600000.0,13.304686600863562,4.0,1.0,False,True,False,0.0,13.304686600863562,1,0.1666666666666666,3616775.0,15.10109357924045,602795.8333333334,13.309335492458128,2.0,12.0,10.0,0,Diaspora-Christian-Batak
0104332,9,6,1,0.0,0.0,0.0,4.0,1.0,False,True,False,0.1666666666666666,0.0,4,0.4444444444444444,2810513.333333333,14.84887806133417,312279.25925925927,12.651656330447985,1.0,33.0,29.0,1,Diaspora-Christian-Batak
0104341,6,1,0,0.0,0.0,0.0,4.0,1.0,False,True,False,0.0,0.0,0,0.0,3665173.3333333335,15.114386459247555,610862.2222222222,13.32262835421016,2.0,12.0,10.0,0,Diaspora-Christian-Batak
0104342,1,1,1,0.0,0.0,0.0,4.0,1.0,False,True,False,1.0,0.0,0,0.0,1081376.6666666667,13.89374640347586,1081376.6666666667,13.89374640347586,1.0,33.0,29.0,1,Diaspora-Christian-Batak
0104343,4,1,0,0.0,0.0,0.0,4.0,1.0,False,True,False,0.0,0.0,0,0.0,2887723.333333333,14.875979321992071,721930.8333333334,13.48968599975197,2.0,33.0,13.0,0,Diaspora-Christian-Batak
0104400,13,11,1,0.0,0.0,0.0,4.0,1.0,False,True,False,0.0909090909090909,0.0,9,0.6923076923076923,2523381.6666666665,14.74111088741306,194106.28205128203,12.176166285461507,2.0,12.0,10.0,0,Diaspora-Christian-Batak
0104441,7,3,0,0.0,0.0,0.0,4.0,1.0,False,True,False,0.0,0.0,1,0.1428571428571428,2068951.6666666667,14.5425530790695,295564.52380952385,12.596645830027995,2.0,12.0,15.0,0,Diaspora-Christian-Batak
0104442,3,1,1,0.0,0.0,0.0,4.0,0.6666666666666666,False,True,False,1.0,0.0,0,0.0,2920173.333333333,14.887153875658647,973391.1111111112,13.78854227188092,2.0,12.0,10.0,0,Diaspora-Christian-Batak
0104443,7,6,0,0.0,0.0,0.0,4.0,1.0,False,True,False,0.0,0.0,4,0.5714285714285714,,,,,2.0,12.0,11.0,0,Diaspora-Christian-Batak
0104451,2,1,1,0.0,0.0,0.0,4.0,1.0,False,True,False,1.0,0.0,0,0.0,3064236.6666666665,14.935309374284376,1532118.3333333333,14.24216252006982,1.0,12.0,11.0,1,Diaspora-Christian-Batak
0104500,9,3,0,0.0,0.0,0.0,4.0,1.0,False,True,False,0.0,0.0,1,0.1111111111111111,2200490.0,14.60419107524537,244498.88888888888,12.406970133454788,2.0,12.0,10.0,0,Diaspora-Christian-Batak
0104600,9,8,1,300000.0,800000.0,13.592368256649284,4.0,1.0,False,True,False,0.125,13.592368256649284,6,0.6666666666666666,1073266.6666666667,13.886218446856676,119251.85185185184,11.689001323364856,2.0,12.0,10.0,0,Diaspora-Christian-Batak
0104621,4,1,0,0.0,0.0,0.0,4.0,1.0,False,True,False,0.0,0.0,0,0.0,4225013.333333333,15.256533211272588,1056253.3333333333,13.870239560209209,1.0,12.0,12.0,1,Diaspora-Christian-Batak
0104622,3,3,0,0.0,0.0,0.0,4.0,1.0,False,True,False,0.0,0.0,1,0.3333333333333333,,,,,2.0,12.0,10.0,0,Diaspora-Christian-Batak
0104631,6,2,0,0.0,0.0,0.0,4.0,1.0,False,True,False,0.0,0.0,0,0.0,2425633.333333333,14.701603628903454,404272.2222222223,12.909846220989744,1.0,12.0,10.0,1,Diaspora-Christian-Batak
0104641,4,1,0,0.0,0.0,0.0,4.0,1.0,False,True,False,0.0,0.0,0,0.0,2177435.0,14.59365859577284,544358.75,13.207365612419244,2.0,12.0,10.0,0,Diaspora-Christian-Batak
0104651,3,0,0,0.0,0.0,0.0,4.0,1.0,False,True,False,,0.0,0,0.0,4830166.666666667,15.390391738621837,1610055.5555555555,14.291779864017942,2.0,12.0,10.0,0,Diaspora-Christian-Batak
0110100,5,5,1,1300000.0,1200000.0,13.997832948091215,4.0,1.0,False,True,False,0.2,13.997832948091215,3,0.6,4595900.0,15.340675377248813,919180.0,13.731238335155098,2.0,12.0,11.0,0,Diaspora-Christian-Batak
0110141,2,1,0,0.0,0.0,0.0,4.0,1.0,False,True,False,0.0,0.0,0,0.0,4969788.333333333,15.41888800951514,2484894.1666666665,14.725741030170948,2.0,12.0,11.0,0,Diaspora-Christian-Batak
0110200,3,2,0,0.0,0.0,0.0,4.0,1.0,False,True,False,0.0,0.0,0,0.0,1212048.3333333333,14.007823148853417,404016.1111111111,12.909212510281796,2.0,12.0,11.0,0,Diaspora-Christian-Batak
0110231,4,1,0,0.0,0.0,0.0,4.0,1.0,False,True,False,0.0,0.0,0,0.0,20688880.0,16.84510696416053,5172220.0,15.458812748046055,1.0,12.0,75.0,1,Diaspora-Christian-Batak
0110300,4,3,0,0.0,500000.0,13.122365377402328,4.0,1.0,False,True,False,0.0,13.122365377402328,1,0.25,1793261.6666666667,14.39954723748899,448315.4166666667,13.013254549296075,2.0,12.0,11.0,0,Diaspora-Christian-Batak
0110341,3,1,0,0.0,0.0,0.0,4.0,1.0,False,True,False,0.0,0.0,0,0.0,2489508.333333333,14.727596194136812,829836.1111111111,13.62898470883954,2.0,12.0,11.0,0,Diaspora-Christian-Batak
0110400,6,5,0,3000000.0,0.0,0.0,4.0,1.0,False,True,False,0.0,0.0,3,0.5,3406271.6666666665,15.0411291918058,567711.9444444444,13.24937119045681,2.0,12.0,11.0,0,Diaspora-Muslim-Batak
0110431,6,4,0,0.0,0.0,0.0,4.0,1.0,False,True,False,0.0,0.0,2,0.3333333333333333,13832066.666666666,16.442500198371086,2305344.4444444445,14.65074109062182,2.0,12.0,6.0,0,Diaspora-Christian-Batak
0110441,3,1,0,0.0,0.0,0.0,4.0,1.0,False,True,False,0.0,0.0,0,0.0,2296700.0,14.646984303411736,765566.6666666666,13.548372885557514,1.0,12.0,11.0,1,Diaspora-Muslim-Batak
0110442,3,1,0,0.0,0.0,0.0,4.0,1.0,False,True,False,0.0,0.0,0,0.0,895961.0,13.70565328034342,298653.6666666667,12.607043223910347,2.0,12.0,11.0,0,Diaspora-Christian-Batak
0110500,6,4,0,200000.0,1700000.0,14.346139397261563,4.0,1.0,False,True,False,0.0,14.346139397261563,2,0.3333333333333333,4842635.0,15.392969758535932,807105.8333333334,13.60121132180287,2.0,12.0,11.0,0,Diaspora-Muslim-Batak
0110551,1,1,0,0.0,0.0,0.0,4.0,1.0,False,True,False,0.0,0.0,0,0.0,5182950.0,15.460885143142976,5182950.0,15.460885143142976,1.0,12.0,11.0,1,Diaspora-Christian-Batak
0110600,6,5,0,0.0,1200000.0,13.997832948091215,4.0,1.0,False,True,False,0.0,13.997832948091215,3,0.5,1893990.0,14.45419680086893,315665.0,12.662439971565457,2.0,12.0,11.0,0,Diaspora-Christian-Batak
0110641,3,1,0,0.0,0.0,0.0,4.0,1.0,False,True,False,0.0,0.0,0,0.0,2501190.0,14.732277576395978,833730.0,13.63366608734661,1.0,12.0,12.0,1,Diaspora-Christian-Batak
0110700,2,2,0,0.0,0.0,0.0,4.0,1.0,False,True,False,0.0,0.0,0,0.0,1103933.3333333333,13.914391023373804,551966.6666666666,13.22124474866443,2.0,12.0,11.0,0,Diaspora-Christian-Batak
0110800,6,6,0,0.0,0.0,0.0,4.0,1.0,False,True,False,0.0,0.0,4,0.6666666666666666,2551105.0,14.752037548593092,425184.1666666667,12.960280039297356,2.0,12.0,11.0,0,Diaspora-Christian-Batak
0110900,9,5,1,1000000.0,1000000.0,13.815511557963774,4.0,1.0,False,True,False,0.2,13.815511557963774,3,0.3333333333333333,5434346.666666667,15.508250046801574,603816.2962962963,13.311026941582083,2.0,12.0,11.0,0,Diaspora-Christian-Batak
0111000,6,6,1,0.0,0.0,0.0,4.0,1.0,False,True,False,0.1666666666666666,0.0,4,0.6666666666666666,1863828.3333333333,14.43814371066533,310638.0555555556,12.646386924082732,2.0,12.0,11.0,0,Diaspora-Christian-Batak
0111051,4,2,1,1500000.0,0.0,0.0,4.0,1.0,False,True,False,0.5,0.0,0,0.0,2247783.333333333,14.625455548264158,561945.8333333334,13.239162521790991,1.0,12.0,9.0,1,Diaspora-Christian-Batak
0111100,6,6,1,0.0,0.0,0.0,4.0,1.0,False,True,False,0.1666666666666666,0.0,4,0.6666666666666666,2617280.0,14.777646550604722,436213.3333333333,12.985888991754354,2.0,12.0,11.0,0,Diaspora-Muslim-Batak
0111141,4,2,0,0.0,0.0,0.0,4.0,1.0,False,True,False,0.0,0.0,0,0.0,,,,,1.0,12.0,75.0,1,Diaspora-Christian-Batak
0111152,5,2,0,0.0,0.0,0.0,4.0,1.0,False,True,False,0.0,0.0,0,0.0,4344585.0,15.28444103020876,868917.0,13.67500403846035,2.0,12.0,11.0,0,Diaspora-Christian-Batak
0111200,7,5,2,2200000.0,500000.0,13.122365377402328,4.0,1.0,False,True,False,0.4,13.122365377402328,3,0.4285714285714285,4422856.666666667,15.302296576062869,631836.6666666667,13.356387783595618,2.0,12.0,11.0,0,Diaspora-Christian-Batak
0111251,7,4,0,0.0,0.0,0.0,4.0,1.0,False,True,False,0.0,0.0,2,0.2857142857142857,5704038.333333333,15.556685136798167,814862.619047619,13.610776039628457,1.0,21.0,71.0,1,Diaspora-Christian-Batak
0111252,5,5,0,0.0,0.0,0.0,4.0,1.0,False,True,False,0.0,0.0,3,0.6,4504328.333333333,15.320549566317974,900865.6666666666,13.711112541918013,1.0,21.0,71.0,1,Diaspora-Christian-Batak
0111300,6,5,0,0.0,0.0,0.0,4.0,1.0,False,True,False,0.0,0.0,3,0.5,663411.6666666666,13.405152498871246,110568.61111111112,11.613400566401848,2.0,12.0,11.0,0,Diaspora-Christian-Batak
0111341,3,1,0,0.0,0.0,0.0,4.0,1.0,False,True,False,0.0,0.0,0,0.0,961883.3333333334,13.776649486798728,320627.7777777778,12.678039277380536,2.0,12.0,11.0,0,Diaspora-Christian-Batak
0111351,3,1,0,0.0,0.0,0.0,4.0,1.0,False,True,False,0.0,0.0,0,0.0,730031.6666666666,13.500844560981822,243343.88888888888,12.402235011913392,2.0,12.0,11.0,0,Diaspora-Christian-Batak
0111400,8,3,1,2000000.0,0.0,0.0,4.0,1.0,False,True,False,0.3333333333333333,0.0,1,0.125,11351106.666666666,16.244825888906718,1418888.3333333333,14.165384963906597,1.0,62.0,71.0,1,Diaspora-Christian-Batak
0111500,12,8,2,0.0,600000.0,13.304686600863562,4.0,1.0,False,True,False,0.25,13.304686600863562,6,0.5,1537720.0,14.245812008170628,128143.33333333331,11.76091251180035,2.0,12.0,11.0,0,Diaspora-Christian-Batak
0111512,3,0,0,0.0,0.0,0.0,4.0,1.0,False,True,False,,0.0,0,0.0,3308488.333333333,15.012002248410113,1102829.4444444445,13.91339056424732,2.0,12.0,11.0,0,Diaspora-Muslim-Batak
0111541,1,1,0,0.0,0.0,0.0,4.0,1.0,False,True,False,0.0,0.0,0,0.0,748183.3333333334,13.525404661534123,748183.3333333334,13.525404661534123,2.0,12.0,11.0,0,Diaspora-Christian-Batak
0111600,5,3,0,0.0,0.0,0.0,4.0,1.0,False,True,False,0.0,0.0,1,0.2,2768510.0,14.833820188507987,553702.0,13.224383720892822,2.0,12.0,11.0,0,Diaspora-Christian-Batak
0111700,8,7,0,4300000.0,6000000.0,15.607270193858982,4.0,1.0,False,True,False,0.0,15.607270193858982,5,0.625,3330186.6666666665,15.018539216725022,416273.3333333333,12.93909977702662,2.0,12.0,11.0,0,Diaspora-Christian-Batak
0111731,4,2,0,0.0,0.0,0.0,4.0,1.0,False,True,False,0.0,0.0,0,0.0,4820883.333333333,15.38846794084384,1205220.8333333333,14.00217420201622,2.0,12.0,11.0,0,Diaspora-Christian-Batak
0111741,5,2,1,0.0,0.0,0.0,4.0,1.0,False,True,False,0.5,0.0,0,0.0,4012786.6666666665,15.204996736477822,802557.3333333333,13.595559820856495,2.0,14.0,4.0,0,Diaspora-Muslim-Batak
0111742,4,1,0,300000.0,0.0,0.0,4.0,1.0,False,True,False,0.0,0.0,0,0.0,3380473.333333333,15.033526592918845,845118.3333333334,13.647233119247984,2.0,12.0,11.0,0,Diaspora-Christian-Batak
0111900,4,4,0,0.0,0.0,0.0,4.0,1.0,False,True,False,0.0,0.0,2,0.5,1917208.3333333333,14.466381214466349,479302.0833333333,13.08008841811959,2.0,12.0,11.0,0,Diaspora-Christian-Batak
0112000,6,2,0,300000.0,300000.0,12.611541086966117,4.0,1.0,False,True,False,0.0,12.611541086966117,0,0.0,4659213.333333333,15.35435739389045,776535.5555555555,13.56259899780412,2.0,12.0,11.0,0,Diaspora-Christian-Batak
0112100,7,6,1,50000.0,1100000.0,13.910821646859096,4.0,0.7142857142857143,False,True,True,0.1666666666666666,13.910821646859096,4,0.5714285714285714,4455856.666666667,15.309730118128174,636550.9523809524,13.363821315614068,2.0,12.0,9.0,0,Diaspora-Muslim-Batak
0112200,5,2,0,0.0,0.0,0.0,4.0,1.0,False,True,False,0.0,0.0,0,0.0,4850356.666666667,15.394563005899052,970071.3333333334,13.785125918146065,2.0,12.0,11.0,0,Diaspora-Muslim-Batak
0112241,3,1,0,0.0,0.0,0.0,4.0,1.0,False,True,False,0.0,0.0,0,0.0,1569093.3333333333,14.266009153128577,523031.1111111111,13.16739813908028,2.0,12.0,11.0,0,Diaspora-Christian-Batak
0112300,8,7,0,0.0,500000.0,13.122365377402328,4.0,1.0,False,True,False,0.0,13.122365377402328,5,0.625,1970226.6666666665,14.49365966087271,246278.3333333333,12.41422167207546,2.0,12.0,11.0,0,Diaspora-Christian-Batak
0112341,3,1,0,0.0,0.0,0.0,4.0,1.0,False,True,False,0.0,0.0,0,0.0,2464305.833333333,14.717421122397916,821435.2777777779,13.618809645316723,2.0,12.0,11.0,0,Diaspora-Christian-Batak
0112351,2,0,0,0.0,0.0,0.0,4.0,1.0,False,True,False,,0.0,0,0.0,2541108.333333333,14.748111289056029,1270554.1666666667,14.05496450202492,2.0,12.0,11.0,0,Diaspora-Christian-Batak
0112400,10,9,0,0.0,0.0,0.0,4.0,1.0,False,True,False,0.0,0.0,7,0.7,6387101.666666667,15.66979130673216,638710.1666666667,13.367207622826731,2.0,12.0,11.0,0,Diaspora-Christian-Batak
0112451,1,1,1,5000000.0,0.0,0.0,4.0,1.0,False,True,False,1.0,0.0,0,0.0,3992678.3333333335,15.199973075616288,3992678.3333333335,15.199973075616288,2.0,12.0,11.0,0,Diaspora-Christian-Batak
0112500,5,4,0,500000.0,0.0,0.0,4.0,1.0,False,True,False,0.0,0.0,2,0.4,2326613.333333333,14.659924692980802,465322.6666666667,13.050488499781602,2.0,12.0,11.0,0,Diaspora-Christian-Batak
0112542,4,2,0,0.0,0.0,0.0,4.0,1.0,False,True,False,0.0,0.0,0,0.0,4994700.0,15.42388810841326,1248675.0,14.037594347929742,1.0,12.0,12.0,1,Diaspora-Christian-Batak
0112600,9,6,1,100000.0,0.0,0.0,4.0,1.0,False,True,False,0.1666666666666666,0.0,4,0.4444444444444444,1599476.6666666667,14.285187675577554,177719.62962962964,12.087968099861651,2.0,12.0,11.0,0,Diaspora-Christian-Batak
0112632,3,1,0,0.0,0.0,0.0,4.0,1.0,False,True,False,0.0,0.0,0,0.0,3445343.333333333,15.052534409055772,1148447.7777777778,13.953922700880996,2.0,12.0,11.0,0,Diaspora-Christian-Batak
0112651,2,1,0,0.0,0.0,0.0,4.0,1.0,False,True,False,0.0,0.0,0,0.0,3905056.6666666665,15.17778310853912,1952528.3333333333,14.484636184057305,2.0,12.0,11.0,0,Diaspora-Christian-Batak
0112653,1,1,0,0.0,0.0,0.0,4.0,1.0,False,True,False,0.0,0.0,0,0.0,1975021.6666666667,14.49609043304475,1975021.6666666667,14.49609043304475,2.0,12.0,11.0,0,Diaspora-Christian-Batak
0112700,7,5,0,300000.0,1000000.0,13.815511557963774,4.0,1.0,False,True,False,0.0,13.815511557963774,3,0.4285714285714285,10027863.333333334,16.12087820938274,1432551.9047619049,14.174968658660037,2.0,12.0,11.0,0,Diaspora-Christian-Batak
0112741,4,1,0,0.0,0.0,0.0,4.0,1.0,False,True,False,0.0,0.0,0,0.0,5581730.0,15.535009501304517,1395432.5,14.14871567765216,1.0,31.0,75.0,1,Diaspora-Christian-Batak
0120100,6,6,3,300000.0,105000.0,11.561725152903833,4.0,1.0,False,True,False,0.5,11.561725152903833,4,0.6666666666666666,7722308.333333333,15.859624013710716,1287051.3888888888,14.06786519195716,1.0,12.0,12.0,1,Diaspora-Muslim-Batak
0120300,5,5,2,0.0,500000.0,13.122365377402328,4.0,1.0,False,True,False,0.4,13.122365377402328,3,0.6,20549856.666666668,16.838364572686263,4109971.3333333335,15.228926854900694,1.0,12.0,75.0,1,Diaspora-Muslim-Batak
0120400,10,8,0,1300000.0,1700000.0,14.346139397261563,4.0,0.625,False,True,True,0.0,14.346139397261563,6,0.6,1620612.0,14.29831503069694,162061.2,11.995735491141629,1.0,12.0,12.0,1,Diaspora-Muslim-Batak
0120442,3,1,1,0.0,0.0,0.0,4.0,1.0,False,True,False,1.0,0.0,0,0.0,5244728.333333333,15.472734193778074,1748242.7777777778,14.37412228644511,1.0,12.0,12.0,1,Diaspora-Muslim-Batak
0120443,3,1,0,0.0,0.0,0.0,4.0,1.0,False,True,False,0.0,0.0,0,0.0,2444486.6666666665,14.70934611564823,814828.8888888889,13.610734645147138,1.0,12.0,12.0,1,Diaspora-Muslim-Batak
0120451,3,1,1,0.0,0.0,0.0,4.0,1.0,False,True,False,1.0,0.0,0,0.0,4266774.0,15.2663688305244,1422258.0,14.16775701059428,1.0,12.0,12.0,1,Diaspora-Muslim-Batak
0120952,1,1,0,0.0,500000.0,13.122365377402328,4.0,1.0,False,True,False,0.0,13.122365377402328,0,0.0,1690068.3333333333,14.340280111698751,1690068.3333333333,14.340280111698751,1.0,12.0,9.0,1,Diaspora-Muslim-Batak
0121200,4,4,0,450000.0,7000000.0,15.76142084987672,4.0,0.75,False,True,True,0.0,15.76142084987672,2,0.5,2531068.333333333,14.74415243280411,632767.0833333334,13.3578592569533,1.0,12.0,12.0,1,Diaspora-Muslim-Batak
0121251,2,1,0,0.0,0.0,0.0,4.0,1.0,False,True,False,0.0,0.0,0,0.0,3036365.0,14.926171963591369,1518182.5,14.233025112372433,1.0,12.0,75.0,1,Diaspora-Muslim-Batak
0121352,3,1,0,0.0,0.0,0.0,4.0,1.0,False,True,False,0.0,0.0,0,0.0,1360468.3333333333,14.123340296218815,453489.4444444445,13.02472947763054,1.0,12.0,12.0,1,Diaspora-Muslim-Batak
0121433,3,1,0,0.0,0.0,0.0,4.0,0.6666666666666666,False,True,True,0.0,0.0,0,0.0,3429462.6666666665,15.047914441512477,1143154.2222222222,13.949302736025762,1.0,12.0,12.0,1,Diaspora-Muslim-Batak
0121452,6,4,0,0.0,300000.0,12.611541086966117,4.0,1.0,False,True,False,0.0,12.611541086966117,2,0.3333333333333333,6648953.333333333,15.709970157160274,1108158.8888888888,13.918211439929882,1.0,12.0,75.0,1,Diaspora-Muslim-Batak
0121500,8,5,0,0.0,0.0,0.0,4.0,0.4,False,True,False,0.0,0.0,3,0.375,2299166.6666666665,14.64805773134557,287395.8333333333,12.568619234241146,1.0,12.0,12.0,1,Diaspora-Muslim-Batak
0130152,1,1,0,0.0,0.0,0.0,4.0,1.0,False,True,False,0.0,0.0,0,0.0,7981886.666666667,15.892685491160124,7981886.666666667,15.892685491160124,1.0,12.0,19.0,1,Diaspora-Muslim-Batak
0130751,1,1,0,500000.0,0.0,0.0,4.0,1.0,False,True,False,0.0,0.0,0,0.0,6302005.0,15.656378553377609,6302005.0,15.656378553377609,2.0,12.0,12.0,0,Diaspora-Muslim-Batak
0130851,1,1,0,0.0,0.0,0.0,4.0,1.0,False,True,False,0.0,0.0,0,0.0,11854801.666666666,16.288243631764587,11854801.666666666,16.288243631764587,2.0,12.0,12.0,0,Diaspora-Christian-Batak
0131251,3,1,0,0.0,0.0,0.0,4.0,1.0,False,True,False,0.0,0.0,0,0.0,3991230.0,15.199610262586392,1330410.0,14.100998475016691,1.0,12.0,73.0,1,Diaspora-Muslim-Batak
0131641,6,2,0,0.0,0.0,0.0,4.0,1.0,False,True,False,0.0,0.0,0,0.0,3181940.0,14.973001945910356,530323.3333333334,13.181244048048985,1.0,12.0,12.0,1,Diaspora-Muslim-Batak
0140100,9,5,1,500000.0,0.0,0.0,4.0,1.0,False,True,False,0.2,0.0,3,0.3333333333333333,5338135.0,15.49038708632906,593126.1111111111,13.293164007642185,1.0,12.0,4.0,1,Diaspora-Christian-Batak
0140341,4,2,0,0.0,0.0,0.0,4.0,1.0,False,True,False,0.0,0.0,0,0.0,2353294.0,14.671327031716809,588323.5,13.285033945404404,1.0,12.0,71.0,1,Diaspora-Christian-Batak
0141000,10,8,3,0.0,0.0,0.0,4.0,0.9,False,True,False,0.375,0.0,6,0.6,1965608.3333333333,14.491312848515914,196560.8333333333,12.188732334244223,1.0,12.0,71.0,1,Diaspora-Muslim-Batak
0141051,4,1,0,0.0,0.0,0.0,4.0,1.0,False,True,False,0.0,0.0,0,0.0,6649456.666666667,15.710045855421626,1662364.1666666667,14.323751945466247,1.0,12.0,4.0,1,Diaspora-Muslim-Batak
0141100,10,6,0,0.0,250000.0,12.429220196836384,4.0,1.0,False,True,False,0.0,12.429220196836384,4,0.4,1763976.6666666665,14.383081854848925,176397.66666666666,12.080501863947276,1.0,12.0,71.0,1,Diaspora-Christian-Batak
0141200,7,5,1,0.0,0.0,0.0,4.0,0.8,False,True,True,0.2,0.0,3,0.4285714285714285,1509030.0,14.226978280945202,215575.7142857143,12.281072107943444,1.0,12.0,71.0,1,Diaspora-Muslim-Batak
0141300,17,8,0,0.0,0.0,0.0,4.0,0.8125,False,True,False,0.0,0.0,6,0.3529411764705882,3574966.6666666665,15.0894666897803,210292.1568627451,12.256257821279023,2.0,12.0,4.0,0,Diaspora-Muslim-Batak
0141351,4,1,0,0.0,0.0,0.0,4.0,0.75,False,True,False,0.0,0.0,0,0.0,3890908.3333333335,15.174153450058949,972727.0833333334,13.78785985996675,2.0,12.0,4.0,0,Diaspora-Muslim-Batak
0141431,4,0,0,0.0,0.0,0.0,4.0,1.0,False,True,False,,0.0,0,0.0,3427073.333333333,15.047217491118545,856768.3333333334,13.660924005380508,1.0,12.0,73.0,1,Diaspora-Muslim-Batak
0141443,3,2,0,0.0,0.0,0.0,4.0,1.0,False,True,False,0.0,0.0,0,0.0,,,,,1.0,12.0,75.0,1,Diaspora-Muslim-Batak
0141500,10,10,0,0.0,0.0,0.0,4.0,1.0,False,True,False,0.0,0.0,8,0.8,910501.6666666666,13.721752106939212,91050.16666666666,11.419176898546112,1.0,12.0,4.0,1,Diaspora-Muslim-Batak
0141900,5,5,0,400000.0,0.0,0.0,4.0,1.0,False,True,False,0.0,0.0,3,0.6,3161508.333333333,14.966560108661591,632301.6666666667,13.35712346144516,1.0,12.0,71.0,1,Diaspora-Muslim-Batak
0150300,7,7,0,0.0,0.0,0.0,4.0,1.0,False,True,False,0.0,0.0,5,0.7142857142857143,2903783.333333333,14.88152538678793,414826.1904761905,12.935617303999637,1.0,12.0,71.0,1,Diaspora-Christian-Batak
0150400,10,8,1,0.0,200000.0,12.206077645517674,4.0,1.0,False,True,False,0.125,12.206077645517674,6,0.6,5311273.333333333,15.485342351870813,531127.3333333333,13.182758953383924,1.0,12.0,71.0,1,Diaspora-Christian-Batak
0150431,6,1,0,0.0,0.0,0.0,4.0,1.0,False,True,False,0.0,0.0,0,0.0,3296821.6666666665,15.008469734336988,549470.2777777778,13.216711781719535,1.0,12.0,4.0,1,Diaspora-Christian-Batak
0150432,9,7,0,0.0,0.0,0.0,4.0,1.0,False,True,False,0.0,0.0,5,0.5555555555555556,1785722.5,14.395334213203904,198413.61111111112,12.198114115834532,1.0,12.0,4.0,1,Diaspora-Christian-Batak
0150500,7,6,2,200000.0,0.0,0.0,4.0,1.0,False,True,False,0.3333333333333333,0.0,4,0.5714285714285714,12617225.0,16.350573581089947,1802460.7142857143,14.404663907574866,1.0,12.0,71.0,1,Diaspora-Christian-Batak
0150531,2,2,0,0.0,0.0,0.0,4.0,1.0,False,True,False,0.0,0.0,0,0.0,,,,,1.0,12.0,75.0,1,Diaspora-Christian-Batak
0150541,4,2,0,0.0,0.0,0.0,4.0,1.0,False,True,False,0.0,0.0,0,0.0,9629200.0,16.080310810446342,2407300.0,14.694016760878734,2.0,12.0,4.0,0,Diaspora-Christian-Batak
0150551,4,1,0,0.0,0.0,0.0,4.0,1.0,False,True,False,0.0,0.0,0,0.0,4033394.3333333335,15.21011909368154,1008348.5833333334,13.823825476351592,1.0,33.0,74.0,1,Diaspora-Christian-Batak
0150600,7,6,2,0.0,500000.0,13.122365377402328,4.0,1.0,False,True,False,0.3333333333333333,13.122365377402328,4,0.5714285714285714,6609783.333333333,15.70406158396326,944254.761904762,13.758152342652735,1.0,12.0,71.0,1,Diaspora-Christian-Batak
0150651,3,3,0,0.0,0.0,0.0,4.0,1.0,False,True,False,0.0,0.0,1,0.3333333333333333,2407456.6666666665,14.69408183856074,802485.5555555555,13.595470380644173,1.0,12.0,73.0,1,Diaspora-Christian-Batak
0150700,11,9,1,500000.0,500000.0,13.122365377402328,4.0,1.0,False,True,False,0.1111111111111111,13.122365377402328,7,0.6363636363636364,2380891.6666666665,14.682986045354488,216444.69696969696,12.285094972652637,1.0,12.0,71.0,1,Diaspora-Christian-Batak
0150800,16,14,1,0.0,0.0,0.0,4.0,0.9333333333333332,False,True,False,0.0714285714285714,0.0,12,0.75,4712356.666666667,15.365698906922416,294522.2916666667,12.59311336779758,1.0,12.0,71.0,1,Diaspora-Christian-Batak
0150832,4,2,0,0.0,0.0,0.0,4.0,1.0,False,True,False,0.0,0.0,0,0.0,10367511.666666666,16.154187692868668,2591877.9166666665,14.767893621114188,1.0,12.0,4.0,1,Diaspora-Christian-Batak
0150851,1,1,0,0.0,0.0,0.0,4.0,1.0,False,True,False,0.0,0.0,0,0.0,6136736.666666667,15.629803834273243,6136736.666666667,15.629803834273243,2.0,12.0,5.0,0,Diaspora-Christian-Batak
0150900,8,7,2,100000.0,2300000.0,14.648420115681892,4.0,1.0,False,True,False,0.2857142857142857,14.648420115681892,5,0.625,5555490.0,15.530297365988687,694436.25,13.4508570843227,1.0,12.0,4.0,1,Diaspora-Christian-Batak
0151000,14,8,3,0.0,0.0,0.0,4.0,1.0,False,True,False,0.375,0.0,6,0.4285714285714285,3509606.6666666665,15.071014813316216,250686.19047619047,12.431961187811831,1.0,12.0,71.0,1,Diaspora-Christian-Batak
0151041,3,1,0,0.0,0.0,0.0,4.0,1.0,False,True,False,0.0,0.0,0,0.0,1699226.6666666667,14.345684392069206,566408.8888888889,13.247073280405722,2.0,12.0,10.0,0,Diaspora-Christian-Batak
0151100,7,6,0,0.0,230000.0,12.345838935721968,4.0,1.0,False,True,False,0.0,12.345838935721968,4,0.5714285714285714,2362973.333333333,14.675431694211335,337567.61904761905,12.729524084325536,1.0,12.0,4.0,1,Diaspora-Christian-Batak
0151141,5,1,0,0.0,400000.0,12.899222326086994,4.0,1.0,False,True,False,0.0,12.899222326086994,0,0.0,3811210.0,15.153457544369012,762242.0,13.544020681469537,1.0,12.0,71.0,1,Diaspora-Christian-Batak
0151142,2,1,0,0.0,0.0,0.0,4.0,1.0,False,True,False,0.0,0.0,0,0.0,,,,,1.0,12.0,71.0,1,Diaspora-Christian-Batak
0151400,10,7,1,0.0,1050000.0,13.864301674514206,4.0,1.0,False,True,False,0.1428571428571428,13.864301674514206,5,0.5,4186898.3333333335,15.24747100204049,418689.8333333334,12.944888058606203,1.0,12.0,71.0,1,Diaspora-Christian-Batak
0151500,5,5,1,0.0,0.0,0.0,4.0,1.0,False,True,False,0.2,0.0,3,0.6,10817030.0,16.196632394467617,2163406.0,14.587194851820684,1.0,12.0,71.0,1,Diaspora-Christian-Batak
0151551,2,1,0,0.0,0.0,0.0,4.0,1.0,False,True,False,0.0,0.0,0,0.0,6871831.666666667,15.74294139233036,3435915.833333333,15.049794357291992,1.0,12.0,71.0,1,Diaspora-Christian-Batak
0151600,11,9,1,0.0,800000.0,13.592368256649284,4.0,1.0,False,True,False,0.1111111111111111,13.592368256649284,7,0.6363636363636364,6991779.166666667,15.760245755129112,635616.287878788,13.362351912580635,1.0,12.0,71.0,1,Diaspora-Christian-Batak
0151641,4,1,0,0.0,200000.0,12.206077645517674,4.0,1.0,False,True,False,0.0,12.206077645517674,0,0.0,3268950.0,14.999979696300644,817237.5,13.613686252905929,1.0,12.0,71.0,1,Diaspora-Christian-Batak
0151700,8,7,0,300000.0,750000.0,13.527829818844936,4.0,1.0,False,True,False,0.0,13.527829818844936,5,0.625,2723655.0,14.81748565340175,340456.875,12.73804668179354,1.0,12.0,71.0,1,Diaspora-Muslim-Batak
0151742,5,3,0,0.0,0.0,0.0,4.0,1.0,False,True,False,0.0,0.0,1,0.2,2477473.333333333,14.722750185226795,495494.6666666667,13.113313887338895,1.0,12.0,4.0,1,Diaspora-Muslim-Batak
0151800,9,9,2,0.0,900000.0,13.71015115341694,4.0,1.0,False,True,False,0.2222222222222222,13.71015115341694,7,0.7777777777777778,6690295.0,15.716168676267626,743366.1111111111,13.518945294692434,1.0,12.0,4.0,1,Diaspora-Christian-Batak
0151900,13,12,1,0.0,0.0,0.0,4.0,1.0,False,True,False,0.0833333333333333,0.0,10,0.7692307692307693,9932588.333333334,16.11133176067357,764045.2564102565,13.546383611355484,1.0,12.0,71.0,1,Diaspora-Christian-Batak
0151931,7,5,0,0.0,0.0,0.0,4.0,1.0,False,True,False,0.0,0.0,3,0.4285714285714285,7478385.0,15.82752755126673,1068340.7142857143,13.881618204523251,1.0,64.0,4.0,1,Diaspora-Christian-Batak
0151932,2,1,0,0.0,0.0,0.0,4.0,1.0,False,True,False,0.0,0.0,0,0.0,2915358.9166666665,14.88550384069947,1457679.4583333333,14.192357003150288,1.0,12.0,71.0,1,Diaspora-Christian-Batak
0152000,7,7,1,2000000.0,5000000.0,15.424948670398354,4.0,0.8571428571428571,False,True,False,0.1428571428571428,15.424948670398354,5,0.7142857142857143,6299273.333333333,15.655944999542251,899896.1904761904,13.710035802977153,1.0,12.0,71.0,1,Diaspora-Christian-Batak
0152011,2,1,0,0.0,0.0,0.0,4.0,1.0,False,True,False,0.0,0.0,0,0.0,10064703.333333334,16.124545240900098,5032351.666666667,15.431398159697263,1.0,12.0,4.0,1,Diaspora-Christian-Batak
0152041,2,0,0,0.0,0.0,0.0,4.0,1.0,False,True,False,,0.0,0,0.0,2718843.333333333,14.8157174705352,1359421.6666666667,14.122570657778516,1.0,12.0,4.0,1,Diaspora-Christian-Batak
0160100,5,3,1,0.0,650000.0,13.384729180332174,4.0,0.3333333333333333,True,True,False,0.3333333333333333,13.384729180332174,1,0.2,3355503.333333333,15.026112639991709,671100.6666666667,13.416675919628071,1.0,12.0,71.0,1,Diaspora-Muslim-Batak
0160121,7,7,0,0.0,0.0,0.0,4.0,0.8571428571428571,True,True,False,0.0,0.0,5,0.7142857142857143,,,,,1.0,12.0,71.0,1,Diaspora-Muslim-Batak
0160300,6,5,0,0.0,0.0,0.0,4.0,1.0,False,True,False,0.0,0.0,3,0.5,1784025.0,14.394383166006923,297337.5,12.602626499424678,1.0,12.0,71.0,1,Diaspora-Muslim-Batak
0160500,17,6,1,0.0,1200000.0,13.997832948091215,4.0,1.0,False,True,False,0.1666666666666666,13.997832948091215,4,0.2352941176470588,3022656.6666666665,14.921647024433708,177803.3333333333,12.088438973718455,1.0,12.0,71.0,1,Diaspora-Muslim-Batak
0160700,4,2,0,0.0,100000.0,11.51293546492023,4.0,0.5,False,True,False,0.0,11.51293546492023,0,0.0,1995060.0,14.506185184279754,498765.0,13.119892326872153,1.0,12.0,71.0,1,Diaspora-Muslim-Batak
0161200,13,10,1,250000.0,300000.0,12.611541086966117,4.0,1.0,False,True,False,0.1,12.611541086966117,8,0.6153846153846154,823078.3333333334,13.62080787031522,63313.71794871795,11.055873092143964,1.0,12.0,71.0,1,Diaspora-Christian-Batak
0161300,21,16,0,3950000.0,1340000.0,14.108180918195472,4.0,0.9411764705882352,False,True,True,0.0,14.108180918195472,14,0.6666666666666666,6337780.0,15.662039265149112,301799.04761904763,12.617519983099331,1.0,12.0,71.0,1,Diaspora-Muslim-Batak
0161321,3,1,0,0.0,0.0,0.0,4.0,1.0,False,True,False,0.0,0.0,0,0.0,2359350.0,14.673897139182358,786450.0,13.575285698204633,2.0,12.0,4.0,0,Diaspora-Muslim-Batak
0161322,3,1,0,0.0,0.0,0.0,4.0,1.0,False,True,False,0.0,0.0,0,0.0,12849040.0,16.368779736170325,4283013.333333333,15.270167603155842,2.0,12.0,4.0,0,Diaspora-Muslim-Batak
0161351,3,1,1,0.0,0.0,0.0,4.0,1.0,False,True,False,1.0,0.0,0,0.0,7950340.0,15.888725378792394,2650113.333333333,14.790113341685789,1.0,12.0,4.0,1,Diaspora-Muslim-Batak
0161352,3,2,0,0.0,0.0,0.0,4.0,1.0,False,True,False,0.0,0.0,0,0.0,4985053.333333333,15.42195486068344,1661684.4444444445,14.323342973214489,1.0,12.0,71.0,1,Diaspora-Muslim-Batak
0161400,5,4,0,50000.0,2000000.0,14.508658238524095,4.0,1.0,False,True,False,0.0,14.508658238524095,2,0.4,2579673.333333333,14.763173721540271,515934.6666666667,13.153737359688291,1.0,12.0,71.0,1,Diaspora-Muslim-Batak
0161431,5,3,0,0.0,0.0,0.0,4.0,1.0,False,True,False,0.0,0.0,1,0.2,3694536.6666666665,15.122365980494276,738907.3333333333,13.512929150739035,1.0,12.0,71.0,1,Diaspora-Muslim-Batak
0161500,6,3,0,0.0,1030000.0,13.845070331079134,4.0,0.6666666666666666,False,True,True,0.0,13.845070331079134,1,0.1666666666666666,1391140.0,14.145634831692195,231856.66666666663,12.353878956629664,1.0,12.0,71.0,1,Diaspora-Muslim-Batak
0161641,2,2,0,0.0,500000.0,13.122365377402328,4.0,0.5,False,True,False,0.0,13.122365377402328,0,0.0,4091070.0,15.22431735193082,2045535.0,14.531170415805615,1.0,12.0,71.0,1,Diaspora-Muslim-Batak
0161900,12,5,0,200000.0,0.0,0.0,4.0,1.0,False,True,False,0.0,0.0,3,0.25,5746268.333333333,15.564061390610004,478855.6944444445,13.07915665510566,1.0,12.0,71.0,1,Diaspora-Muslim-Batak
0164100,9,8,0,1000000.0,4000000.0,15.201805169084134,4.0,0.7777777777777778,True,True,False,0.0,15.201805169084134,6,0.6666666666666666,8784786.666666666,15.988532109324517,976087.4074074072,13.791308442653037,1.0,14.0,71.0,1,Diaspora-Muslim-Batak
0170400,12,10,5,200000.0,510000.0,13.1421679654829,4.0,0.9090909090909092,False,True,False,0.5,13.1421679654829,8,0.6666666666666666,2247176.6666666665,14.625185616429206,187264.72222222225,12.140283861658292,1.0,12.0,4.0,1,Diaspora-Muslim-Batak
0170432,4,1,0,0.0,0.0,0.0,4.0,1.0,False,True,False,0.0,0.0,0,0.0,5899146.666666667,15.590318435163288,1474786.6666666667,14.20402458259131,2.0,12.0,4.0,0,Diaspora-Muslim-Batak
0170551,3,1,0,0.0,0.0,0.0,4.0,1.0,False,True,False,0.0,0.0,0,0.0,5034551.666666667,15.43183523543448,1678183.888888889,14.333223344021048,1.0,12.0,74.0,1,Diaspora-Muslim-Batak
0170700,7,6,0,100000.0,3000000.0,14.914123179965662,4.0,0.8333333333333334,True,True,False,0.0,14.914123179965662,4,0.5714285714285714,2236301.6666666665,14.620334464859951,319471.6666666666,12.674426998801016,1.0,12.0,71.0,1,Diaspora-Muslim-Batak
0170732,10,4,0,0.0,0.0,0.0,4.0,1.0,False,True,False,0.0,0.0,2,0.2,7229216.666666667,15.7936413817334,722921.6666666667,13.49105753368657,1.0,12.0,71.0,1,Diaspora-Muslim-Batak
0170800,10,9,2,652000.0,2952000.0,14.89799380345583,4.0,0.9,False,True,True,0.2222222222222222,14.89799380345583,7,0.7,427603.3333333333,12.965953592163372,42760.33333333333,10.663389546442676,1.0,12.0,71.0,1,Diaspora-Muslim-Batak
0170841,3,1,0,0.0,0.0,0.0,4.0,1.0,False,True,False,0.0,0.0,0,0.0,4077756.6666666665,15.221057803796308,1359252.2222222222,14.122446005593712,1.0,12.0,71.0,1,Diaspora-Muslim-Batak
0170842,5,2,0,10000.0,0.0,0.0,4.0,0.5,True,True,False,0.0,0.0,0,0.0,2476890.0,14.722514702658684,495378.0,13.113078405151027,2.0,12.0,4.0,0,Diaspora-Muslim-Batak
0170843,8,5,0,0.0,100000.0,11.51293546492023,4.0,1.0,False,True,False,0.0,11.51293546492023,3,0.375,8768985.0,15.986731736226975,1096123.125,13.907290992814715,1.0,12.0,71.0,1,Diaspora-Muslim-Batak
0170851,4,3,0,0.0,0.0,0.0,4.0,0.75,False,True,True,0.0,0.0,1,0.25,6764530.0,15.72720348976322,1691132.5,14.34090957213296,1.0,12.0,71.0,1,Diaspora-Muslim-Batak
0171200,7,7,3,1050000.0,0.0,0.0,4.0,0.8571428571428571,False,True,False,0.4285714285714285,0.0,5,0.7142857142857143,6381890.0,15.668975006388983,911698.5714285716,13.72306579749344,2.0,12.0,4.0,0,Diaspora-Muslim-Batak
0171242,2,1,1,0.0,0.0,0.0,4.0,0.5,False,True,False,1.0,0.0,0,0.0,2207250.833333333,14.607258785359626,1103625.4166666667,13.914112057851645,1.0,12.0,4.0,1,Diaspora-Muslim-Batak
0171251,2,1,1,0.0,0.0,0.0,4.0,1.0,False,True,False,1.0,0.0,0,0.0,4222680.0,15.255980792346335,2111340.0,14.562833848602736,2.0,12.0,4.0,0,Diaspora-Muslim-Batak
0171252,1,1,0,0.0,0.0,0.0,4.0,1.0,False,True,False,0.0,0.0,0,0.0,3002688.333333333,14.915018889510478,3002688.333333333,14.915018889510478,2.0,12.0,4.0,0,Diaspora-Muslim-Batak
0171342,4,1,0,0.0,0.0,0.0,4.0,1.0,False,True,False,0.0,0.0,0,0.0,4269270.0,15.26695364463415,1067317.5,13.880659986210093,1.0,12.0,71.0,1,Diaspora-Muslim-Batak
0171351,1,0,0,0.0,0.0,0.0,4.0,1.0,False,True,False,,0.0,0,0.0,5548736.666666667,15.529081012405076,5548736.666666667,15.529081012405076,2.0,12.0,13.0,0,Diaspora-Muslim-Batak
0171655,3,1,0,0.0,0.0,0.0,4.0,1.0,False,True,False,0.0,0.0,0,0.0,5927136.666666667,15.59505196754033,1975712.2222222225,14.496440016303168,1.0,12.0,71.0,1,Diaspora-Christian-Batak
0171700,12,9,3,550000.0,1000000.0,13.815511557963774,4.0,0.5555555555555556,False,True,True,0.3333333333333333,13.815511557963774,7,0.5833333333333334,,,,,1.0,12.0,71.0,1,Diaspora-Muslim-Batak
0171731,6,3,3,0.0,0.0,0.0,4.0,1.0,False,True,False,1.0,0.0,1,0.1666666666666666,2825251.6666666665,14.854108358091226,470875.27777777775,13.062350658614823,1.0,14.0,5.0,1,Diaspora-Muslim-Batak
0171741,3,0,0,0.0,0.0,0.0,4.0,1.0,False,True,False,,0.0,0,0.0,5297621.666666667,15.482768724433036,1765873.888888889,14.384156813292686,2.0,12.0,4.0,0,Diaspora-Muslim-Batak
0171742,3,2,0,1500000.0,0.0,0.0,4.0,0.6666666666666666,False,True,True,0.0,0.0,0,0.0,6061925.0,15.617538129333033,2020641.6666666667,14.518926170593012,1.0,12.0,71.0,1,Diaspora-Muslim-Batak
0171752,2,1,0,0.0,0.0,0.0,4.0,1.0,False,True,False,0.0,0.0,0,0.0,1011125.0,13.826575119317168,505562.5,13.13342892775316,2.0,12.0,4.0,0,Diaspora-Muslim-Batak
0171800,13,7,3,300000.0,0.0,0.0,4.0,0.75,False,True,True,0.4285714285714285,0.0,5,0.3846153846153846,2328678.333333333,14.66081185511634,179129.10256410256,12.095867650776963,2.0,12.0,4.0,0,Diaspora-Muslim-Batak
0171841,6,1,0,0.0,0.0,0.0,4.0,1.0,False,True,False,0.0,0.0,0,0.0,6830293.333333333,15.736878324810734,1138382.2222222222,13.945119587615286,1.0,12.0,4.0,1,Diaspora-Muslim-Batak
0172051,4,4,0,0.0,0.0,0.0,4.0,1.0,False,True,False,0.0,0.0,2,0.5,6177310.0,15.63639362147602,1544327.5,14.250099746004215,1.0,12.0,71.0,1,Diaspora-Muslim-Batak
0172052,2,1,1,50000.0,0.0,0.0,4.0,1.0,False,True,False,1.0,0.0,0,0.0,1690616.6666666667,14.34060450336124,845308.3333333334,13.647457914300915,1.0,12.0,71.0,1,Diaspora-Muslim-Batak
0180311,3,1,1,0.0,2000000.0,14.508658238524095,4.0,1.0,False,True,False,1.0,14.508658238524095,0,0.0,1673715.0,14.330556862114278,557905.0,13.231945768391313,1.0,12.0,72.0,1,Diaspora-Muslim-Batak
0180442,4,4,0,0.0,0.0,0.0,4.0,0.75,False,True,False,0.0,0.0,2,0.5,1443560.6666666667,14.1826239974128,360890.1666666667,12.796331714483925,1.0,12.0,72.0,1,Diaspora-Muslim-Batak
0180531,6,4,0,500000.0,0.0,0.0,4.0,0.6666666666666666,False,True,True,0.0,0.0,2,0.3333333333333333,4564433.333333333,15.333805150496085,760738.8888888889,13.54204677669342,1.0,12.0,13.0,1,Diaspora-Muslim-Batak
0180651,3,1,0,0.0,0.0,0.0,4.0,1.0,False,True,False,0.0,0.0,0,0.0,2088233.3333333333,14.551829450295426,696077.7777777778,13.453218119373776,2.0,14.0,8.0,0,Diaspora-Muslim-Batak
0180700,8,6,0,500000.0,0.0,0.0,4.0,1.0,False,True,False,0.0,0.0,4,0.5,2785928.333333333,14.840092068080356,348241.0416666667,12.76065303902391,1.0,12.0,72.0,1,Diaspora-Muslim-Batak
0180751,2,0,0,0.0,0.0,0.0,4.0,1.0,False,True,False,,0.0,0,0.0,5120553.333333333,15.448773259384277,2560276.6666666665,14.755626274115668,1.0,12.0,72.0,1,Diaspora-Muslim-Batak
0180800,7,5,0,0.0,100000.0,11.51293546492023,4.0,1.0,False,True,False,0.0,11.51293546492023,3,0.4285714285714285,2135496.6666666665,14.574210276622772,305070.9523809524,12.628302937213036,1.0,12.0,72.0,1,Diaspora-Muslim-Batak
0180900,11,7,1,0.0,200000.0,12.206077645517674,4.0,0.5714285714285714,False,True,False,0.1428571428571428,12.206077645517674,5,0.4545454545454545,138953.33333333334,11.841900620962406,12632.121212121214,9.44407731166418,1.0,12.0,72.0,1,Diaspora-Muslim-Batak
0180911,4,2,1,0.0,0.0,0.0,4.0,1.0,False,True,False,0.5,0.0,0,0.0,2440341.6666666665,14.70764902456748,610085.4166666666,13.321355892782384,2.0,12.0,8.0,0,Diaspora-Muslim-Batak
0180931,4,2,0,0.0,15000.0,9.61587214452889,4.0,1.0,False,True,False,0.0,9.61587214452889,0,0.0,4101510.0,15.226866000366975,1025377.5,13.840572370684573,2.0,12.0,8.0,0,Diaspora-Muslim-Batak
0180951,3,3,0,0.0,0.0,0.0,4.0,0.6666666666666666,False,True,False,0.0,0.0,1,0.3333333333333333,1876356.6666666667,14.444843044249655,625452.2222222222,13.346231821475843,1.0,12.0,72.0,1,Diaspora-Muslim-Batak
0181000,5,2,0,0.0,0.0,0.0,4.0,0.8,False,True,False,0.0,0.0,0,0.0,1569206.6666666667,14.266081379022314,313841.3333333334,12.6566460156421,1.0,12.0,72.0,1,Diaspora-Muslim-Batak
0181100,7,5,1,2500000.0,0.0,0.0,4.0,0.8571428571428571,False,True,False,0.2,0.0,3,0.4285714285714285,16581733.333333334,16.623812306141303,2368819.047619048,14.67790251892986,1.0,12.0,72.0,1,Diaspora-Muslim-Batak
0181200,11,5,0,0.0,800000.0,13.592368256649284,4.0,1.0,False,True,False,0.0,13.592368256649284,3,0.2727272727272727,1579738.3333333333,14.27277041248968,143612.57575757577,11.87488146982954,1.0,12.0,72.0,1,Diaspora-Muslim-Batak
0181400,7,4,0,50000.0,0.0,0.0,4.0,1.0,False,True,False,0.0,0.0,2,0.2857142857142857,4776908.333333333,15.379304312358054,682415.4761904761,13.433395419344212,1.0,12.0,72.0,1,Diaspora-Muslim-Batak
0181441,4,1,0,0.0,0.0,0.0,4.0,1.0,False,True,False,0.0,0.0,0,0.0,3655520.3333333335,15.111749276653432,913880.0833333334,13.72545573620958,1.0,12.0,72.0,1,Diaspora-Muslim-Batak
0181500,8,6,0,65000.0,80000.0,11.289794413577894,4.0,0.875,False,True,False,0.0,11.289794413577894,4,0.5,5792660.333333333,15.572102387008416,724082.5416666666,13.492662053753406,1.0,12.0,72.0,1,Diaspora-Muslim-Batak
0181541,8,4,0,0.0,3000000.0,14.914123179965662,4.0,1.0,False,True,False,0.0,14.914123179965662,2,0.25,2609343.333333333,14.774609534457287,326167.9166666667,12.69517067544011,1.0,12.0,72.0,1,Diaspora-Muslim-Batak
0181600,15,9,2,400000.0,700000.0,13.45883704259595,4.0,0.7142857142857143,False,True,False,0.2222222222222222,13.45883704259595,7,0.4666666666666667,1167979.6666666667,13.9707868897219,77865.31111111112,11.262748675047629,1.0,12.0,72.0,1,Diaspora-Muslim-Batak
0181652,1,0,0,0.0,0.0,0.0,4.0,1.0,False,True,False,,0.0,0,0.0,1591364.3333333333,14.280102905933957,1591364.3333333333,14.280102905933957,1.0,12.0,72.0,1,Diaspora-Muslim-Batak
0181751,5,4,0,0.0,0.0,0.0,4.0,0.4,True,True,False,0.0,0.0,2,0.4,4987641.666666667,15.422473944616591,997528.3333333334,13.813036834164242,1.0,12.0,72.0,1,Diaspora-Muslim-Batak
0181800,14,9,1,1300000.0,0.0,0.0,4.0,0.9166666666666666,False,True,False,0.1111111111111111,0.0,7,0.5,4855931.666666667,15.39571174561765,346852.26190476195,12.756657093136422,1.0,12.0,72.0,1,Diaspora-Muslim-Batak
0182000,6,4,1,0.0,800000.0,13.592368256649284,4.0,0.8,False,True,False,0.25,13.592368256649284,2,0.3333333333333333,1744465.0,14.371959049593872,290744.1666666667,12.58020244656833,1.0,12.0,19.0,1,Diaspora-Muslim-Batak
0191011,3,2,0,0.0,0.0,0.0,4.0,1.0,False,True,False,0.0,0.0,0,0.0,4404076.666666667,15.2980414121521,1468025.5555555555,14.199429577608484,1.0,12.0,73.0,1,Diaspora-Muslim-Batak
0200200,1,1,0,0.0,0.0,0.0,4.0,1.0,False,True,False,0.0,0.0,0,0.0,623413.3333333334,13.342966638244404,623413.3333333334,13.342966638244404,1.0,12.0,74.0,1,Diaspora-Muslim-Batak
0200500,7,4,1,0.0,0.0,0.0,4.0,1.0,False,True,False,0.25,0.0,2,0.2857142857142857,3229251.6666666665,14.987761295879062,461321.6666666666,13.041853004837057,1.0,12.0,75.0,1,Diaspora-Christian-Batak
0200551,2,1,0,0.0,0.0,0.0,4.0,1.0,False,True,False,0.0,0.0,0,0.0,3025048.333333333,14.922437957854042,1512524.1666666667,14.229291107867162,1.0,12.0,75.0,1,Diaspora-Christian-Batak
0200600,10,7,0,3100000.0,300000.0,12.611541086966117,4.0,1.0,False,True,False,0.0,12.611541086966117,5,0.5,7244143.333333333,15.795704022322198,724414.3333333333,13.493120171710135,1.0,12.0,74.0,1,Diaspora-Christian-Batak
0200800,6,4,0,0.0,0.0,0.0,4.0,0.75,False,True,True,0.0,0.0,2,0.3333333333333333,2314300.0,14.654618256063758,385716.6666666667,12.862860947312926,1.0,12.0,74.0,1,Diaspora-Christian-Batak
0200900,4,4,0,100000.0,0.0,0.0,4.0,1.0,False,True,False,0.0,0.0,2,0.5,1694688.3333333333,14.343009997828966,423672.0833333333,12.95671740694347,1.0,12.0,74.0,1,Diaspora-Christian-Batak
0201000,6,4,0,500000.0,0.0,0.0,4.0,1.0,False,True,False,0.0,0.0,2,0.3333333333333333,2300965.0,14.648839592724066,383494.1666666667,12.857082296494031,1.0,12.0,74.0,1,Diaspora-Christian-Batak
0201031,4,3,0,0.0,200000.0,12.206077645517674,4.0,1.0,False,True,False,0.0,12.206077645517674,1,0.25,8574511.666666666,15.964304717525678,2143627.9166666665,14.578010706279835,1.0,12.0,74.0,1,Diaspora-Christian-Batak
0201032,4,3,1,0.0,0.0,0.0,4.0,1.0,False,True,False,0.3333333333333333,0.0,1,0.25,2821483.333333333,14.852773663773872,705370.8333333334,13.46648036592354,1.0,12.0,74.0,1,Diaspora-Christian-Batak
0201100,5,4,3,0.0,0.0,0.0,4.0,1.0,False,True,False,0.75,0.0,2,0.4,1630933.3333333333,14.304663619194429,326186.6666666666,12.695228159339203,1.0,12.0,74.0,1,Diaspora-Christian-Batak
0201151,3,1,0,0.0,0.0,0.0,4.0,1.0,False,True,False,0.0,0.0,0,0.0,4149416.6666666665,15.238478561075787,1383138.8888888888,14.139866754402908,1.0,12.0,75.0,1,Diaspora-Christian-Batak
0201152,3,1,0,0.0,0.0,0.0,4.0,1.0,False,True,False,0.0,0.0,0,0.0,3266430.0,14.999208509513126,1088810.0,13.9005968331339,1.0,12.0,12.0,1,Diaspora-Christian-Batak
0201200,2,2,2,0.0,3000000.0,14.914123179965662,4.0,1.0,False,True,False,1.0,14.914123179965662,0,0.0,289196.6666666667,12.57486570099999,144598.33333333334,11.881721978276625,1.0,12.0,74.0,1,Diaspora-Christian-Batak
0201251,1,0,0,0.0,0.0,0.0,4.0,1.0,False,True,False,,0.0,0,0.0,1604185.0,14.288127020785495,1604185.0,14.288127020785495,1.0,12.0,74.0,1,Diaspora-Christian-Batak
0201300,6,6,0,200000.0,2500000.0,14.731801689838347,4.0,1.0,False,True,False,0.0,14.731801689838347,4,0.6666666666666666,16241731.666666666,16.603094578303903,2706955.277777777,14.811335416924727,1.0,12.0,74.0,1,Diaspora-Christian-Batak
0201400,3,2,0,0.0,4500000.0,15.319588176962746,4.0,1.0,False,True,False,0.0,15.319588176962746,0,0.0,2323050.0,14.658391965880902,774350.0,13.559780538149182,1.0,12.0,74.0,1,Diaspora-Christian-Batak
0201500,15,11,3,200000.0,1000000.0,13.815511557963774,4.0,0.5714285714285714,True,True,False,0.2727272727272727,13.815511557963774,9,0.6,3026516.6666666665,14.922923231622686,201767.77777777775,12.21487765628816,1.0,12.0,75.0,1,Diaspora-Muslim-Batak
0201900,11,5,2,1500000.0,0.0,0.0,4.0,1.0,False,True,False,0.4,0.0,3,0.2727272727272727,16224115.0,16.602009335248866,1474919.5454545454,14.204114678816708,1.0,12.0,74.0,1,Diaspora-Christian-Batak
0201941,2,1,0,0.0,0.0,0.0,4.0,1.0,False,True,False,0.0,0.0,0,0.0,7125548.333333333,15.779197380562186,3562774.1666666665,15.086050340342288,1.0,12.0,74.0,1,Diaspora-Christian-Batak
0201951,2,2,2,1000000.0,0.0,0.0,4.0,1.0,False,True,False,1.0,0.0,0,0.0,1963826.3333333333,14.490405848213667,981913.1666666667,13.79725917686333,1.0,12.0,19.0,1,Diaspora-Christian-Batak
0210500,13,10,1,1150000.0,2000000.0,14.508658238524095,4.0,0.5833333333333334,False,True,True,0.1,14.508658238524095,8,0.6153846153846154,9016681.666666666,16.014587049078763,693590.8974358974,13.44963902248274,1.0,12.0,74.0,1,Diaspora-Muslim-Batak
0210551,3,1,1,200000.0,500000.0,13.122365377402328,4.0,0.6666666666666666,False,True,True,1.0,13.122365377402328,0,0.0,2952613.333333333,14.89820155054888,984204.4444444444,13.799589939246353,1.0,12.0,74.0,1,Diaspora-Muslim-Batak
0211342,3,1,0,0.0,0.0,0.0,4.0,1.0,False,True,False,0.0,0.0,0,0.0,3829386.6666666665,15.158215470220036,1276462.2222222222,14.059603703828502,1.0,12.0,74.0,1,Diaspora-Muslim-Batak
0211343,2,1,0,1000000.0,0.0,0.0,4.0,1.0,False,True,False,0.0,0.0,0,0.0,847650.0,13.650224273457605,423825.0,12.957078272627772,1.0,12.0,74.0,1,Diaspora-Muslim-Batak
0211651,2,1,0,0.0,0.0,0.0,4.0,1.0,False,True,False,0.0,0.0,0,0.0,2623600.0,14.780058359557309,1311800.0,14.08691156015281,1.0,12.0,74.0,1,Diaspora-Muslim-Batak
0211731,2,0,0,0.0,0.0,0.0,4.0,1.0,False,True,False,,0.0,0,0.0,1500328.3333333333,14.2211951975292,750164.1666666666,13.52804868348936,1.0,12.0,74.0,1,Diaspora-Muslim-Batak
0211951,1,1,0,0.0,0.0,0.0,4.0,1.0,False,True,False,0.0,0.0,0,0.0,5270823.333333333,15.477697328272564,5270823.333333333,15.477697328272564,1.0,12.0,74.0,1,Diaspora-Muslim-Batak
0220500,10,10,1,600000.0,3200000.0,14.978661680269909,4.0,1.0,False,True,False,0.1,14.978661680269909,8,0.8,1689016.6666666667,14.339657655573404,168901.6666666667,12.037077891106229,1.0,12.0,74.0,1,Diaspora-Muslim-Batak
0220531,5,3,1,0.0,100000.0,11.51293546492023,4.0,1.0,False,True,False,0.3333333333333333,11.51293546492023,1,0.2,2260648.333333333,14.631162645615454,452129.6666666667,13.021726502582917,1.0,12.0,9.0,1,Diaspora-Muslim-Batak
0220541,3,1,0,0.0,0.0,0.0,4.0,1.0,False,True,False,0.0,0.0,0,0.0,7475259.0,15.827109459244818,2491753.0,14.728497438125896,1.0,12.0,18.0,1,Diaspora-Muslim-Batak
0220551,3,1,0,0.0,0.0,0.0,4.0,1.0,False,True,False,0.0,0.0,0,0.0,13091490.0,16.38747303514286,4363830.0,15.288860899245725,2.0,12.0,18.0,0,Diaspora-Muslim-Batak
0220700,11,7,1,0.0,500000.0,13.122365377402328,4.0,0.5555555555555556,True,True,True,0.1428571428571428,13.122365377402328,5,0.4545454545454545,5726483.333333333,15.560612345997312,520589.3939393939,13.162718819469548,1.0,12.0,74.0,1,Diaspora-Muslim-Batak
0220731,5,3,0,20000.0,0.0,0.0,4.0,1.0,False,True,False,0.0,0.0,1,0.2,1105474.3333333333,13.915785966351676,221094.86666666664,12.30635167226404,1.0,12.0,74.0,1,Diaspora-Muslim-Batak
0220741,1,1,0,0.0,0.0,0.0,4.0,1.0,False,True,False,0.0,0.0,0,0.0,,,,,1.0,12.0,74.0,1,Diaspora-Muslim-Batak
0220851,4,1,1,0.0,0.0,0.0,4.0,1.0,False,True,False,1.0,0.0,0,0.0,4725410.0,15.368465099254063,1181352.5,13.982171372999384,1.0,12.0,74.0,1,Diaspora-Muslim-Batak
0220900,10,8,0,550000.0,2000000.0,14.508658238524095,4.0,0.4,False,True,True,0.0,14.508658238524095,6,0.6,7081618.333333333,15.773013158914972,708161.8333333333,13.47042933681588,1.0,12.0,74.0,1,Diaspora-Muslim-Batak
0220951,1,0,0,0.0,0.0,0.0,4.0,1.0,False,True,False,,0.0,0,0.0,5108930.0,15.446500742643344,5108930.0,15.446500742643344,2.0,12.0,9.0,0,Diaspora-Muslim-Batak
0221052,3,1,1,0.0,0.0,0.0,4.0,1.0,False,True,False,1.0,0.0,0,0.0,4933895.0,15.41163949761662,1644631.6666666667,14.3130276143076,1.0,12.0,19.0,1,Diaspora-Muslim-Batak
0221200,7,7,0,2500000.0,520000.0,13.161586013632684,4.0,1.0,False,True,False,0.0,13.161586013632684,5,0.7142857142857143,2218615.6666666665,14.612394436503438,316945.0952380952,12.666486991832338,1.0,12.0,74.0,1,Diaspora-Christian-Batak
0221400,11,10,1,700000.0,0.0,0.0,4.0,1.0,False,True,False,0.1,0.0,8,0.7272727272727273,4749298.333333333,15.373507656358406,431754.3939393939,12.975614489131566,1.0,12.0,74.0,1,Diaspora-Muslim-Batak
0221900,7,4,1,0.0,4000000.0,15.201805169084134,4.0,1.0,False,True,False,0.25,15.201805169084134,2,0.2857142857142857,1526090.0,14.238220122076084,218012.85714285716,12.292313904626557,1.0,12.0,74.0,1,Diaspora-Christian-Batak
0222000,9,6,0,200000.0,0.0,0.0,4.0,0.7142857142857143,False,True,True,0.0,0.0,4,0.4444444444444444,3635241.6666666665,15.106186425089238,403915.74074074073,12.908964048428992,1.0,12.0,74.0,1,Diaspora-Muslim-Batak
0230200,8,7,3,50000.0,900000.0,13.71015115341694,4.0,1.0,False,True,False,0.4285714285714285,13.71015115341694,5,0.625,3714590.0,15.127779135860532,464323.75,13.048339478639418,1.0,12.0,73.0,1,Diaspora-Christian-Batak
0230700,17,12,3,1350000.0,0.0,0.0,4.0,1.0,False,True,False,0.25,0.0,10,0.5882352941176471,9107523.333333334,16.024611479651934,535736.6666666667,13.191399892383334,1.0,12.0,75.0,1,Diaspora-Christian-Batak
0230731,9,7,2,0.0,0.0,0.0,4.0,1.0,False,True,False,0.2857142857142857,0.0,5,0.5555555555555556,12496296.666666666,16.34094297173393,1388477.4074074074,14.14371903458712,1.0,12.0,12.0,1,Diaspora-Christian-Batak
0230751,4,2,0,0.0,0.0,0.0,4.0,1.0,False,True,False,0.0,0.0,0,0.0,5861008.333333333,15.583832387904549,1465252.0833333333,14.197538538641757,1.0,12.0,75.0,1,Diaspora-Christian-Batak
0230752,4,1,0,0.0,0.0,0.0,4.0,1.0,False,True,False,0.0,0.0,0,0.0,1171821.6666666667,13.974070929365949,292955.4166666667,12.587779128357107,2.0,12.0,5.0,0,Diaspora-Christian-Batak
0231051,3,0,0,0.0,0.0,0.0,4.0,1.0,False,True,False,,0.0,0,0.0,3591845.0,15.094176834433927,1197281.6666666667,13.995565102582407,1.0,12.0,75.0,1,Diaspora-Muslim-Batak
0231053,1,1,1,0.0,0.0,0.0,4.0,1.0,False,True,False,1.0,0.0,0,0.0,2138950.0,14.575826079901264,2138950.0,14.575826079901264,1.0,12.0,75.0,1,Diaspora-Muslim-Batak
0231054,1,1,1,0.0,0.0,0.0,4.0,1.0,False,True,False,1.0,0.0,0,0.0,4671988.333333333,15.35709552038257,4671988.333333333,15.35709552038257,1.0,12.0,12.0,1,Diaspora-Muslim-Batak
0231400,13,10,1,200000.0,300000.0,12.611541086966117,4.0,1.0,False,True,False,0.1,12.611541086966117,8,0.6153846153846154,13552935.333333334,16.422113785380194,1042533.4871794872,13.857165313335248,1.0,12.0,75.0,1,Diaspora-Christian-Batak
0231451,3,1,1,0.0,500000.0,13.122365377402328,4.0,1.0,False,True,False,1.0,13.122365377402328,0,0.0,2517040.0,14.738594563218,839013.3333333334,13.639983069133372,1.0,12.0,75.0,1,Diaspora-Christian-Batak
0231700,8,5,1,9000000.0,1000000.0,13.815511557963774,4.0,1.0,False,True,False,0.2,13.815511557963774,3,0.375,5768128.333333333,15.567858380256798,721016.0416666666,13.488418052141247,1.0,12.0,75.0,1,Diaspora-Christian-Batak
0231751,1,1,0,0.0,0.0,0.0,4.0,1.0,False,True,False,0.0,0.0,0,0.0,1756043.3333333333,14.378574299631474,1756043.3333333333,14.378574299631474,2.0,12.0,5.0,0,Diaspora-Christian-Batak
0231754,1,1,0,0.0,0.0,0.0,4.0,1.0,False,True,False,0.0,0.0,0,0.0,1748313.3333333333,14.374162643592523,1748313.3333333333,14.374162643592523,2.0,12.0,19.0,0,Diaspora-Christian-Batak
0231951,2,1,0,0.0,0.0,0.0,4.0,1.0,False,True,False,0.0,0.0,0,0.0,2772950.0,14.835422654048717,1386475.0,14.142275834115344,1.0,12.0,75.0,1,Diaspora-Muslim-Batak
0240100,12,7,2,400000.0,0.0,0.0,4.0,1.0,False,True,False,0.2857142857142857,0.0,5,0.4166666666666667,3720643.3333333335,15.12940741913588,310053.6111111111,12.644503725820671,1.0,12.0,75.0,1,Diaspora-Christian-Batak
0240152,2,1,1,0.0,0.0,0.0,4.0,1.0,False,True,False,1.0,0.0,0,0.0,11469841.666666666,16.255231772068726,5734920.833333333,15.562084678693932,1.0,12.0,9.0,1,Diaspora-Christian-Batak
0240811,5,3,0,750000.0,0.0,0.0,4.0,1.0,False,True,False,0.0,0.0,1,0.2,4233872.5,15.25862785304592,846774.5,13.649190885372713,1.0,12.0,13.0,1,Diaspora-Muslim-Batak
0241611,8,3,0,0.0,0.0,0.0,4.0,0.8333333333333334,False,True,True,0.0,0.0,1,0.125,4674930.0,15.357724961237714,584366.25,13.27828491690506,1.0,12.0,75.0,1,Diaspora-Muslim-Batak
0241721,6,2,1,0.0,1000000.0,13.815511557963774,4.0,0.8,False,True,True,0.5,13.815511557963774,0,0.0,6320961.666666667,15.659382075198527,1053493.6111111112,13.867623396988913,1.0,12.0,75.0,1,Diaspora-Muslim-Batak
0250631,6,5,0,0.0,0.0,0.0,4.0,0.6666666666666666,False,True,True,0.0,0.0,3,0.5,,,,,1.0,12.0,75.0,1,Diaspora-Christian-Batak
0250651,3,2,1,0.0,0.0,0.0,4.0,0.6666666666666666,False,True,True,0.5,0.0,0,0.0,2377676.6666666665,14.681634798965774,792558.8888888889,13.58302335145422,1.0,12.0,75.0,1,Diaspora-Muslim-Batak
0250700,11,9,0,3000000.0,0.0,0.0,4.0,0.9090909090909092,True,True,False,0.0,0.0,7,0.6363636363636364,6087213.333333333,15.621701118509396,553383.0303030303,13.223807488497238,1.0,12.0,75.0,1,Diaspora-Muslim-Batak
0250731,2,1,1,0.0,0.0,0.0,4.0,1.0,False,True,False,1.0,0.0,0,0.0,8587756.333333334,15.965848181099672,4293878.166666667,15.27270111698456,1.0,12.0,75.0,1,Diaspora-Muslim-Batak
0250851,1,1,0,100000.0,0.0,0.0,4.0,1.0,False,True,False,0.0,0.0,0,0.0,7273126.666666667,15.799696972491027,7273126.666666667,15.799696972491027,1.0,12.0,75.0,1,Diaspora-Muslim-Batak
0251100,8,8,0,200000.0,0.0,0.0,4.0,1.0,False,True,False,0.0,0.0,6,0.75,4718951.666666667,15.367097440284551,589868.9583333334,13.287657381983616,1.0,12.0,75.0,1,Diaspora-Muslim-Batak
0251141,4,1,0,300000.0,0.0,0.0,4.0,1.0,False,True,False,0.0,0.0,0,0.0,10200060.666666666,16.137904323987858,2550015.1666666665,14.751610256983794,1.0,12.0,75.0,1,Diaspora-Muslim-Batak
0251153,3,1,1,1200000.0,0.0,0.0,4.0,0.6666666666666666,False,True,True,1.0,0.0,0,0.0,10842061.666666666,16.198943818777106,3614020.555555556,15.100331714575724,1.0,12.0,75.0,1,Diaspora-Muslim-Batak
0251900,12,5,1,0.0,0.0,0.0,4.0,0.9,True,True,False,0.2,0.0,3,0.25,2883118.333333333,14.874383367832358,240259.86111111112,12.389480533349152,1.0,12.0,75.0,1,Diaspora-Muslim-Batak
0251951,5,2,0,0.0,0.0,0.0,4.0,1.0,False,True,False,0.0,0.0,0,0.0,2664163.333333333,14.795400995426558,532832.6666666667,13.185964584400216,2.0,12.0,11.0,0,Diaspora-Christian-Batak
0251955,7,6,0,0.0,0.0,0.0,4.0,1.0,False,True,False,0.0,0.0,4,0.5714285714285714,9457950.0,16.062366321373215,1351135.7142857143,14.116456806704576,1.0,12.0,75.0,1,Diaspora-Christian-Batak
0262000,7,5,0,0.0,0.0,0.0,4.0,1.0,False,True,False,0.0,0.0,3,0.4285714285714285,14154947.666666666,16.465574850005606,2022135.3809523808,14.51966512483023,1.0,12.0,76.0,1,Diaspora-Christian-Batak
0310600,8,7,1,700000.0,0.0,0.0,4.0,0.75,False,True,False,0.1428571428571428,0.0,5,0.625,9981545.0,16.11624854611,1247693.125,14.036807705724083,1.0,13.0,75.0,1,Diaspora-Muslim-Batak
0333043,3,3,1,0.0,0.0,0.0,4.0,0.6666666666666666,True,True,False,0.3333333333333333,0.0,1,0.3333333333333333,2682166.6666666665,14.802135856405416,894055.5555555555,13.703524313402568,1.0,13.0,71.0,1,Diaspora-Muslim-Batak
0340831,6,2,0,0.0,0.0,0.0,4.0,0.6,False,True,False,0.0,0.0,0,0.0,3185888.333333333,14.974242033548574,530981.3888888889,13.18248413373978,1.0,13.0,71.0,1,Diaspora-Muslim-Batak
0443022,10,8,0,0.0,0.0,0.0,4.0,0.9,False,True,False,0.0,0.0,6,0.6,,,,,1.0,16.0,12.0,1,Diaspora-Christian-Batak
0443031,3,0,0,0.0,0.0,0.0,4.0,1.0,False,True,False,,0.0,0,0.0,7825233.333333333,15.87286424069396,2608411.111111111,14.774252207609218,1.0,16.0,12.0,1,Diaspora-Christian-Batak
0481841,4,1,0,0.0,0.0,0.0,4.0,1.0,False,True,False,0.0,0.0,0,0.0,3175801.6666666665,14.97107096675722,793950.4166666666,13.58477755027996,1.0,31.0,71.0,1,Diaspora-Muslim-Batak
0500651,3,2,0,0.0,0.0,0.0,4.0,0.6666666666666666,False,True,False,0.0,0.0,0,0.0,8714838.333333334,15.980537801118968,2904946.1111111115,14.88192574194445,1.0,19.0,71.0,1,Diaspora-Muslim-Batak
0501900,7,7,2,1300000.0,1900000.0,14.45736497045232,4.0,0.7142857142857143,False,True,True,0.2857142857142857,14.45736497045232,5,0.7142857142857143,4181783.3333333335,15.24624858741934,597397.619047619,13.300339873157222,1.0,16.0,7.0,1,Diaspora-Muslim-Batak
0540300,5,5,1,2500000.0,0.0,0.0,4.0,1.0,False,True,False,0.2,0.0,3,0.6,895776.6666666666,13.70544752128432,179155.3333333333,12.096014074234008,2.0,19.0,71.0,0,Diaspora-Christian-Batak
0540351,1,1,1,0.0,0.0,0.0,4.0,1.0,False,True,False,1.0,0.0,0,0.0,6114425.0,15.626161455158735,6114425.0,15.626161455158735,2.0,19.0,71.0,0,Diaspora-Christian-Batak
0540352,4,3,0,0.0,300000.0,12.611541086966117,4.0,1.0,False,True,False,0.0,12.611541086966117,1,0.25,10068316.666666666,16.12490418685189,2517079.1666666665,14.738610123696333,1.0,19.0,71.0,1,Diaspora-Christian-Batak
0750141,2,1,1,0.0,0.0,0.0,4.0,1.0,False,True,False,1.0,0.0,0,0.0,6884202.333333333,15.744739972968194,3442101.1666666665,15.05159293766833,1.0,34.0,2.0,1,Diaspora-Christian-Batak
0771600,3,3,0,200000.0,0.0,0.0,4.0,1.0,False,True,False,0.0,0.0,1,0.3333333333333333,10142565.166666666,16.132251597745345,3380855.0555555555,15.033639506265972,1.0,31.0,72.0,1,Diaspora-Christian-Batak
0781242,3,3,0,0.0,0.0,0.0,4.0,0.6666666666666666,False,True,False,0.0,0.0,1,0.3333333333333333,,,,,1.0,31.0,72.0,1,Diaspora-Muslim-Batak
0820800,9,6,0,500000.0,0.0,0.0,4.0,1.0,False,True,False,0.0,0.0,4,0.4444444444444444,5462020.0,15.513329425753913,606891.1111111111,13.316106313075943,1.0,31.0,73.0,1,Diaspora-Muslim-Batak
0840241,6,2,0,0.0,0.0,0.0,4.0,0.5,False,True,False,0.0,0.0,0,0.0,5652283.333333333,15.54757032819732,942047.222222222,13.755811743566976,1.0,31.0,73.0,1,Diaspora-Muslim-Batak
0850100,7,7,1,400000.0,0.0,0.0,4.0,0.8571428571428571,False,True,False,0.1428571428571428,0.0,5,0.7142857142857143,2890561.6666666665,14.876961735486455,412937.38095238095,12.931053662149427,1.0,31.0,73.0,1,Diaspora-Christian-Batak
0850900,8,8,1,0.0,0.0,0.0,4.0,0.875,False,True,False,0.125,0.0,6,0.75,,,,,1.0,31.0,73.0,1,Diaspora-Christian-Batak
0910500,7,7,0,0.0,0.0,0.0,4.0,1.0,False,True,False,0.0,0.0,5,0.7142857142857143,,,,,1.0,31.0,74.0,1,Diaspora-Christian-Batak
0910600,12,9,3,3100000.0,500000.0,13.122365377402328,4.0,0.6363636363636364,False,True,True,0.3333333333333333,13.122365377402328,7,0.5833333333333334,4782786.666666667,15.380534128339503,398565.5555555556,12.895629778462794,1.0,31.0,74.0,1,Diaspora-Christian-Batak
0910631,2,0,0,0.0,0.0,0.0,4.0,1.0,False,True,False,,0.0,0,0.0,6592506.666666667,15.701444360146583,3296253.333333333,15.008297331273974,1.0,36.0,71.0,1,Diaspora-Muslim-Batak
0931600,7,7,0,1200000.0,1000000.0,13.815511557963774,4.0,1.0,False,True,False,0.0,13.815511557963774,5,0.7142857142857143,6533160.0,15.69240145763372,933308.5714285716,13.74649222696956,1.0,31.0,74.0,1,Diaspora-Christian-Batak
0931631,3,1,1,0.0,0.0,0.0,4.0,1.0,False,True,False,1.0,0.0,0,0.0,2125575.0,14.569553382434378,708525.0,13.470942034687251,1.0,36.0,3.0,1,Diaspora-Christian-Batak
0931642,1,1,0,0.0,0.0,0.0,4.0,1.0,False,True,False,0.0,0.0,0,0.0,2117910.0,14.565940783486276,2117910.0,14.565940783486276,1.0,12.0,11.0,1,Diaspora-Christian-Batak
0941500,8,6,1,0.0,0.0,0.0,4.0,0.75,False,True,True,0.1666666666666666,0.0,4,0.5,3800815.0,15.150726338486065,475101.875,13.071286638514312,1.0,31.0,74.0,1,Diaspora-Muslim-Batak
0941531,1,1,0,0.0,300000.0,12.611541086966117,4.0,1.0,False,True,False,0.0,12.611541086966117,0,0.0,2887736.333333333,14.875983823796693,2887736.333333333,14.875983823796693,2.0,12.0,18.0,0,Diaspora-Christian-Batak
0941541,3,1,0,0.0,0.0,0.0,4.0,0.6666666666666666,False,True,False,0.0,0.0,0,0.0,3854920.0,15.16486107190318,1284973.3333333333,14.06624930205231,1.0,14.0,71.0,1,Diaspora-Muslim-Batak
0951700,10,8,0,1800000.0,0.0,0.0,4.0,0.3333333333333333,False,True,True,0.0,0.0,6,0.6,4087808.3333333335,15.223519769203934,408780.8333333334,12.92093687787571,1.0,31.0,73.0,1,Diaspora-Muslim-Batak
1040100,9,9,0,500000.0,500000.0,13.122365377402328,4.0,0.8888888888888888,False,True,False,0.0,13.122365377402328,7,0.7777777777777778,9198580.0,16.034559790992756,1022064.4444444444,13.837336083355517,1.0,31.0,75.0,1,Diaspora-Christian-Batak
1040131,4,2,1,0.0,0.0,0.0,4.0,1.0,False,True,False,0.5,0.0,0,0.0,2507640.0,14.73485302854339,626910.0,13.348559863766278,2.0,12.0,9.0,0,Diaspora-Christian-Batak
1040141,1,1,1,0.0,0.0,0.0,4.0,1.0,False,True,False,1.0,0.0,0,0.0,8197126.666666667,15.919294366317672,8197126.666666667,15.919294366317672,1.0,31.0,72.0,1,Diaspora-Christian-Batak
1050900,9,7,0,1200000.0,2500000.0,14.731801689838347,4.0,0.625,False,True,True,0.0,14.731801689838347,5,0.5555555555555556,5130716.666666667,15.4507561033988,570079.6296296297,13.253533085297429,1.0,31.0,75.0,1,Diaspora-Muslim-Batak
1050941,3,1,0,0.0,0.0,0.0,4.0,1.0,False,True,False,0.0,0.0,0,0.0,,,,,1.0,32.0,75.0,1,Diaspora-Muslim-Batak
1071841,1,1,0,0.0,0.0,0.0,4.0,1.0,False,True,False,0.0,0.0,0,0.0,1665041.0,14.325360906303755,1665041.0,14.325360906303755,1.0,12.0,75.0,1,Diaspora-Muslim-Batak
1080400,9,7,0,3500000.0,5000000.0,15.424948670398354,4.0,0.7777777777777778,False,True,False,0.0,15.424948670398354,5,0.5555555555555556,6257900.0,15.649355383335111,695322.2222222222,13.452132084381994,2.0,32.0,3.0,0,Diaspora-Christian-Batak
1080451,2,0,0,0.0,0.0,0.0,4.0,1.0,False,True,False,,0.0,0,0.0,2979190.0,14.907162345115102,1489595.0,14.214015500216696,1.0,32.0,1.0,1,Diaspora-Christian-Batak
1081400,8,8,0,0.0,1450000.0,14.187074804051692,4.0,1.0,False,True,False,0.0,14.187074804051692,6,0.75,6390291.666666667,15.670290626035204,798786.4583333334,13.590850179766257,1.0,32.0,71.0,1,Diaspora-Christian-Batak
1411951,4,3,1,200000.0,200000.0,12.206077645517674,4.0,0.75,False,True,False,0.3333333333333333,12.206077645517674,1,0.25,5282611.666666667,15.479931356530123,1320652.9166666667,14.093637563310878,1.0,36.0,71.0,1,Diaspora-Muslim-Batak
1651532,5,5,0,0.0,0.0,0.0,4.0,0.6,False,True,True,0.0,0.0,3,0.6,,,,,1.0,36.0,74.0,1,Diaspora-Christian-Batak
1740541,3,2,1,300000.0,0.0,0.0,4.0,1.0,False,True,False,0.5,0.0,0,0.0,5416318.333333333,15.504927052939015,1805439.4444444445,14.406315133525284,1.0,31.0,71.0,1,Diaspora-Muslim-Batak
1911151,1,1,0,300000.0,0.0,0.0,4.0,1.0,False,True,False,0.0,0.0,0,0.0,4671886.666666667,15.357073759251367,4671886.666666667,15.357073759251367,1.0,33.0,73.0,1,Diaspora-Christian-Batak
2060600,8,6,0,6000000.0,0.0,0.0,4.0,0.8333333333333334,False,True,True,0.0,0.0,4,0.5,9849430.0,16.102924244982262,1231178.75,14.023483414003126,1.0,34.0,2.0,1,Diaspora-Christian-Batak
2800800,7,5,0,300000.0,0.0,0.0,4.0,1.0,False,True,False,0.0,0.0,3,0.4285714285714285,7589205.0,15.842237532568967,1084172.142857143,13.89632817410988,1.0,52.0,71.0,1,Diaspora-Christian-Batak
